2026-03-24 15:26:26,843 - INFO - Found 251 URLs
2026-03-24 15:26:30,830 - INFO - Found 5 tables for ACLBSL
2026-03-24 15:26:30,839 - INFO - Table 3 for ACLBSL: 11r x 4c
2026-03-24 15:26:30,840 - INFO - Table 4 for ACLBSL: 11r x 4c
2026-03-24 15:26:30,842 - INFO - Table 5 for ACLBSL: 13r x 11c
2026-03-24 15:26:36,007 - INFO - Found 5 tables for ADBL
2026-03-24 15:26:36,017 - INFO - Table 3 for ADBL: 11r x 4c
2026-03-24 15:26:36,018 - INFO - Table 4 for ADBL: 11r x 4c
2026-03-24 15:26:36,019 - INFO - Table 5 for ADBL: 13r x 11c
2026-03-24 15:26:40,507 - INFO - Found 5 tables for AHL
2026-03-24 15:26:40,516 - INFO - Table 3 for AHL: 11r x 4c
2026-03-24 15:26:40,517 - INFO - Table 4 for AHL: 15r x 4c
2026-03-24 15:26:40,519 - INFO - Table 5 for AHL: 13r x 11c
2026-03-24 15:26:44,938 - INFO - Found 5 tables for AHPC
2026-03-24 15:26:44,947 - INFO - Table 3 for AHPC: 11r x 4c
2026-03-24 15:26:44,948 - INFO - Table 4 for AHPC: 15r x 4c
2026-03-24 15:26:44,950 - INFO - Table 5 for AHPC: 13r x 11c
2026-03-24 15:26:49,399 - INFO - Found 5 tables for AKJCL
2026-03-24 15:26:49,408 - INFO - Table 3 for AKJCL: 11r x 4c
2026-03-24 15:26:49,409 - INFO - Table 4 for AKJCL: 15r x 4c
2026-03-24 15:26:49,410 - INFO - Table 5 for AKJCL: 13r x 11c
2026-03-24 15:26:53,847 - INFO - Found 5 tables for AKPL
2026-03-24 15:26:53,857 - INFO - Table 3 for AKPL: 11r x 4c
2026-03-24 15:26:53,858 - INFO - Table 4 for AKPL: 15r x 4c
2026-03-24 15:26:53,860 - INFO - Table 5 for AKPL: 13r x 11c
2026-03-24 15:26:59,326 - INFO - Found 5 tables for ALBSL
2026-03-24 15:26:59,336 - INFO - Table 3 for ALBSL: 11r x 4c
2026-03-24 15:26:59,337 - INFO - Table 4 for ALBSL: 11r x 4c
2026-03-24 15:26:59,338 - INFO - Table 5 for ALBSL: 13r x 11c
2026-03-24 15:27:03,502 - INFO - Found 5 tables for ALICL
2026-03-24 15:27:03,511 - INFO - Table 3 for ALICL: 11r x 4c
2026-03-24 15:27:03,512 - INFO - Table 4 for ALICL: 11r x 4c
2026-03-24 15:27:03,513 - INFO - Table 5 for ALICL: 13r x 11c
2026-03-24 15:27:07,918 - INFO - Found 5 tables for ANLB
2026-03-24 15:27:07,927 - INFO - Table 3 for ANLB: 11r x 4c
2026-03-24 15:27:07,928 - INFO - Table 4 for ANLB: 11r x 4c
2026-03-24 15:27:07,929 - INFO - Table 5 for ANLB: 13r x 11c
2026-03-24 15:27:12,443 - INFO - Found 5 tables for API
2026-03-24 15:27:12,453 - INFO - Table 3 for API: 11r x 4c
2026-03-24 15:27:12,454 - INFO - Table 4 for API: 15r x 4c
2026-03-24 15:27:12,455 - INFO - Table 5 for API: 13r x 11c
2026-03-24 15:27:17,211 - INFO - Found 5 tables for AVYAN
2026-03-24 15:27:17,220 - INFO - Table 3 for AVYAN: 11r x 4c
2026-03-24 15:27:17,221 - INFO - Table 4 for AVYAN: 11r x 4c
2026-03-24 15:27:17,222 - INFO - Table 5 for AVYAN: 13r x 11c
2026-03-24 15:27:30,761 - INFO - Found 5 tables for BARUN
2026-03-24 15:27:30,770 - INFO - Table 3 for BARUN: 11r x 4c
2026-03-24 15:27:30,771 - INFO - Table 4 for BARUN: 15r x 4c
2026-03-24 15:27:30,773 - INFO - Table 5 for BARUN: 13r x 11c
2026-03-24 15:27:35,120 - INFO - Found 4 tables for BBC
2026-03-24 15:27:35,129 - INFO - Table 3 for BBC: 11r x 4c
2026-03-24 15:27:35,130 - INFO - Table 4 for BBC: 11r x 4c
2026-03-24 15:27:39,687 - INFO - Found 5 tables for BEDC
2026-03-24 15:27:39,696 - INFO - Table 3 for BEDC: 11r x 4c
2026-03-24 15:27:39,697 - INFO - Table 4 for BEDC: 15r x 4c
2026-03-24 15:27:39,699 - INFO - Table 5 for BEDC: 13r x 11c
2026-03-24 15:27:44,079 - INFO - Found 5 tables for BFC
2026-03-24 15:27:44,088 - INFO - Table 3 for BFC: 11r x 4c
2026-03-24 15:27:44,089 - INFO - Table 4 for BFC: 11r x 4c
2026-03-24 15:27:44,090 - INFO - Table 5 for BFC: 13r x 10c
2026-03-24 15:27:48,792 - INFO - Found 5 tables for BGWT
2026-03-24 15:27:48,801 - INFO - Table 3 for BGWT: 11r x 4c
2026-03-24 15:27:48,802 - INFO - Table 4 for BGWT: 15r x 4c
2026-03-24 15:27:48,804 - INFO - Table 5 for BGWT: 13r x 11c
2026-03-24 15:27:52,906 - INFO - Found 5 tables for BHDC
2026-03-24 15:27:52,915 - INFO - Table 3 for BHDC: 11r x 4c
2026-03-24 15:27:52,916 - INFO - Table 4 for BHDC: 15r x 4c
2026-03-24 15:27:52,917 - INFO - Table 5 for BHDC: 13r x 11c
2026-03-24 15:27:57,340 - INFO - Found 5 tables for BHL
2026-03-24 15:27:57,349 - INFO - Table 3 for BHL: 11r x 4c
2026-03-24 15:27:57,350 - INFO - Table 4 for BHL: 15r x 4c
2026-03-24 15:27:57,352 - INFO - Table 5 for BHL: 13r x 11c
2026-03-24 15:28:01,911 - INFO - Found 5 tables for BHPL
2026-03-24 15:28:01,920 - INFO - Table 3 for BHPL: 11r x 4c
2026-03-24 15:28:01,921 - INFO - Table 4 for BHPL: 15r x 4c
2026-03-24 15:28:01,923 - INFO - Table 5 for BHPL: 13r x 11c
2026-03-24 15:28:06,442 - INFO - Found 5 tables for BNHC
2026-03-24 15:28:06,452 - INFO - Table 3 for BNHC: 11r x 4c
2026-03-24 15:28:06,453 - INFO - Table 4 for BNHC: 15r x 4c
2026-03-24 15:28:06,454 - INFO - Table 5 for BNHC: 13r x 11c
2026-03-24 15:28:10,868 - INFO - Found 5 tables for BNL
2026-03-24 15:28:10,877 - INFO - Table 3 for BNL: 11r x 4c
2026-03-24 15:28:10,878 - INFO - Table 4 for BNL: 11r x 4c
2026-03-24 15:28:10,880 - INFO - Table 5 for BNL: 13r x 11c
2026-03-24 15:28:15,311 - INFO - Found 5 tables for BNT
2026-03-24 15:28:15,320 - INFO - Table 3 for BNT: 11r x 4c
2026-03-24 15:28:15,321 - INFO - Table 4 for BNT: 11r x 4c
2026-03-24 15:28:15,323 - INFO - Table 5 for BNT: 13r x 11c
2026-03-24 15:28:19,745 - INFO - Found 5 tables for BPCL
2026-03-24 15:28:19,754 - INFO - Table 3 for BPCL: 11r x 4c
2026-03-24 15:28:19,755 - INFO - Table 4 for BPCL: 15r x 4c
2026-03-24 15:28:19,757 - INFO - Table 5 for BPCL: 13r x 11c
2026-03-24 15:28:24,172 - INFO - Found 5 tables for CBBL
2026-03-24 15:28:24,181 - INFO - Table 3 for CBBL: 11r x 4c
2026-03-24 15:28:24,182 - INFO - Table 4 for CBBL: 11r x 4c
2026-03-24 15:28:24,183 - INFO - Table 5 for CBBL: 13r x 11c
2026-03-24 15:28:28,981 - INFO - Found 5 tables for CFCL
2026-03-24 15:28:28,990 - INFO - Table 3 for CFCL: 11r x 4c
2026-03-24 15:28:28,991 - INFO - Table 4 for CFCL: 11r x 4c
2026-03-24 15:28:28,992 - INFO - Table 5 for CFCL: 13r x 10c
2026-03-24 15:28:33,279 - INFO - Found 5 tables for CGH
2026-03-24 15:28:33,288 - INFO - Table 3 for CGH: 11r x 4c
2026-03-24 15:28:33,289 - INFO - Table 4 for CGH: 11r x 4c
2026-03-24 15:28:33,291 - INFO - Table 5 for CGH: 13r x 11c
2026-03-24 15:28:37,694 - INFO - Found 5 tables for CHCL
2026-03-24 15:28:37,703 - INFO - Table 3 for CHCL: 11r x 4c
2026-03-24 15:28:37,704 - INFO - Table 4 for CHCL: 15r x 4c
2026-03-24 15:28:37,706 - INFO - Table 5 for CHCL: 13r x 11c
2026-03-24 15:28:42,196 - INFO - Found 5 tables for CHDC
2026-03-24 15:28:42,205 - INFO - Table 3 for CHDC: 11r x 4c
2026-03-24 15:28:42,206 - INFO - Table 4 for CHDC: 11r x 4c
2026-03-24 15:28:42,208 - INFO - Table 5 for CHDC: 13r x 11c
2026-03-24 15:28:46,380 - INFO - Found 5 tables for CHL
2026-03-24 15:28:46,389 - INFO - Table 3 for CHL: 11r x 4c
2026-03-24 15:28:46,390 - INFO - Table 4 for CHL: 15r x 4c
2026-03-24 15:28:46,392 - INFO - Table 5 for CHL: 13r x 11c
2026-03-24 15:28:50,549 - INFO - Found 5 tables for CIT
2026-03-24 15:28:50,558 - INFO - Table 3 for CIT: 11r x 4c
2026-03-24 15:28:50,559 - INFO - Table 4 for CIT: 11r x 4c
2026-03-24 15:28:50,561 - INFO - Table 5 for CIT: 13r x 11c
2026-03-24 15:28:58,882 - INFO - Found 5 tables for CITY
2026-03-24 15:28:58,891 - INFO - Table 3 for CITY: 11r x 4c
2026-03-24 15:28:58,892 - INFO - Table 4 for CITY: 11r x 4c
2026-03-24 15:28:58,894 - INFO - Table 5 for CITY: 13r x 11c
2026-03-24 15:29:03,431 - INFO - Found 5 tables for CKHL
2026-03-24 15:29:03,440 - INFO - Table 3 for CKHL: 11r x 4c
2026-03-24 15:29:03,441 - INFO - Table 4 for CKHL: 15r x 4c
2026-03-24 15:29:03,442 - INFO - Table 5 for CKHL: 13r x 11c
2026-03-24 15:29:07,660 - INFO - Found 5 tables for CLI
2026-03-24 15:29:07,669 - INFO - Table 3 for CLI: 11r x 4c
2026-03-24 15:29:07,670 - INFO - Table 4 for CLI: 11r x 4c
2026-03-24 15:29:07,672 - INFO - Table 5 for CLI: 13r x 11c
2026-03-24 15:29:12,037 - INFO - Found 5 tables for CORBL
2026-03-24 15:29:12,046 - INFO - Table 3 for CORBL: 11r x 4c
2026-03-24 15:29:12,047 - INFO - Table 4 for CORBL: 11r x 4c
2026-03-24 15:29:12,048 - INFO - Table 5 for CORBL: 13r x 11c
2026-03-24 15:29:16,383 - INFO - Found 5 tables for CREST
2026-03-24 15:29:16,392 - INFO - Table 3 for CREST: 11r x 4c
2026-03-24 15:29:16,393 - INFO - Table 4 for CREST: 11r x 4c
2026-03-24 15:29:16,394 - INFO - Table 5 for CREST: 13r x 7c
2026-03-24 15:29:20,796 - INFO - Found 5 tables for CYCL
2026-03-24 15:29:20,805 - INFO - Table 3 for CYCL: 11r x 4c
2026-03-24 15:29:20,806 - INFO - Table 4 for CYCL: 11r x 4c
2026-03-24 15:29:20,807 - INFO - Table 5 for CYCL: 13r x 11c
2026-03-24 15:29:25,079 - INFO - Found 5 tables for CZBIL
2026-03-24 15:29:25,088 - INFO - Table 3 for CZBIL: 11r x 4c
2026-03-24 15:29:25,089 - INFO - Table 4 for CZBIL: 11r x 4c
2026-03-24 15:29:25,090 - INFO - Table 5 for CZBIL: 13r x 11c
2026-03-24 15:29:29,496 - INFO - Found 5 tables for DDBL
2026-03-24 15:29:29,505 - INFO - Table 3 for DDBL: 11r x 4c
2026-03-24 15:29:29,506 - INFO - Table 4 for DDBL: 11r x 4c
2026-03-24 15:29:29,508 - INFO - Table 5 for DDBL: 13r x 11c
2026-03-24 15:29:33,961 - INFO - Found 5 tables for DHPL
2026-03-24 15:29:33,970 - INFO - Table 3 for DHPL: 11r x 4c
2026-03-24 15:29:33,971 - INFO - Table 4 for DHPL: 15r x 4c
2026-03-24 15:29:33,972 - INFO - Table 5 for DHPL: 13r x 11c
2026-03-24 15:29:38,364 - INFO - Found 5 tables for DLBS
2026-03-24 15:29:38,374 - INFO - Table 3 for DLBS: 11r x 4c
2026-03-24 15:29:38,374 - INFO - Table 4 for DLBS: 11r x 4c
2026-03-24 15:29:38,376 - INFO - Table 5 for DLBS: 13r x 10c
2026-03-24 15:29:52,601 - INFO - Found 5 tables for DOLTI
2026-03-24 15:29:52,610 - INFO - Table 3 for DOLTI: 11r x 4c
2026-03-24 15:29:52,611 - INFO - Table 4 for DOLTI: 15r x 4c
2026-03-24 15:29:52,612 - INFO - Table 5 for DOLTI: 13r x 11c
2026-03-24 15:29:57,085 - INFO - Found 5 tables for DORDI
2026-03-24 15:29:57,094 - INFO - Table 3 for DORDI: 11r x 4c
2026-03-24 15:29:57,095 - INFO - Table 4 for DORDI: 15r x 4c
2026-03-24 15:29:57,097 - INFO - Table 5 for DORDI: 13r x 11c
2026-03-24 15:30:01,274 - INFO - Found 5 tables for EBL
2026-03-24 15:30:01,283 - INFO - Table 3 for EBL: 11r x 4c
2026-03-24 15:30:01,284 - INFO - Table 4 for EBL: 11r x 4c
2026-03-24 15:30:01,285 - INFO - Table 5 for EBL: 13r x 11c
2026-03-24 15:30:05,406 - INFO - Found 5 tables for EDBL
2026-03-24 15:30:05,415 - INFO - Table 3 for EDBL: 11r x 4c
2026-03-24 15:30:05,416 - INFO - Table 4 for EDBL: 11r x 4c
2026-03-24 15:30:05,418 - INFO - Table 5 for EDBL: 13r x 11c
2026-03-24 15:30:09,713 - INFO - Found 5 tables for EHPL
2026-03-24 15:30:09,722 - INFO - Table 3 for EHPL: 11r x 4c
2026-03-24 15:30:09,723 - INFO - Table 4 for EHPL: 15r x 4c
2026-03-24 15:30:09,725 - INFO - Table 5 for EHPL: 13r x 11c
2026-03-24 15:30:14,163 - INFO - Found 5 tables for ENL
2026-03-24 15:30:14,173 - INFO - Table 3 for ENL: 11r x 4c
2026-03-24 15:30:14,174 - INFO - Table 4 for ENL: 11r x 4c
2026-03-24 15:30:14,175 - INFO - Table 5 for ENL: 13r x 11c
2026-03-24 15:30:18,518 - INFO - Found 5 tables for FMDBL
2026-03-24 15:30:18,527 - INFO - Table 3 for FMDBL: 11r x 4c
2026-03-24 15:30:18,528 - INFO - Table 4 for FMDBL: 11r x 4c
2026-03-24 15:30:18,530 - INFO - Table 5 for FMDBL: 13r x 11c
2026-03-24 15:30:23,305 - INFO - Found 5 tables for FOWAD
2026-03-24 15:30:23,314 - INFO - Table 3 for FOWAD: 11r x 4c
2026-03-24 15:30:23,315 - INFO - Table 4 for FOWAD: 11r x 4c
2026-03-24 15:30:23,316 - INFO - Table 5 for FOWAD: 13r x 11c
2026-03-24 15:30:28,693 - INFO - Found 5 tables for GBBL
2026-03-24 15:30:28,702 - INFO - Table 3 for GBBL: 11r x 4c
2026-03-24 15:30:28,703 - INFO - Table 4 for GBBL: 11r x 4c
2026-03-24 15:30:28,704 - INFO - Table 5 for GBBL: 13r x 11c
2026-03-24 15:30:33,207 - INFO - Found 5 tables for GBIME
2026-03-24 15:30:33,216 - INFO - Table 3 for GBIME: 11r x 4c
2026-03-24 15:30:33,217 - INFO - Table 4 for GBIME: 11r x 4c
2026-03-24 15:30:33,218 - INFO - Table 5 for GBIME: 13r x 11c
2026-03-24 15:30:37,644 - INFO - Found 5 tables for GBLBS
2026-03-24 15:30:37,653 - INFO - Table 3 for GBLBS: 11r x 4c
2026-03-24 15:30:37,654 - INFO - Table 4 for GBLBS: 11r x 4c
2026-03-24 15:30:37,656 - INFO - Table 5 for GBLBS: 13r x 10c
2026-03-24 15:30:42,067 - INFO - Found 5 tables for GCIL
2026-03-24 15:30:42,076 - INFO - Table 3 for GCIL: 11r x 4c
2026-03-24 15:30:42,077 - INFO - Table 4 for GCIL: 11r x 4c
2026-03-24 15:30:42,079 - INFO - Table 5 for GCIL: 13r x 11c
2026-03-24 15:30:49,063 - INFO - Found 5 tables for GFCL
2026-03-24 15:30:49,072 - INFO - Table 3 for GFCL: 11r x 4c
2026-03-24 15:30:49,072 - INFO - Table 4 for GFCL: 11r x 4c
2026-03-24 15:30:49,074 - INFO - Table 5 for GFCL: 13r x 11c
2026-03-24 15:30:54,007 - INFO - Found 5 tables for GHL
2026-03-24 15:30:54,016 - INFO - Table 3 for GHL: 11r x 4c
2026-03-24 15:30:54,017 - INFO - Table 4 for GHL: 15r x 4c
2026-03-24 15:30:54,019 - INFO - Table 5 for GHL: 13r x 11c
2026-03-24 15:30:58,193 - INFO - Found 5 tables for GILB
2026-03-24 15:30:58,202 - INFO - Table 3 for GILB: 11r x 4c
2026-03-24 15:30:58,203 - INFO - Table 4 for GILB: 11r x 4c
2026-03-24 15:30:58,204 - INFO - Table 5 for GILB: 13r x 11c
2026-03-24 15:31:02,617 - INFO - Found 5 tables for GLBSL
2026-03-24 15:31:02,625 - INFO - Table 3 for GLBSL: 11r x 4c
2026-03-24 15:31:02,626 - INFO - Table 4 for GLBSL: 11r x 4c
2026-03-24 15:31:02,628 - INFO - Table 5 for GLBSL: 13r x 11c
2026-03-24 15:31:07,053 - INFO - Found 5 tables for GLH
2026-03-24 15:31:07,062 - INFO - Table 3 for GLH: 11r x 4c
2026-03-24 15:31:07,063 - INFO - Table 4 for GLH: 15r x 4c
2026-03-24 15:31:07,064 - INFO - Table 5 for GLH: 13r x 10c
2026-03-24 15:31:13,283 - INFO - Found 5 tables for GMFBS
2026-03-24 15:31:13,293 - INFO - Table 3 for GMFBS: 11r x 4c
2026-03-24 15:31:13,294 - INFO - Table 4 for GMFBS: 11r x 4c
2026-03-24 15:31:13,296 - INFO - Table 5 for GMFBS: 13r x 11c
2026-03-24 15:31:17,492 - INFO - Found 5 tables for GMFIL
2026-03-24 15:31:17,501 - INFO - Table 3 for GMFIL: 11r x 4c
2026-03-24 15:31:17,502 - INFO - Table 4 for GMFIL: 11r x 4c
2026-03-24 15:31:17,504 - INFO - Table 5 for GMFIL: 13r x 11c
2026-03-24 15:31:21,908 - INFO - Found 5 tables for GMLI
2026-03-24 15:31:21,917 - INFO - Table 3 for GMLI: 11r x 4c
2026-03-24 15:31:21,918 - INFO - Table 4 for GMLI: 11r x 4c
2026-03-24 15:31:21,920 - INFO - Table 5 for GMLI: 13r x 8c
2026-03-24 15:31:26,289 - INFO - Found 5 tables for GRDBL
2026-03-24 15:31:26,299 - INFO - Table 3 for GRDBL: 11r x 4c
2026-03-24 15:31:26,299 - INFO - Table 4 for GRDBL: 11r x 4c
2026-03-24 15:31:26,301 - INFO - Table 5 for GRDBL: 13r x 11c
2026-03-24 15:31:30,572 - INFO - Found 5 tables for GUFL
2026-03-24 15:31:30,582 - INFO - Table 3 for GUFL: 11r x 4c
2026-03-24 15:31:30,583 - INFO - Table 4 for GUFL: 11r x 4c
2026-03-24 15:31:30,584 - INFO - Table 5 for GUFL: 13r x 11c
2026-03-24 15:31:35,095 - INFO - Found 5 tables for GVL
2026-03-24 15:31:35,104 - INFO - Table 3 for GVL: 11r x 4c
2026-03-24 15:31:35,105 - INFO - Table 4 for GVL: 15r x 4c
2026-03-24 15:31:35,107 - INFO - Table 5 for GVL: 13r x 11c
2026-03-24 15:31:39,538 - INFO - Found 5 tables for HATHY
2026-03-24 15:31:39,547 - INFO - Table 3 for HATHY: 11r x 4c
2026-03-24 15:31:39,548 - INFO - Table 4 for HATHY: 11r x 4c
2026-03-24 15:31:39,549 - INFO - Table 5 for HATHY: 13r x 11c
2026-03-24 15:31:43,977 - INFO - Found 5 tables for HBL
2026-03-24 15:31:43,987 - INFO - Table 3 for HBL: 11r x 4c
2026-03-24 15:31:43,988 - INFO - Table 4 for HBL: 11r x 4c
2026-03-24 15:31:43,989 - INFO - Table 5 for HBL: 13r x 11c
2026-03-24 15:31:48,422 - INFO - Found 5 tables for HDHPC
2026-03-24 15:31:48,431 - INFO - Table 3 for HDHPC: 11r x 4c
2026-03-24 15:31:48,432 - INFO - Table 4 for HDHPC: 15r x 4c
2026-03-24 15:31:48,433 - INFO - Table 5 for HDHPC: 13r x 10c
2026-03-24 15:31:52,947 - INFO - Found 5 tables for HDL
2026-03-24 15:31:52,956 - INFO - Table 3 for HDL: 11r x 4c
2026-03-24 15:31:52,957 - INFO - Table 4 for HDL: 11r x 4c
2026-03-24 15:31:52,958 - INFO - Table 5 for HDL: 13r x 11c
2026-03-24 15:31:57,446 - INFO - Found 5 tables for HEI
2026-03-24 15:31:57,455 - INFO - Table 3 for HEI: 11r x 4c
2026-03-24 15:31:57,457 - INFO - Table 4 for HEI: 11r x 4c
2026-03-24 15:31:57,458 - INFO - Table 5 for HEI: 13r x 10c
2026-03-24 15:32:05,980 - INFO - Found 5 tables for HHL
2026-03-24 15:32:05,989 - INFO - Table 3 for HHL: 11r x 4c
2026-03-24 15:32:05,990 - INFO - Table 4 for HHL: 15r x 4c
2026-03-24 15:32:05,991 - INFO - Table 5 for HHL: 13r x 11c
2026-03-24 15:32:10,040 - INFO - Found 5 tables for HIDCL
2026-03-24 15:32:10,049 - INFO - Table 3 for HIDCL: 11r x 4c
2026-03-24 15:32:10,050 - INFO - Table 4 for HIDCL: 11r x 4c
2026-03-24 15:32:10,052 - INFO - Table 5 for HIDCL: 13r x 11c
2026-03-24 15:32:14,344 - INFO - Found 5 tables for HLBSL
2026-03-24 15:32:14,353 - INFO - Table 3 for HLBSL: 11r x 4c
2026-03-24 15:32:14,354 - INFO - Table 4 for HLBSL: 11r x 4c
2026-03-24 15:32:14,355 - INFO - Table 5 for HLBSL: 13r x 11c
2026-03-24 15:32:18,834 - INFO - Found 5 tables for HLI
2026-03-24 15:32:18,843 - INFO - Table 3 for HLI: 11r x 4c
2026-03-24 15:32:18,844 - INFO - Table 4 for HLI: 11r x 4c
2026-03-24 15:32:18,846 - INFO - Table 5 for HLI: 13r x 11c
2026-03-24 15:32:23,266 - INFO - Found 5 tables for HPPL
2026-03-24 15:32:23,275 - INFO - Table 3 for HPPL: 11r x 4c
2026-03-24 15:32:23,276 - INFO - Table 4 for HPPL: 15r x 4c
2026-03-24 15:32:23,278 - INFO - Table 5 for HPPL: 13r x 11c
2026-03-24 15:32:27,684 - INFO - Found 5 tables for HRL
2026-03-24 15:32:27,693 - INFO - Table 3 for HRL: 11r x 4c
2026-03-24 15:32:27,693 - INFO - Table 4 for HRL: 11r x 4c
2026-03-24 15:32:27,695 - INFO - Table 5 for HRL: 13r x 11c
2026-03-24 15:32:31,871 - INFO - Found 5 tables for HURJA
2026-03-24 15:32:31,880 - INFO - Table 3 for HURJA: 11r x 4c
2026-03-24 15:32:31,881 - INFO - Table 4 for HURJA: 15r x 4c
2026-03-24 15:32:31,882 - INFO - Table 5 for HURJA: 13r x 11c
2026-03-24 15:32:36,364 - INFO - Found 5 tables for ICFC
2026-03-24 15:32:36,373 - INFO - Table 3 for ICFC: 11r x 4c
2026-03-24 15:32:36,374 - INFO - Table 4 for ICFC: 11r x 4c
2026-03-24 15:32:36,376 - INFO - Table 5 for ICFC: 13r x 11c
2026-03-24 15:32:40,551 - INFO - Found 5 tables for IGI
2026-03-24 15:32:40,560 - INFO - Table 3 for IGI: 11r x 4c
2026-03-24 15:32:40,561 - INFO - Table 4 for IGI: 11r x 4c
2026-03-24 15:32:40,563 - INFO - Table 5 for IGI: 13r x 11c
2026-03-24 15:32:45,020 - INFO - Found 5 tables for IHL
2026-03-24 15:32:45,029 - INFO - Table 3 for IHL: 11r x 4c
2026-03-24 15:32:45,030 - INFO - Table 4 for IHL: 15r x 4c
2026-03-24 15:32:45,032 - INFO - Table 5 for IHL: 13r x 11c
2026-03-24 15:32:49,475 - INFO - Found 5 tables for ILBS
2026-03-24 15:32:49,484 - INFO - Table 3 for ILBS: 11r x 4c
2026-03-24 15:32:49,485 - INFO - Table 4 for ILBS: 11r x 4c
2026-03-24 15:32:49,486 - INFO - Table 5 for ILBS: 13r x 11c
2026-03-24 15:32:54,010 - INFO - Found 5 tables for ILI
2026-03-24 15:32:54,019 - INFO - Table 3 for ILI: 11r x 4c
2026-03-24 15:32:54,020 - INFO - Table 4 for ILI: 11r x 4c
2026-03-24 15:32:54,021 - INFO - Table 5 for ILI: 13r x 11c
2026-03-24 15:32:58,475 - INFO - Found 5 tables for JBBL
2026-03-24 15:32:58,485 - INFO - Table 3 for JBBL: 11r x 4c
2026-03-24 15:32:58,485 - INFO - Table 4 for JBBL: 11r x 4c
2026-03-24 15:32:58,487 - INFO - Table 5 for JBBL: 13r x 11c
2026-03-24 15:33:05,656 - INFO - Found 5 tables for JBLB
2026-03-24 15:33:05,665 - INFO - Table 3 for JBLB: 11r x 4c
2026-03-24 15:33:05,666 - INFO - Table 4 for JBLB: 11r x 4c
2026-03-24 15:33:05,667 - INFO - Table 5 for JBLB: 13r x 11c
2026-03-24 15:33:29,673 - INFO - Found 5 tables for JFL
2026-03-24 15:33:29,682 - INFO - Table 3 for JFL: 11r x 4c
2026-03-24 15:33:29,683 - INFO - Table 4 for JFL: 11r x 4c
2026-03-24 15:33:29,685 - INFO - Table 5 for JFL: 13r x 11c
2026-03-24 15:33:38,306 - INFO - Found 5 tables for JOSHI
2026-03-24 15:33:38,315 - INFO - Table 3 for JOSHI: 11r x 4c
2026-03-24 15:33:38,316 - INFO - Table 4 for JOSHI: 15r x 4c
2026-03-24 15:33:38,317 - INFO - Table 5 for JOSHI: 13r x 10c
2026-03-24 15:33:42,828 - INFO - Found 5 tables for JSLBB
2026-03-24 15:33:42,837 - INFO - Table 3 for JSLBB: 11r x 4c
2026-03-24 15:33:42,838 - INFO - Table 4 for JSLBB: 11r x 4c
2026-03-24 15:33:42,840 - INFO - Table 5 for JSLBB: 13r x 11c
2026-03-24 15:33:47,285 - INFO - Found 5 tables for KBL
2026-03-24 15:33:47,294 - INFO - Table 3 for KBL: 11r x 4c
2026-03-24 15:33:47,295 - INFO - Table 4 for KBL: 11r x 4c
2026-03-24 15:33:47,297 - INFO - Table 5 for KBL: 13r x 11c
2026-03-24 15:33:51,463 - INFO - Found 5 tables for KBSH
2026-03-24 15:33:51,472 - INFO - Table 3 for KBSH: 11r x 4c
2026-03-24 15:33:51,473 - INFO - Table 4 for KBSH: 15r x 4c
2026-03-24 15:33:51,474 - INFO - Table 5 for KBSH: 13r x 11c
2026-03-24 15:33:55,657 - INFO - Found 5 tables for KDL
2026-03-24 15:33:55,666 - INFO - Table 3 for KDL: 11r x 4c
2026-03-24 15:33:55,667 - INFO - Table 4 for KDL: 11r x 4c
2026-03-24 15:33:55,669 - INFO - Table 5 for KDL: 13r x 11c
2026-03-24 15:34:00,728 - INFO - Found 5 tables for KKHC
2026-03-24 15:34:00,738 - INFO - Table 3 for KKHC: 11r x 4c
2026-03-24 15:34:00,739 - INFO - Table 4 for KKHC: 15r x 4c
2026-03-24 15:34:00,740 - INFO - Table 5 for KKHC: 13r x 11c
2026-03-24 15:34:05,150 - INFO - Found 5 tables for KMCDB
2026-03-24 15:34:05,160 - INFO - Table 3 for KMCDB: 11r x 4c
2026-03-24 15:34:05,160 - INFO - Table 4 for KMCDB: 11r x 4c
2026-03-24 15:34:05,162 - INFO - Table 5 for KMCDB: 13r x 11c
2026-03-24 15:34:09,490 - INFO - Found 5 tables for KPCL
2026-03-24 15:34:09,499 - INFO - Table 3 for KPCL: 11r x 4c
2026-03-24 15:34:09,500 - INFO - Table 4 for KPCL: 15r x 4c
2026-03-24 15:34:09,501 - INFO - Table 5 for KPCL: 13r x 11c
2026-03-24 15:34:13,750 - INFO - Found 5 tables for KSBBL
2026-03-24 15:34:13,759 - INFO - Table 3 for KSBBL: 11r x 4c
2026-03-24 15:34:13,760 - INFO - Table 4 for KSBBL: 11r x 4c
2026-03-24 15:34:13,761 - INFO - Table 5 for KSBBL: 13r x 11c
2026-03-24 15:34:18,815 - INFO - Found 5 tables for LBBL
2026-03-24 15:34:18,824 - INFO - Table 3 for LBBL: 11r x 4c
2026-03-24 15:34:18,825 - INFO - Table 4 for LBBL: 11r x 4c
2026-03-24 15:34:18,826 - INFO - Table 5 for LBBL: 13r x 11c
2026-03-24 15:34:23,309 - INFO - Found 5 tables for LEC
2026-03-24 15:34:23,319 - INFO - Table 3 for LEC: 11r x 4c
2026-03-24 15:34:23,320 - INFO - Table 4 for LEC: 15r x 4c
2026-03-24 15:34:23,321 - INFO - Table 5 for LEC: 13r x 11c
2026-03-24 15:34:27,511 - INFO - Found 5 tables for LICN
2026-03-24 15:34:27,520 - INFO - Table 3 for LICN: 11r x 4c
2026-03-24 15:34:27,521 - INFO - Table 4 for LICN: 11r x 4c
2026-03-24 15:34:27,522 - INFO - Table 5 for LICN: 13r x 11c
2026-03-24 15:34:31,948 - INFO - Found 5 tables for LLBS
2026-03-24 15:34:31,957 - INFO - Table 3 for LLBS: 11r x 4c
2026-03-24 15:34:31,958 - INFO - Table 4 for LLBS: 11r x 4c
2026-03-24 15:34:31,959 - INFO - Table 5 for LLBS: 13r x 11c
2026-03-24 15:34:36,022 - INFO - Found 5 tables for LSL
2026-03-24 15:34:36,031 - INFO - Table 3 for LSL: 11r x 4c
2026-03-24 15:34:36,032 - INFO - Table 4 for LSL: 11r x 4c
2026-03-24 15:34:36,034 - INFO - Table 5 for LSL: 13r x 11c
2026-03-24 15:34:40,520 - INFO - Found 5 tables for MAKAR
2026-03-24 15:34:40,529 - INFO - Table 3 for MAKAR: 11r x 4c
2026-03-24 15:34:40,530 - INFO - Table 4 for MAKAR: 15r x 4c
2026-03-24 15:34:40,532 - INFO - Table 5 for MAKAR: 13r x 11c
2026-03-24 15:34:44,969 - INFO - Found 5 tables for MANDU
2026-03-24 15:34:44,978 - INFO - Table 3 for MANDU: 11r x 4c
2026-03-24 15:34:44,980 - INFO - Table 4 for MANDU: 15r x 4c
2026-03-24 15:34:44,981 - INFO - Table 5 for MANDU: 13r x 11c
2026-03-24 15:34:49,424 - INFO - Found 5 tables for MATRI
2026-03-24 15:34:49,433 - INFO - Table 3 for MATRI: 11r x 4c
2026-03-24 15:34:49,434 - INFO - Table 4 for MATRI: 11r x 4c
2026-03-24 15:34:49,435 - INFO - Table 5 for MATRI: 13r x 10c
2026-03-24 15:34:53,880 - INFO - Found 5 tables for MBJC
2026-03-24 15:34:53,889 - INFO - Table 3 for MBJC: 11r x 4c
2026-03-24 15:34:53,890 - INFO - Table 4 for MBJC: 15r x 4c
2026-03-24 15:34:53,892 - INFO - Table 5 for MBJC: 13r x 11c
2026-03-24 15:34:58,361 - INFO - Found 5 tables for MBL
2026-03-24 15:34:58,370 - INFO - Table 3 for MBL: 11r x 4c
2026-03-24 15:34:58,371 - INFO - Table 4 for MBL: 11r x 4c
2026-03-24 15:34:58,373 - INFO - Table 5 for MBL: 13r x 11c
2026-03-24 15:35:02,560 - INFO - Found 5 tables for MCHL
2026-03-24 15:35:02,569 - INFO - Table 3 for MCHL: 11r x 4c
2026-03-24 15:35:02,570 - INFO - Table 4 for MCHL: 15r x 4c
2026-03-24 15:35:02,572 - INFO - Table 5 for MCHL: 13r x 11c
2026-03-24 15:35:06,877 - INFO - Found 5 tables for MDB
2026-03-24 15:35:06,886 - INFO - Table 3 for MDB: 11r x 4c
2026-03-24 15:35:06,887 - INFO - Table 4 for MDB: 11r x 4c
2026-03-24 15:35:06,888 - INFO - Table 5 for MDB: 13r x 11c
2026-03-24 15:35:13,214 - INFO - Found 5 tables for MEHL
2026-03-24 15:35:13,223 - INFO - Table 3 for MEHL: 11r x 4c
2026-03-24 15:35:13,224 - INFO - Table 4 for MEHL: 15r x 4c
2026-03-24 15:35:13,226 - INFO - Table 5 for MEHL: 13r x 11c
2026-03-24 15:35:17,309 - INFO - Found 5 tables for MEL
2026-03-24 15:35:17,318 - INFO - Table 3 for MEL: 11r x 4c
2026-03-24 15:35:17,319 - INFO - Table 4 for MEL: 15r x 4c
2026-03-24 15:35:17,321 - INFO - Table 5 for MEL: 13r x 11c
2026-03-24 15:35:21,895 - INFO - Found 5 tables for MEN
2026-03-24 15:35:21,905 - INFO - Table 3 for MEN: 11r x 4c
2026-03-24 15:35:21,906 - INFO - Table 4 for MEN: 15r x 4c
2026-03-24 15:35:21,908 - INFO - Table 5 for MEN: 13r x 11c
2026-03-24 15:35:26,344 - INFO - Found 5 tables for MERO
2026-03-24 15:35:26,353 - INFO - Table 3 for MERO: 11r x 4c
2026-03-24 15:35:26,354 - INFO - Table 4 for MERO: 11r x 4c
2026-03-24 15:35:26,356 - INFO - Table 5 for MERO: 13r x 11c
2026-03-24 15:35:30,548 - INFO - Found 5 tables for MFIL
2026-03-24 15:35:30,558 - INFO - Table 3 for MFIL: 11r x 4c
2026-03-24 15:35:30,559 - INFO - Table 4 for MFIL: 11r x 4c
2026-03-24 15:35:30,560 - INFO - Table 5 for MFIL: 13r x 11c
2026-03-24 15:35:34,998 - INFO - Found 5 tables for MHCL
2026-03-24 15:35:35,007 - INFO - Table 3 for MHCL: 11r x 4c
2026-03-24 15:35:35,008 - INFO - Table 4 for MHCL: 15r x 4c
2026-03-24 15:35:35,009 - INFO - Table 5 for MHCL: 13r x 11c
2026-03-24 15:35:39,504 - INFO - Found 5 tables for MHL
2026-03-24 15:35:39,513 - INFO - Table 3 for MHL: 11r x 4c
2026-03-24 15:35:39,514 - INFO - Table 4 for MHL: 15r x 4c
2026-03-24 15:35:39,516 - INFO - Table 5 for MHL: 13r x 11c
2026-03-24 15:35:43,975 - INFO - Found 5 tables for MHNL
2026-03-24 15:35:43,985 - INFO - Table 3 for MHNL: 11r x 4c
2026-03-24 15:35:43,986 - INFO - Table 4 for MHNL: 15r x 4c
2026-03-24 15:35:43,987 - INFO - Table 5 for MHNL: 13r x 11c
2026-03-24 15:35:48,394 - INFO - Found 5 tables for MKCL
2026-03-24 15:35:48,403 - INFO - Table 3 for MKCL: 11r x 4c
2026-03-24 15:35:48,404 - INFO - Table 4 for MKCL: 11r x 4c
2026-03-24 15:35:48,406 - INFO - Table 5 for MKCL: 13r x 11c
2026-03-24 15:35:52,596 - INFO - Found 5 tables for MKHC
2026-03-24 15:35:52,605 - INFO - Table 3 for MKHC: 11r x 4c
2026-03-24 15:35:52,606 - INFO - Table 4 for MKHC: 15r x 4c
2026-03-24 15:35:52,608 - INFO - Table 5 for MKHC: 13r x 11c
2026-03-24 15:35:57,121 - INFO - Found 5 tables for MKHL
2026-03-24 15:35:57,130 - INFO - Table 3 for MKHL: 11r x 4c
2026-03-24 15:35:57,131 - INFO - Table 4 for MKHL: 15r x 4c
2026-03-24 15:35:57,132 - INFO - Table 5 for MKHL: 13r x 11c
2026-03-24 15:36:01,293 - INFO - Found 5 tables for MKJC
2026-03-24 15:36:01,303 - INFO - Table 3 for MKJC: 11r x 4c
2026-03-24 15:36:01,304 - INFO - Table 4 for MKJC: 15r x 4c
2026-03-24 15:36:01,305 - INFO - Table 5 for MKJC: 13r x 10c
2026-03-24 15:36:05,803 - INFO - Found 5 tables for MLBBL
2026-03-24 15:36:05,812 - INFO - Table 3 for MLBBL: 11r x 4c
2026-03-24 15:36:05,813 - INFO - Table 4 for MLBBL: 11r x 4c
2026-03-24 15:36:05,814 - INFO - Table 5 for MLBBL: 13r x 11c
2026-03-24 15:36:10,247 - INFO - Found 5 tables for MLBL
2026-03-24 15:36:10,256 - INFO - Table 3 for MLBL: 11r x 4c
2026-03-24 15:36:10,257 - INFO - Table 4 for MLBL: 11r x 4c
2026-03-24 15:36:10,258 - INFO - Table 5 for MLBL: 13r x 11c
2026-03-24 15:36:14,678 - INFO - Found 5 tables for MLBS
2026-03-24 15:36:14,687 - INFO - Table 3 for MLBS: 11r x 4c
2026-03-24 15:36:14,688 - INFO - Table 4 for MLBS: 11r x 4c
2026-03-24 15:36:14,689 - INFO - Table 5 for MLBS: 13r x 11c
2026-03-24 15:36:19,303 - INFO - Found 5 tables for MLBSL
2026-03-24 15:36:19,312 - INFO - Table 3 for MLBSL: 11r x 4c
2026-03-24 15:36:19,313 - INFO - Table 4 for MLBSL: 11r x 4c
2026-03-24 15:36:19,315 - INFO - Table 5 for MLBSL: 13r x 11c
2026-03-24 15:36:23,745 - INFO - Found 5 tables for MMKJL
2026-03-24 15:36:23,755 - INFO - Table 3 for MMKJL: 11r x 4c
2026-03-24 15:36:23,756 - INFO - Table 4 for MMKJL: 15r x 4c
2026-03-24 15:36:23,757 - INFO - Table 5 for MMKJL: 13r x 11c
2026-03-24 15:36:37,378 - INFO - Found 5 tables for MNBBL
2026-03-24 15:36:37,387 - INFO - Table 3 for MNBBL: 11r x 4c
2026-03-24 15:36:37,388 - INFO - Table 4 for MNBBL: 11r x 4c
2026-03-24 15:36:37,389 - INFO - Table 5 for MNBBL: 13r x 11c
2026-03-24 15:36:44,888 - INFO - Found 5 tables for MPFL
2026-03-24 15:36:44,897 - INFO - Table 3 for MPFL: 11r x 4c
2026-03-24 15:36:44,898 - INFO - Table 4 for MPFL: 11r x 4c
2026-03-24 15:36:44,900 - INFO - Table 5 for MPFL: 13r x 11c
2026-03-24 15:36:49,309 - INFO - Found 5 tables for MSHL
2026-03-24 15:36:49,318 - INFO - Table 3 for MSHL: 11r x 4c
2026-03-24 15:36:49,319 - INFO - Table 4 for MSHL: 15r x 4c
2026-03-24 15:36:49,321 - INFO - Table 5 for MSHL: 13r x 11c
2026-03-24 15:36:55,543 - INFO - Found 5 tables for MSLB
2026-03-24 15:36:55,553 - INFO - Table 3 for MSLB: 11r x 4c
2026-03-24 15:36:55,553 - INFO - Table 4 for MSLB: 11r x 4c
2026-03-24 15:36:55,555 - INFO - Table 5 for MSLB: 13r x 11c
2026-03-24 15:36:59,996 - INFO - Found 5 tables for NABBC
2026-03-24 15:37:00,005 - INFO - Table 3 for NABBC: 11r x 4c
2026-03-24 15:37:00,006 - INFO - Table 4 for NABBC: 11r x 4c
2026-03-24 15:37:00,007 - INFO - Table 5 for NABBC: 13r x 11c
2026-03-24 15:37:04,437 - INFO - Found 5 tables for NABIL
2026-03-24 15:37:04,446 - INFO - Table 3 for NABIL: 11r x 4c
2026-03-24 15:37:04,447 - INFO - Table 4 for NABIL: 11r x 4c
2026-03-24 15:37:04,448 - INFO - Table 5 for NABIL: 13r x 11c
2026-03-24 15:37:09,064 - INFO - Found 5 tables for NADEP
2026-03-24 15:37:09,072 - INFO - Table 3 for NADEP: 11r x 4c
2026-03-24 15:37:09,073 - INFO - Table 4 for NADEP: 11r x 4c
2026-03-24 15:37:09,075 - INFO - Table 5 for NADEP: 13r x 11c
2026-03-24 15:37:13,566 - INFO - Found 5 tables for NBL
2026-03-24 15:37:13,575 - INFO - Table 3 for NBL: 11r x 4c
2026-03-24 15:37:13,576 - INFO - Table 4 for NBL: 11r x 4c
2026-03-24 15:37:13,578 - INFO - Table 5 for NBL: 13r x 11c
2026-03-24 15:37:17,788 - INFO - Found 5 tables for NESDO
2026-03-24 15:37:17,797 - INFO - Table 3 for NESDO: 11r x 4c
2026-03-24 15:37:17,798 - INFO - Table 4 for NESDO: 11r x 4c
2026-03-24 15:37:17,799 - INFO - Table 5 for NESDO: 13r x 11c
2026-03-24 15:37:22,205 - INFO - Found 5 tables for NFS
2026-03-24 15:37:22,214 - INFO - Table 3 for NFS: 11r x 4c
2026-03-24 15:37:22,215 - INFO - Table 4 for NFS: 11r x 4c
2026-03-24 15:37:22,216 - INFO - Table 5 for NFS: 13r x 11c
2026-03-24 15:37:26,650 - INFO - Found 5 tables for NGPL
2026-03-24 15:37:26,659 - INFO - Table 3 for NGPL: 11r x 4c
2026-03-24 15:37:26,660 - INFO - Table 4 for NGPL: 15r x 4c
2026-03-24 15:37:26,662 - INFO - Table 5 for NGPL: 13r x 11c
2026-03-24 15:37:32,708 - INFO - Found 5 tables for NHDL
2026-03-24 15:37:32,717 - INFO - Table 3 for NHDL: 11r x 4c
2026-03-24 15:37:32,718 - INFO - Table 4 for NHDL: 15r x 4c
2026-03-24 15:37:32,719 - INFO - Table 5 for NHDL: 13r x 11c
2026-03-24 15:37:38,311 - INFO - Found 5 tables for NHPC
2026-03-24 15:37:38,321 - INFO - Table 3 for NHPC: 11r x 4c
2026-03-24 15:37:38,321 - INFO - Table 4 for NHPC: 15r x 4c
2026-03-24 15:37:38,323 - INFO - Table 5 for NHPC: 13r x 11c
2026-03-24 15:37:42,507 - INFO - Found 5 tables for NICA
2026-03-24 15:37:42,516 - INFO - Table 3 for NICA: 11r x 4c
2026-03-24 15:37:42,517 - INFO - Table 4 for NICA: 11r x 4c
2026-03-24 15:37:42,519 - INFO - Table 5 for NICA: 13r x 11c
2026-03-24 15:37:46,725 - INFO - Found 5 tables for NICL
2026-03-24 15:37:46,733 - INFO - Table 3 for NICL: 11r x 4c
2026-03-24 15:37:46,734 - INFO - Table 4 for NICL: 11r x 4c
2026-03-24 15:37:46,736 - INFO - Table 5 for NICL: 13r x 11c
2026-03-24 15:37:51,240 - INFO - Found 5 tables for NICLBSL
2026-03-24 15:37:51,249 - INFO - Table 3 for NICLBSL: 11r x 4c
2026-03-24 15:37:51,250 - INFO - Table 4 for NICLBSL: 11r x 4c
2026-03-24 15:37:51,252 - INFO - Table 5 for NICLBSL: 13r x 11c
2026-03-24 15:37:55,654 - INFO - Found 5 tables for NIFRA
2026-03-24 15:37:55,663 - INFO - Table 3 for NIFRA: 11r x 4c
2026-03-24 15:37:55,664 - INFO - Table 4 for NIFRA: 11r x 4c
2026-03-24 15:37:55,665 - INFO - Table 5 for NIFRA: 13r x 11c
2026-03-24 15:38:00,069 - INFO - Found 5 tables for NIL
2026-03-24 15:38:00,078 - INFO - Table 3 for NIL: 11r x 4c
2026-03-24 15:38:00,079 - INFO - Table 4 for NIL: 11r x 4c
2026-03-24 15:38:00,080 - INFO - Table 5 for NIL: 13r x 10c
2026-03-24 15:38:04,557 - INFO - Found 5 tables for NIMB
2026-03-24 15:38:04,566 - INFO - Table 3 for NIMB: 11r x 4c
2026-03-24 15:38:04,567 - INFO - Table 4 for NIMB: 11r x 4c
2026-03-24 15:38:04,568 - INFO - Table 5 for NIMB: 13r x 11c
2026-03-24 15:38:08,732 - INFO - Found 5 tables for NLG
2026-03-24 15:38:08,741 - INFO - Table 3 for NLG: 11r x 4c
2026-03-24 15:38:08,742 - INFO - Table 4 for NLG: 11r x 4c
2026-03-24 15:38:08,743 - INFO - Table 5 for NLG: 13r x 11c
2026-03-24 15:38:13,470 - INFO - Found 5 tables for NLIC
2026-03-24 15:38:13,479 - INFO - Table 3 for NLIC: 11r x 4c
2026-03-24 15:38:13,480 - INFO - Table 4 for NLIC: 11r x 4c
2026-03-24 15:38:13,481 - INFO - Table 5 for NLIC: 13r x 11c
2026-03-24 15:38:17,911 - INFO - Found 5 tables for NLICL
2026-03-24 15:38:17,921 - INFO - Table 3 for NLICL: 11r x 4c
2026-03-24 15:38:17,922 - INFO - Table 4 for NLICL: 11r x 4c
2026-03-24 15:38:17,923 - INFO - Table 5 for NLICL: 13r x 11c
2026-03-24 15:38:25,990 - INFO - Found 5 tables for NLO
2026-03-24 15:38:25,999 - INFO - Table 3 for NLO: 11r x 4c
2026-03-24 15:38:26,000 - INFO - Table 4 for NLO: 11r x 4c
2026-03-24 15:38:26,001 - INFO - Table 5 for NLO: 13r x 8c
2026-03-24 15:38:30,405 - INFO - Found 5 tables for NMB
2026-03-24 15:38:30,414 - INFO - Table 3 for NMB: 11r x 4c
2026-03-24 15:38:30,415 - INFO - Table 4 for NMB: 11r x 4c
2026-03-24 15:38:30,416 - INFO - Table 5 for NMB: 13r x 11c
2026-03-24 15:38:34,908 - INFO - Found 5 tables for NMBMF
2026-03-24 15:38:34,917 - INFO - Table 3 for NMBMF: 11r x 4c
2026-03-24 15:38:34,918 - INFO - Table 4 for NMBMF: 11r x 4c
2026-03-24 15:38:34,919 - INFO - Table 5 for NMBMF: 13r x 11c
2026-03-24 15:38:39,330 - INFO - Found 5 tables for NMFBS
2026-03-24 15:38:39,339 - INFO - Table 3 for NMFBS: 11r x 4c
2026-03-24 15:38:39,340 - INFO - Table 4 for NMFBS: 11r x 4c
2026-03-24 15:38:39,341 - INFO - Table 5 for NMFBS: 13r x 11c
2026-03-24 15:38:43,982 - INFO - Found 5 tables for NMIC
2026-03-24 15:38:43,991 - INFO - Table 3 for NMIC: 11r x 4c
2026-03-24 15:38:43,992 - INFO - Table 4 for NMIC: 11r x 4c
2026-03-24 15:38:43,994 - INFO - Table 5 for NMIC: 13r x 7c
2026-03-24 15:38:48,409 - INFO - Found 5 tables for NMLBBL
2026-03-24 15:38:48,418 - INFO - Table 3 for NMLBBL: 11r x 4c
2026-03-24 15:38:48,419 - INFO - Table 4 for NMLBBL: 11r x 4c
2026-03-24 15:38:48,421 - INFO - Table 5 for NMLBBL: 13r x 10c
2026-03-24 15:38:52,813 - INFO - Found 5 tables for NRIC
2026-03-24 15:38:52,823 - INFO - Table 3 for NRIC: 11r x 4c
2026-03-24 15:38:52,824 - INFO - Table 4 for NRIC: 11r x 4c
2026-03-24 15:38:52,825 - INFO - Table 5 for NRIC: 13r x 10c
2026-03-24 15:38:57,313 - INFO - Found 5 tables for NRM
2026-03-24 15:38:57,322 - INFO - Table 3 for NRM: 11r x 4c
2026-03-24 15:38:57,323 - INFO - Table 4 for NRM: 11r x 4c
2026-03-24 15:38:57,324 - INFO - Table 5 for NRM: 13r x 11c
2026-03-24 15:39:01,749 - INFO - Found 5 tables for NRN
2026-03-24 15:39:01,759 - INFO - Table 3 for NRN: 11r x 4c
2026-03-24 15:39:01,760 - INFO - Table 4 for NRN: 11r x 4c
2026-03-24 15:39:01,761 - INFO - Table 5 for NRN: 13r x 11c
2026-03-24 15:39:06,182 - INFO - Found 5 tables for NTC
2026-03-24 15:39:06,191 - INFO - Table 3 for NTC: 11r x 4c
2026-03-24 15:39:06,192 - INFO - Table 4 for NTC: 11r x 4c
2026-03-24 15:39:06,194 - INFO - Table 5 for NTC: 13r x 11c
2026-03-24 15:39:10,386 - INFO - Found 5 tables for NUBL
2026-03-24 15:39:10,396 - INFO - Table 3 for NUBL: 11r x 4c
2026-03-24 15:39:10,396 - INFO - Table 4 for NUBL: 11r x 4c
2026-03-24 15:39:10,398 - INFO - Table 5 for NUBL: 13r x 11c
2026-03-24 15:39:15,270 - INFO - Found 5 tables for NWCL
2026-03-24 15:39:15,279 - INFO - Table 3 for NWCL: 11r x 4c
2026-03-24 15:39:15,280 - INFO - Table 4 for NWCL: 11r x 4c
2026-03-24 15:39:15,281 - INFO - Table 5 for NWCL: 13r x 11c
2026-03-24 15:39:19,689 - INFO - Found 5 tables for NYADI
2026-03-24 15:39:19,698 - INFO - Table 3 for NYADI: 11r x 4c
2026-03-24 15:39:19,699 - INFO - Table 4 for NYADI: 15r x 4c
2026-03-24 15:39:19,701 - INFO - Table 5 for NYADI: 13r x 11c
2026-03-24 15:39:24,137 - INFO - Found 5 tables for OHL
2026-03-24 15:39:24,147 - INFO - Table 3 for OHL: 11r x 4c
2026-03-24 15:39:24,148 - INFO - Table 4 for OHL: 11r x 4c
2026-03-24 15:39:24,149 - INFO - Table 5 for OHL: 13r x 11c
2026-03-24 15:39:28,571 - INFO - Found 5 tables for OMPL
2026-03-24 15:39:28,580 - INFO - Table 3 for OMPL: 11r x 4c
2026-03-24 15:39:28,581 - INFO - Table 4 for OMPL: 11r x 4c
2026-03-24 15:39:28,582 - INFO - Table 5 for OMPL: 13r x 7c
2026-03-24 15:39:36,219 - INFO - Found 5 tables for PCBL
2026-03-24 15:39:36,228 - INFO - Table 3 for PCBL: 11r x 4c
2026-03-24 15:39:36,229 - INFO - Table 4 for PCBL: 11r x 4c
2026-03-24 15:39:36,231 - INFO - Table 5 for PCBL: 13r x 11c
2026-03-24 15:39:40,644 - INFO - Found 5 tables for PFL
2026-03-24 15:39:40,653 - INFO - Table 3 for PFL: 11r x 4c
2026-03-24 15:39:40,654 - INFO - Table 4 for PFL: 11r x 4c
2026-03-24 15:39:40,656 - INFO - Table 5 for PFL: 13r x 11c
2026-03-24 15:39:44,827 - INFO - Found 5 tables for PHCL
2026-03-24 15:39:44,836 - INFO - Table 3 for PHCL: 11r x 4c
2026-03-24 15:39:44,837 - INFO - Table 4 for PHCL: 15r x 4c
2026-03-24 15:39:44,839 - INFO - Table 5 for PHCL: 13r x 11c
2026-03-24 15:39:49,278 - INFO - Found 5 tables for PMHPL
2026-03-24 15:39:49,287 - INFO - Table 3 for PMHPL: 11r x 4c
2026-03-24 15:39:49,288 - INFO - Table 4 for PMHPL: 15r x 4c
2026-03-24 15:39:49,290 - INFO - Table 5 for PMHPL: 13r x 11c
2026-03-24 15:39:55,700 - INFO - Found 5 tables for PMLI
2026-03-24 15:39:55,709 - INFO - Table 3 for PMLI: 11r x 4c
2026-03-24 15:39:55,710 - INFO - Table 4 for PMLI: 11r x 4c
2026-03-24 15:39:55,712 - INFO - Table 5 for PMLI: 13r x 11c
2026-03-24 15:40:00,202 - INFO - Found 5 tables for PPCL
2026-03-24 15:40:00,212 - INFO - Table 3 for PPCL: 11r x 4c
2026-03-24 15:40:00,213 - INFO - Table 4 for PPCL: 15r x 4c
2026-03-24 15:40:00,215 - INFO - Table 5 for PPCL: 13r x 11c
2026-03-24 15:40:04,637 - INFO - Found 5 tables for PPL
2026-03-24 15:40:04,647 - INFO - Table 3 for PPL: 11r x 4c
2026-03-24 15:40:04,648 - INFO - Table 4 for PPL: 15r x 4c
2026-03-24 15:40:04,649 - INFO - Table 5 for PPL: 13r x 11c
2026-03-24 15:40:18,552 - INFO - Found 5 tables for PRIN
2026-03-24 15:40:18,561 - INFO - Table 3 for PRIN: 11r x 4c
2026-03-24 15:40:18,562 - INFO - Table 4 for PRIN: 11r x 4c
2026-03-24 15:40:18,564 - INFO - Table 5 for PRIN: 13r x 11c
2026-03-24 15:40:22,965 - INFO - Found 5 tables for PROFL
2026-03-24 15:40:22,974 - INFO - Table 3 for PROFL: 11r x 4c
2026-03-24 15:40:22,975 - INFO - Table 4 for PROFL: 11r x 4c
2026-03-24 15:40:22,976 - INFO - Table 5 for PROFL: 13r x 11c
2026-03-24 15:40:27,508 - INFO - Found 5 tables for PRVU
2026-03-24 15:40:27,517 - INFO - Table 3 for PRVU: 11r x 4c
2026-03-24 15:40:27,518 - INFO - Table 4 for PRVU: 11r x 4c
2026-03-24 15:40:27,520 - INFO - Table 5 for PRVU: 13r x 11c
2026-03-24 15:40:31,941 - INFO - Found 5 tables for PURE
2026-03-24 15:40:31,951 - INFO - Table 3 for PURE: 11r x 4c
2026-03-24 15:40:31,952 - INFO - Table 4 for PURE: 15r x 4c
2026-03-24 15:40:31,953 - INFO - Table 5 for PURE: 13r x 6c
2026-03-24 15:40:36,367 - INFO - Found 5 tables for RADHI
2026-03-24 15:40:36,376 - INFO - Table 3 for RADHI: 11r x 4c
2026-03-24 15:40:36,377 - INFO - Table 4 for RADHI: 15r x 4c
2026-03-24 15:40:36,379 - INFO - Table 5 for RADHI: 13r x 11c
2026-03-24 15:40:40,534 - INFO - Found 5 tables for RAWA
2026-03-24 15:40:40,543 - INFO - Table 3 for RAWA: 11r x 4c
2026-03-24 15:40:40,544 - INFO - Table 4 for RAWA: 15r x 4c
2026-03-24 15:40:40,546 - INFO - Table 5 for RAWA: 13r x 11c
2026-03-24 15:40:44,709 - INFO - Found 5 tables for RBCL
2026-03-24 15:40:44,718 - INFO - Table 3 for RBCL: 11r x 4c
2026-03-24 15:40:44,719 - INFO - Table 4 for RBCL: 11r x 4c
2026-03-24 15:40:44,721 - INFO - Table 5 for RBCL: 13r x 11c
2026-03-24 15:40:51,126 - INFO - Found 5 tables for RFPL
2026-03-24 15:40:51,135 - INFO - Table 3 for RFPL: 11r x 4c
2026-03-24 15:40:51,136 - INFO - Table 4 for RFPL: 15r x 4c
2026-03-24 15:40:51,138 - INFO - Table 5 for RFPL: 13r x 10c
2026-03-24 15:40:55,573 - INFO - Found 5 tables for RHGCL
2026-03-24 15:40:55,582 - INFO - Table 3 for RHGCL: 11r x 4c
2026-03-24 15:40:55,583 - INFO - Table 4 for RHGCL: 15r x 4c
2026-03-24 15:40:55,585 - INFO - Table 5 for RHGCL: 13r x 11c
2026-03-24 15:41:09,955 - INFO - Found 5 tables for RHPL
2026-03-24 15:41:09,964 - INFO - Table 3 for RHPL: 11r x 4c
2026-03-24 15:41:09,965 - INFO - Table 4 for RHPL: 15r x 4c
2026-03-24 15:41:09,967 - INFO - Table 5 for RHPL: 13r x 11c
2026-03-24 15:41:14,417 - INFO - Found 5 tables for RIDI
2026-03-24 15:41:14,426 - INFO - Table 3 for RIDI: 11r x 4c
2026-03-24 15:41:14,427 - INFO - Table 4 for RIDI: 15r x 4c
2026-03-24 15:41:14,428 - INFO - Table 5 for RIDI: 13r x 11c
2026-03-24 15:41:28,769 - INFO - Found 5 tables for RLFL
2026-03-24 15:41:28,778 - INFO - Table 3 for RLFL: 11r x 4c
2026-03-24 15:41:28,779 - INFO - Table 4 for RLFL: 11r x 4c
2026-03-24 15:41:28,781 - INFO - Table 5 for RLFL: 13r x 11c
2026-03-24 15:41:33,891 - INFO - Found 5 tables for RNLI
2026-03-24 15:41:33,901 - INFO - Table 3 for RNLI: 11r x 4c
2026-03-24 15:41:33,902 - INFO - Table 4 for RNLI: 11r x 4c
2026-03-24 15:41:33,903 - INFO - Table 5 for RNLI: 13r x 11c
2026-03-24 15:41:38,307 - INFO - Found 5 tables for RSDC
2026-03-24 15:41:38,317 - INFO - Table 3 for RSDC: 11r x 4c
2026-03-24 15:41:38,318 - INFO - Table 4 for RSDC: 11r x 4c
2026-03-24 15:41:38,319 - INFO - Table 5 for RSDC: 13r x 11c
2026-03-24 15:41:42,501 - INFO - Found 5 tables for RURU
2026-03-24 15:41:42,511 - INFO - Table 3 for RURU: 11r x 4c
2026-03-24 15:41:42,512 - INFO - Table 4 for RURU: 15r x 4c
2026-03-24 15:41:42,513 - INFO - Table 5 for RURU: 13r x 11c
2026-03-24 15:41:46,755 - INFO - Found 5 tables for SADBL
2026-03-24 15:41:46,764 - INFO - Table 3 for SADBL: 11r x 4c
2026-03-24 15:41:46,765 - INFO - Table 4 for SADBL: 11r x 4c
2026-03-24 15:41:46,766 - INFO - Table 5 for SADBL: 13r x 11c
2026-03-24 15:41:51,191 - INFO - Found 5 tables for SAHAS
2026-03-24 15:41:51,201 - INFO - Table 3 for SAHAS: 11r x 4c
2026-03-24 15:41:51,202 - INFO - Table 4 for SAHAS: 15r x 4c
2026-03-24 15:41:51,204 - INFO - Table 5 for SAHAS: 13r x 11c
2026-03-24 15:41:55,642 - INFO - Found 5 tables for SALICO
2026-03-24 15:41:55,651 - INFO - Table 3 for SALICO: 11r x 4c
2026-03-24 15:41:55,652 - INFO - Table 4 for SALICO: 11r x 4c
2026-03-24 15:41:55,654 - INFO - Table 5 for SALICO: 13r x 11c
2026-03-24 15:42:00,020 - INFO - Found 5 tables for SAMAJ
2026-03-24 15:42:00,030 - INFO - Table 3 for SAMAJ: 11r x 4c
2026-03-24 15:42:00,031 - INFO - Table 4 for SAMAJ: 11r x 4c
2026-03-24 15:42:00,033 - INFO - Table 5 for SAMAJ: 13r x 9c
2026-03-24 15:42:04,457 - INFO - Found 5 tables for SANIMA
2026-03-24 15:42:04,466 - INFO - Table 3 for SANIMA: 11r x 4c
2026-03-24 15:42:04,467 - INFO - Table 4 for SANIMA: 11r x 4c
2026-03-24 15:42:04,468 - INFO - Table 5 for SANIMA: 13r x 11c
2026-03-24 15:42:08,976 - INFO - Found 5 tables for SANVI
2026-03-24 15:42:08,986 - INFO - Table 3 for SANVI: 11r x 4c
2026-03-24 15:42:08,987 - INFO - Table 4 for SANVI: 15r x 4c
2026-03-24 15:42:08,988 - INFO - Table 5 for SANVI: 13r x 5c
2026-03-24 15:42:13,441 - INFO - Found 5 tables for SAPDBL
2026-03-24 15:42:13,450 - INFO - Table 3 for SAPDBL: 11r x 4c
2026-03-24 15:42:13,451 - INFO - Table 4 for SAPDBL: 11r x 4c
2026-03-24 15:42:13,453 - INFO - Table 5 for SAPDBL: 13r x 11c
2026-03-24 15:42:17,878 - INFO - Found 5 tables for SARBTM
2026-03-24 15:42:17,888 - INFO - Table 3 for SARBTM: 11r x 4c
2026-03-24 15:42:17,889 - INFO - Table 4 for SARBTM: 11r x 4c
2026-03-24 15:42:17,891 - INFO - Table 5 for SARBTM: 13r x 11c
2026-03-24 15:42:22,041 - INFO - Found 5 tables for SBI
2026-03-24 15:42:22,050 - INFO - Table 3 for SBI: 11r x 4c
2026-03-24 15:42:22,051 - INFO - Table 4 for SBI: 11r x 4c
2026-03-24 15:42:22,053 - INFO - Table 5 for SBI: 13r x 11c
2026-03-24 15:42:26,579 - INFO - Found 5 tables for SBL
2026-03-24 15:42:26,588 - INFO - Table 3 for SBL: 11r x 4c
2026-03-24 15:42:26,589 - INFO - Table 4 for SBL: 11r x 4c
2026-03-24 15:42:26,591 - INFO - Table 5 for SBL: 13r x 11c
2026-03-24 15:42:31,065 - INFO - Found 5 tables for SCB
2026-03-24 15:42:31,075 - INFO - Table 3 for SCB: 11r x 4c
2026-03-24 15:42:31,076 - INFO - Table 4 for SCB: 11r x 4c
2026-03-24 15:42:31,077 - INFO - Table 5 for SCB: 13r x 11c
2026-03-24 15:42:35,258 - INFO - Found 5 tables for SFCL
2026-03-24 15:42:35,267 - INFO - Table 3 for SFCL: 11r x 4c
2026-03-24 15:42:35,268 - INFO - Table 4 for SFCL: 11r x 4c
2026-03-24 15:42:35,269 - INFO - Table 5 for SFCL: 13r x 11c
2026-03-24 15:42:39,714 - INFO - Found 5 tables for SGHC
2026-03-24 15:42:39,723 - INFO - Table 3 for SGHC: 11r x 4c
2026-03-24 15:42:39,724 - INFO - Table 4 for SGHC: 15r x 4c
2026-03-24 15:42:39,726 - INFO - Table 5 for SGHC: 13r x 11c
2026-03-24 15:42:44,167 - INFO - Found 5 tables for SGIC
2026-03-24 15:42:44,177 - INFO - Table 3 for SGIC: 11r x 4c
2026-03-24 15:42:44,178 - INFO - Table 4 for SGIC: 11r x 4c
2026-03-24 15:42:44,179 - INFO - Table 5 for SGIC: 13r x 11c
2026-03-24 15:42:48,716 - INFO - Found 5 tables for SHEL
2026-03-24 15:42:48,726 - INFO - Table 3 for SHEL: 11r x 4c
2026-03-24 15:42:48,727 - INFO - Table 4 for SHEL: 15r x 4c
2026-03-24 15:42:48,729 - INFO - Table 5 for SHEL: 13r x 11c
2026-03-24 15:43:02,406 - INFO - Found 5 tables for SHINE
2026-03-24 15:43:02,415 - INFO - Table 3 for SHINE: 11r x 4c
2026-03-24 15:43:02,416 - INFO - Table 4 for SHINE: 11r x 4c
2026-03-24 15:43:02,418 - INFO - Table 5 for SHINE: 13r x 11c
2026-03-24 15:43:06,663 - INFO - Found 5 tables for SHIVM
2026-03-24 15:43:06,672 - INFO - Table 3 for SHIVM: 11r x 4c
2026-03-24 15:43:06,673 - INFO - Table 4 for SHIVM: 11r x 4c
2026-03-24 15:43:06,675 - INFO - Table 5 for SHIVM: 13r x 11c
2026-03-24 15:43:11,094 - INFO - Found 5 tables for SHL
2026-03-24 15:43:11,104 - INFO - Table 3 for SHL: 11r x 4c
2026-03-24 15:43:11,104 - INFO - Table 4 for SHL: 11r x 4c
2026-03-24 15:43:11,106 - INFO - Table 5 for SHL: 13r x 11c
2026-03-24 15:43:15,379 - INFO - Found 5 tables for SHLB
2026-03-24 15:43:15,388 - INFO - Table 3 for SHLB: 11r x 4c
2026-03-24 15:43:15,389 - INFO - Table 4 for SHLB: 11r x 4c
2026-03-24 15:43:15,391 - INFO - Table 5 for SHLB: 13r x 11c
2026-03-24 15:43:31,830 - INFO - Found 5 tables for SHPC
2026-03-24 15:43:31,840 - INFO - Table 3 for SHPC: 11r x 4c
2026-03-24 15:43:31,840 - INFO - Table 4 for SHPC: 15r x 4c
2026-03-24 15:43:31,842 - INFO - Table 5 for SHPC: 13r x 11c
2026-03-24 15:43:36,245 - INFO - Found 5 tables for SICL
2026-03-24 15:43:36,255 - INFO - Table 3 for SICL: 11r x 4c
2026-03-24 15:43:36,256 - INFO - Table 4 for SICL: 11r x 4c
2026-03-24 15:43:36,257 - INFO - Table 5 for SICL: 13r x 11c
2026-03-24 15:43:41,571 - INFO - Found 5 tables for SIFC
2026-03-24 15:43:41,580 - INFO - Table 3 for SIFC: 11r x 4c
2026-03-24 15:43:41,581 - INFO - Table 4 for SIFC: 11r x 4c
2026-03-24 15:43:41,582 - INFO - Table 5 for SIFC: 13r x 11c
2026-03-24 15:43:46,009 - INFO - Found 5 tables for SIKLES
2026-03-24 15:43:46,018 - INFO - Table 3 for SIKLES: 11r x 4c
2026-03-24 15:43:46,019 - INFO - Table 4 for SIKLES: 15r x 4c
2026-03-24 15:43:46,020 - INFO - Table 5 for SIKLES: 13r x 11c
2026-03-24 15:43:50,433 - INFO - Found 5 tables for SINDU
2026-03-24 15:43:50,442 - INFO - Table 3 for SINDU: 11r x 4c
2026-03-24 15:43:50,443 - INFO - Table 4 for SINDU: 11r x 4c
2026-03-24 15:43:50,444 - INFO - Table 5 for SINDU: 13r x 11c
2026-03-24 15:43:54,872 - INFO - Found 5 tables for SJCL
2026-03-24 15:43:54,881 - INFO - Table 3 for SJCL: 11r x 4c
2026-03-24 15:43:54,882 - INFO - Table 4 for SJCL: 15r x 4c
2026-03-24 15:43:54,884 - INFO - Table 5 for SJCL: 13r x 11c
2026-03-24 15:44:11,051 - INFO - Found 5 tables for SJLIC
2026-03-24 15:44:11,060 - INFO - Table 3 for SJLIC: 11r x 4c
2026-03-24 15:44:11,061 - INFO - Table 4 for SJLIC: 11r x 4c
2026-03-24 15:44:11,063 - INFO - Table 5 for SJLIC: 13r x 11c
2026-03-24 15:44:15,509 - INFO - Found 5 tables for SKBBL
2026-03-24 15:44:15,518 - INFO - Table 3 for SKBBL: 11r x 4c
2026-03-24 15:44:15,519 - INFO - Table 4 for SKBBL: 11r x 4c
2026-03-24 15:44:15,521 - INFO - Table 5 for SKBBL: 13r x 11c
2026-03-24 15:44:20,071 - INFO - Found 5 tables for SLBBL
2026-03-24 15:44:20,080 - INFO - Table 3 for SLBBL: 11r x 4c
2026-03-24 15:44:20,081 - INFO - Table 4 for SLBBL: 11r x 4c
2026-03-24 15:44:20,083 - INFO - Table 5 for SLBBL: 13r x 11c
2026-03-24 15:44:24,243 - INFO - Found 5 tables for SLBSL
2026-03-24 15:44:24,252 - INFO - Table 3 for SLBSL: 11r x 4c
2026-03-24 15:44:24,253 - INFO - Table 4 for SLBSL: 11r x 4c
2026-03-24 15:44:24,255 - INFO - Table 5 for SLBSL: 13r x 11c
2026-03-24 15:44:28,693 - INFO - Found 5 tables for SMATA
2026-03-24 15:44:28,702 - INFO - Table 3 for SMATA: 11r x 4c
2026-03-24 15:44:28,703 - INFO - Table 4 for SMATA: 11r x 4c
2026-03-24 15:44:28,704 - INFO - Table 5 for SMATA: 13r x 11c
2026-03-24 15:44:33,126 - INFO - Found 5 tables for SMB
2026-03-24 15:44:33,135 - INFO - Table 3 for SMB: 11r x 4c
2026-03-24 15:44:33,136 - INFO - Table 4 for SMB: 11r x 4c
2026-03-24 15:44:33,137 - INFO - Table 5 for SMB: 13r x 11c
2026-03-24 15:44:37,689 - INFO - Found 5 tables for SMFBS
2026-03-24 15:44:37,698 - INFO - Table 3 for SMFBS: 11r x 4c
2026-03-24 15:44:37,699 - INFO - Table 4 for SMFBS: 11r x 4c
2026-03-24 15:44:37,701 - INFO - Table 5 for SMFBS: 13r x 11c
2026-03-24 15:44:42,113 - INFO - Found 5 tables for SMH
2026-03-24 15:44:42,123 - INFO - Table 3 for SMH: 11r x 4c
2026-03-24 15:44:42,124 - INFO - Table 4 for SMH: 15r x 4c
2026-03-24 15:44:42,125 - INFO - Table 5 for SMH: 13r x 11c
2026-03-24 15:44:56,262 - INFO - Found 5 tables for SMHL
2026-03-24 15:44:56,271 - INFO - Table 3 for SMHL: 11r x 4c
2026-03-24 15:44:56,272 - INFO - Table 4 for SMHL: 15r x 4c
2026-03-24 15:44:56,273 - INFO - Table 5 for SMHL: 13r x 11c
2026-03-24 15:45:00,446 - INFO - Found 5 tables for SMJC
2026-03-24 15:45:00,455 - INFO - Table 3 for SMJC: 11r x 4c
2026-03-24 15:45:00,456 - INFO - Table 4 for SMJC: 15r x 4c
2026-03-24 15:45:00,457 - INFO - Table 5 for SMJC: 13r x 11c
2026-03-24 15:45:04,666 - INFO - Found 5 tables for SMPDA
2026-03-24 15:45:04,676 - INFO - Table 3 for SMPDA: 11r x 4c
2026-03-24 15:45:04,677 - INFO - Table 4 for SMPDA: 11r x 4c
2026-03-24 15:45:04,678 - INFO - Table 5 for SMPDA: 13r x 10c
2026-03-24 15:45:09,282 - INFO - Found 5 tables for SNLI
2026-03-24 15:45:09,291 - INFO - Table 3 for SNLI: 11r x 4c
2026-03-24 15:45:09,292 - INFO - Table 4 for SNLI: 11r x 4c
2026-03-24 15:45:09,294 - INFO - Table 5 for SNLI: 13r x 11c
2026-03-24 15:45:13,722 - INFO - Found 5 tables for SONA
2026-03-24 15:45:13,731 - INFO - Table 3 for SONA: 11r x 4c
2026-03-24 15:45:13,732 - INFO - Table 4 for SONA: 11r x 4c
2026-03-24 15:45:13,734 - INFO - Table 5 for SONA: 13r x 11c
2026-03-24 15:45:18,149 - INFO - Found 5 tables for SPC
2026-03-24 15:45:18,158 - INFO - Table 3 for SPC: 11r x 4c
2026-03-24 15:45:18,159 - INFO - Table 4 for SPC: 15r x 4c
2026-03-24 15:45:18,161 - INFO - Table 5 for SPC: 13r x 11c
2026-03-24 15:45:22,479 - INFO - Found 5 tables for SPDL
2026-03-24 15:45:22,488 - INFO - Table 3 for SPDL: 11r x 4c
2026-03-24 15:45:22,489 - INFO - Table 4 for SPDL: 15r x 4c
2026-03-24 15:45:22,491 - INFO - Table 5 for SPDL: 13r x 11c
2026-03-24 15:45:26,971 - INFO - Found 5 tables for SPHL
2026-03-24 15:45:26,980 - INFO - Table 3 for SPHL: 11r x 4c
2026-03-24 15:45:26,981 - INFO - Table 4 for SPHL: 15r x 4c
2026-03-24 15:45:26,983 - INFO - Table 5 for SPHL: 13r x 11c
2026-03-24 15:45:31,374 - INFO - Found 5 tables for SPIL
2026-03-24 15:45:31,384 - INFO - Table 3 for SPIL: 11r x 4c
2026-03-24 15:45:31,385 - INFO - Table 4 for SPIL: 11r x 4c
2026-03-24 15:45:31,386 - INFO - Table 5 for SPIL: 13r x 11c
2026-03-24 15:45:35,844 - INFO - Found 5 tables for SPL
2026-03-24 15:45:35,853 - INFO - Table 3 for SPL: 11r x 4c
2026-03-24 15:45:35,854 - INFO - Table 4 for SPL: 15r x 4c
2026-03-24 15:45:35,856 - INFO - Table 5 for SPL: 13r x 11c
2026-03-24 15:45:40,267 - INFO - Found 5 tables for SRLI
2026-03-24 15:45:40,276 - INFO - Table 3 for SRLI: 11r x 4c
2026-03-24 15:45:40,277 - INFO - Table 4 for SRLI: 11r x 4c
2026-03-24 15:45:40,278 - INFO - Table 5 for SRLI: 13r x 11c
2026-03-24 15:45:46,600 - INFO - Found 5 tables for SSHL
2026-03-24 15:45:46,609 - INFO - Table 3 for SSHL: 11r x 4c
2026-03-24 15:45:46,610 - INFO - Table 4 for SSHL: 15r x 4c
2026-03-24 15:45:46,611 - INFO - Table 5 for SSHL: 13r x 10c
2026-03-24 15:45:51,070 - INFO - Found 5 tables for STC
2026-03-24 15:45:51,079 - INFO - Table 3 for STC: 11r x 4c
2026-03-24 15:45:51,080 - INFO - Table 4 for STC: 11r x 4c
2026-03-24 15:45:51,081 - INFO - Table 5 for STC: 13r x 11c
2026-03-24 15:45:55,514 - INFO - Found 5 tables for SWBBL
2026-03-24 15:45:55,524 - INFO - Table 3 for SWBBL: 11r x 4c
2026-03-24 15:45:55,525 - INFO - Table 4 for SWBBL: 11r x 4c
2026-03-24 15:45:55,526 - INFO - Table 5 for SWBBL: 13r x 11c
2026-03-24 15:45:59,933 - INFO - Found 5 tables for SWMF
2026-03-24 15:45:59,942 - INFO - Table 3 for SWMF: 11r x 4c
2026-03-24 15:45:59,943 - INFO - Table 4 for SWMF: 11r x 4c
2026-03-24 15:45:59,944 - INFO - Table 5 for SWMF: 13r x 11c
2026-03-24 15:46:04,273 - INFO - Found 5 tables for TAMOR
2026-03-24 15:46:04,282 - INFO - Table 3 for TAMOR: 11r x 4c
2026-03-24 15:46:04,283 - INFO - Table 4 for TAMOR: 15r x 4c
2026-03-24 15:46:04,285 - INFO - Table 5 for TAMOR: 13r x 11c
2026-03-24 15:46:08,496 - INFO - Found 5 tables for TPC
2026-03-24 15:46:08,505 - INFO - Table 3 for TPC: 11r x 4c
2026-03-24 15:46:08,506 - INFO - Table 4 for TPC: 15r x 4c
2026-03-24 15:46:08,508 - INFO - Table 5 for TPC: 13r x 11c
2026-03-24 15:46:12,916 - INFO - Found 5 tables for TRH
2026-03-24 15:46:12,925 - INFO - Table 3 for TRH: 11r x 4c
2026-03-24 15:46:12,926 - INFO - Table 4 for TRH: 11r x 4c
2026-03-24 15:46:12,928 - INFO - Table 5 for TRH: 13r x 11c
2026-03-24 15:46:17,350 - INFO - Found 5 tables for TSHL
2026-03-24 15:46:17,359 - INFO - Table 3 for TSHL: 11r x 4c
2026-03-24 15:46:17,360 - INFO - Table 4 for TSHL: 15r x 4c
2026-03-24 15:46:17,362 - INFO - Table 5 for TSHL: 13r x 11c
2026-03-24 15:46:21,765 - INFO - Found 5 tables for TTL
2026-03-24 15:46:21,774 - INFO - Table 3 for TTL: 11r x 4c
2026-03-24 15:46:21,775 - INFO - Table 4 for TTL: 11r x 4c
2026-03-24 15:46:21,776 - INFO - Table 5 for TTL: 13r x 6c
2026-03-24 15:46:30,183 - INFO - Found 5 tables for TVCL
2026-03-24 15:46:30,192 - INFO - Table 3 for TVCL: 11r x 4c
2026-03-24 15:46:30,193 - INFO - Table 4 for TVCL: 15r x 4c
2026-03-24 15:46:30,195 - INFO - Table 5 for TVCL: 13r x 11c
2026-03-24 15:46:34,603 - INFO - Found 5 tables for UAIL
2026-03-24 15:46:34,612 - INFO - Table 3 for UAIL: 11r x 4c
2026-03-24 15:46:34,613 - INFO - Table 4 for UAIL: 11r x 4c
2026-03-24 15:46:34,614 - INFO - Table 5 for UAIL: 13r x 11c
2026-03-24 15:46:38,991 - INFO - Found 5 tables for UHEWA
2026-03-24 15:46:39,001 - INFO - Table 3 for UHEWA: 11r x 4c
2026-03-24 15:46:39,002 - INFO - Table 4 for UHEWA: 15r x 4c
2026-03-24 15:46:39,003 - INFO - Table 5 for UHEWA: 13r x 11c
2026-03-24 15:46:43,433 - INFO - Found 5 tables for ULBSL
2026-03-24 15:46:43,442 - INFO - Table 3 for ULBSL: 11r x 4c
2026-03-24 15:46:43,443 - INFO - Table 4 for ULBSL: 11r x 4c
2026-03-24 15:46:43,445 - INFO - Table 5 for ULBSL: 13r x 11c
2026-03-24 15:46:48,132 - INFO - Found 5 tables for ULHC
2026-03-24 15:46:48,141 - INFO - Table 3 for ULHC: 11r x 4c
2026-03-24 15:46:48,142 - INFO - Table 4 for ULHC: 15r x 4c
2026-03-24 15:46:48,143 - INFO - Table 5 for ULHC: 13r x 6c
2026-03-24 15:46:52,547 - INFO - Found 5 tables for UMHL
2026-03-24 15:46:52,556 - INFO - Table 3 for UMHL: 11r x 4c
2026-03-24 15:46:52,557 - INFO - Table 4 for UMHL: 15r x 4c
2026-03-24 15:46:52,559 - INFO - Table 5 for UMHL: 13r x 11c
2026-03-24 15:46:56,709 - INFO - Found 5 tables for UMRH
2026-03-24 15:46:56,718 - INFO - Table 3 for UMRH: 11r x 4c
2026-03-24 15:46:56,719 - INFO - Table 4 for UMRH: 15r x 4c
2026-03-24 15:46:56,720 - INFO - Table 5 for UMRH: 13r x 11c
2026-03-24 15:47:00,898 - INFO - Found 5 tables for UNHPL
2026-03-24 15:47:00,907 - INFO - Table 3 for UNHPL: 11r x 4c
2026-03-24 15:47:00,908 - INFO - Table 4 for UNHPL: 15r x 4c
2026-03-24 15:47:00,909 - INFO - Table 5 for UNHPL: 13r x 11c
2026-03-24 15:47:14,608 - INFO - Found 5 tables for UNL
2026-03-24 15:47:14,617 - INFO - Table 3 for UNL: 11r x 4c
2026-03-24 15:47:14,618 - INFO - Table 4 for UNL: 11r x 4c
2026-03-24 15:47:14,620 - INFO - Table 5 for UNL: 13r x 11c
2026-03-24 15:47:19,098 - INFO - Found 5 tables for UNLB
2026-03-24 15:47:19,107 - INFO - Table 3 for UNLB: 11r x 4c
2026-03-24 15:47:19,108 - INFO - Table 4 for UNLB: 11r x 4c
2026-03-24 15:47:19,110 - INFO - Table 5 for UNLB: 13r x 11c
2026-03-24 15:47:32,848 - INFO - Found 5 tables for UPCL
2026-03-24 15:47:32,857 - INFO - Table 3 for UPCL: 11r x 4c
2026-03-24 15:47:32,858 - INFO - Table 4 for UPCL: 15r x 4c
2026-03-24 15:47:32,859 - INFO - Table 5 for UPCL: 13r x 11c
2026-03-24 15:47:37,011 - INFO - Found 5 tables for UPPER
2026-03-24 15:47:37,020 - INFO - Table 3 for UPPER: 11r x 4c
2026-03-24 15:47:37,021 - INFO - Table 4 for UPPER: 15r x 4c
2026-03-24 15:47:37,023 - INFO - Table 5 for UPPER: 13r x 11c
2026-03-24 15:47:45,344 - INFO - Found 5 tables for USHEC
2026-03-24 15:47:45,353 - INFO - Table 3 for USHEC: 11r x 4c
2026-03-24 15:47:45,354 - INFO - Table 4 for USHEC: 15r x 4c
2026-03-24 15:47:45,356 - INFO - Table 5 for USHEC: 13r x 11c
2026-03-24 15:47:49,846 - INFO - Found 5 tables for USHL
2026-03-24 15:47:49,855 - INFO - Table 3 for USHL: 11r x 4c
2026-03-24 15:47:49,856 - INFO - Table 4 for USHL: 15r x 4c
2026-03-24 15:47:49,857 - INFO - Table 5 for USHL: 13r x 11c
2026-03-24 15:47:58,009 - INFO - Found 5 tables for USLB
2026-03-24 15:47:58,018 - INFO - Table 3 for USLB: 11r x 4c
2026-03-24 15:47:58,019 - INFO - Table 4 for USLB: 11r x 4c
2026-03-24 15:47:58,022 - INFO - Table 5 for USLB: 13r x 11c
2026-03-24 15:48:02,179 - INFO - Found 5 tables for VLBS
2026-03-24 15:48:02,189 - INFO - Table 3 for VLBS: 11r x 4c
2026-03-24 15:48:02,190 - INFO - Table 4 for VLBS: 11r x 4c
2026-03-24 15:48:02,191 - INFO - Table 5 for VLBS: 13r x 11c
2026-03-24 15:48:06,563 - INFO - Found 5 tables for VLUCL
2026-03-24 15:48:06,572 - INFO - Table 3 for VLUCL: 11r x 4c
2026-03-24 15:48:06,573 - INFO - Table 4 for VLUCL: 15r x 4c
2026-03-24 15:48:06,575 - INFO - Table 5 for VLUCL: 13r x 11c
2026-03-24 15:48:20,717 - INFO - Found 5 tables for WNLB
2026-03-24 15:48:20,727 - INFO - Table 3 for WNLB: 11r x 4c
2026-03-24 15:48:20,728 - INFO - Table 4 for WNLB: 11r x 4c
2026-03-24 15:48:20,729 - INFO - Table 5 for WNLB: 13r x 11c
2026-03-24 15:48:23,965 - INFO - CSV saved: Link_Attributes.csv
2026-03-24 15:48:24,014 - INFO - CSV saved: Link_Additional.csv
2026-03-24 15:48:25,454 - INFO - Dashboard saved: index.html
2026-03-25 11:56:54,836 - INFO - Found 251 URLs
2026-03-25 11:56:58,607 - INFO - Found 5 tables for ACLBSL
2026-03-25 11:56:58,615 - INFO - Table 3 for ACLBSL: 11r x 4c
2026-03-25 11:56:58,616 - INFO - Table 4 for ACLBSL: 11r x 4c
2026-03-25 11:56:58,617 - INFO - Table 5 for ACLBSL: 13r x 11c
2026-03-25 11:57:04,004 - INFO - Found 5 tables for ADBL
2026-03-25 11:57:04,011 - INFO - Table 3 for ADBL: 11r x 4c
2026-03-25 11:57:04,012 - INFO - Table 4 for ADBL: 11r x 4c
2026-03-25 11:57:04,014 - INFO - Table 5 for ADBL: 13r x 11c
2026-03-25 11:57:08,489 - INFO - Found 5 tables for AHL
2026-03-25 11:57:08,496 - INFO - Table 3 for AHL: 11r x 4c
2026-03-25 11:57:08,497 - INFO - Table 4 for AHL: 15r x 4c
2026-03-25 11:57:08,498 - INFO - Table 5 for AHL: 13r x 11c
2026-03-25 11:57:13,531 - INFO - Found 5 tables for AHPC
2026-03-25 11:57:13,538 - INFO - Table 3 for AHPC: 11r x 4c
2026-03-25 11:57:13,539 - INFO - Table 4 for AHPC: 15r x 4c
2026-03-25 11:57:13,541 - INFO - Table 5 for AHPC: 13r x 11c
2026-03-25 11:57:17,973 - INFO - Found 5 tables for AKJCL
2026-03-25 11:57:17,981 - INFO - Table 3 for AKJCL: 11r x 4c
2026-03-25 11:57:17,982 - INFO - Table 4 for AKJCL: 15r x 4c
2026-03-25 11:57:17,983 - INFO - Table 5 for AKJCL: 13r x 11c
2026-03-25 11:57:22,499 - INFO - Found 5 tables for AKPL
2026-03-25 11:57:22,506 - INFO - Table 3 for AKPL: 11r x 4c
2026-03-25 11:57:22,507 - INFO - Table 4 for AKPL: 15r x 4c
2026-03-25 11:57:22,509 - INFO - Table 5 for AKPL: 13r x 11c
2026-03-25 11:57:27,575 - INFO - Found 5 tables for ALBSL
2026-03-25 11:57:27,582 - INFO - Table 3 for ALBSL: 11r x 4c
2026-03-25 11:57:27,583 - INFO - Table 4 for ALBSL: 11r x 4c
2026-03-25 11:57:27,584 - INFO - Table 5 for ALBSL: 13r x 11c
2026-03-25 11:57:32,003 - INFO - Found 5 tables for ALICL
2026-03-25 11:57:32,010 - INFO - Table 3 for ALICL: 11r x 4c
2026-03-25 11:57:32,011 - INFO - Table 4 for ALICL: 11r x 4c
2026-03-25 11:57:32,013 - INFO - Table 5 for ALICL: 13r x 11c
2026-03-25 11:57:36,465 - INFO - Found 5 tables for ANLB
2026-03-25 11:57:36,473 - INFO - Table 3 for ANLB: 11r x 4c
2026-03-25 11:57:36,474 - INFO - Table 4 for ANLB: 11r x 4c
2026-03-25 11:57:36,475 - INFO - Table 5 for ANLB: 13r x 11c
2026-03-25 11:57:40,910 - INFO - Found 5 tables for API
2026-03-25 11:57:40,918 - INFO - Table 3 for API: 11r x 4c
2026-03-25 11:57:40,919 - INFO - Table 4 for API: 15r x 4c
2026-03-25 11:57:40,920 - INFO - Table 5 for API: 13r x 11c
2026-03-25 11:57:45,413 - INFO - Found 5 tables for AVYAN
2026-03-25 11:57:45,421 - INFO - Table 3 for AVYAN: 11r x 4c
2026-03-25 11:57:45,422 - INFO - Table 4 for AVYAN: 11r x 4c
2026-03-25 11:57:45,423 - INFO - Table 5 for AVYAN: 13r x 11c
2026-03-25 11:57:50,461 - INFO - Found 5 tables for BARUN
2026-03-25 11:57:50,469 - INFO - Table 3 for BARUN: 11r x 4c
2026-03-25 11:57:50,470 - INFO - Table 4 for BARUN: 15r x 4c
2026-03-25 11:57:50,471 - INFO - Table 5 for BARUN: 13r x 11c
2026-03-25 11:57:55,845 - INFO - Found 4 tables for BBC
2026-03-25 11:57:55,852 - INFO - Table 3 for BBC: 11r x 4c
2026-03-25 11:57:55,853 - INFO - Table 4 for BBC: 11r x 4c
2026-03-25 11:58:00,387 - INFO - Found 5 tables for BEDC
2026-03-25 11:58:00,394 - INFO - Table 3 for BEDC: 11r x 4c
2026-03-25 11:58:00,395 - INFO - Table 4 for BEDC: 15r x 4c
2026-03-25 11:58:00,397 - INFO - Table 5 for BEDC: 13r x 11c
2026-03-25 11:58:04,845 - INFO - Found 5 tables for BFC
2026-03-25 11:58:04,852 - INFO - Table 3 for BFC: 11r x 4c
2026-03-25 11:58:04,853 - INFO - Table 4 for BFC: 11r x 4c
2026-03-25 11:58:04,855 - INFO - Table 5 for BFC: 13r x 10c
2026-03-25 11:58:09,302 - INFO - Found 5 tables for BGWT
2026-03-25 11:58:09,309 - INFO - Table 3 for BGWT: 11r x 4c
2026-03-25 11:58:09,310 - INFO - Table 4 for BGWT: 15r x 4c
2026-03-25 11:58:09,311 - INFO - Table 5 for BGWT: 13r x 11c
2026-03-25 11:58:13,770 - INFO - Found 5 tables for BHDC
2026-03-25 11:58:13,777 - INFO - Table 3 for BHDC: 11r x 4c
2026-03-25 11:58:13,778 - INFO - Table 4 for BHDC: 15r x 4c
2026-03-25 11:58:13,780 - INFO - Table 5 for BHDC: 13r x 11c
2026-03-25 11:58:18,155 - INFO - Found 5 tables for BHL
2026-03-25 11:58:18,162 - INFO - Table 3 for BHL: 11r x 4c
2026-03-25 11:58:18,163 - INFO - Table 4 for BHL: 15r x 4c
2026-03-25 11:58:18,165 - INFO - Table 5 for BHL: 13r x 11c
2026-03-25 11:58:22,599 - INFO - Found 5 tables for BHPL
2026-03-25 11:58:22,606 - INFO - Table 3 for BHPL: 11r x 4c
2026-03-25 11:58:22,607 - INFO - Table 4 for BHPL: 15r x 4c
2026-03-25 11:58:22,608 - INFO - Table 5 for BHPL: 13r x 11c
2026-03-25 11:58:27,016 - INFO - Found 5 tables for BNHC
2026-03-25 11:58:27,023 - INFO - Table 3 for BNHC: 11r x 4c
2026-03-25 11:58:27,024 - INFO - Table 4 for BNHC: 15r x 4c
2026-03-25 11:58:27,026 - INFO - Table 5 for BNHC: 13r x 11c
2026-03-25 11:58:31,508 - INFO - Found 5 tables for BNL
2026-03-25 11:58:31,515 - INFO - Table 3 for BNL: 11r x 4c
2026-03-25 11:58:31,516 - INFO - Table 4 for BNL: 11r x 4c
2026-03-25 11:58:31,517 - INFO - Table 5 for BNL: 13r x 11c
2026-03-25 11:58:35,977 - INFO - Found 5 tables for BNT
2026-03-25 11:58:35,984 - INFO - Table 3 for BNT: 11r x 4c
2026-03-25 11:58:35,985 - INFO - Table 4 for BNT: 11r x 4c
2026-03-25 11:58:35,986 - INFO - Table 5 for BNT: 13r x 11c
2026-03-25 11:58:50,493 - INFO - Found 5 tables for BPCL
2026-03-25 11:58:50,501 - INFO - Table 3 for BPCL: 11r x 4c
2026-03-25 11:58:50,502 - INFO - Table 4 for BPCL: 15r x 4c
2026-03-25 11:58:50,504 - INFO - Table 5 for BPCL: 13r x 11c
2026-03-25 11:58:55,583 - INFO - Found 5 tables for CBBL
2026-03-25 11:58:55,590 - INFO - Table 3 for CBBL: 11r x 4c
2026-03-25 11:58:55,591 - INFO - Table 4 for CBBL: 11r x 4c
2026-03-25 11:58:55,592 - INFO - Table 5 for CBBL: 13r x 11c
2026-03-25 11:58:59,989 - INFO - Found 5 tables for CFCL
2026-03-25 11:58:59,996 - INFO - Table 3 for CFCL: 11r x 4c
2026-03-25 11:58:59,997 - INFO - Table 4 for CFCL: 11r x 4c
2026-03-25 11:58:59,999 - INFO - Table 5 for CFCL: 13r x 10c
2026-03-25 11:59:04,533 - INFO - Found 5 tables for CGH
2026-03-25 11:59:04,540 - INFO - Table 3 for CGH: 11r x 4c
2026-03-25 11:59:04,541 - INFO - Table 4 for CGH: 11r x 4c
2026-03-25 11:59:04,542 - INFO - Table 5 for CGH: 13r x 11c
2026-03-25 11:59:09,062 - INFO - Found 5 tables for CHCL
2026-03-25 11:59:09,070 - INFO - Table 3 for CHCL: 11r x 4c
2026-03-25 11:59:09,071 - INFO - Table 4 for CHCL: 15r x 4c
2026-03-25 11:59:09,072 - INFO - Table 5 for CHCL: 13r x 11c
2026-03-25 11:59:13,675 - INFO - Found 5 tables for CHDC
2026-03-25 11:59:13,682 - INFO - Table 3 for CHDC: 11r x 4c
2026-03-25 11:59:13,683 - INFO - Table 4 for CHDC: 11r x 4c
2026-03-25 11:59:13,684 - INFO - Table 5 for CHDC: 13r x 11c
2026-03-25 11:59:18,122 - INFO - Found 5 tables for CHL
2026-03-25 11:59:18,129 - INFO - Table 3 for CHL: 11r x 4c
2026-03-25 11:59:18,130 - INFO - Table 4 for CHL: 15r x 4c
2026-03-25 11:59:18,131 - INFO - Table 5 for CHL: 13r x 11c
2026-03-25 11:59:22,604 - INFO - Found 5 tables for CIT
2026-03-25 11:59:22,611 - INFO - Table 3 for CIT: 11r x 4c
2026-03-25 11:59:22,612 - INFO - Table 4 for CIT: 11r x 4c
2026-03-25 11:59:22,613 - INFO - Table 5 for CIT: 13r x 11c
2026-03-25 11:59:36,570 - INFO - Found 5 tables for CITY
2026-03-25 11:59:36,577 - INFO - Table 3 for CITY: 11r x 4c
2026-03-25 11:59:36,578 - INFO - Table 4 for CITY: 11r x 4c
2026-03-25 11:59:36,580 - INFO - Table 5 for CITY: 13r x 11c
2026-03-25 11:59:41,034 - INFO - Found 5 tables for CKHL
2026-03-25 11:59:41,041 - INFO - Table 3 for CKHL: 11r x 4c
2026-03-25 11:59:41,042 - INFO - Table 4 for CKHL: 15r x 4c
2026-03-25 11:59:41,044 - INFO - Table 5 for CKHL: 13r x 11c
2026-03-25 11:59:45,511 - INFO - Found 5 tables for CLI
2026-03-25 11:59:45,519 - INFO - Table 3 for CLI: 11r x 4c
2026-03-25 11:59:45,519 - INFO - Table 4 for CLI: 11r x 4c
2026-03-25 11:59:45,521 - INFO - Table 5 for CLI: 13r x 11c
2026-03-25 11:59:49,953 - INFO - Found 5 tables for CORBL
2026-03-25 11:59:49,960 - INFO - Table 3 for CORBL: 11r x 4c
2026-03-25 11:59:49,961 - INFO - Table 4 for CORBL: 11r x 4c
2026-03-25 11:59:49,962 - INFO - Table 5 for CORBL: 13r x 11c
2026-03-25 11:59:54,423 - INFO - Found 5 tables for CREST
2026-03-25 11:59:54,430 - INFO - Table 3 for CREST: 11r x 4c
2026-03-25 11:59:54,431 - INFO - Table 4 for CREST: 11r x 4c
2026-03-25 11:59:54,432 - INFO - Table 5 for CREST: 13r x 7c
2026-03-25 11:59:58,873 - INFO - Found 5 tables for CYCL
2026-03-25 11:59:58,880 - INFO - Table 3 for CYCL: 11r x 4c
2026-03-25 11:59:58,881 - INFO - Table 4 for CYCL: 11r x 4c
2026-03-25 11:59:58,882 - INFO - Table 5 for CYCL: 13r x 11c
2026-03-25 12:00:03,937 - INFO - Found 5 tables for CZBIL
2026-03-25 12:00:03,944 - INFO - Table 3 for CZBIL: 11r x 4c
2026-03-25 12:00:03,945 - INFO - Table 4 for CZBIL: 11r x 4c
2026-03-25 12:00:03,947 - INFO - Table 5 for CZBIL: 13r x 11c
2026-03-25 12:00:08,432 - INFO - Found 5 tables for DDBL
2026-03-25 12:00:08,440 - INFO - Table 3 for DDBL: 11r x 4c
2026-03-25 12:00:08,441 - INFO - Table 4 for DDBL: 11r x 4c
2026-03-25 12:00:08,442 - INFO - Table 5 for DDBL: 13r x 11c
2026-03-25 12:00:12,918 - INFO - Found 5 tables for DHPL
2026-03-25 12:00:12,925 - INFO - Table 3 for DHPL: 11r x 4c
2026-03-25 12:00:12,926 - INFO - Table 4 for DHPL: 15r x 4c
2026-03-25 12:00:12,928 - INFO - Table 5 for DHPL: 13r x 11c
2026-03-25 12:00:17,421 - INFO - Found 5 tables for DLBS
2026-03-25 12:00:17,428 - INFO - Table 3 for DLBS: 11r x 4c
2026-03-25 12:00:17,429 - INFO - Table 4 for DLBS: 11r x 4c
2026-03-25 12:00:17,430 - INFO - Table 5 for DLBS: 13r x 10c
2026-03-25 12:00:21,882 - INFO - Found 5 tables for DOLTI
2026-03-25 12:00:21,890 - INFO - Table 3 for DOLTI: 11r x 4c
2026-03-25 12:00:21,891 - INFO - Table 4 for DOLTI: 15r x 4c
2026-03-25 12:00:21,892 - INFO - Table 5 for DOLTI: 13r x 11c
2026-03-25 12:00:26,398 - INFO - Found 5 tables for DORDI
2026-03-25 12:00:26,405 - INFO - Table 3 for DORDI: 11r x 4c
2026-03-25 12:00:26,406 - INFO - Table 4 for DORDI: 15r x 4c
2026-03-25 12:00:26,408 - INFO - Table 5 for DORDI: 13r x 11c
2026-03-25 12:00:30,864 - INFO - Found 5 tables for EBL
2026-03-25 12:00:30,871 - INFO - Table 3 for EBL: 11r x 4c
2026-03-25 12:00:30,872 - INFO - Table 4 for EBL: 11r x 4c
2026-03-25 12:00:30,874 - INFO - Table 5 for EBL: 13r x 11c
2026-03-25 12:00:35,344 - INFO - Found 5 tables for EDBL
2026-03-25 12:00:35,351 - INFO - Table 3 for EDBL: 11r x 4c
2026-03-25 12:00:35,352 - INFO - Table 4 for EDBL: 11r x 4c
2026-03-25 12:00:35,354 - INFO - Table 5 for EDBL: 13r x 11c
2026-03-25 12:00:39,840 - INFO - Found 5 tables for EHPL
2026-03-25 12:00:39,847 - INFO - Table 3 for EHPL: 11r x 4c
2026-03-25 12:00:39,848 - INFO - Table 4 for EHPL: 15r x 4c
2026-03-25 12:00:39,850 - INFO - Table 5 for EHPL: 13r x 11c
2026-03-25 12:00:44,330 - INFO - Found 5 tables for ENL
2026-03-25 12:00:44,337 - INFO - Table 3 for ENL: 11r x 4c
2026-03-25 12:00:44,338 - INFO - Table 4 for ENL: 11r x 4c
2026-03-25 12:00:44,340 - INFO - Table 5 for ENL: 13r x 11c
2026-03-25 12:00:48,758 - INFO - Found 5 tables for FMDBL
2026-03-25 12:00:48,765 - INFO - Table 3 for FMDBL: 11r x 4c
2026-03-25 12:00:48,766 - INFO - Table 4 for FMDBL: 11r x 4c
2026-03-25 12:00:48,767 - INFO - Table 5 for FMDBL: 13r x 11c
2026-03-25 12:00:53,244 - INFO - Found 5 tables for FOWAD
2026-03-25 12:00:53,252 - INFO - Table 3 for FOWAD: 11r x 4c
2026-03-25 12:00:53,252 - INFO - Table 4 for FOWAD: 11r x 4c
2026-03-25 12:00:53,254 - INFO - Table 5 for FOWAD: 13r x 11c
2026-03-25 12:00:57,733 - INFO - Found 5 tables for GBBL
2026-03-25 12:00:57,741 - INFO - Table 3 for GBBL: 11r x 4c
2026-03-25 12:00:57,742 - INFO - Table 4 for GBBL: 11r x 4c
2026-03-25 12:00:57,743 - INFO - Table 5 for GBBL: 13r x 11c
2026-03-25 12:01:02,130 - INFO - Found 5 tables for GBIME
2026-03-25 12:01:02,138 - INFO - Table 3 for GBIME: 11r x 4c
2026-03-25 12:01:02,139 - INFO - Table 4 for GBIME: 11r x 4c
2026-03-25 12:01:02,140 - INFO - Table 5 for GBIME: 13r x 11c
2026-03-25 12:01:06,551 - INFO - Found 5 tables for GBLBS
2026-03-25 12:01:06,558 - INFO - Table 3 for GBLBS: 11r x 4c
2026-03-25 12:01:06,559 - INFO - Table 4 for GBLBS: 11r x 4c
2026-03-25 12:01:06,560 - INFO - Table 5 for GBLBS: 13r x 10c
2026-03-25 12:01:10,997 - INFO - Found 5 tables for GCIL
2026-03-25 12:01:11,004 - INFO - Table 3 for GCIL: 11r x 4c
2026-03-25 12:01:11,005 - INFO - Table 4 for GCIL: 11r x 4c
2026-03-25 12:01:11,006 - INFO - Table 5 for GCIL: 13r x 11c
2026-03-25 12:01:15,463 - INFO - Found 5 tables for GFCL
2026-03-25 12:01:15,470 - INFO - Table 3 for GFCL: 11r x 4c
2026-03-25 12:01:15,471 - INFO - Table 4 for GFCL: 11r x 4c
2026-03-25 12:01:15,472 - INFO - Table 5 for GFCL: 13r x 11c
2026-03-25 12:01:19,981 - INFO - Found 5 tables for GHL
2026-03-25 12:01:19,988 - INFO - Table 3 for GHL: 11r x 4c
2026-03-25 12:01:19,989 - INFO - Table 4 for GHL: 15r x 4c
2026-03-25 12:01:19,991 - INFO - Table 5 for GHL: 13r x 11c
2026-03-25 12:01:24,442 - INFO - Found 5 tables for GILB
2026-03-25 12:01:24,449 - INFO - Table 3 for GILB: 11r x 4c
2026-03-25 12:01:24,450 - INFO - Table 4 for GILB: 11r x 4c
2026-03-25 12:01:24,451 - INFO - Table 5 for GILB: 13r x 11c
2026-03-25 12:01:28,909 - INFO - Found 5 tables for GLBSL
2026-03-25 12:01:28,916 - INFO - Table 3 for GLBSL: 11r x 4c
2026-03-25 12:01:28,917 - INFO - Table 4 for GLBSL: 11r x 4c
2026-03-25 12:01:28,918 - INFO - Table 5 for GLBSL: 13r x 11c
2026-03-25 12:01:33,385 - INFO - Found 5 tables for GLH
2026-03-25 12:01:33,392 - INFO - Table 3 for GLH: 11r x 4c
2026-03-25 12:01:33,393 - INFO - Table 4 for GLH: 15r x 4c
2026-03-25 12:01:33,394 - INFO - Table 5 for GLH: 13r x 10c
2026-03-25 12:01:37,840 - INFO - Found 5 tables for GMFBS
2026-03-25 12:01:37,849 - INFO - Table 3 for GMFBS: 11r x 4c
2026-03-25 12:01:37,851 - INFO - Table 4 for GMFBS: 11r x 4c
2026-03-25 12:01:37,853 - INFO - Table 5 for GMFBS: 13r x 11c
2026-03-25 12:01:42,361 - INFO - Found 5 tables for GMFIL
2026-03-25 12:01:42,368 - INFO - Table 3 for GMFIL: 11r x 4c
2026-03-25 12:01:42,369 - INFO - Table 4 for GMFIL: 11r x 4c
2026-03-25 12:01:42,370 - INFO - Table 5 for GMFIL: 13r x 11c
2026-03-25 12:01:46,759 - INFO - Found 5 tables for GMLI
2026-03-25 12:01:46,766 - INFO - Table 3 for GMLI: 11r x 4c
2026-03-25 12:01:46,767 - INFO - Table 4 for GMLI: 11r x 4c
2026-03-25 12:01:46,768 - INFO - Table 5 for GMLI: 13r x 8c
2026-03-25 12:01:51,193 - INFO - Found 5 tables for GRDBL
2026-03-25 12:01:51,200 - INFO - Table 3 for GRDBL: 11r x 4c
2026-03-25 12:01:51,201 - INFO - Table 4 for GRDBL: 11r x 4c
2026-03-25 12:01:51,202 - INFO - Table 5 for GRDBL: 13r x 11c
2026-03-25 12:01:55,613 - INFO - Found 5 tables for GUFL
2026-03-25 12:01:55,620 - INFO - Table 3 for GUFL: 11r x 4c
2026-03-25 12:01:55,621 - INFO - Table 4 for GUFL: 11r x 4c
2026-03-25 12:01:55,623 - INFO - Table 5 for GUFL: 13r x 11c
2026-03-25 12:02:00,158 - INFO - Found 5 tables for GVL
2026-03-25 12:02:00,165 - INFO - Table 3 for GVL: 11r x 4c
2026-03-25 12:02:00,166 - INFO - Table 4 for GVL: 15r x 4c
2026-03-25 12:02:00,167 - INFO - Table 5 for GVL: 13r x 11c
2026-03-25 12:02:05,932 - INFO - Found 5 tables for HATHY
2026-03-25 12:02:05,940 - INFO - Table 3 for HATHY: 11r x 4c
2026-03-25 12:02:05,941 - INFO - Table 4 for HATHY: 11r x 4c
2026-03-25 12:02:05,942 - INFO - Table 5 for HATHY: 13r x 11c
2026-03-25 12:02:10,407 - INFO - Found 5 tables for HBL
2026-03-25 12:02:10,414 - INFO - Table 3 for HBL: 11r x 4c
2026-03-25 12:02:10,415 - INFO - Table 4 for HBL: 11r x 4c
2026-03-25 12:02:10,417 - INFO - Table 5 for HBL: 13r x 11c
2026-03-25 12:02:14,890 - INFO - Found 5 tables for HDHPC
2026-03-25 12:02:14,897 - INFO - Table 3 for HDHPC: 11r x 4c
2026-03-25 12:02:14,898 - INFO - Table 4 for HDHPC: 15r x 4c
2026-03-25 12:02:14,900 - INFO - Table 5 for HDHPC: 13r x 10c
2026-03-25 12:02:19,331 - INFO - Found 5 tables for HDL
2026-03-25 12:02:19,338 - INFO - Table 3 for HDL: 11r x 4c
2026-03-25 12:02:19,339 - INFO - Table 4 for HDL: 11r x 4c
2026-03-25 12:02:19,340 - INFO - Table 5 for HDL: 13r x 11c
2026-03-25 12:02:23,877 - INFO - Found 5 tables for HEI
2026-03-25 12:02:23,884 - INFO - Table 3 for HEI: 11r x 4c
2026-03-25 12:02:23,885 - INFO - Table 4 for HEI: 11r x 4c
2026-03-25 12:02:23,886 - INFO - Table 5 for HEI: 13r x 10c
2026-03-25 12:02:28,357 - INFO - Found 5 tables for HHL
2026-03-25 12:02:28,364 - INFO - Table 3 for HHL: 11r x 4c
2026-03-25 12:02:28,365 - INFO - Table 4 for HHL: 15r x 4c
2026-03-25 12:02:28,367 - INFO - Table 5 for HHL: 13r x 11c
2026-03-25 12:02:32,800 - INFO - Found 5 tables for HIDCL
2026-03-25 12:02:32,807 - INFO - Table 3 for HIDCL: 11r x 4c
2026-03-25 12:02:32,808 - INFO - Table 4 for HIDCL: 11r x 4c
2026-03-25 12:02:32,810 - INFO - Table 5 for HIDCL: 13r x 11c
2026-03-25 12:02:37,215 - INFO - Found 5 tables for HLBSL
2026-03-25 12:02:37,222 - INFO - Table 3 for HLBSL: 11r x 4c
2026-03-25 12:02:37,223 - INFO - Table 4 for HLBSL: 11r x 4c
2026-03-25 12:02:37,224 - INFO - Table 5 for HLBSL: 13r x 11c
2026-03-25 12:02:41,700 - INFO - Found 5 tables for HLI
2026-03-25 12:02:41,707 - INFO - Table 3 for HLI: 11r x 4c
2026-03-25 12:02:41,708 - INFO - Table 4 for HLI: 11r x 4c
2026-03-25 12:02:41,709 - INFO - Table 5 for HLI: 13r x 11c
2026-03-25 12:02:46,211 - INFO - Found 5 tables for HPPL
2026-03-25 12:02:46,219 - INFO - Table 3 for HPPL: 11r x 4c
2026-03-25 12:02:46,220 - INFO - Table 4 for HPPL: 15r x 4c
2026-03-25 12:02:46,221 - INFO - Table 5 for HPPL: 13r x 11c
2026-03-25 12:02:50,686 - INFO - Found 5 tables for HRL
2026-03-25 12:02:50,693 - INFO - Table 3 for HRL: 11r x 4c
2026-03-25 12:02:50,694 - INFO - Table 4 for HRL: 11r x 4c
2026-03-25 12:02:50,696 - INFO - Table 5 for HRL: 13r x 11c
2026-03-25 12:02:55,129 - INFO - Found 5 tables for HURJA
2026-03-25 12:02:55,137 - INFO - Table 3 for HURJA: 11r x 4c
2026-03-25 12:02:55,138 - INFO - Table 4 for HURJA: 15r x 4c
2026-03-25 12:02:55,139 - INFO - Table 5 for HURJA: 13r x 11c
2026-03-25 12:02:59,569 - INFO - Found 5 tables for ICFC
2026-03-25 12:02:59,577 - INFO - Table 3 for ICFC: 11r x 4c
2026-03-25 12:02:59,577 - INFO - Table 4 for ICFC: 11r x 4c
2026-03-25 12:02:59,579 - INFO - Table 5 for ICFC: 13r x 11c
2026-03-25 12:03:03,996 - INFO - Found 5 tables for IGI
2026-03-25 12:03:04,003 - INFO - Table 3 for IGI: 11r x 4c
2026-03-25 12:03:04,004 - INFO - Table 4 for IGI: 11r x 4c
2026-03-25 12:03:04,005 - INFO - Table 5 for IGI: 13r x 11c
2026-03-25 12:03:08,539 - INFO - Found 5 tables for IHL
2026-03-25 12:03:08,546 - INFO - Table 3 for IHL: 11r x 4c
2026-03-25 12:03:08,547 - INFO - Table 4 for IHL: 15r x 4c
2026-03-25 12:03:08,549 - INFO - Table 5 for IHL: 13r x 11c
2026-03-25 12:03:12,977 - INFO - Found 5 tables for ILBS
2026-03-25 12:03:12,984 - INFO - Table 3 for ILBS: 11r x 4c
2026-03-25 12:03:12,985 - INFO - Table 4 for ILBS: 11r x 4c
2026-03-25 12:03:12,987 - INFO - Table 5 for ILBS: 13r x 11c
2026-03-25 12:03:17,394 - INFO - Found 5 tables for ILI
2026-03-25 12:03:17,401 - INFO - Table 3 for ILI: 11r x 4c
2026-03-25 12:03:17,402 - INFO - Table 4 for ILI: 11r x 4c
2026-03-25 12:03:17,403 - INFO - Table 5 for ILI: 13r x 11c
2026-03-25 12:03:21,819 - INFO - Found 5 tables for JBBL
2026-03-25 12:03:21,826 - INFO - Table 3 for JBBL: 11r x 4c
2026-03-25 12:03:21,827 - INFO - Table 4 for JBBL: 11r x 4c
2026-03-25 12:03:21,828 - INFO - Table 5 for JBBL: 13r x 11c
2026-03-25 12:03:27,161 - INFO - Found 5 tables for JBLB
2026-03-25 12:03:27,168 - INFO - Table 3 for JBLB: 11r x 4c
2026-03-25 12:03:27,169 - INFO - Table 4 for JBLB: 11r x 4c
2026-03-25 12:03:27,171 - INFO - Table 5 for JBLB: 13r x 11c
2026-03-25 12:03:31,689 - INFO - Found 5 tables for JFL
2026-03-25 12:03:31,697 - INFO - Table 3 for JFL: 11r x 4c
2026-03-25 12:03:31,698 - INFO - Table 4 for JFL: 11r x 4c
2026-03-25 12:03:31,699 - INFO - Table 5 for JFL: 13r x 11c
2026-03-25 12:03:36,152 - INFO - Found 5 tables for JOSHI
2026-03-25 12:03:36,159 - INFO - Table 3 for JOSHI: 11r x 4c
2026-03-25 12:03:36,160 - INFO - Table 4 for JOSHI: 15r x 4c
2026-03-25 12:03:36,161 - INFO - Table 5 for JOSHI: 13r x 10c
2026-03-25 12:03:40,633 - INFO - Found 5 tables for JSLBB
2026-03-25 12:03:40,641 - INFO - Table 3 for JSLBB: 11r x 4c
2026-03-25 12:03:40,641 - INFO - Table 4 for JSLBB: 11r x 4c
2026-03-25 12:03:40,643 - INFO - Table 5 for JSLBB: 13r x 11c
2026-03-25 12:03:45,062 - INFO - Found 5 tables for KBL
2026-03-25 12:03:45,069 - INFO - Table 3 for KBL: 11r x 4c
2026-03-25 12:03:45,070 - INFO - Table 4 for KBL: 11r x 4c
2026-03-25 12:03:45,072 - INFO - Table 5 for KBL: 13r x 11c
2026-03-25 12:03:49,512 - INFO - Found 5 tables for KBSH
2026-03-25 12:03:49,519 - INFO - Table 3 for KBSH: 11r x 4c
2026-03-25 12:03:49,520 - INFO - Table 4 for KBSH: 15r x 4c
2026-03-25 12:03:49,522 - INFO - Table 5 for KBSH: 13r x 11c
2026-03-25 12:03:54,053 - INFO - Found 5 tables for KDL
2026-03-25 12:03:54,060 - INFO - Table 3 for KDL: 11r x 4c
2026-03-25 12:03:54,061 - INFO - Table 4 for KDL: 11r x 4c
2026-03-25 12:03:54,063 - INFO - Table 5 for KDL: 13r x 11c
2026-03-25 12:03:58,502 - INFO - Found 5 tables for KKHC
2026-03-25 12:03:58,509 - INFO - Table 3 for KKHC: 11r x 4c
2026-03-25 12:03:58,510 - INFO - Table 4 for KKHC: 15r x 4c
2026-03-25 12:03:58,512 - INFO - Table 5 for KKHC: 13r x 11c
2026-03-25 12:04:04,274 - INFO - Found 5 tables for KMCDB
2026-03-25 12:04:04,281 - INFO - Table 3 for KMCDB: 11r x 4c
2026-03-25 12:04:04,282 - INFO - Table 4 for KMCDB: 11r x 4c
2026-03-25 12:04:04,284 - INFO - Table 5 for KMCDB: 13r x 11c
2026-03-25 12:04:09,310 - INFO - Found 5 tables for KPCL
2026-03-25 12:04:09,317 - INFO - Table 3 for KPCL: 11r x 4c
2026-03-25 12:04:09,318 - INFO - Table 4 for KPCL: 15r x 4c
2026-03-25 12:04:09,320 - INFO - Table 5 for KPCL: 13r x 11c
2026-03-25 12:04:13,799 - INFO - Found 5 tables for KSBBL
2026-03-25 12:04:13,806 - INFO - Table 3 for KSBBL: 11r x 4c
2026-03-25 12:04:13,867 - INFO - Table 4 for KSBBL: 11r x 4c
2026-03-25 12:04:13,869 - INFO - Table 5 for KSBBL: 13r x 11c
2026-03-25 12:04:18,382 - INFO - Found 5 tables for LBBL
2026-03-25 12:04:18,389 - INFO - Table 3 for LBBL: 11r x 4c
2026-03-25 12:04:18,390 - INFO - Table 4 for LBBL: 11r x 4c
2026-03-25 12:04:18,392 - INFO - Table 5 for LBBL: 13r x 11c
2026-03-25 12:04:22,847 - INFO - Found 5 tables for LEC
2026-03-25 12:04:22,854 - INFO - Table 3 for LEC: 11r x 4c
2026-03-25 12:04:22,855 - INFO - Table 4 for LEC: 15r x 4c
2026-03-25 12:04:22,857 - INFO - Table 5 for LEC: 13r x 11c
2026-03-25 12:04:27,287 - INFO - Found 5 tables for LICN
2026-03-25 12:04:27,294 - INFO - Table 3 for LICN: 11r x 4c
2026-03-25 12:04:27,295 - INFO - Table 4 for LICN: 11r x 4c
2026-03-25 12:04:27,297 - INFO - Table 5 for LICN: 13r x 11c
2026-03-25 12:04:31,727 - INFO - Found 5 tables for LLBS
2026-03-25 12:04:31,734 - INFO - Table 3 for LLBS: 11r x 4c
2026-03-25 12:04:31,735 - INFO - Table 4 for LLBS: 11r x 4c
2026-03-25 12:04:31,736 - INFO - Table 5 for LLBS: 13r x 11c
2026-03-25 12:04:36,332 - INFO - Found 5 tables for LSL
2026-03-25 12:04:36,339 - INFO - Table 3 for LSL: 11r x 4c
2026-03-25 12:04:36,340 - INFO - Table 4 for LSL: 11r x 4c
2026-03-25 12:04:36,342 - INFO - Table 5 for LSL: 13r x 11c
2026-03-25 12:04:40,749 - INFO - Found 5 tables for MAKAR
2026-03-25 12:04:40,756 - INFO - Table 3 for MAKAR: 11r x 4c
2026-03-25 12:04:40,757 - INFO - Table 4 for MAKAR: 15r x 4c
2026-03-25 12:04:40,759 - INFO - Table 5 for MAKAR: 13r x 11c
2026-03-25 12:04:45,206 - INFO - Found 5 tables for MANDU
2026-03-25 12:04:45,213 - INFO - Table 3 for MANDU: 11r x 4c
2026-03-25 12:04:45,214 - INFO - Table 4 for MANDU: 15r x 4c
2026-03-25 12:04:45,216 - INFO - Table 5 for MANDU: 13r x 11c
2026-03-25 12:04:49,675 - INFO - Found 5 tables for MATRI
2026-03-25 12:04:49,682 - INFO - Table 3 for MATRI: 11r x 4c
2026-03-25 12:04:49,683 - INFO - Table 4 for MATRI: 11r x 4c
2026-03-25 12:04:49,684 - INFO - Table 5 for MATRI: 13r x 10c
2026-03-25 12:04:54,725 - INFO - Found 5 tables for MBJC
2026-03-25 12:04:54,733 - INFO - Table 3 for MBJC: 11r x 4c
2026-03-25 12:04:54,734 - INFO - Table 4 for MBJC: 15r x 4c
2026-03-25 12:04:54,735 - INFO - Table 5 for MBJC: 13r x 11c
2026-03-25 12:05:08,462 - INFO - Found 5 tables for MBL
2026-03-25 12:05:08,470 - INFO - Table 3 for MBL: 11r x 4c
2026-03-25 12:05:08,470 - INFO - Table 4 for MBL: 11r x 4c
2026-03-25 12:05:08,472 - INFO - Table 5 for MBL: 13r x 11c
2026-03-25 12:05:12,929 - INFO - Found 5 tables for MCHL
2026-03-25 12:05:12,937 - INFO - Table 3 for MCHL: 11r x 4c
2026-03-25 12:05:12,938 - INFO - Table 4 for MCHL: 15r x 4c
2026-03-25 12:05:12,939 - INFO - Table 5 for MCHL: 13r x 11c
2026-03-25 12:05:17,400 - INFO - Found 5 tables for MDB
2026-03-25 12:05:17,407 - INFO - Table 3 for MDB: 11r x 4c
2026-03-25 12:05:17,408 - INFO - Table 4 for MDB: 11r x 4c
2026-03-25 12:05:17,409 - INFO - Table 5 for MDB: 13r x 11c
2026-03-25 12:05:21,820 - INFO - Found 5 tables for MEHL
2026-03-25 12:05:21,827 - INFO - Table 3 for MEHL: 11r x 4c
2026-03-25 12:05:21,828 - INFO - Table 4 for MEHL: 15r x 4c
2026-03-25 12:05:21,829 - INFO - Table 5 for MEHL: 13r x 11c
2026-03-25 12:05:26,271 - INFO - Found 5 tables for MEL
2026-03-25 12:05:26,278 - INFO - Table 3 for MEL: 11r x 4c
2026-03-25 12:05:26,279 - INFO - Table 4 for MEL: 15r x 4c
2026-03-25 12:05:26,281 - INFO - Table 5 for MEL: 13r x 11c
2026-03-25 12:05:30,770 - INFO - Found 5 tables for MEN
2026-03-25 12:05:30,777 - INFO - Table 3 for MEN: 11r x 4c
2026-03-25 12:05:30,778 - INFO - Table 4 for MEN: 15r x 4c
2026-03-25 12:05:30,780 - INFO - Table 5 for MEN: 13r x 11c
2026-03-25 12:05:45,268 - INFO - Found 5 tables for MERO
2026-03-25 12:05:45,275 - INFO - Table 3 for MERO: 11r x 4c
2026-03-25 12:05:45,276 - INFO - Table 4 for MERO: 11r x 4c
2026-03-25 12:05:45,278 - INFO - Table 5 for MERO: 13r x 11c
2026-03-25 12:05:49,696 - INFO - Found 5 tables for MFIL
2026-03-25 12:05:49,703 - INFO - Table 3 for MFIL: 11r x 4c
2026-03-25 12:05:49,704 - INFO - Table 4 for MFIL: 11r x 4c
2026-03-25 12:05:49,705 - INFO - Table 5 for MFIL: 13r x 11c
2026-03-25 12:05:54,192 - INFO - Found 5 tables for MHCL
2026-03-25 12:05:54,200 - INFO - Table 3 for MHCL: 11r x 4c
2026-03-25 12:05:54,201 - INFO - Table 4 for MHCL: 15r x 4c
2026-03-25 12:05:54,202 - INFO - Table 5 for MHCL: 13r x 11c
2026-03-25 12:05:58,628 - INFO - Found 5 tables for MHL
2026-03-25 12:05:58,636 - INFO - Table 3 for MHL: 11r x 4c
2026-03-25 12:05:58,637 - INFO - Table 4 for MHL: 15r x 4c
2026-03-25 12:05:58,638 - INFO - Table 5 for MHL: 13r x 11c
2026-03-25 12:06:03,073 - INFO - Found 5 tables for MHNL
2026-03-25 12:06:03,081 - INFO - Table 3 for MHNL: 11r x 4c
2026-03-25 12:06:03,082 - INFO - Table 4 for MHNL: 15r x 4c
2026-03-25 12:06:03,083 - INFO - Table 5 for MHNL: 13r x 11c
2026-03-25 12:06:07,556 - INFO - Found 5 tables for MKCL
2026-03-25 12:06:07,564 - INFO - Table 3 for MKCL: 11r x 4c
2026-03-25 12:06:07,565 - INFO - Table 4 for MKCL: 11r x 4c
2026-03-25 12:06:07,566 - INFO - Table 5 for MKCL: 13r x 11c
2026-03-25 12:06:11,979 - INFO - Found 5 tables for MKHC
2026-03-25 12:06:11,986 - INFO - Table 3 for MKHC: 11r x 4c
2026-03-25 12:06:11,987 - INFO - Table 4 for MKHC: 15r x 4c
2026-03-25 12:06:11,989 - INFO - Table 5 for MKHC: 13r x 11c
2026-03-25 12:06:16,487 - INFO - Found 5 tables for MKHL
2026-03-25 12:06:16,494 - INFO - Table 3 for MKHL: 11r x 4c
2026-03-25 12:06:16,495 - INFO - Table 4 for MKHL: 15r x 4c
2026-03-25 12:06:16,497 - INFO - Table 5 for MKHL: 13r x 11c
2026-03-25 12:06:30,717 - INFO - Found 5 tables for MKJC
2026-03-25 12:06:30,724 - INFO - Table 3 for MKJC: 11r x 4c
2026-03-25 12:06:30,725 - INFO - Table 4 for MKJC: 15r x 4c
2026-03-25 12:06:30,726 - INFO - Table 5 for MKJC: 13r x 10c
2026-03-25 12:06:35,190 - INFO - Found 5 tables for MLBBL
2026-03-25 12:06:35,198 - INFO - Table 3 for MLBBL: 11r x 4c
2026-03-25 12:06:35,199 - INFO - Table 4 for MLBBL: 11r x 4c
2026-03-25 12:06:35,200 - INFO - Table 5 for MLBBL: 13r x 11c
2026-03-25 12:06:39,685 - INFO - Found 5 tables for MLBL
2026-03-25 12:06:39,692 - INFO - Table 3 for MLBL: 11r x 4c
2026-03-25 12:06:39,693 - INFO - Table 4 for MLBL: 11r x 4c
2026-03-25 12:06:39,695 - INFO - Table 5 for MLBL: 13r x 11c
2026-03-25 12:06:44,101 - INFO - Found 5 tables for MLBS
2026-03-25 12:06:44,109 - INFO - Table 3 for MLBS: 11r x 4c
2026-03-25 12:06:44,110 - INFO - Table 4 for MLBS: 11r x 4c
2026-03-25 12:06:44,111 - INFO - Table 5 for MLBS: 13r x 11c
2026-03-25 12:06:48,627 - INFO - Found 5 tables for MLBSL
2026-03-25 12:06:48,634 - INFO - Table 3 for MLBSL: 11r x 4c
2026-03-25 12:06:48,635 - INFO - Table 4 for MLBSL: 11r x 4c
2026-03-25 12:06:48,637 - INFO - Table 5 for MLBSL: 13r x 11c
2026-03-25 12:06:53,139 - INFO - Found 5 tables for MMKJL
2026-03-25 12:06:53,147 - INFO - Table 3 for MMKJL: 11r x 4c
2026-03-25 12:06:53,148 - INFO - Table 4 for MMKJL: 15r x 4c
2026-03-25 12:06:53,149 - INFO - Table 5 for MMKJL: 13r x 11c
2026-03-25 12:06:57,571 - INFO - Found 5 tables for MNBBL
2026-03-25 12:06:57,578 - INFO - Table 3 for MNBBL: 11r x 4c
2026-03-25 12:06:57,579 - INFO - Table 4 for MNBBL: 11r x 4c
2026-03-25 12:06:57,581 - INFO - Table 5 for MNBBL: 13r x 11c
2026-03-25 12:07:02,098 - INFO - Found 5 tables for MPFL
2026-03-25 12:07:02,105 - INFO - Table 3 for MPFL: 11r x 4c
2026-03-25 12:07:02,106 - INFO - Table 4 for MPFL: 11r x 4c
2026-03-25 12:07:02,107 - INFO - Table 5 for MPFL: 13r x 11c
2026-03-25 12:07:06,559 - INFO - Found 5 tables for MSHL
2026-03-25 12:07:06,566 - INFO - Table 3 for MSHL: 11r x 4c
2026-03-25 12:07:06,567 - INFO - Table 4 for MSHL: 15r x 4c
2026-03-25 12:07:06,569 - INFO - Table 5 for MSHL: 13r x 11c
2026-03-25 12:07:11,042 - INFO - Found 5 tables for MSLB
2026-03-25 12:07:11,050 - INFO - Table 3 for MSLB: 11r x 4c
2026-03-25 12:07:11,050 - INFO - Table 4 for MSLB: 11r x 4c
2026-03-25 12:07:11,052 - INFO - Table 5 for MSLB: 13r x 11c
2026-03-25 12:07:15,557 - INFO - Found 5 tables for NABBC
2026-03-25 12:07:15,564 - INFO - Table 3 for NABBC: 11r x 4c
2026-03-25 12:07:15,565 - INFO - Table 4 for NABBC: 11r x 4c
2026-03-25 12:07:15,567 - INFO - Table 5 for NABBC: 13r x 11c
2026-03-25 12:07:29,333 - INFO - Found 5 tables for NABIL
2026-03-25 12:07:29,340 - INFO - Table 3 for NABIL: 11r x 4c
2026-03-25 12:07:29,341 - INFO - Table 4 for NABIL: 11r x 4c
2026-03-25 12:07:29,343 - INFO - Table 5 for NABIL: 13r x 11c
2026-03-25 12:07:43,775 - INFO - Found 5 tables for NADEP
2026-03-25 12:07:43,782 - INFO - Table 3 for NADEP: 11r x 4c
2026-03-25 12:07:43,783 - INFO - Table 4 for NADEP: 11r x 4c
2026-03-25 12:07:43,785 - INFO - Table 5 for NADEP: 13r x 11c
2026-03-25 12:07:48,196 - INFO - Found 5 tables for NBL
2026-03-25 12:07:48,203 - INFO - Table 3 for NBL: 11r x 4c
2026-03-25 12:07:48,204 - INFO - Table 4 for NBL: 11r x 4c
2026-03-25 12:07:48,205 - INFO - Table 5 for NBL: 13r x 11c
2026-03-25 12:07:52,627 - INFO - Found 5 tables for NESDO
2026-03-25 12:07:52,634 - INFO - Table 3 for NESDO: 11r x 4c
2026-03-25 12:07:52,635 - INFO - Table 4 for NESDO: 11r x 4c
2026-03-25 12:07:52,637 - INFO - Table 5 for NESDO: 13r x 11c
2026-03-25 12:07:57,148 - INFO - Found 5 tables for NFS
2026-03-25 12:07:57,156 - INFO - Table 3 for NFS: 11r x 4c
2026-03-25 12:07:57,157 - INFO - Table 4 for NFS: 11r x 4c
2026-03-25 12:07:57,159 - INFO - Table 5 for NFS: 13r x 11c
2026-03-25 12:08:01,608 - INFO - Found 5 tables for NGPL
2026-03-25 12:08:01,615 - INFO - Table 3 for NGPL: 11r x 4c
2026-03-25 12:08:01,616 - INFO - Table 4 for NGPL: 15r x 4c
2026-03-25 12:08:01,618 - INFO - Table 5 for NGPL: 13r x 11c
2026-03-25 12:08:15,655 - INFO - Found 5 tables for NHDL
2026-03-25 12:08:15,662 - INFO - Table 3 for NHDL: 11r x 4c
2026-03-25 12:08:15,663 - INFO - Table 4 for NHDL: 15r x 4c
2026-03-25 12:08:15,665 - INFO - Table 5 for NHDL: 13r x 11c
2026-03-25 12:08:20,711 - INFO - Found 5 tables for NHPC
2026-03-25 12:08:20,719 - INFO - Table 3 for NHPC: 11r x 4c
2026-03-25 12:08:20,720 - INFO - Table 4 for NHPC: 15r x 4c
2026-03-25 12:08:20,721 - INFO - Table 5 for NHPC: 13r x 11c
2026-03-25 12:08:25,784 - INFO - Found 5 tables for NICA
2026-03-25 12:08:25,791 - INFO - Table 3 for NICA: 11r x 4c
2026-03-25 12:08:25,792 - INFO - Table 4 for NICA: 11r x 4c
2026-03-25 12:08:25,793 - INFO - Table 5 for NICA: 13r x 11c
2026-03-25 12:08:30,264 - INFO - Found 5 tables for NICL
2026-03-25 12:08:30,272 - INFO - Table 3 for NICL: 11r x 4c
2026-03-25 12:08:30,273 - INFO - Table 4 for NICL: 11r x 4c
2026-03-25 12:08:30,274 - INFO - Table 5 for NICL: 13r x 11c
2026-03-25 12:08:34,820 - INFO - Found 5 tables for NICLBSL
2026-03-25 12:08:34,827 - INFO - Table 3 for NICLBSL: 11r x 4c
2026-03-25 12:08:34,828 - INFO - Table 4 for NICLBSL: 11r x 4c
2026-03-25 12:08:34,830 - INFO - Table 5 for NICLBSL: 13r x 11c
2026-03-25 12:08:39,263 - INFO - Found 5 tables for NIFRA
2026-03-25 12:08:39,270 - INFO - Table 3 for NIFRA: 11r x 4c
2026-03-25 12:08:39,271 - INFO - Table 4 for NIFRA: 11r x 4c
2026-03-25 12:08:39,273 - INFO - Table 5 for NIFRA: 13r x 11c
2026-03-25 12:08:43,716 - INFO - Found 5 tables for NIL
2026-03-25 12:08:43,723 - INFO - Table 3 for NIL: 11r x 4c
2026-03-25 12:08:43,724 - INFO - Table 4 for NIL: 11r x 4c
2026-03-25 12:08:43,725 - INFO - Table 5 for NIL: 13r x 10c
2026-03-25 12:08:48,178 - INFO - Found 5 tables for NIMB
2026-03-25 12:08:48,185 - INFO - Table 3 for NIMB: 11r x 4c
2026-03-25 12:08:48,186 - INFO - Table 4 for NIMB: 11r x 4c
2026-03-25 12:08:48,188 - INFO - Table 5 for NIMB: 13r x 11c
2026-03-25 12:08:52,644 - INFO - Found 5 tables for NLG
2026-03-25 12:08:52,652 - INFO - Table 3 for NLG: 11r x 4c
2026-03-25 12:08:52,653 - INFO - Table 4 for NLG: 11r x 4c
2026-03-25 12:08:52,654 - INFO - Table 5 for NLG: 13r x 11c
2026-03-25 12:08:57,069 - INFO - Found 5 tables for NLIC
2026-03-25 12:08:57,076 - INFO - Table 3 for NLIC: 11r x 4c
2026-03-25 12:08:57,077 - INFO - Table 4 for NLIC: 11r x 4c
2026-03-25 12:08:57,079 - INFO - Table 5 for NLIC: 13r x 11c
2026-03-25 12:09:01,496 - INFO - Found 5 tables for NLICL
2026-03-25 12:09:01,503 - INFO - Table 3 for NLICL: 11r x 4c
2026-03-25 12:09:01,504 - INFO - Table 4 for NLICL: 11r x 4c
2026-03-25 12:09:01,506 - INFO - Table 5 for NLICL: 13r x 11c
2026-03-25 12:09:05,895 - INFO - Found 5 tables for NLO
2026-03-25 12:09:05,902 - INFO - Table 3 for NLO: 11r x 4c
2026-03-25 12:09:05,903 - INFO - Table 4 for NLO: 11r x 4c
2026-03-25 12:09:05,904 - INFO - Table 5 for NLO: 13r x 8c
2026-03-25 12:09:10,403 - INFO - Found 5 tables for NMB
2026-03-25 12:09:10,410 - INFO - Table 3 for NMB: 11r x 4c
2026-03-25 12:09:10,411 - INFO - Table 4 for NMB: 11r x 4c
2026-03-25 12:09:10,413 - INFO - Table 5 for NMB: 13r x 11c
2026-03-25 12:09:14,838 - INFO - Found 5 tables for NMBMF
2026-03-25 12:09:14,845 - INFO - Table 3 for NMBMF: 11r x 4c
2026-03-25 12:09:14,846 - INFO - Table 4 for NMBMF: 11r x 4c
2026-03-25 12:09:14,848 - INFO - Table 5 for NMBMF: 13r x 11c
2026-03-25 12:09:19,301 - INFO - Found 5 tables for NMFBS
2026-03-25 12:09:19,308 - INFO - Table 3 for NMFBS: 11r x 4c
2026-03-25 12:09:19,309 - INFO - Table 4 for NMFBS: 11r x 4c
2026-03-25 12:09:19,310 - INFO - Table 5 for NMFBS: 13r x 11c
2026-03-25 12:09:23,694 - INFO - Found 5 tables for NMIC
2026-03-25 12:09:23,702 - INFO - Table 3 for NMIC: 11r x 4c
2026-03-25 12:09:23,702 - INFO - Table 4 for NMIC: 11r x 4c
2026-03-25 12:09:23,704 - INFO - Table 5 for NMIC: 13r x 7c
2026-03-25 12:09:28,134 - INFO - Found 5 tables for NMLBBL
2026-03-25 12:09:28,142 - INFO - Table 3 for NMLBBL: 11r x 4c
2026-03-25 12:09:28,143 - INFO - Table 4 for NMLBBL: 11r x 4c
2026-03-25 12:09:28,144 - INFO - Table 5 for NMLBBL: 13r x 10c
2026-03-25 12:09:32,608 - INFO - Found 5 tables for NRIC
2026-03-25 12:09:32,616 - INFO - Table 3 for NRIC: 11r x 4c
2026-03-25 12:09:32,617 - INFO - Table 4 for NRIC: 11r x 4c
2026-03-25 12:09:32,618 - INFO - Table 5 for NRIC: 13r x 10c
2026-03-25 12:09:37,019 - INFO - Found 5 tables for NRM
2026-03-25 12:09:37,026 - INFO - Table 3 for NRM: 11r x 4c
2026-03-25 12:09:37,027 - INFO - Table 4 for NRM: 11r x 4c
2026-03-25 12:09:37,029 - INFO - Table 5 for NRM: 13r x 11c
2026-03-25 12:09:41,447 - INFO - Found 5 tables for NRN
2026-03-25 12:09:41,455 - INFO - Table 3 for NRN: 11r x 4c
2026-03-25 12:09:41,456 - INFO - Table 4 for NRN: 11r x 4c
2026-03-25 12:09:41,457 - INFO - Table 5 for NRN: 13r x 11c
2026-03-25 12:09:45,927 - INFO - Found 5 tables for NTC
2026-03-25 12:09:45,934 - INFO - Table 3 for NTC: 11r x 4c
2026-03-25 12:09:45,935 - INFO - Table 4 for NTC: 11r x 4c
2026-03-25 12:09:45,936 - INFO - Table 5 for NTC: 13r x 11c
2026-03-25 12:09:50,362 - INFO - Found 5 tables for NUBL
2026-03-25 12:09:50,369 - INFO - Table 3 for NUBL: 11r x 4c
2026-03-25 12:09:50,370 - INFO - Table 4 for NUBL: 11r x 4c
2026-03-25 12:09:50,372 - INFO - Table 5 for NUBL: 13r x 11c
2026-03-25 12:09:54,826 - INFO - Found 5 tables for NWCL
2026-03-25 12:09:54,834 - INFO - Table 3 for NWCL: 11r x 4c
2026-03-25 12:09:54,834 - INFO - Table 4 for NWCL: 11r x 4c
2026-03-25 12:09:54,836 - INFO - Table 5 for NWCL: 13r x 11c
2026-03-25 12:09:59,268 - INFO - Found 5 tables for NYADI
2026-03-25 12:09:59,275 - INFO - Table 3 for NYADI: 11r x 4c
2026-03-25 12:09:59,276 - INFO - Table 4 for NYADI: 15r x 4c
2026-03-25 12:09:59,277 - INFO - Table 5 for NYADI: 13r x 11c
2026-03-25 12:10:03,689 - INFO - Found 5 tables for OHL
2026-03-25 12:10:03,696 - INFO - Table 3 for OHL: 11r x 4c
2026-03-25 12:10:03,697 - INFO - Table 4 for OHL: 11r x 4c
2026-03-25 12:10:03,698 - INFO - Table 5 for OHL: 13r x 11c
2026-03-25 12:10:08,132 - INFO - Found 5 tables for OMPL
2026-03-25 12:10:08,139 - INFO - Table 3 for OMPL: 11r x 4c
2026-03-25 12:10:08,141 - INFO - Table 4 for OMPL: 11r x 4c
2026-03-25 12:10:08,142 - INFO - Table 5 for OMPL: 13r x 7c
2026-03-25 12:10:12,602 - INFO - Found 5 tables for PCBL
2026-03-25 12:10:12,609 - INFO - Table 3 for PCBL: 11r x 4c
2026-03-25 12:10:12,610 - INFO - Table 4 for PCBL: 11r x 4c
2026-03-25 12:10:12,612 - INFO - Table 5 for PCBL: 13r x 11c
2026-03-25 12:10:19,194 - INFO - Found 5 tables for PFL
2026-03-25 12:10:19,201 - INFO - Table 3 for PFL: 11r x 4c
2026-03-25 12:10:19,202 - INFO - Table 4 for PFL: 11r x 4c
2026-03-25 12:10:19,204 - INFO - Table 5 for PFL: 13r x 11c
2026-03-25 12:10:23,640 - INFO - Found 5 tables for PHCL
2026-03-25 12:10:23,647 - INFO - Table 3 for PHCL: 11r x 4c
2026-03-25 12:10:23,648 - INFO - Table 4 for PHCL: 15r x 4c
2026-03-25 12:10:23,650 - INFO - Table 5 for PHCL: 13r x 11c
2026-03-25 12:10:28,125 - INFO - Found 5 tables for PMHPL
2026-03-25 12:10:28,133 - INFO - Table 3 for PMHPL: 11r x 4c
2026-03-25 12:10:28,133 - INFO - Table 4 for PMHPL: 15r x 4c
2026-03-25 12:10:28,135 - INFO - Table 5 for PMHPL: 13r x 11c
2026-03-25 12:10:32,562 - INFO - Found 5 tables for PMLI
2026-03-25 12:10:32,569 - INFO - Table 3 for PMLI: 11r x 4c
2026-03-25 12:10:32,570 - INFO - Table 4 for PMLI: 11r x 4c
2026-03-25 12:10:32,572 - INFO - Table 5 for PMLI: 13r x 11c
2026-03-25 12:10:37,088 - INFO - Found 5 tables for PPCL
2026-03-25 12:10:37,095 - INFO - Table 3 for PPCL: 11r x 4c
2026-03-25 12:10:37,096 - INFO - Table 4 for PPCL: 15r x 4c
2026-03-25 12:10:37,097 - INFO - Table 5 for PPCL: 13r x 11c
2026-03-25 12:10:41,572 - INFO - Found 5 tables for PPL
2026-03-25 12:10:41,579 - INFO - Table 3 for PPL: 11r x 4c
2026-03-25 12:10:41,580 - INFO - Table 4 for PPL: 15r x 4c
2026-03-25 12:10:41,582 - INFO - Table 5 for PPL: 13r x 11c
2026-03-25 12:10:46,031 - INFO - Found 5 tables for PRIN
2026-03-25 12:10:46,038 - INFO - Table 3 for PRIN: 11r x 4c
2026-03-25 12:10:46,039 - INFO - Table 4 for PRIN: 11r x 4c
2026-03-25 12:10:46,040 - INFO - Table 5 for PRIN: 13r x 11c
2026-03-25 12:10:50,404 - INFO - Found 5 tables for PROFL
2026-03-25 12:10:50,411 - INFO - Table 3 for PROFL: 11r x 4c
2026-03-25 12:10:50,412 - INFO - Table 4 for PROFL: 11r x 4c
2026-03-25 12:10:50,414 - INFO - Table 5 for PROFL: 13r x 11c
2026-03-25 12:10:54,860 - INFO - Found 5 tables for PRVU
2026-03-25 12:10:54,868 - INFO - Table 3 for PRVU: 11r x 4c
2026-03-25 12:10:54,868 - INFO - Table 4 for PRVU: 11r x 4c
2026-03-25 12:10:54,870 - INFO - Table 5 for PRVU: 13r x 11c
2026-03-25 12:10:59,365 - INFO - Found 5 tables for PURE
2026-03-25 12:10:59,372 - INFO - Table 3 for PURE: 11r x 4c
2026-03-25 12:10:59,373 - INFO - Table 4 for PURE: 15r x 4c
2026-03-25 12:10:59,374 - INFO - Table 5 for PURE: 13r x 6c
2026-03-25 12:11:03,806 - INFO - Found 5 tables for RADHI
2026-03-25 12:11:03,813 - INFO - Table 3 for RADHI: 11r x 4c
2026-03-25 12:11:03,814 - INFO - Table 4 for RADHI: 15r x 4c
2026-03-25 12:11:03,815 - INFO - Table 5 for RADHI: 13r x 11c
2026-03-25 12:11:08,273 - INFO - Found 5 tables for RAWA
2026-03-25 12:11:08,280 - INFO - Table 3 for RAWA: 11r x 4c
2026-03-25 12:11:08,281 - INFO - Table 4 for RAWA: 15r x 4c
2026-03-25 12:11:08,283 - INFO - Table 5 for RAWA: 13r x 11c
2026-03-25 12:11:12,756 - INFO - Found 5 tables for RBCL
2026-03-25 12:11:12,764 - INFO - Table 3 for RBCL: 11r x 4c
2026-03-25 12:11:12,765 - INFO - Table 4 for RBCL: 11r x 4c
2026-03-25 12:11:12,766 - INFO - Table 5 for RBCL: 13r x 11c
2026-03-25 12:11:17,213 - INFO - Found 5 tables for RFPL
2026-03-25 12:11:17,221 - INFO - Table 3 for RFPL: 11r x 4c
2026-03-25 12:11:17,221 - INFO - Table 4 for RFPL: 15r x 4c
2026-03-25 12:11:17,223 - INFO - Table 5 for RFPL: 13r x 10c
2026-03-25 12:11:21,737 - INFO - Found 5 tables for RHGCL
2026-03-25 12:11:21,745 - INFO - Table 3 for RHGCL: 11r x 4c
2026-03-25 12:11:21,746 - INFO - Table 4 for RHGCL: 15r x 4c
2026-03-25 12:11:21,747 - INFO - Table 5 for RHGCL: 13r x 11c
2026-03-25 12:11:26,145 - INFO - Found 5 tables for RHPL
2026-03-25 12:11:26,153 - INFO - Table 3 for RHPL: 11r x 4c
2026-03-25 12:11:26,154 - INFO - Table 4 for RHPL: 15r x 4c
2026-03-25 12:11:26,155 - INFO - Table 5 for RHPL: 13r x 11c
2026-03-25 12:11:30,602 - INFO - Found 5 tables for RIDI
2026-03-25 12:11:30,609 - INFO - Table 3 for RIDI: 11r x 4c
2026-03-25 12:11:30,610 - INFO - Table 4 for RIDI: 15r x 4c
2026-03-25 12:11:30,612 - INFO - Table 5 for RIDI: 13r x 11c
2026-03-25 12:11:35,062 - INFO - Found 5 tables for RLFL
2026-03-25 12:11:35,070 - INFO - Table 3 for RLFL: 11r x 4c
2026-03-25 12:11:35,071 - INFO - Table 4 for RLFL: 11r x 4c
2026-03-25 12:11:35,072 - INFO - Table 5 for RLFL: 13r x 11c
2026-03-25 12:11:39,533 - INFO - Found 5 tables for RNLI
2026-03-25 12:11:39,541 - INFO - Table 3 for RNLI: 11r x 4c
2026-03-25 12:11:39,541 - INFO - Table 4 for RNLI: 11r x 4c
2026-03-25 12:11:39,543 - INFO - Table 5 for RNLI: 13r x 11c
2026-03-25 12:11:44,096 - INFO - Found 5 tables for RSDC
2026-03-25 12:11:44,103 - INFO - Table 3 for RSDC: 11r x 4c
2026-03-25 12:11:44,104 - INFO - Table 4 for RSDC: 11r x 4c
2026-03-25 12:11:44,106 - INFO - Table 5 for RSDC: 13r x 11c
2026-03-25 12:11:48,560 - INFO - Found 5 tables for RURU
2026-03-25 12:11:48,567 - INFO - Table 3 for RURU: 11r x 4c
2026-03-25 12:11:48,568 - INFO - Table 4 for RURU: 15r x 4c
2026-03-25 12:11:48,569 - INFO - Table 5 for RURU: 13r x 11c
2026-03-25 12:11:52,999 - INFO - Found 5 tables for SADBL
2026-03-25 12:11:53,006 - INFO - Table 3 for SADBL: 11r x 4c
2026-03-25 12:11:53,007 - INFO - Table 4 for SADBL: 11r x 4c
2026-03-25 12:11:53,008 - INFO - Table 5 for SADBL: 13r x 11c
2026-03-25 12:11:57,454 - INFO - Found 5 tables for SAHAS
2026-03-25 12:11:57,461 - INFO - Table 3 for SAHAS: 11r x 4c
2026-03-25 12:11:57,462 - INFO - Table 4 for SAHAS: 15r x 4c
2026-03-25 12:11:57,464 - INFO - Table 5 for SAHAS: 13r x 11c
2026-03-25 12:12:01,956 - INFO - Found 5 tables for SALICO
2026-03-25 12:12:01,964 - INFO - Table 3 for SALICO: 11r x 4c
2026-03-25 12:12:01,965 - INFO - Table 4 for SALICO: 11r x 4c
2026-03-25 12:12:01,966 - INFO - Table 5 for SALICO: 13r x 11c
2026-03-25 12:12:06,417 - INFO - Found 5 tables for SAMAJ
2026-03-25 12:12:06,424 - INFO - Table 3 for SAMAJ: 11r x 4c
2026-03-25 12:12:06,425 - INFO - Table 4 for SAMAJ: 11r x 4c
2026-03-25 12:12:06,426 - INFO - Table 5 for SAMAJ: 13r x 9c
2026-03-25 12:12:10,868 - INFO - Found 5 tables for SANIMA
2026-03-25 12:12:10,875 - INFO - Table 3 for SANIMA: 11r x 4c
2026-03-25 12:12:10,876 - INFO - Table 4 for SANIMA: 11r x 4c
2026-03-25 12:12:10,878 - INFO - Table 5 for SANIMA: 13r x 11c
2026-03-25 12:12:15,683 - INFO - Found 5 tables for SANVI
2026-03-25 12:12:15,690 - INFO - Table 3 for SANVI: 11r x 4c
2026-03-25 12:12:15,691 - INFO - Table 4 for SANVI: 15r x 4c
2026-03-25 12:12:15,692 - INFO - Table 5 for SANVI: 13r x 5c
2026-03-25 12:12:20,931 - INFO - Found 5 tables for SAPDBL
2026-03-25 12:12:20,938 - INFO - Table 3 for SAPDBL: 11r x 4c
2026-03-25 12:12:20,939 - INFO - Table 4 for SAPDBL: 11r x 4c
2026-03-25 12:12:20,941 - INFO - Table 5 for SAPDBL: 13r x 11c
2026-03-25 12:12:25,389 - INFO - Found 5 tables for SARBTM
2026-03-25 12:12:25,396 - INFO - Table 3 for SARBTM: 11r x 4c
2026-03-25 12:12:25,397 - INFO - Table 4 for SARBTM: 11r x 4c
2026-03-25 12:12:25,399 - INFO - Table 5 for SARBTM: 13r x 11c
2026-03-25 12:12:29,836 - INFO - Found 5 tables for SBI
2026-03-25 12:12:29,843 - INFO - Table 3 for SBI: 11r x 4c
2026-03-25 12:12:29,844 - INFO - Table 4 for SBI: 11r x 4c
2026-03-25 12:12:29,846 - INFO - Table 5 for SBI: 13r x 11c
2026-03-25 12:12:34,290 - INFO - Found 5 tables for SBL
2026-03-25 12:12:34,297 - INFO - Table 3 for SBL: 11r x 4c
2026-03-25 12:12:34,298 - INFO - Table 4 for SBL: 11r x 4c
2026-03-25 12:12:34,300 - INFO - Table 5 for SBL: 13r x 11c
2026-03-25 12:12:38,734 - INFO - Found 5 tables for SCB
2026-03-25 12:12:38,741 - INFO - Table 3 for SCB: 11r x 4c
2026-03-25 12:12:38,742 - INFO - Table 4 for SCB: 11r x 4c
2026-03-25 12:12:38,744 - INFO - Table 5 for SCB: 13r x 11c
2026-03-25 12:12:43,765 - INFO - Found 5 tables for SFCL
2026-03-25 12:12:43,773 - INFO - Table 3 for SFCL: 11r x 4c
2026-03-25 12:12:43,774 - INFO - Table 4 for SFCL: 11r x 4c
2026-03-25 12:12:43,775 - INFO - Table 5 for SFCL: 13r x 11c
2026-03-25 12:12:48,278 - INFO - Found 5 tables for SGHC
2026-03-25 12:12:48,285 - INFO - Table 3 for SGHC: 11r x 4c
2026-03-25 12:12:48,286 - INFO - Table 4 for SGHC: 15r x 4c
2026-03-25 12:12:48,288 - INFO - Table 5 for SGHC: 13r x 11c
2026-03-25 12:12:52,735 - INFO - Found 5 tables for SGIC
2026-03-25 12:12:52,743 - INFO - Table 3 for SGIC: 11r x 4c
2026-03-25 12:12:52,744 - INFO - Table 4 for SGIC: 11r x 4c
2026-03-25 12:12:52,745 - INFO - Table 5 for SGIC: 13r x 11c
2026-03-25 12:12:57,511 - INFO - Found 5 tables for SHEL
2026-03-25 12:12:57,518 - INFO - Table 3 for SHEL: 11r x 4c
2026-03-25 12:12:57,519 - INFO - Table 4 for SHEL: 15r x 4c
2026-03-25 12:12:57,521 - INFO - Table 5 for SHEL: 13r x 11c
2026-03-25 12:13:01,930 - INFO - Found 5 tables for SHINE
2026-03-25 12:13:01,937 - INFO - Table 3 for SHINE: 11r x 4c
2026-03-25 12:13:01,938 - INFO - Table 4 for SHINE: 11r x 4c
2026-03-25 12:13:01,939 - INFO - Table 5 for SHINE: 13r x 11c
2026-03-25 12:13:06,648 - INFO - Found 5 tables for SHIVM
2026-03-25 12:13:06,656 - INFO - Table 3 for SHIVM: 11r x 4c
2026-03-25 12:13:06,657 - INFO - Table 4 for SHIVM: 11r x 4c
2026-03-25 12:13:06,658 - INFO - Table 5 for SHIVM: 13r x 11c
2026-03-25 12:13:12,060 - INFO - Found 5 tables for SHL
2026-03-25 12:13:12,067 - INFO - Table 3 for SHL: 11r x 4c
2026-03-25 12:13:12,068 - INFO - Table 4 for SHL: 11r x 4c
2026-03-25 12:13:12,070 - INFO - Table 5 for SHL: 13r x 11c
2026-03-25 12:13:16,847 - INFO - Found 5 tables for SHLB
2026-03-25 12:13:16,854 - INFO - Table 3 for SHLB: 11r x 4c
2026-03-25 12:13:16,855 - INFO - Table 4 for SHLB: 11r x 4c
2026-03-25 12:13:16,856 - INFO - Table 5 for SHLB: 13r x 11c
2026-03-25 12:13:21,289 - INFO - Found 5 tables for SHPC
2026-03-25 12:13:21,296 - INFO - Table 3 for SHPC: 11r x 4c
2026-03-25 12:13:21,297 - INFO - Table 4 for SHPC: 15r x 4c
2026-03-25 12:13:21,299 - INFO - Table 5 for SHPC: 13r x 11c
2026-03-25 12:13:26,055 - INFO - Found 5 tables for SICL
2026-03-25 12:13:26,062 - INFO - Table 3 for SICL: 11r x 4c
2026-03-25 12:13:26,063 - INFO - Table 4 for SICL: 11r x 4c
2026-03-25 12:13:26,064 - INFO - Table 5 for SICL: 13r x 11c
2026-03-25 12:13:30,545 - INFO - Found 5 tables for SIFC
2026-03-25 12:13:30,552 - INFO - Table 3 for SIFC: 11r x 4c
2026-03-25 12:13:30,553 - INFO - Table 4 for SIFC: 11r x 4c
2026-03-25 12:13:30,555 - INFO - Table 5 for SIFC: 13r x 11c
2026-03-25 12:13:35,079 - INFO - Found 5 tables for SIKLES
2026-03-25 12:13:35,087 - INFO - Table 3 for SIKLES: 11r x 4c
2026-03-25 12:13:35,088 - INFO - Table 4 for SIKLES: 15r x 4c
2026-03-25 12:13:35,089 - INFO - Table 5 for SIKLES: 13r x 11c
2026-03-25 12:13:39,564 - INFO - Found 5 tables for SINDU
2026-03-25 12:13:39,571 - INFO - Table 3 for SINDU: 11r x 4c
2026-03-25 12:13:39,572 - INFO - Table 4 for SINDU: 11r x 4c
2026-03-25 12:13:39,574 - INFO - Table 5 for SINDU: 13r x 11c
2026-03-25 12:13:44,000 - INFO - Found 5 tables for SJCL
2026-03-25 12:13:44,008 - INFO - Table 3 for SJCL: 11r x 4c
2026-03-25 12:13:44,009 - INFO - Table 4 for SJCL: 15r x 4c
2026-03-25 12:13:44,010 - INFO - Table 5 for SJCL: 13r x 11c
2026-03-25 12:13:48,446 - INFO - Found 5 tables for SJLIC
2026-03-25 12:13:48,453 - INFO - Table 3 for SJLIC: 11r x 4c
2026-03-25 12:13:48,454 - INFO - Table 4 for SJLIC: 11r x 4c
2026-03-25 12:13:48,455 - INFO - Table 5 for SJLIC: 13r x 11c
2026-03-25 12:13:52,913 - INFO - Found 5 tables for SKBBL
2026-03-25 12:13:52,920 - INFO - Table 3 for SKBBL: 11r x 4c
2026-03-25 12:13:52,921 - INFO - Table 4 for SKBBL: 11r x 4c
2026-03-25 12:13:52,923 - INFO - Table 5 for SKBBL: 13r x 11c
2026-03-25 12:13:57,391 - INFO - Found 5 tables for SLBBL
2026-03-25 12:13:57,399 - INFO - Table 3 for SLBBL: 11r x 4c
2026-03-25 12:13:57,400 - INFO - Table 4 for SLBBL: 11r x 4c
2026-03-25 12:13:57,401 - INFO - Table 5 for SLBBL: 13r x 11c
2026-03-25 12:14:01,807 - INFO - Found 5 tables for SLBSL
2026-03-25 12:14:01,814 - INFO - Table 3 for SLBSL: 11r x 4c
2026-03-25 12:14:01,815 - INFO - Table 4 for SLBSL: 11r x 4c
2026-03-25 12:14:01,817 - INFO - Table 5 for SLBSL: 13r x 11c
2026-03-25 12:14:06,260 - INFO - Found 5 tables for SMATA
2026-03-25 12:14:06,268 - INFO - Table 3 for SMATA: 11r x 4c
2026-03-25 12:14:06,269 - INFO - Table 4 for SMATA: 11r x 4c
2026-03-25 12:14:06,270 - INFO - Table 5 for SMATA: 13r x 11c
2026-03-25 12:14:10,662 - INFO - Found 5 tables for SMB
2026-03-25 12:14:10,669 - INFO - Table 3 for SMB: 11r x 4c
2026-03-25 12:14:10,670 - INFO - Table 4 for SMB: 11r x 4c
2026-03-25 12:14:10,672 - INFO - Table 5 for SMB: 13r x 11c
2026-03-25 12:14:15,184 - INFO - Found 5 tables for SMFBS
2026-03-25 12:14:15,192 - INFO - Table 3 for SMFBS: 11r x 4c
2026-03-25 12:14:15,193 - INFO - Table 4 for SMFBS: 11r x 4c
2026-03-25 12:14:15,195 - INFO - Table 5 for SMFBS: 13r x 11c
2026-03-25 12:14:19,600 - INFO - Found 5 tables for SMH
2026-03-25 12:14:19,608 - INFO - Table 3 for SMH: 11r x 4c
2026-03-25 12:14:19,609 - INFO - Table 4 for SMH: 15r x 4c
2026-03-25 12:14:19,610 - INFO - Table 5 for SMH: 13r x 11c
2026-03-25 12:14:24,016 - INFO - Found 5 tables for SMHL
2026-03-25 12:14:24,023 - INFO - Table 3 for SMHL: 11r x 4c
2026-03-25 12:14:24,024 - INFO - Table 4 for SMHL: 15r x 4c
2026-03-25 12:14:24,026 - INFO - Table 5 for SMHL: 13r x 11c
2026-03-25 12:14:28,498 - INFO - Found 5 tables for SMJC
2026-03-25 12:14:28,506 - INFO - Table 3 for SMJC: 11r x 4c
2026-03-25 12:14:28,507 - INFO - Table 4 for SMJC: 15r x 4c
2026-03-25 12:14:28,508 - INFO - Table 5 for SMJC: 13r x 11c
2026-03-25 12:14:32,938 - INFO - Found 5 tables for SMPDA
2026-03-25 12:14:32,945 - INFO - Table 3 for SMPDA: 11r x 4c
2026-03-25 12:14:32,946 - INFO - Table 4 for SMPDA: 11r x 4c
2026-03-25 12:14:32,948 - INFO - Table 5 for SMPDA: 13r x 10c
2026-03-25 12:14:37,431 - INFO - Found 5 tables for SNLI
2026-03-25 12:14:37,438 - INFO - Table 3 for SNLI: 11r x 4c
2026-03-25 12:14:37,439 - INFO - Table 4 for SNLI: 11r x 4c
2026-03-25 12:14:37,440 - INFO - Table 5 for SNLI: 13r x 11c
2026-03-25 12:14:41,876 - INFO - Found 5 tables for SONA
2026-03-25 12:14:41,883 - INFO - Table 3 for SONA: 11r x 4c
2026-03-25 12:14:41,884 - INFO - Table 4 for SONA: 11r x 4c
2026-03-25 12:14:41,886 - INFO - Table 5 for SONA: 13r x 11c
2026-03-25 12:14:46,325 - INFO - Found 5 tables for SPC
2026-03-25 12:14:46,332 - INFO - Table 3 for SPC: 11r x 4c
2026-03-25 12:14:46,333 - INFO - Table 4 for SPC: 15r x 4c
2026-03-25 12:14:46,335 - INFO - Table 5 for SPC: 13r x 11c
2026-03-25 12:14:51,337 - INFO - Found 5 tables for SPDL
2026-03-25 12:14:51,345 - INFO - Table 3 for SPDL: 11r x 4c
2026-03-25 12:14:51,346 - INFO - Table 4 for SPDL: 15r x 4c
2026-03-25 12:14:51,347 - INFO - Table 5 for SPDL: 13r x 11c
2026-03-25 12:14:55,791 - INFO - Found 5 tables for SPHL
2026-03-25 12:14:55,798 - INFO - Table 3 for SPHL: 11r x 4c
2026-03-25 12:14:55,799 - INFO - Table 4 for SPHL: 15r x 4c
2026-03-25 12:14:55,801 - INFO - Table 5 for SPHL: 13r x 11c
2026-03-25 12:15:00,339 - INFO - Found 5 tables for SPIL
2026-03-25 12:15:00,346 - INFO - Table 3 for SPIL: 11r x 4c
2026-03-25 12:15:00,347 - INFO - Table 4 for SPIL: 11r x 4c
2026-03-25 12:15:00,349 - INFO - Table 5 for SPIL: 13r x 11c
2026-03-25 12:15:04,942 - INFO - Found 5 tables for SPL
2026-03-25 12:15:04,949 - INFO - Table 3 for SPL: 11r x 4c
2026-03-25 12:15:04,950 - INFO - Table 4 for SPL: 15r x 4c
2026-03-25 12:15:04,951 - INFO - Table 5 for SPL: 13r x 11c
2026-03-25 12:15:09,370 - INFO - Found 5 tables for SRLI
2026-03-25 12:15:09,377 - INFO - Table 3 for SRLI: 11r x 4c
2026-03-25 12:15:09,379 - INFO - Table 4 for SRLI: 11r x 4c
2026-03-25 12:15:09,380 - INFO - Table 5 for SRLI: 13r x 11c
2026-03-25 12:15:13,822 - INFO - Found 5 tables for SSHL
2026-03-25 12:15:13,829 - INFO - Table 3 for SSHL: 11r x 4c
2026-03-25 12:15:13,830 - INFO - Table 4 for SSHL: 15r x 4c
2026-03-25 12:15:13,832 - INFO - Table 5 for SSHL: 13r x 10c
2026-03-25 12:15:18,318 - INFO - Found 5 tables for STC
2026-03-25 12:15:18,326 - INFO - Table 3 for STC: 11r x 4c
2026-03-25 12:15:18,327 - INFO - Table 4 for STC: 11r x 4c
2026-03-25 12:15:18,328 - INFO - Table 5 for STC: 13r x 11c
2026-03-25 12:15:22,781 - INFO - Found 5 tables for SWBBL
2026-03-25 12:15:22,788 - INFO - Table 3 for SWBBL: 11r x 4c
2026-03-25 12:15:22,789 - INFO - Table 4 for SWBBL: 11r x 4c
2026-03-25 12:15:22,791 - INFO - Table 5 for SWBBL: 13r x 11c
2026-03-25 12:15:27,210 - INFO - Found 5 tables for SWMF
2026-03-25 12:15:27,218 - INFO - Table 3 for SWMF: 11r x 4c
2026-03-25 12:15:27,219 - INFO - Table 4 for SWMF: 11r x 4c
2026-03-25 12:15:27,221 - INFO - Table 5 for SWMF: 13r x 11c
2026-03-25 12:15:31,612 - INFO - Found 5 tables for TAMOR
2026-03-25 12:15:31,619 - INFO - Table 3 for TAMOR: 11r x 4c
2026-03-25 12:15:31,620 - INFO - Table 4 for TAMOR: 15r x 4c
2026-03-25 12:15:31,621 - INFO - Table 5 for TAMOR: 13r x 11c
2026-03-25 12:15:45,674 - INFO - Found 5 tables for TPC
2026-03-25 12:15:45,682 - INFO - Table 3 for TPC: 11r x 4c
2026-03-25 12:15:45,683 - INFO - Table 4 for TPC: 15r x 4c
2026-03-25 12:15:45,684 - INFO - Table 5 for TPC: 13r x 11c
2026-03-25 12:15:50,251 - INFO - Found 5 tables for TRH
2026-03-25 12:15:50,258 - INFO - Table 3 for TRH: 11r x 4c
2026-03-25 12:15:50,259 - INFO - Table 4 for TRH: 11r x 4c
2026-03-25 12:15:50,260 - INFO - Table 5 for TRH: 13r x 11c
2026-03-25 12:15:54,718 - INFO - Found 5 tables for TSHL
2026-03-25 12:15:54,725 - INFO - Table 3 for TSHL: 11r x 4c
2026-03-25 12:15:54,726 - INFO - Table 4 for TSHL: 15r x 4c
2026-03-25 12:15:54,728 - INFO - Table 5 for TSHL: 13r x 11c
2026-03-25 12:15:59,207 - INFO - Found 5 tables for TTL
2026-03-25 12:15:59,214 - INFO - Table 3 for TTL: 11r x 4c
2026-03-25 12:15:59,215 - INFO - Table 4 for TTL: 11r x 4c
2026-03-25 12:15:59,216 - INFO - Table 5 for TTL: 13r x 6c
2026-03-25 12:16:03,710 - INFO - Found 5 tables for TVCL
2026-03-25 12:16:03,717 - INFO - Table 3 for TVCL: 11r x 4c
2026-03-25 12:16:03,718 - INFO - Table 4 for TVCL: 15r x 4c
2026-03-25 12:16:03,719 - INFO - Table 5 for TVCL: 13r x 11c
2026-03-25 12:16:08,173 - INFO - Found 5 tables for UAIL
2026-03-25 12:16:08,180 - INFO - Table 3 for UAIL: 11r x 4c
2026-03-25 12:16:08,181 - INFO - Table 4 for UAIL: 11r x 4c
2026-03-25 12:16:08,183 - INFO - Table 5 for UAIL: 13r x 11c
2026-03-25 12:16:13,359 - INFO - Found 5 tables for UHEWA
2026-03-25 12:16:13,366 - INFO - Table 3 for UHEWA: 11r x 4c
2026-03-25 12:16:13,367 - INFO - Table 4 for UHEWA: 15r x 4c
2026-03-25 12:16:13,369 - INFO - Table 5 for UHEWA: 13r x 11c
2026-03-25 12:16:17,879 - INFO - Found 5 tables for ULBSL
2026-03-25 12:16:17,886 - INFO - Table 3 for ULBSL: 11r x 4c
2026-03-25 12:16:17,887 - INFO - Table 4 for ULBSL: 11r x 4c
2026-03-25 12:16:17,889 - INFO - Table 5 for ULBSL: 13r x 11c
2026-03-25 12:16:22,346 - INFO - Found 5 tables for ULHC
2026-03-25 12:16:22,353 - INFO - Table 3 for ULHC: 11r x 4c
2026-03-25 12:16:22,354 - INFO - Table 4 for ULHC: 15r x 4c
2026-03-25 12:16:22,355 - INFO - Table 5 for ULHC: 13r x 6c
2026-03-25 12:16:26,858 - INFO - Found 5 tables for UMHL
2026-03-25 12:16:26,865 - INFO - Table 3 for UMHL: 11r x 4c
2026-03-25 12:16:26,866 - INFO - Table 4 for UMHL: 15r x 4c
2026-03-25 12:16:26,868 - INFO - Table 5 for UMHL: 13r x 11c
2026-03-25 12:16:31,411 - INFO - Found 5 tables for UMRH
2026-03-25 12:16:31,418 - INFO - Table 3 for UMRH: 11r x 4c
2026-03-25 12:16:31,419 - INFO - Table 4 for UMRH: 15r x 4c
2026-03-25 12:16:31,421 - INFO - Table 5 for UMRH: 13r x 11c
2026-03-25 12:16:35,956 - INFO - Found 5 tables for UNHPL
2026-03-25 12:16:35,964 - INFO - Table 3 for UNHPL: 11r x 4c
2026-03-25 12:16:35,965 - INFO - Table 4 for UNHPL: 15r x 4c
2026-03-25 12:16:35,966 - INFO - Table 5 for UNHPL: 13r x 11c
2026-03-25 12:16:40,424 - INFO - Found 5 tables for UNL
2026-03-25 12:16:40,432 - INFO - Table 3 for UNL: 11r x 4c
2026-03-25 12:16:40,432 - INFO - Table 4 for UNL: 11r x 4c
2026-03-25 12:16:40,434 - INFO - Table 5 for UNL: 13r x 11c
2026-03-25 12:16:44,924 - INFO - Found 5 tables for UNLB
2026-03-25 12:16:44,932 - INFO - Table 3 for UNLB: 11r x 4c
2026-03-25 12:16:44,933 - INFO - Table 4 for UNLB: 11r x 4c
2026-03-25 12:16:44,934 - INFO - Table 5 for UNLB: 13r x 11c
2026-03-25 12:16:49,426 - INFO - Found 5 tables for UPCL
2026-03-25 12:16:49,433 - INFO - Table 3 for UPCL: 11r x 4c
2026-03-25 12:16:49,434 - INFO - Table 4 for UPCL: 15r x 4c
2026-03-25 12:16:49,436 - INFO - Table 5 for UPCL: 13r x 11c
2026-03-25 12:16:53,890 - INFO - Found 5 tables for UPPER
2026-03-25 12:16:53,898 - INFO - Table 3 for UPPER: 11r x 4c
2026-03-25 12:16:53,899 - INFO - Table 4 for UPPER: 15r x 4c
2026-03-25 12:16:53,900 - INFO - Table 5 for UPPER: 13r x 11c
2026-03-25 12:16:58,358 - INFO - Found 5 tables for USHEC
2026-03-25 12:16:58,366 - INFO - Table 3 for USHEC: 11r x 4c
2026-03-25 12:16:58,367 - INFO - Table 4 for USHEC: 15r x 4c
2026-03-25 12:16:58,368 - INFO - Table 5 for USHEC: 13r x 11c
2026-03-25 12:17:02,837 - INFO - Found 5 tables for USHL
2026-03-25 12:17:02,844 - INFO - Table 3 for USHL: 11r x 4c
2026-03-25 12:17:02,846 - INFO - Table 4 for USHL: 15r x 4c
2026-03-25 12:17:02,847 - INFO - Table 5 for USHL: 13r x 11c
2026-03-25 12:17:07,430 - INFO - Found 5 tables for USLB
2026-03-25 12:17:07,438 - INFO - Table 3 for USLB: 11r x 4c
2026-03-25 12:17:07,439 - INFO - Table 4 for USLB: 11r x 4c
2026-03-25 12:17:07,440 - INFO - Table 5 for USLB: 13r x 11c
2026-03-25 12:17:11,936 - INFO - Found 5 tables for VLBS
2026-03-25 12:17:11,943 - INFO - Table 3 for VLBS: 11r x 4c
2026-03-25 12:17:11,944 - INFO - Table 4 for VLBS: 11r x 4c
2026-03-25 12:17:11,946 - INFO - Table 5 for VLBS: 13r x 11c
2026-03-25 12:17:16,451 - INFO - Found 5 tables for VLUCL
2026-03-25 12:17:16,459 - INFO - Table 3 for VLUCL: 11r x 4c
2026-03-25 12:17:16,460 - INFO - Table 4 for VLUCL: 15r x 4c
2026-03-25 12:17:16,461 - INFO - Table 5 for VLUCL: 13r x 11c
2026-03-25 12:17:20,969 - INFO - Found 5 tables for WNLB
2026-03-25 12:17:20,977 - INFO - Table 3 for WNLB: 11r x 4c
2026-03-25 12:17:20,978 - INFO - Table 4 for WNLB: 11r x 4c
2026-03-25 12:17:20,979 - INFO - Table 5 for WNLB: 13r x 11c
2026-03-25 12:17:24,659 - INFO - CSV saved: Link_Attributes.csv
2026-03-25 12:17:24,717 - INFO - CSV saved: Link_Additional.csv
2026-03-25 12:17:26,180 - INFO - Dashboard saved: index.html
2026-03-26 12:00:03,436 - INFO - Found 251 URLs
2026-03-26 12:00:08,751 - INFO - Found 5 tables for ACLBSL
2026-03-26 12:00:08,762 - INFO - Table 3 for ACLBSL: 11r x 4c
2026-03-26 12:00:08,763 - INFO - Table 4 for ACLBSL: 11r x 4c
2026-03-26 12:00:08,765 - INFO - Table 5 for ACLBSL: 13r x 11c
2026-03-26 12:00:13,954 - INFO - Found 5 tables for ADBL
2026-03-26 12:00:13,964 - INFO - Table 3 for ADBL: 11r x 4c
2026-03-26 12:00:13,965 - INFO - Table 4 for ADBL: 11r x 4c
2026-03-26 12:00:13,967 - INFO - Table 5 for ADBL: 13r x 11c
2026-03-26 12:00:19,133 - INFO - Found 5 tables for AHL
2026-03-26 12:00:19,144 - INFO - Table 3 for AHL: 11r x 4c
2026-03-26 12:00:19,145 - INFO - Table 4 for AHL: 15r x 4c
2026-03-26 12:00:19,146 - INFO - Table 5 for AHL: 13r x 11c
2026-03-26 12:00:23,645 - INFO - Found 5 tables for AHPC
2026-03-26 12:00:23,655 - INFO - Table 3 for AHPC: 11r x 4c
2026-03-26 12:00:23,656 - INFO - Table 4 for AHPC: 15r x 4c
2026-03-26 12:00:23,658 - INFO - Table 5 for AHPC: 13r x 11c
2026-03-26 12:00:27,989 - INFO - Found 5 tables for AKJCL
2026-03-26 12:00:28,000 - INFO - Table 3 for AKJCL: 11r x 4c
2026-03-26 12:00:28,001 - INFO - Table 4 for AKJCL: 15r x 4c
2026-03-26 12:00:28,002 - INFO - Table 5 for AKJCL: 13r x 11c
2026-03-26 12:00:32,476 - INFO - Found 5 tables for AKPL
2026-03-26 12:00:32,486 - INFO - Table 3 for AKPL: 11r x 4c
2026-03-26 12:00:32,487 - INFO - Table 4 for AKPL: 15r x 4c
2026-03-26 12:00:32,488 - INFO - Table 5 for AKPL: 13r x 11c
2026-03-26 12:00:36,914 - INFO - Found 5 tables for ALBSL
2026-03-26 12:00:36,925 - INFO - Table 3 for ALBSL: 11r x 4c
2026-03-26 12:00:36,926 - INFO - Table 4 for ALBSL: 11r x 4c
2026-03-26 12:00:36,927 - INFO - Table 5 for ALBSL: 13r x 11c
2026-03-26 12:00:42,117 - INFO - Found 5 tables for ALICL
2026-03-26 12:00:42,128 - INFO - Table 3 for ALICL: 11r x 4c
2026-03-26 12:00:42,129 - INFO - Table 4 for ALICL: 11r x 4c
2026-03-26 12:00:42,130 - INFO - Table 5 for ALICL: 13r x 11c
2026-03-26 12:00:46,495 - INFO - Found 5 tables for ANLB
2026-03-26 12:00:46,506 - INFO - Table 3 for ANLB: 11r x 4c
2026-03-26 12:00:46,507 - INFO - Table 4 for ANLB: 11r x 4c
2026-03-26 12:00:46,508 - INFO - Table 5 for ANLB: 13r x 11c
2026-03-26 12:00:51,025 - INFO - Found 5 tables for API
2026-03-26 12:00:51,035 - INFO - Table 3 for API: 11r x 4c
2026-03-26 12:00:51,036 - INFO - Table 4 for API: 15r x 4c
2026-03-26 12:00:51,038 - INFO - Table 5 for API: 13r x 11c
2026-03-26 12:00:56,123 - INFO - Found 5 tables for AVYAN
2026-03-26 12:00:56,134 - INFO - Table 3 for AVYAN: 11r x 4c
2026-03-26 12:00:56,135 - INFO - Table 4 for AVYAN: 11r x 4c
2026-03-26 12:00:56,136 - INFO - Table 5 for AVYAN: 13r x 11c
2026-03-26 12:01:00,244 - INFO - Found 5 tables for BARUN
2026-03-26 12:01:00,254 - INFO - Table 3 for BARUN: 11r x 4c
2026-03-26 12:01:00,256 - INFO - Table 4 for BARUN: 15r x 4c
2026-03-26 12:01:00,257 - INFO - Table 5 for BARUN: 13r x 11c
2026-03-26 12:01:04,646 - INFO - Found 4 tables for BBC
2026-03-26 12:01:04,656 - INFO - Table 3 for BBC: 11r x 4c
2026-03-26 12:01:04,657 - INFO - Table 4 for BBC: 11r x 4c
2026-03-26 12:01:09,183 - INFO - Found 5 tables for BEDC
2026-03-26 12:01:09,193 - INFO - Table 3 for BEDC: 11r x 4c
2026-03-26 12:01:09,194 - INFO - Table 4 for BEDC: 15r x 4c
2026-03-26 12:01:09,196 - INFO - Table 5 for BEDC: 13r x 11c
2026-03-26 12:01:13,401 - INFO - Found 5 tables for BFC
2026-03-26 12:01:13,411 - INFO - Table 3 for BFC: 11r x 4c
2026-03-26 12:01:13,412 - INFO - Table 4 for BFC: 11r x 4c
2026-03-26 12:01:13,414 - INFO - Table 5 for BFC: 13r x 10c
2026-03-26 12:01:17,848 - INFO - Found 5 tables for BGWT
2026-03-26 12:01:17,858 - INFO - Table 3 for BGWT: 11r x 4c
2026-03-26 12:01:17,859 - INFO - Table 4 for BGWT: 15r x 4c
2026-03-26 12:01:17,860 - INFO - Table 5 for BGWT: 13r x 11c
2026-03-26 12:01:22,330 - INFO - Found 5 tables for BHDC
2026-03-26 12:01:22,341 - INFO - Table 3 for BHDC: 11r x 4c
2026-03-26 12:01:22,342 - INFO - Table 4 for BHDC: 15r x 4c
2026-03-26 12:01:22,344 - INFO - Table 5 for BHDC: 13r x 11c
2026-03-26 12:01:26,916 - INFO - Found 5 tables for BHL
2026-03-26 12:01:26,926 - INFO - Table 3 for BHL: 11r x 4c
2026-03-26 12:01:26,927 - INFO - Table 4 for BHL: 15r x 4c
2026-03-26 12:01:26,929 - INFO - Table 5 for BHL: 13r x 11c
2026-03-26 12:01:31,408 - INFO - Found 5 tables for BHPL
2026-03-26 12:01:31,419 - INFO - Table 3 for BHPL: 11r x 4c
2026-03-26 12:01:31,420 - INFO - Table 4 for BHPL: 15r x 4c
2026-03-26 12:01:31,421 - INFO - Table 5 for BHPL: 13r x 11c
2026-03-26 12:01:35,875 - INFO - Found 5 tables for BNHC
2026-03-26 12:01:35,886 - INFO - Table 3 for BNHC: 11r x 4c
2026-03-26 12:01:35,887 - INFO - Table 4 for BNHC: 15r x 4c
2026-03-26 12:01:35,889 - INFO - Table 5 for BNHC: 13r x 11c
2026-03-26 12:01:40,324 - INFO - Found 5 tables for BNL
2026-03-26 12:01:40,335 - INFO - Table 3 for BNL: 11r x 4c
2026-03-26 12:01:40,336 - INFO - Table 4 for BNL: 11r x 4c
2026-03-26 12:01:40,337 - INFO - Table 5 for BNL: 13r x 11c
2026-03-26 12:01:44,766 - INFO - Found 5 tables for BNT
2026-03-26 12:01:44,776 - INFO - Table 3 for BNT: 11r x 4c
2026-03-26 12:01:44,777 - INFO - Table 4 for BNT: 11r x 4c
2026-03-26 12:01:44,846 - INFO - Table 5 for BNT: 13r x 11c
2026-03-26 12:01:49,306 - INFO - Found 5 tables for BPCL
2026-03-26 12:01:49,317 - INFO - Table 3 for BPCL: 11r x 4c
2026-03-26 12:01:49,318 - INFO - Table 4 for BPCL: 15r x 4c
2026-03-26 12:01:49,319 - INFO - Table 5 for BPCL: 13r x 11c
2026-03-26 12:01:53,796 - INFO - Found 5 tables for CBBL
2026-03-26 12:01:53,806 - INFO - Table 3 for CBBL: 11r x 4c
2026-03-26 12:01:53,807 - INFO - Table 4 for CBBL: 11r x 4c
2026-03-26 12:01:53,808 - INFO - Table 5 for CBBL: 13r x 11c
2026-03-26 12:01:58,232 - INFO - Found 5 tables for CFCL
2026-03-26 12:01:58,243 - INFO - Table 3 for CFCL: 11r x 4c
2026-03-26 12:01:58,244 - INFO - Table 4 for CFCL: 11r x 4c
2026-03-26 12:01:58,246 - INFO - Table 5 for CFCL: 13r x 10c
2026-03-26 12:02:02,684 - INFO - Found 5 tables for CGH
2026-03-26 12:02:02,694 - INFO - Table 3 for CGH: 11r x 4c
2026-03-26 12:02:02,695 - INFO - Table 4 for CGH: 11r x 4c
2026-03-26 12:02:02,696 - INFO - Table 5 for CGH: 13r x 11c
2026-03-26 12:02:07,241 - INFO - Found 5 tables for CHCL
2026-03-26 12:02:07,251 - INFO - Table 3 for CHCL: 11r x 4c
2026-03-26 12:02:07,252 - INFO - Table 4 for CHCL: 15r x 4c
2026-03-26 12:02:07,254 - INFO - Table 5 for CHCL: 13r x 11c
2026-03-26 12:02:11,435 - INFO - Found 5 tables for CHDC
2026-03-26 12:02:11,445 - INFO - Table 3 for CHDC: 11r x 4c
2026-03-26 12:02:11,446 - INFO - Table 4 for CHDC: 11r x 4c
2026-03-26 12:02:11,447 - INFO - Table 5 for CHDC: 13r x 11c
2026-03-26 12:02:15,862 - INFO - Found 5 tables for CHL
2026-03-26 12:02:15,872 - INFO - Table 3 for CHL: 11r x 4c
2026-03-26 12:02:15,873 - INFO - Table 4 for CHL: 15r x 4c
2026-03-26 12:02:15,874 - INFO - Table 5 for CHL: 13r x 11c
2026-03-26 12:02:20,309 - INFO - Found 5 tables for CIT
2026-03-26 12:02:20,320 - INFO - Table 3 for CIT: 11r x 4c
2026-03-26 12:02:20,321 - INFO - Table 4 for CIT: 11r x 4c
2026-03-26 12:02:20,323 - INFO - Table 5 for CIT: 13r x 11c
2026-03-26 12:02:33,789 - INFO - Found 5 tables for CITY
2026-03-26 12:02:33,799 - INFO - Table 3 for CITY: 11r x 4c
2026-03-26 12:02:33,800 - INFO - Table 4 for CITY: 11r x 4c
2026-03-26 12:02:33,801 - INFO - Table 5 for CITY: 13r x 11c
2026-03-26 12:02:38,239 - INFO - Found 5 tables for CKHL
2026-03-26 12:02:38,249 - INFO - Table 3 for CKHL: 11r x 4c
2026-03-26 12:02:38,250 - INFO - Table 4 for CKHL: 15r x 4c
2026-03-26 12:02:38,252 - INFO - Table 5 for CKHL: 13r x 11c
2026-03-26 12:02:42,686 - INFO - Found 5 tables for CLI
2026-03-26 12:02:42,696 - INFO - Table 3 for CLI: 11r x 4c
2026-03-26 12:02:42,697 - INFO - Table 4 for CLI: 11r x 4c
2026-03-26 12:02:42,699 - INFO - Table 5 for CLI: 13r x 11c
2026-03-26 12:02:47,131 - INFO - Found 5 tables for CORBL
2026-03-26 12:02:47,141 - INFO - Table 3 for CORBL: 11r x 4c
2026-03-26 12:02:47,142 - INFO - Table 4 for CORBL: 11r x 4c
2026-03-26 12:02:47,144 - INFO - Table 5 for CORBL: 13r x 11c
2026-03-26 12:02:51,613 - INFO - Found 5 tables for CREST
2026-03-26 12:02:51,623 - INFO - Table 3 for CREST: 11r x 4c
2026-03-26 12:02:51,623 - INFO - Table 4 for CREST: 11r x 4c
2026-03-26 12:02:51,625 - INFO - Table 5 for CREST: 13r x 7c
2026-03-26 12:02:55,955 - INFO - Found 5 tables for CYCL
2026-03-26 12:02:55,965 - INFO - Table 3 for CYCL: 11r x 4c
2026-03-26 12:02:55,966 - INFO - Table 4 for CYCL: 11r x 4c
2026-03-26 12:02:55,968 - INFO - Table 5 for CYCL: 13r x 11c
2026-03-26 12:03:00,439 - INFO - Found 5 tables for CZBIL
2026-03-26 12:03:00,449 - INFO - Table 3 for CZBIL: 11r x 4c
2026-03-26 12:03:00,450 - INFO - Table 4 for CZBIL: 11r x 4c
2026-03-26 12:03:00,451 - INFO - Table 5 for CZBIL: 13r x 11c
2026-03-26 12:03:04,894 - INFO - Found 5 tables for DDBL
2026-03-26 12:03:04,904 - INFO - Table 3 for DDBL: 11r x 4c
2026-03-26 12:03:04,905 - INFO - Table 4 for DDBL: 11r x 4c
2026-03-26 12:03:04,907 - INFO - Table 5 for DDBL: 13r x 11c
2026-03-26 12:03:09,406 - INFO - Found 5 tables for DHPL
2026-03-26 12:03:09,416 - INFO - Table 3 for DHPL: 11r x 4c
2026-03-26 12:03:09,417 - INFO - Table 4 for DHPL: 15r x 4c
2026-03-26 12:03:09,419 - INFO - Table 5 for DHPL: 13r x 11c
2026-03-26 12:03:13,900 - INFO - Found 5 tables for DLBS
2026-03-26 12:03:13,910 - INFO - Table 3 for DLBS: 11r x 4c
2026-03-26 12:03:13,911 - INFO - Table 4 for DLBS: 11r x 4c
2026-03-26 12:03:13,912 - INFO - Table 5 for DLBS: 13r x 10c
2026-03-26 12:03:18,323 - INFO - Found 5 tables for DOLTI
2026-03-26 12:03:18,333 - INFO - Table 3 for DOLTI: 11r x 4c
2026-03-26 12:03:18,334 - INFO - Table 4 for DOLTI: 15r x 4c
2026-03-26 12:03:18,336 - INFO - Table 5 for DOLTI: 13r x 11c
2026-03-26 12:03:22,834 - INFO - Found 5 tables for DORDI
2026-03-26 12:03:22,844 - INFO - Table 3 for DORDI: 11r x 4c
2026-03-26 12:03:22,845 - INFO - Table 4 for DORDI: 15r x 4c
2026-03-26 12:03:22,846 - INFO - Table 5 for DORDI: 13r x 11c
2026-03-26 12:03:27,279 - INFO - Found 5 tables for EBL
2026-03-26 12:03:27,289 - INFO - Table 3 for EBL: 11r x 4c
2026-03-26 12:03:27,290 - INFO - Table 4 for EBL: 11r x 4c
2026-03-26 12:03:27,292 - INFO - Table 5 for EBL: 13r x 11c
2026-03-26 12:03:31,726 - INFO - Found 5 tables for EDBL
2026-03-26 12:03:31,736 - INFO - Table 3 for EDBL: 11r x 4c
2026-03-26 12:03:31,737 - INFO - Table 4 for EDBL: 11r x 4c
2026-03-26 12:03:31,738 - INFO - Table 5 for EDBL: 13r x 11c
2026-03-26 12:03:36,163 - INFO - Found 5 tables for EHPL
2026-03-26 12:03:36,173 - INFO - Table 3 for EHPL: 11r x 4c
2026-03-26 12:03:36,174 - INFO - Table 4 for EHPL: 15r x 4c
2026-03-26 12:03:36,175 - INFO - Table 5 for EHPL: 13r x 11c
2026-03-26 12:03:40,597 - INFO - Found 5 tables for ENL
2026-03-26 12:03:40,607 - INFO - Table 3 for ENL: 11r x 4c
2026-03-26 12:03:40,608 - INFO - Table 4 for ENL: 11r x 4c
2026-03-26 12:03:40,610 - INFO - Table 5 for ENL: 13r x 11c
2026-03-26 12:03:45,044 - INFO - Found 5 tables for FMDBL
2026-03-26 12:03:45,054 - INFO - Table 3 for FMDBL: 11r x 4c
2026-03-26 12:03:45,055 - INFO - Table 4 for FMDBL: 11r x 4c
2026-03-26 12:03:45,057 - INFO - Table 5 for FMDBL: 13r x 11c
2026-03-26 12:03:49,588 - INFO - Found 5 tables for FOWAD
2026-03-26 12:03:49,598 - INFO - Table 3 for FOWAD: 11r x 4c
2026-03-26 12:03:49,599 - INFO - Table 4 for FOWAD: 11r x 4c
2026-03-26 12:03:49,600 - INFO - Table 5 for FOWAD: 13r x 11c
2026-03-26 12:03:55,794 - INFO - Found 5 tables for GBBL
2026-03-26 12:03:55,804 - INFO - Table 3 for GBBL: 11r x 4c
2026-03-26 12:03:55,805 - INFO - Table 4 for GBBL: 11r x 4c
2026-03-26 12:03:55,807 - INFO - Table 5 for GBBL: 13r x 11c
2026-03-26 12:04:00,014 - INFO - Found 5 tables for GBIME
2026-03-26 12:04:00,024 - INFO - Table 3 for GBIME: 11r x 4c
2026-03-26 12:04:00,025 - INFO - Table 4 for GBIME: 11r x 4c
2026-03-26 12:04:00,027 - INFO - Table 5 for GBIME: 13r x 11c
2026-03-26 12:04:04,128 - INFO - Found 5 tables for GBLBS
2026-03-26 12:04:04,138 - INFO - Table 3 for GBLBS: 11r x 4c
2026-03-26 12:04:04,139 - INFO - Table 4 for GBLBS: 11r x 4c
2026-03-26 12:04:04,140 - INFO - Table 5 for GBLBS: 13r x 10c
2026-03-26 12:04:08,641 - INFO - Found 5 tables for GCIL
2026-03-26 12:04:08,651 - INFO - Table 3 for GCIL: 11r x 4c
2026-03-26 12:04:08,652 - INFO - Table 4 for GCIL: 11r x 4c
2026-03-26 12:04:08,653 - INFO - Table 5 for GCIL: 13r x 11c
2026-03-26 12:04:13,116 - INFO - Found 5 tables for GFCL
2026-03-26 12:04:13,126 - INFO - Table 3 for GFCL: 11r x 4c
2026-03-26 12:04:13,127 - INFO - Table 4 for GFCL: 11r x 4c
2026-03-26 12:04:13,128 - INFO - Table 5 for GFCL: 13r x 11c
2026-03-26 12:04:17,475 - INFO - Found 5 tables for GHL
2026-03-26 12:04:17,485 - INFO - Table 3 for GHL: 11r x 4c
2026-03-26 12:04:17,486 - INFO - Table 4 for GHL: 15r x 4c
2026-03-26 12:04:17,487 - INFO - Table 5 for GHL: 13r x 11c
2026-03-26 12:04:21,820 - INFO - Found 5 tables for GILB
2026-03-26 12:04:21,830 - INFO - Table 3 for GILB: 11r x 4c
2026-03-26 12:04:21,830 - INFO - Table 4 for GILB: 11r x 4c
2026-03-26 12:04:21,832 - INFO - Table 5 for GILB: 13r x 11c
2026-03-26 12:04:26,304 - INFO - Found 5 tables for GLBSL
2026-03-26 12:04:26,314 - INFO - Table 3 for GLBSL: 11r x 4c
2026-03-26 12:04:26,315 - INFO - Table 4 for GLBSL: 11r x 4c
2026-03-26 12:04:26,317 - INFO - Table 5 for GLBSL: 13r x 11c
2026-03-26 12:04:30,651 - INFO - Found 5 tables for GLH
2026-03-26 12:04:30,661 - INFO - Table 3 for GLH: 11r x 4c
2026-03-26 12:04:30,662 - INFO - Table 4 for GLH: 15r x 4c
2026-03-26 12:04:30,664 - INFO - Table 5 for GLH: 13r x 10c
2026-03-26 12:04:44,005 - INFO - Found 5 tables for GMFBS
2026-03-26 12:04:44,015 - INFO - Table 3 for GMFBS: 11r x 4c
2026-03-26 12:04:44,016 - INFO - Table 4 for GMFBS: 11r x 4c
2026-03-26 12:04:44,018 - INFO - Table 5 for GMFBS: 13r x 11c
2026-03-26 12:04:48,456 - INFO - Found 5 tables for GMFIL
2026-03-26 12:04:48,466 - INFO - Table 3 for GMFIL: 11r x 4c
2026-03-26 12:04:48,467 - INFO - Table 4 for GMFIL: 11r x 4c
2026-03-26 12:04:48,468 - INFO - Table 5 for GMFIL: 13r x 11c
2026-03-26 12:04:52,851 - INFO - Found 5 tables for GMLI
2026-03-26 12:04:52,861 - INFO - Table 3 for GMLI: 11r x 4c
2026-03-26 12:04:52,861 - INFO - Table 4 for GMLI: 11r x 4c
2026-03-26 12:04:52,863 - INFO - Table 5 for GMLI: 13r x 8c
2026-03-26 12:04:57,287 - INFO - Found 5 tables for GRDBL
2026-03-26 12:04:57,298 - INFO - Table 3 for GRDBL: 11r x 4c
2026-03-26 12:04:57,299 - INFO - Table 4 for GRDBL: 11r x 4c
2026-03-26 12:04:57,300 - INFO - Table 5 for GRDBL: 13r x 11c
2026-03-26 12:05:01,635 - INFO - Found 5 tables for GUFL
2026-03-26 12:05:01,645 - INFO - Table 3 for GUFL: 11r x 4c
2026-03-26 12:05:01,646 - INFO - Table 4 for GUFL: 11r x 4c
2026-03-26 12:05:01,647 - INFO - Table 5 for GUFL: 13r x 11c
2026-03-26 12:05:05,969 - INFO - Found 5 tables for GVL
2026-03-26 12:05:05,979 - INFO - Table 3 for GVL: 11r x 4c
2026-03-26 12:05:05,980 - INFO - Table 4 for GVL: 15r x 4c
2026-03-26 12:05:05,982 - INFO - Table 5 for GVL: 13r x 11c
2026-03-26 12:05:10,501 - INFO - Found 5 tables for HATHY
2026-03-26 12:05:10,511 - INFO - Table 3 for HATHY: 11r x 4c
2026-03-26 12:05:10,512 - INFO - Table 4 for HATHY: 11r x 4c
2026-03-26 12:05:10,514 - INFO - Table 5 for HATHY: 13r x 11c
2026-03-26 12:05:14,998 - INFO - Found 5 tables for HBL
2026-03-26 12:05:15,009 - INFO - Table 3 for HBL: 11r x 4c
2026-03-26 12:05:15,010 - INFO - Table 4 for HBL: 11r x 4c
2026-03-26 12:05:15,011 - INFO - Table 5 for HBL: 13r x 11c
2026-03-26 12:05:19,352 - INFO - Found 5 tables for HDHPC
2026-03-26 12:05:19,362 - INFO - Table 3 for HDHPC: 11r x 4c
2026-03-26 12:05:19,363 - INFO - Table 4 for HDHPC: 15r x 4c
2026-03-26 12:05:19,364 - INFO - Table 5 for HDHPC: 13r x 10c
2026-03-26 12:05:23,730 - INFO - Found 5 tables for HDL
2026-03-26 12:05:23,740 - INFO - Table 3 for HDL: 11r x 4c
2026-03-26 12:05:23,741 - INFO - Table 4 for HDL: 11r x 4c
2026-03-26 12:05:23,742 - INFO - Table 5 for HDL: 13r x 11c
2026-03-26 12:05:28,171 - INFO - Found 5 tables for HEI
2026-03-26 12:05:28,181 - INFO - Table 3 for HEI: 11r x 4c
2026-03-26 12:05:28,182 - INFO - Table 4 for HEI: 11r x 4c
2026-03-26 12:05:28,183 - INFO - Table 5 for HEI: 13r x 10c
2026-03-26 12:05:32,620 - INFO - Found 5 tables for HHL
2026-03-26 12:05:32,630 - INFO - Table 3 for HHL: 11r x 4c
2026-03-26 12:05:32,631 - INFO - Table 4 for HHL: 15r x 4c
2026-03-26 12:05:32,633 - INFO - Table 5 for HHL: 13r x 11c
2026-03-26 12:05:37,716 - INFO - Found 5 tables for HIDCL
2026-03-26 12:05:37,726 - INFO - Table 3 for HIDCL: 11r x 4c
2026-03-26 12:05:37,727 - INFO - Table 4 for HIDCL: 11r x 4c
2026-03-26 12:05:37,728 - INFO - Table 5 for HIDCL: 13r x 11c
2026-03-26 12:05:42,073 - INFO - Found 5 tables for HLBSL
2026-03-26 12:05:42,083 - INFO - Table 3 for HLBSL: 11r x 4c
2026-03-26 12:05:42,084 - INFO - Table 4 for HLBSL: 11r x 4c
2026-03-26 12:05:42,086 - INFO - Table 5 for HLBSL: 13r x 11c
2026-03-26 12:05:46,320 - INFO - Found 5 tables for HLI
2026-03-26 12:05:46,330 - INFO - Table 3 for HLI: 11r x 4c
2026-03-26 12:05:46,331 - INFO - Table 4 for HLI: 11r x 4c
2026-03-26 12:05:46,333 - INFO - Table 5 for HLI: 13r x 11c
2026-03-26 12:05:50,762 - INFO - Found 5 tables for HPPL
2026-03-26 12:05:50,772 - INFO - Table 3 for HPPL: 11r x 4c
2026-03-26 12:05:50,774 - INFO - Table 4 for HPPL: 15r x 4c
2026-03-26 12:05:50,775 - INFO - Table 5 for HPPL: 13r x 11c
2026-03-26 12:06:04,455 - INFO - Found 5 tables for HRL
2026-03-26 12:06:04,466 - INFO - Table 3 for HRL: 11r x 4c
2026-03-26 12:06:04,467 - INFO - Table 4 for HRL: 11r x 4c
2026-03-26 12:06:04,468 - INFO - Table 5 for HRL: 13r x 11c
2026-03-26 12:06:08,933 - INFO - Found 5 tables for HURJA
2026-03-26 12:06:08,944 - INFO - Table 3 for HURJA: 11r x 4c
2026-03-26 12:06:08,945 - INFO - Table 4 for HURJA: 15r x 4c
2026-03-26 12:06:08,946 - INFO - Table 5 for HURJA: 13r x 11c
2026-03-26 12:06:13,370 - INFO - Found 5 tables for ICFC
2026-03-26 12:06:13,381 - INFO - Table 3 for ICFC: 11r x 4c
2026-03-26 12:06:13,382 - INFO - Table 4 for ICFC: 11r x 4c
2026-03-26 12:06:13,383 - INFO - Table 5 for ICFC: 13r x 11c
2026-03-26 12:06:17,896 - INFO - Found 5 tables for IGI
2026-03-26 12:06:17,907 - INFO - Table 3 for IGI: 11r x 4c
2026-03-26 12:06:17,908 - INFO - Table 4 for IGI: 11r x 4c
2026-03-26 12:06:17,910 - INFO - Table 5 for IGI: 13r x 11c
2026-03-26 12:06:22,055 - INFO - Found 5 tables for IHL
2026-03-26 12:06:22,067 - INFO - Table 3 for IHL: 11r x 4c
2026-03-26 12:06:22,068 - INFO - Table 4 for IHL: 15r x 4c
2026-03-26 12:06:22,070 - INFO - Table 5 for IHL: 13r x 11c
2026-03-26 12:06:26,491 - INFO - Found 5 tables for ILBS
2026-03-26 12:06:26,502 - INFO - Table 3 for ILBS: 11r x 4c
2026-03-26 12:06:26,503 - INFO - Table 4 for ILBS: 11r x 4c
2026-03-26 12:06:26,504 - INFO - Table 5 for ILBS: 13r x 11c
2026-03-26 12:06:30,879 - INFO - Found 5 tables for ILI
2026-03-26 12:06:30,889 - INFO - Table 3 for ILI: 11r x 4c
2026-03-26 12:06:30,890 - INFO - Table 4 for ILI: 11r x 4c
2026-03-26 12:06:30,892 - INFO - Table 5 for ILI: 13r x 11c
2026-03-26 12:06:35,443 - INFO - Found 5 tables for JBBL
2026-03-26 12:06:35,454 - INFO - Table 3 for JBBL: 11r x 4c
2026-03-26 12:06:35,455 - INFO - Table 4 for JBBL: 11r x 4c
2026-03-26 12:06:35,456 - INFO - Table 5 for JBBL: 13r x 11c
2026-03-26 12:06:39,817 - INFO - Found 5 tables for JBLB
2026-03-26 12:06:39,827 - INFO - Table 3 for JBLB: 11r x 4c
2026-03-26 12:06:39,828 - INFO - Table 4 for JBLB: 11r x 4c
2026-03-26 12:06:39,830 - INFO - Table 5 for JBLB: 13r x 11c
2026-03-26 12:06:44,321 - INFO - Found 5 tables for JFL
2026-03-26 12:06:44,332 - INFO - Table 3 for JFL: 11r x 4c
2026-03-26 12:06:44,333 - INFO - Table 4 for JFL: 11r x 4c
2026-03-26 12:06:44,335 - INFO - Table 5 for JFL: 13r x 11c
2026-03-26 12:06:48,694 - INFO - Found 5 tables for JOSHI
2026-03-26 12:06:48,705 - INFO - Table 3 for JOSHI: 11r x 4c
2026-03-26 12:06:48,706 - INFO - Table 4 for JOSHI: 15r x 4c
2026-03-26 12:06:48,708 - INFO - Table 5 for JOSHI: 13r x 10c
2026-03-26 12:06:53,197 - INFO - Found 5 tables for JSLBB
2026-03-26 12:06:53,207 - INFO - Table 3 for JSLBB: 11r x 4c
2026-03-26 12:06:53,208 - INFO - Table 4 for JSLBB: 11r x 4c
2026-03-26 12:06:53,210 - INFO - Table 5 for JSLBB: 13r x 11c
2026-03-26 12:07:06,692 - INFO - Found 5 tables for KBL
2026-03-26 12:07:06,703 - INFO - Table 3 for KBL: 11r x 4c
2026-03-26 12:07:06,704 - INFO - Table 4 for KBL: 11r x 4c
2026-03-26 12:07:06,705 - INFO - Table 5 for KBL: 13r x 11c
2026-03-26 12:07:11,586 - INFO - Found 5 tables for KBSH
2026-03-26 12:07:11,597 - INFO - Table 3 for KBSH: 11r x 4c
2026-03-26 12:07:11,598 - INFO - Table 4 for KBSH: 15r x 4c
2026-03-26 12:07:11,600 - INFO - Table 5 for KBSH: 13r x 11c
2026-03-26 12:07:15,982 - INFO - Found 5 tables for KDL
2026-03-26 12:07:15,993 - INFO - Table 3 for KDL: 11r x 4c
2026-03-26 12:07:15,994 - INFO - Table 4 for KDL: 11r x 4c
2026-03-26 12:07:15,996 - INFO - Table 5 for KDL: 13r x 11c
2026-03-26 12:07:20,451 - INFO - Found 5 tables for KKHC
2026-03-26 12:07:20,461 - INFO - Table 3 for KKHC: 11r x 4c
2026-03-26 12:07:20,462 - INFO - Table 4 for KKHC: 15r x 4c
2026-03-26 12:07:20,464 - INFO - Table 5 for KKHC: 13r x 11c
2026-03-26 12:07:24,918 - INFO - Found 5 tables for KMCDB
2026-03-26 12:07:24,928 - INFO - Table 3 for KMCDB: 11r x 4c
2026-03-26 12:07:24,929 - INFO - Table 4 for KMCDB: 11r x 4c
2026-03-26 12:07:24,931 - INFO - Table 5 for KMCDB: 13r x 11c
2026-03-26 12:07:29,406 - INFO - Found 5 tables for KPCL
2026-03-26 12:07:29,417 - INFO - Table 3 for KPCL: 11r x 4c
2026-03-26 12:07:29,418 - INFO - Table 4 for KPCL: 15r x 4c
2026-03-26 12:07:29,419 - INFO - Table 5 for KPCL: 13r x 11c
2026-03-26 12:07:33,903 - INFO - Found 5 tables for KSBBL
2026-03-26 12:07:33,913 - INFO - Table 3 for KSBBL: 11r x 4c
2026-03-26 12:07:33,914 - INFO - Table 4 for KSBBL: 11r x 4c
2026-03-26 12:07:33,916 - INFO - Table 5 for KSBBL: 13r x 11c
2026-03-26 12:07:38,348 - INFO - Found 5 tables for LBBL
2026-03-26 12:07:38,358 - INFO - Table 3 for LBBL: 11r x 4c
2026-03-26 12:07:38,359 - INFO - Table 4 for LBBL: 11r x 4c
2026-03-26 12:07:38,361 - INFO - Table 5 for LBBL: 13r x 11c
2026-03-26 12:07:42,794 - INFO - Found 5 tables for LEC
2026-03-26 12:07:42,805 - INFO - Table 3 for LEC: 11r x 4c
2026-03-26 12:07:42,806 - INFO - Table 4 for LEC: 15r x 4c
2026-03-26 12:07:42,807 - INFO - Table 5 for LEC: 13r x 11c
2026-03-26 12:07:48,551 - INFO - Found 5 tables for LICN
2026-03-26 12:07:48,562 - INFO - Table 3 for LICN: 11r x 4c
2026-03-26 12:07:48,563 - INFO - Table 4 for LICN: 11r x 4c
2026-03-26 12:07:48,564 - INFO - Table 5 for LICN: 13r x 11c
2026-03-26 12:07:53,029 - INFO - Found 5 tables for LLBS
2026-03-26 12:07:53,039 - INFO - Table 3 for LLBS: 11r x 4c
2026-03-26 12:07:53,040 - INFO - Table 4 for LLBS: 11r x 4c
2026-03-26 12:07:53,042 - INFO - Table 5 for LLBS: 13r x 11c
2026-03-26 12:07:57,480 - INFO - Found 5 tables for LSL
2026-03-26 12:07:57,490 - INFO - Table 3 for LSL: 11r x 4c
2026-03-26 12:07:57,491 - INFO - Table 4 for LSL: 11r x 4c
2026-03-26 12:07:57,492 - INFO - Table 5 for LSL: 13r x 11c
2026-03-26 12:08:01,985 - INFO - Found 5 tables for MAKAR
2026-03-26 12:08:01,995 - INFO - Table 3 for MAKAR: 11r x 4c
2026-03-26 12:08:01,996 - INFO - Table 4 for MAKAR: 15r x 4c
2026-03-26 12:08:01,998 - INFO - Table 5 for MAKAR: 13r x 11c
2026-03-26 12:08:06,434 - INFO - Found 5 tables for MANDU
2026-03-26 12:08:06,444 - INFO - Table 3 for MANDU: 11r x 4c
2026-03-26 12:08:06,445 - INFO - Table 4 for MANDU: 15r x 4c
2026-03-26 12:08:06,447 - INFO - Table 5 for MANDU: 13r x 11c
2026-03-26 12:08:10,692 - INFO - Found 5 tables for MATRI
2026-03-26 12:08:10,703 - INFO - Table 3 for MATRI: 11r x 4c
2026-03-26 12:08:10,704 - INFO - Table 4 for MATRI: 11r x 4c
2026-03-26 12:08:10,706 - INFO - Table 5 for MATRI: 13r x 10c
2026-03-26 12:08:14,887 - INFO - Found 5 tables for MBJC
2026-03-26 12:08:14,897 - INFO - Table 3 for MBJC: 11r x 4c
2026-03-26 12:08:14,898 - INFO - Table 4 for MBJC: 15r x 4c
2026-03-26 12:08:14,900 - INFO - Table 5 for MBJC: 13r x 11c
2026-03-26 12:08:19,326 - INFO - Found 5 tables for MBL
2026-03-26 12:08:19,336 - INFO - Table 3 for MBL: 11r x 4c
2026-03-26 12:08:19,337 - INFO - Table 4 for MBL: 11r x 4c
2026-03-26 12:08:19,339 - INFO - Table 5 for MBL: 13r x 11c
2026-03-26 12:08:23,778 - INFO - Found 5 tables for MCHL
2026-03-26 12:08:23,788 - INFO - Table 3 for MCHL: 11r x 4c
2026-03-26 12:08:23,789 - INFO - Table 4 for MCHL: 15r x 4c
2026-03-26 12:08:23,791 - INFO - Table 5 for MCHL: 13r x 11c
2026-03-26 12:08:28,253 - INFO - Found 5 tables for MDB
2026-03-26 12:08:28,263 - INFO - Table 3 for MDB: 11r x 4c
2026-03-26 12:08:28,264 - INFO - Table 4 for MDB: 11r x 4c
2026-03-26 12:08:28,267 - INFO - Table 5 for MDB: 13r x 11c
2026-03-26 12:08:32,591 - INFO - Found 5 tables for MEHL
2026-03-26 12:08:32,601 - INFO - Table 3 for MEHL: 11r x 4c
2026-03-26 12:08:32,602 - INFO - Table 4 for MEHL: 15r x 4c
2026-03-26 12:08:32,604 - INFO - Table 5 for MEHL: 13r x 11c
2026-03-26 12:08:37,057 - INFO - Found 5 tables for MEL
2026-03-26 12:08:37,067 - INFO - Table 3 for MEL: 11r x 4c
2026-03-26 12:08:37,068 - INFO - Table 4 for MEL: 15r x 4c
2026-03-26 12:08:37,070 - INFO - Table 5 for MEL: 13r x 11c
2026-03-26 12:08:41,581 - INFO - Found 5 tables for MEN
2026-03-26 12:08:41,591 - INFO - Table 3 for MEN: 11r x 4c
2026-03-26 12:08:41,592 - INFO - Table 4 for MEN: 15r x 4c
2026-03-26 12:08:41,593 - INFO - Table 5 for MEN: 13r x 11c
2026-03-26 12:08:46,049 - INFO - Found 5 tables for MERO
2026-03-26 12:08:46,060 - INFO - Table 3 for MERO: 11r x 4c
2026-03-26 12:08:46,061 - INFO - Table 4 for MERO: 11r x 4c
2026-03-26 12:08:46,062 - INFO - Table 5 for MERO: 13r x 11c
2026-03-26 12:08:50,513 - INFO - Found 5 tables for MFIL
2026-03-26 12:08:50,523 - INFO - Table 3 for MFIL: 11r x 4c
2026-03-26 12:08:50,524 - INFO - Table 4 for MFIL: 11r x 4c
2026-03-26 12:08:50,526 - INFO - Table 5 for MFIL: 13r x 11c
2026-03-26 12:08:55,000 - INFO - Found 5 tables for MHCL
2026-03-26 12:08:55,011 - INFO - Table 3 for MHCL: 11r x 4c
2026-03-26 12:08:55,012 - INFO - Table 4 for MHCL: 15r x 4c
2026-03-26 12:08:55,014 - INFO - Table 5 for MHCL: 13r x 11c
2026-03-26 12:08:59,568 - INFO - Found 5 tables for MHL
2026-03-26 12:08:59,579 - INFO - Table 3 for MHL: 11r x 4c
2026-03-26 12:08:59,581 - INFO - Table 4 for MHL: 15r x 4c
2026-03-26 12:08:59,582 - INFO - Table 5 for MHL: 13r x 11c
2026-03-26 12:09:04,103 - INFO - Found 5 tables for MHNL
2026-03-26 12:09:04,115 - INFO - Table 3 for MHNL: 11r x 4c
2026-03-26 12:09:04,116 - INFO - Table 4 for MHNL: 15r x 4c
2026-03-26 12:09:04,118 - INFO - Table 5 for MHNL: 13r x 11c
2026-03-26 12:09:08,611 - INFO - Found 5 tables for MKCL
2026-03-26 12:09:08,621 - INFO - Table 3 for MKCL: 11r x 4c
2026-03-26 12:09:08,622 - INFO - Table 4 for MKCL: 11r x 4c
2026-03-26 12:09:08,624 - INFO - Table 5 for MKCL: 13r x 11c
2026-03-26 12:09:13,082 - INFO - Found 5 tables for MKHC
2026-03-26 12:09:13,093 - INFO - Table 3 for MKHC: 11r x 4c
2026-03-26 12:09:13,094 - INFO - Table 4 for MKHC: 15r x 4c
2026-03-26 12:09:13,096 - INFO - Table 5 for MKHC: 13r x 11c
2026-03-26 12:09:17,631 - INFO - Found 5 tables for MKHL
2026-03-26 12:09:17,642 - INFO - Table 3 for MKHL: 11r x 4c
2026-03-26 12:09:17,643 - INFO - Table 4 for MKHL: 15r x 4c
2026-03-26 12:09:17,644 - INFO - Table 5 for MKHL: 13r x 11c
2026-03-26 12:09:22,002 - INFO - Found 5 tables for MKJC
2026-03-26 12:09:22,013 - INFO - Table 3 for MKJC: 11r x 4c
2026-03-26 12:09:22,015 - INFO - Table 4 for MKJC: 15r x 4c
2026-03-26 12:09:22,016 - INFO - Table 5 for MKJC: 13r x 10c
2026-03-26 12:09:26,493 - INFO - Found 5 tables for MLBBL
2026-03-26 12:09:26,504 - INFO - Table 3 for MLBBL: 11r x 4c
2026-03-26 12:09:26,505 - INFO - Table 4 for MLBBL: 11r x 4c
2026-03-26 12:09:26,507 - INFO - Table 5 for MLBBL: 13r x 11c
2026-03-26 12:09:31,029 - INFO - Found 5 tables for MLBL
2026-03-26 12:09:31,040 - INFO - Table 3 for MLBL: 11r x 4c
2026-03-26 12:09:31,041 - INFO - Table 4 for MLBL: 11r x 4c
2026-03-26 12:09:31,042 - INFO - Table 5 for MLBL: 13r x 11c
2026-03-26 12:09:35,583 - INFO - Found 5 tables for MLBS
2026-03-26 12:09:35,594 - INFO - Table 3 for MLBS: 11r x 4c
2026-03-26 12:09:35,595 - INFO - Table 4 for MLBS: 11r x 4c
2026-03-26 12:09:35,597 - INFO - Table 5 for MLBS: 13r x 11c
2026-03-26 12:09:49,817 - INFO - Found 5 tables for MLBSL
2026-03-26 12:09:49,827 - INFO - Table 3 for MLBSL: 11r x 4c
2026-03-26 12:09:49,828 - INFO - Table 4 for MLBSL: 11r x 4c
2026-03-26 12:09:49,829 - INFO - Table 5 for MLBSL: 13r x 11c
2026-03-26 12:09:54,302 - INFO - Found 5 tables for MMKJL
2026-03-26 12:09:54,312 - INFO - Table 3 for MMKJL: 11r x 4c
2026-03-26 12:09:54,313 - INFO - Table 4 for MMKJL: 15r x 4c
2026-03-26 12:09:54,315 - INFO - Table 5 for MMKJL: 13r x 11c
2026-03-26 12:09:58,762 - INFO - Found 5 tables for MNBBL
2026-03-26 12:09:58,773 - INFO - Table 3 for MNBBL: 11r x 4c
2026-03-26 12:09:58,774 - INFO - Table 4 for MNBBL: 11r x 4c
2026-03-26 12:09:58,775 - INFO - Table 5 for MNBBL: 13r x 11c
2026-03-26 12:10:02,978 - INFO - Found 5 tables for MPFL
2026-03-26 12:10:02,989 - INFO - Table 3 for MPFL: 11r x 4c
2026-03-26 12:10:02,990 - INFO - Table 4 for MPFL: 11r x 4c
2026-03-26 12:10:02,991 - INFO - Table 5 for MPFL: 13r x 11c
2026-03-26 12:10:07,399 - INFO - Found 5 tables for MSHL
2026-03-26 12:10:07,410 - INFO - Table 3 for MSHL: 11r x 4c
2026-03-26 12:10:07,411 - INFO - Table 4 for MSHL: 15r x 4c
2026-03-26 12:10:07,412 - INFO - Table 5 for MSHL: 13r x 11c
2026-03-26 12:10:11,805 - INFO - Found 5 tables for MSLB
2026-03-26 12:10:11,816 - INFO - Table 3 for MSLB: 11r x 4c
2026-03-26 12:10:11,817 - INFO - Table 4 for MSLB: 11r x 4c
2026-03-26 12:10:11,819 - INFO - Table 5 for MSLB: 13r x 11c
2026-03-26 12:10:16,213 - INFO - Found 5 tables for NABBC
2026-03-26 12:10:16,223 - INFO - Table 3 for NABBC: 11r x 4c
2026-03-26 12:10:16,224 - INFO - Table 4 for NABBC: 11r x 4c
2026-03-26 12:10:16,226 - INFO - Table 5 for NABBC: 13r x 11c
2026-03-26 12:10:20,679 - INFO - Found 5 tables for NABIL
2026-03-26 12:10:20,689 - INFO - Table 3 for NABIL: 11r x 4c
2026-03-26 12:10:20,690 - INFO - Table 4 for NABIL: 11r x 4c
2026-03-26 12:10:20,692 - INFO - Table 5 for NABIL: 13r x 11c
2026-03-26 12:10:33,901 - INFO - Found 5 tables for NADEP
2026-03-26 12:10:33,912 - INFO - Table 3 for NADEP: 11r x 4c
2026-03-26 12:10:33,913 - INFO - Table 4 for NADEP: 11r x 4c
2026-03-26 12:10:33,914 - INFO - Table 5 for NADEP: 13r x 11c
2026-03-26 12:10:38,970 - INFO - Found 5 tables for NBL
2026-03-26 12:10:38,981 - INFO - Table 3 for NBL: 11r x 4c
2026-03-26 12:10:38,982 - INFO - Table 4 for NBL: 11r x 4c
2026-03-26 12:10:38,983 - INFO - Table 5 for NBL: 13r x 11c
2026-03-26 12:10:43,378 - INFO - Found 5 tables for NESDO
2026-03-26 12:10:43,389 - INFO - Table 3 for NESDO: 11r x 4c
2026-03-26 12:10:43,390 - INFO - Table 4 for NESDO: 11r x 4c
2026-03-26 12:10:43,392 - INFO - Table 5 for NESDO: 13r x 11c
2026-03-26 12:10:47,506 - INFO - Found 5 tables for NFS
2026-03-26 12:10:47,516 - INFO - Table 3 for NFS: 11r x 4c
2026-03-26 12:10:47,517 - INFO - Table 4 for NFS: 11r x 4c
2026-03-26 12:10:47,519 - INFO - Table 5 for NFS: 13r x 11c
2026-03-26 12:10:52,590 - INFO - Found 5 tables for NGPL
2026-03-26 12:10:52,601 - INFO - Table 3 for NGPL: 11r x 4c
2026-03-26 12:10:52,602 - INFO - Table 4 for NGPL: 15r x 4c
2026-03-26 12:10:52,604 - INFO - Table 5 for NGPL: 13r x 11c
2026-03-26 12:10:57,159 - INFO - Found 5 tables for NHDL
2026-03-26 12:10:57,170 - INFO - Table 3 for NHDL: 11r x 4c
2026-03-26 12:10:57,171 - INFO - Table 4 for NHDL: 15r x 4c
2026-03-26 12:10:57,172 - INFO - Table 5 for NHDL: 13r x 11c
2026-03-26 12:11:01,606 - INFO - Found 5 tables for NHPC
2026-03-26 12:11:01,617 - INFO - Table 3 for NHPC: 11r x 4c
2026-03-26 12:11:01,618 - INFO - Table 4 for NHPC: 15r x 4c
2026-03-26 12:11:01,619 - INFO - Table 5 for NHPC: 13r x 11c
2026-03-26 12:11:06,071 - INFO - Found 5 tables for NICA
2026-03-26 12:11:06,081 - INFO - Table 3 for NICA: 11r x 4c
2026-03-26 12:11:06,082 - INFO - Table 4 for NICA: 11r x 4c
2026-03-26 12:11:06,084 - INFO - Table 5 for NICA: 13r x 11c
2026-03-26 12:11:10,632 - INFO - Found 5 tables for NICL
2026-03-26 12:11:10,642 - INFO - Table 3 for NICL: 11r x 4c
2026-03-26 12:11:10,643 - INFO - Table 4 for NICL: 11r x 4c
2026-03-26 12:11:10,645 - INFO - Table 5 for NICL: 13r x 11c
2026-03-26 12:11:15,113 - INFO - Found 5 tables for NICLBSL
2026-03-26 12:11:15,124 - INFO - Table 3 for NICLBSL: 11r x 4c
2026-03-26 12:11:15,125 - INFO - Table 4 for NICLBSL: 11r x 4c
2026-03-26 12:11:15,126 - INFO - Table 5 for NICLBSL: 13r x 11c
2026-03-26 12:11:19,578 - INFO - Found 5 tables for NIFRA
2026-03-26 12:11:19,588 - INFO - Table 3 for NIFRA: 11r x 4c
2026-03-26 12:11:19,589 - INFO - Table 4 for NIFRA: 11r x 4c
2026-03-26 12:11:19,591 - INFO - Table 5 for NIFRA: 13r x 11c
2026-03-26 12:11:33,472 - INFO - Found 5 tables for NIL
2026-03-26 12:11:33,483 - INFO - Table 3 for NIL: 11r x 4c
2026-03-26 12:11:33,484 - INFO - Table 4 for NIL: 11r x 4c
2026-03-26 12:11:33,485 - INFO - Table 5 for NIL: 13r x 10c
2026-03-26 12:11:37,980 - INFO - Found 5 tables for NIMB
2026-03-26 12:11:37,990 - INFO - Table 3 for NIMB: 11r x 4c
2026-03-26 12:11:37,991 - INFO - Table 4 for NIMB: 11r x 4c
2026-03-26 12:11:37,993 - INFO - Table 5 for NIMB: 13r x 11c
2026-03-26 12:11:42,333 - INFO - Found 5 tables for NLG
2026-03-26 12:11:42,344 - INFO - Table 3 for NLG: 11r x 4c
2026-03-26 12:11:42,344 - INFO - Table 4 for NLG: 11r x 4c
2026-03-26 12:11:42,346 - INFO - Table 5 for NLG: 13r x 11c
2026-03-26 12:11:46,700 - INFO - Found 5 tables for NLIC
2026-03-26 12:11:46,711 - INFO - Table 3 for NLIC: 11r x 4c
2026-03-26 12:11:46,712 - INFO - Table 4 for NLIC: 11r x 4c
2026-03-26 12:11:46,713 - INFO - Table 5 for NLIC: 13r x 11c
2026-03-26 12:11:51,137 - INFO - Found 5 tables for NLICL
2026-03-26 12:11:51,147 - INFO - Table 3 for NLICL: 11r x 4c
2026-03-26 12:11:51,147 - INFO - Table 4 for NLICL: 11r x 4c
2026-03-26 12:11:51,149 - INFO - Table 5 for NLICL: 13r x 11c
2026-03-26 12:11:55,685 - INFO - Found 5 tables for NLO
2026-03-26 12:11:55,695 - INFO - Table 3 for NLO: 11r x 4c
2026-03-26 12:11:55,696 - INFO - Table 4 for NLO: 11r x 4c
2026-03-26 12:11:55,697 - INFO - Table 5 for NLO: 13r x 8c
2026-03-26 12:12:00,137 - INFO - Found 5 tables for NMB
2026-03-26 12:12:00,148 - INFO - Table 3 for NMB: 11r x 4c
2026-03-26 12:12:00,149 - INFO - Table 4 for NMB: 11r x 4c
2026-03-26 12:12:00,151 - INFO - Table 5 for NMB: 13r x 11c
2026-03-26 12:12:04,505 - INFO - Found 5 tables for NMBMF
2026-03-26 12:12:04,516 - INFO - Table 3 for NMBMF: 11r x 4c
2026-03-26 12:12:04,517 - INFO - Table 4 for NMBMF: 11r x 4c
2026-03-26 12:12:04,519 - INFO - Table 5 for NMBMF: 13r x 11c
2026-03-26 12:12:09,192 - INFO - Found 5 tables for NMFBS
2026-03-26 12:12:09,203 - INFO - Table 3 for NMFBS: 11r x 4c
2026-03-26 12:12:09,204 - INFO - Table 4 for NMFBS: 11r x 4c
2026-03-26 12:12:09,206 - INFO - Table 5 for NMFBS: 13r x 11c
2026-03-26 12:12:13,650 - INFO - Found 5 tables for NMIC
2026-03-26 12:12:13,660 - INFO - Table 3 for NMIC: 11r x 4c
2026-03-26 12:12:13,661 - INFO - Table 4 for NMIC: 11r x 4c
2026-03-26 12:12:13,663 - INFO - Table 5 for NMIC: 13r x 7c
2026-03-26 12:12:18,173 - INFO - Found 5 tables for NMLBBL
2026-03-26 12:12:18,183 - INFO - Table 3 for NMLBBL: 11r x 4c
2026-03-26 12:12:18,184 - INFO - Table 4 for NMLBBL: 11r x 4c
2026-03-26 12:12:18,186 - INFO - Table 5 for NMLBBL: 13r x 10c
2026-03-26 12:12:22,587 - INFO - Found 5 tables for NRIC
2026-03-26 12:12:22,599 - INFO - Table 3 for NRIC: 11r x 4c
2026-03-26 12:12:22,600 - INFO - Table 4 for NRIC: 11r x 4c
2026-03-26 12:12:22,601 - INFO - Table 5 for NRIC: 13r x 10c
2026-03-26 12:12:27,079 - INFO - Found 5 tables for NRM
2026-03-26 12:12:27,090 - INFO - Table 3 for NRM: 11r x 4c
2026-03-26 12:12:27,091 - INFO - Table 4 for NRM: 11r x 4c
2026-03-26 12:12:27,092 - INFO - Table 5 for NRM: 13r x 11c
2026-03-26 12:12:31,542 - INFO - Found 5 tables for NRN
2026-03-26 12:12:31,553 - INFO - Table 3 for NRN: 11r x 4c
2026-03-26 12:12:31,554 - INFO - Table 4 for NRN: 11r x 4c
2026-03-26 12:12:31,555 - INFO - Table 5 for NRN: 13r x 11c
2026-03-26 12:12:36,064 - INFO - Found 5 tables for NTC
2026-03-26 12:12:36,074 - INFO - Table 3 for NTC: 11r x 4c
2026-03-26 12:12:36,075 - INFO - Table 4 for NTC: 11r x 4c
2026-03-26 12:12:36,076 - INFO - Table 5 for NTC: 13r x 11c
2026-03-26 12:12:40,446 - INFO - Found 5 tables for NUBL
2026-03-26 12:12:40,457 - INFO - Table 3 for NUBL: 11r x 4c
2026-03-26 12:12:40,457 - INFO - Table 4 for NUBL: 11r x 4c
2026-03-26 12:12:40,459 - INFO - Table 5 for NUBL: 13r x 11c
2026-03-26 12:12:45,502 - INFO - Found 5 tables for NWCL
2026-03-26 12:12:45,513 - INFO - Table 3 for NWCL: 11r x 4c
2026-03-26 12:12:45,514 - INFO - Table 4 for NWCL: 11r x 4c
2026-03-26 12:12:45,516 - INFO - Table 5 for NWCL: 13r x 11c
2026-03-26 12:12:49,954 - INFO - Found 5 tables for NYADI
2026-03-26 12:12:49,964 - INFO - Table 3 for NYADI: 11r x 4c
2026-03-26 12:12:49,965 - INFO - Table 4 for NYADI: 15r x 4c
2026-03-26 12:12:49,967 - INFO - Table 5 for NYADI: 13r x 11c
2026-03-26 12:12:54,544 - INFO - Found 5 tables for OHL
2026-03-26 12:12:54,554 - INFO - Table 3 for OHL: 11r x 4c
2026-03-26 12:12:54,555 - INFO - Table 4 for OHL: 11r x 4c
2026-03-26 12:12:54,557 - INFO - Table 5 for OHL: 13r x 11c
2026-03-26 12:12:58,617 - INFO - Found 5 tables for OMPL
2026-03-26 12:12:58,628 - INFO - Table 3 for OMPL: 11r x 4c
2026-03-26 12:12:58,629 - INFO - Table 4 for OMPL: 11r x 4c
2026-03-26 12:12:58,631 - INFO - Table 5 for OMPL: 13r x 7c
2026-03-26 12:13:03,090 - INFO - Found 5 tables for PCBL
2026-03-26 12:13:03,101 - INFO - Table 3 for PCBL: 11r x 4c
2026-03-26 12:13:03,102 - INFO - Table 4 for PCBL: 11r x 4c
2026-03-26 12:13:03,104 - INFO - Table 5 for PCBL: 13r x 11c
2026-03-26 12:13:07,532 - INFO - Found 5 tables for PFL
2026-03-26 12:13:07,543 - INFO - Table 3 for PFL: 11r x 4c
2026-03-26 12:13:07,544 - INFO - Table 4 for PFL: 11r x 4c
2026-03-26 12:13:07,545 - INFO - Table 5 for PFL: 13r x 11c
2026-03-26 12:13:11,997 - INFO - Found 5 tables for PHCL
2026-03-26 12:13:12,007 - INFO - Table 3 for PHCL: 11r x 4c
2026-03-26 12:13:12,008 - INFO - Table 4 for PHCL: 15r x 4c
2026-03-26 12:13:12,010 - INFO - Table 5 for PHCL: 13r x 11c
2026-03-26 12:13:16,464 - INFO - Found 5 tables for PMHPL
2026-03-26 12:13:16,475 - INFO - Table 3 for PMHPL: 11r x 4c
2026-03-26 12:13:16,476 - INFO - Table 4 for PMHPL: 15r x 4c
2026-03-26 12:13:16,477 - INFO - Table 5 for PMHPL: 13r x 11c
2026-03-26 12:13:20,912 - INFO - Found 5 tables for PMLI
2026-03-26 12:13:20,922 - INFO - Table 3 for PMLI: 11r x 4c
2026-03-26 12:13:20,923 - INFO - Table 4 for PMLI: 11r x 4c
2026-03-26 12:13:20,924 - INFO - Table 5 for PMLI: 13r x 11c
2026-03-26 12:13:25,271 - INFO - Found 5 tables for PPCL
2026-03-26 12:13:25,282 - INFO - Table 3 for PPCL: 11r x 4c
2026-03-26 12:13:25,283 - INFO - Table 4 for PPCL: 15r x 4c
2026-03-26 12:13:25,284 - INFO - Table 5 for PPCL: 13r x 11c
2026-03-26 12:13:29,848 - INFO - Found 5 tables for PPL
2026-03-26 12:13:29,858 - INFO - Table 3 for PPL: 11r x 4c
2026-03-26 12:13:29,859 - INFO - Table 4 for PPL: 15r x 4c
2026-03-26 12:13:29,860 - INFO - Table 5 for PPL: 13r x 11c
2026-03-26 12:13:34,667 - INFO - Found 5 tables for PRIN
2026-03-26 12:13:34,677 - INFO - Table 3 for PRIN: 11r x 4c
2026-03-26 12:13:34,678 - INFO - Table 4 for PRIN: 11r x 4c
2026-03-26 12:13:34,679 - INFO - Table 5 for PRIN: 13r x 11c
2026-03-26 12:13:39,054 - INFO - Found 5 tables for PROFL
2026-03-26 12:13:39,064 - INFO - Table 3 for PROFL: 11r x 4c
2026-03-26 12:13:39,065 - INFO - Table 4 for PROFL: 11r x 4c
2026-03-26 12:13:39,067 - INFO - Table 5 for PROFL: 13r x 11c
2026-03-26 12:13:43,467 - INFO - Found 5 tables for PRVU
2026-03-26 12:13:43,478 - INFO - Table 3 for PRVU: 11r x 4c
2026-03-26 12:13:43,479 - INFO - Table 4 for PRVU: 11r x 4c
2026-03-26 12:13:43,480 - INFO - Table 5 for PRVU: 13r x 11c
2026-03-26 12:13:47,860 - INFO - Found 5 tables for PURE
2026-03-26 12:13:47,870 - INFO - Table 3 for PURE: 11r x 4c
2026-03-26 12:13:47,871 - INFO - Table 4 for PURE: 15r x 4c
2026-03-26 12:13:47,872 - INFO - Table 5 for PURE: 13r x 6c
2026-03-26 12:13:52,343 - INFO - Found 5 tables for RADHI
2026-03-26 12:13:52,354 - INFO - Table 3 for RADHI: 11r x 4c
2026-03-26 12:13:52,355 - INFO - Table 4 for RADHI: 15r x 4c
2026-03-26 12:13:52,356 - INFO - Table 5 for RADHI: 13r x 11c
2026-03-26 12:13:56,717 - INFO - Found 5 tables for RAWA
2026-03-26 12:13:56,728 - INFO - Table 3 for RAWA: 11r x 4c
2026-03-26 12:13:56,729 - INFO - Table 4 for RAWA: 15r x 4c
2026-03-26 12:13:56,731 - INFO - Table 5 for RAWA: 13r x 11c
2026-03-26 12:14:01,162 - INFO - Found 5 tables for RBCL
2026-03-26 12:14:01,172 - INFO - Table 3 for RBCL: 11r x 4c
2026-03-26 12:14:01,173 - INFO - Table 4 for RBCL: 11r x 4c
2026-03-26 12:14:01,174 - INFO - Table 5 for RBCL: 13r x 11c
2026-03-26 12:14:05,497 - INFO - Found 5 tables for RFPL
2026-03-26 12:14:05,508 - INFO - Table 3 for RFPL: 11r x 4c
2026-03-26 12:14:05,509 - INFO - Table 4 for RFPL: 15r x 4c
2026-03-26 12:14:05,510 - INFO - Table 5 for RFPL: 13r x 10c
2026-03-26 12:14:18,977 - INFO - Found 5 tables for RHGCL
2026-03-26 12:14:18,987 - INFO - Table 3 for RHGCL: 11r x 4c
2026-03-26 12:14:18,988 - INFO - Table 4 for RHGCL: 15r x 4c
2026-03-26 12:14:18,990 - INFO - Table 5 for RHGCL: 13r x 11c
2026-03-26 12:14:23,435 - INFO - Found 5 tables for RHPL
2026-03-26 12:14:23,447 - INFO - Table 3 for RHPL: 11r x 4c
2026-03-26 12:14:23,448 - INFO - Table 4 for RHPL: 15r x 4c
2026-03-26 12:14:23,449 - INFO - Table 5 for RHPL: 13r x 11c
2026-03-26 12:14:27,875 - INFO - Found 5 tables for RIDI
2026-03-26 12:14:27,886 - INFO - Table 3 for RIDI: 11r x 4c
2026-03-26 12:14:27,887 - INFO - Table 4 for RIDI: 15r x 4c
2026-03-26 12:14:27,888 - INFO - Table 5 for RIDI: 13r x 11c
2026-03-26 12:14:32,331 - INFO - Found 5 tables for RLFL
2026-03-26 12:14:32,342 - INFO - Table 3 for RLFL: 11r x 4c
2026-03-26 12:14:32,343 - INFO - Table 4 for RLFL: 11r x 4c
2026-03-26 12:14:32,344 - INFO - Table 5 for RLFL: 13r x 11c
2026-03-26 12:14:36,818 - INFO - Found 5 tables for RNLI
2026-03-26 12:14:36,828 - INFO - Table 3 for RNLI: 11r x 4c
2026-03-26 12:14:36,829 - INFO - Table 4 for RNLI: 11r x 4c
2026-03-26 12:14:36,831 - INFO - Table 5 for RNLI: 13r x 11c
2026-03-26 12:14:41,144 - INFO - Found 5 tables for RSDC
2026-03-26 12:14:41,156 - INFO - Table 3 for RSDC: 11r x 4c
2026-03-26 12:14:41,157 - INFO - Table 4 for RSDC: 11r x 4c
2026-03-26 12:14:41,159 - INFO - Table 5 for RSDC: 13r x 11c
2026-03-26 12:14:45,572 - INFO - Found 5 tables for RURU
2026-03-26 12:14:45,584 - INFO - Table 3 for RURU: 11r x 4c
2026-03-26 12:14:45,585 - INFO - Table 4 for RURU: 15r x 4c
2026-03-26 12:14:45,587 - INFO - Table 5 for RURU: 13r x 11c
2026-03-26 12:14:50,001 - INFO - Found 5 tables for SADBL
2026-03-26 12:14:50,013 - INFO - Table 3 for SADBL: 11r x 4c
2026-03-26 12:14:50,014 - INFO - Table 4 for SADBL: 11r x 4c
2026-03-26 12:14:50,015 - INFO - Table 5 for SADBL: 13r x 11c
2026-03-26 12:14:54,515 - INFO - Found 5 tables for SAHAS
2026-03-26 12:14:54,525 - INFO - Table 3 for SAHAS: 11r x 4c
2026-03-26 12:14:54,526 - INFO - Table 4 for SAHAS: 15r x 4c
2026-03-26 12:14:54,528 - INFO - Table 5 for SAHAS: 13r x 11c
2026-03-26 12:14:59,005 - INFO - Found 5 tables for SALICO
2026-03-26 12:14:59,016 - INFO - Table 3 for SALICO: 11r x 4c
2026-03-26 12:14:59,017 - INFO - Table 4 for SALICO: 11r x 4c
2026-03-26 12:14:59,018 - INFO - Table 5 for SALICO: 13r x 11c
2026-03-26 12:15:03,444 - INFO - Found 5 tables for SAMAJ
2026-03-26 12:15:03,456 - INFO - Table 3 for SAMAJ: 11r x 4c
2026-03-26 12:15:03,457 - INFO - Table 4 for SAMAJ: 11r x 4c
2026-03-26 12:15:03,458 - INFO - Table 5 for SAMAJ: 13r x 9c
2026-03-26 12:15:07,819 - INFO - Found 5 tables for SANIMA
2026-03-26 12:15:07,830 - INFO - Table 3 for SANIMA: 11r x 4c
2026-03-26 12:15:07,830 - INFO - Table 4 for SANIMA: 11r x 4c
2026-03-26 12:15:07,832 - INFO - Table 5 for SANIMA: 13r x 11c
2026-03-26 12:15:12,337 - INFO - Found 5 tables for SANVI
2026-03-26 12:15:12,347 - INFO - Table 3 for SANVI: 11r x 4c
2026-03-26 12:15:12,348 - INFO - Table 4 for SANVI: 15r x 4c
2026-03-26 12:15:12,349 - INFO - Table 5 for SANVI: 13r x 5c
2026-03-26 12:15:17,592 - INFO - Found 5 tables for SAPDBL
2026-03-26 12:15:17,603 - INFO - Table 3 for SAPDBL: 11r x 4c
2026-03-26 12:15:17,604 - INFO - Table 4 for SAPDBL: 11r x 4c
2026-03-26 12:15:17,606 - INFO - Table 5 for SAPDBL: 13r x 11c
2026-03-26 12:15:22,047 - INFO - Found 5 tables for SARBTM
2026-03-26 12:15:22,058 - INFO - Table 3 for SARBTM: 11r x 4c
2026-03-26 12:15:22,059 - INFO - Table 4 for SARBTM: 11r x 4c
2026-03-26 12:15:22,060 - INFO - Table 5 for SARBTM: 13r x 11c
2026-03-26 12:15:26,482 - INFO - Found 5 tables for SBI
2026-03-26 12:15:26,492 - INFO - Table 3 for SBI: 11r x 4c
2026-03-26 12:15:26,493 - INFO - Table 4 for SBI: 11r x 4c
2026-03-26 12:15:26,495 - INFO - Table 5 for SBI: 13r x 11c
2026-03-26 12:15:30,864 - INFO - Found 5 tables for SBL
2026-03-26 12:15:30,874 - INFO - Table 3 for SBL: 11r x 4c
2026-03-26 12:15:30,875 - INFO - Table 4 for SBL: 11r x 4c
2026-03-26 12:15:30,876 - INFO - Table 5 for SBL: 13r x 11c
2026-03-26 12:15:44,725 - INFO - Found 5 tables for SCB
2026-03-26 12:15:44,736 - INFO - Table 3 for SCB: 11r x 4c
2026-03-26 12:15:44,737 - INFO - Table 4 for SCB: 11r x 4c
2026-03-26 12:15:44,738 - INFO - Table 5 for SCB: 13r x 11c
2026-03-26 12:15:49,152 - INFO - Found 5 tables for SFCL
2026-03-26 12:15:49,164 - INFO - Table 3 for SFCL: 11r x 4c
2026-03-26 12:15:49,165 - INFO - Table 4 for SFCL: 11r x 4c
2026-03-26 12:15:49,166 - INFO - Table 5 for SFCL: 13r x 11c
2026-03-26 12:15:53,980 - INFO - Found 5 tables for SGHC
2026-03-26 12:15:53,990 - INFO - Table 3 for SGHC: 11r x 4c
2026-03-26 12:15:53,991 - INFO - Table 4 for SGHC: 15r x 4c
2026-03-26 12:15:53,993 - INFO - Table 5 for SGHC: 13r x 11c
2026-03-26 12:15:58,442 - INFO - Found 5 tables for SGIC
2026-03-26 12:15:58,452 - INFO - Table 3 for SGIC: 11r x 4c
2026-03-26 12:15:58,453 - INFO - Table 4 for SGIC: 11r x 4c
2026-03-26 12:15:58,454 - INFO - Table 5 for SGIC: 13r x 11c
2026-03-26 12:16:02,703 - INFO - Found 5 tables for SHEL
2026-03-26 12:16:02,713 - INFO - Table 3 for SHEL: 11r x 4c
2026-03-26 12:16:02,714 - INFO - Table 4 for SHEL: 15r x 4c
2026-03-26 12:16:02,715 - INFO - Table 5 for SHEL: 13r x 11c
2026-03-26 12:16:07,152 - INFO - Found 5 tables for SHINE
2026-03-26 12:16:07,162 - INFO - Table 3 for SHINE: 11r x 4c
2026-03-26 12:16:07,163 - INFO - Table 4 for SHINE: 11r x 4c
2026-03-26 12:16:07,165 - INFO - Table 5 for SHINE: 13r x 11c
2026-03-26 12:16:12,437 - INFO - Found 5 tables for SHIVM
2026-03-26 12:16:12,447 - INFO - Table 3 for SHIVM: 11r x 4c
2026-03-26 12:16:12,448 - INFO - Table 4 for SHIVM: 11r x 4c
2026-03-26 12:16:12,450 - INFO - Table 5 for SHIVM: 13r x 11c
2026-03-26 12:16:16,789 - INFO - Found 5 tables for SHL
2026-03-26 12:16:16,800 - INFO - Table 3 for SHL: 11r x 4c
2026-03-26 12:16:16,801 - INFO - Table 4 for SHL: 11r x 4c
2026-03-26 12:16:16,802 - INFO - Table 5 for SHL: 13r x 11c
2026-03-26 12:16:21,293 - INFO - Found 5 tables for SHLB
2026-03-26 12:16:21,304 - INFO - Table 3 for SHLB: 11r x 4c
2026-03-26 12:16:21,304 - INFO - Table 4 for SHLB: 11r x 4c
2026-03-26 12:16:21,306 - INFO - Table 5 for SHLB: 13r x 11c
2026-03-26 12:16:25,766 - INFO - Found 5 tables for SHPC
2026-03-26 12:16:25,776 - INFO - Table 3 for SHPC: 11r x 4c
2026-03-26 12:16:25,777 - INFO - Table 4 for SHPC: 15r x 4c
2026-03-26 12:16:25,779 - INFO - Table 5 for SHPC: 13r x 11c
2026-03-26 12:16:30,197 - INFO - Found 5 tables for SICL
2026-03-26 12:16:30,208 - INFO - Table 3 for SICL: 11r x 4c
2026-03-26 12:16:30,209 - INFO - Table 4 for SICL: 11r x 4c
2026-03-26 12:16:30,210 - INFO - Table 5 for SICL: 13r x 11c
2026-03-26 12:16:34,605 - INFO - Found 5 tables for SIFC
2026-03-26 12:16:34,616 - INFO - Table 3 for SIFC: 11r x 4c
2026-03-26 12:16:34,617 - INFO - Table 4 for SIFC: 11r x 4c
2026-03-26 12:16:34,619 - INFO - Table 5 for SIFC: 13r x 11c
2026-03-26 12:16:39,140 - INFO - Found 5 tables for SIKLES
2026-03-26 12:16:39,150 - INFO - Table 3 for SIKLES: 11r x 4c
2026-03-26 12:16:39,151 - INFO - Table 4 for SIKLES: 15r x 4c
2026-03-26 12:16:39,153 - INFO - Table 5 for SIKLES: 13r x 11c
2026-03-26 12:16:43,530 - INFO - Found 5 tables for SINDU
2026-03-26 12:16:43,543 - INFO - Table 3 for SINDU: 11r x 4c
2026-03-26 12:16:43,544 - INFO - Table 4 for SINDU: 11r x 4c
2026-03-26 12:16:43,546 - INFO - Table 5 for SINDU: 13r x 11c
2026-03-26 12:16:48,000 - INFO - Found 5 tables for SJCL
2026-03-26 12:16:48,011 - INFO - Table 3 for SJCL: 11r x 4c
2026-03-26 12:16:48,012 - INFO - Table 4 for SJCL: 15r x 4c
2026-03-26 12:16:48,013 - INFO - Table 5 for SJCL: 13r x 11c
2026-03-26 12:16:52,469 - INFO - Found 5 tables for SJLIC
2026-03-26 12:16:52,480 - INFO - Table 3 for SJLIC: 11r x 4c
2026-03-26 12:16:52,480 - INFO - Table 4 for SJLIC: 11r x 4c
2026-03-26 12:16:52,482 - INFO - Table 5 for SJLIC: 13r x 11c
2026-03-26 12:16:56,939 - INFO - Found 5 tables for SKBBL
2026-03-26 12:16:56,949 - INFO - Table 3 for SKBBL: 11r x 4c
2026-03-26 12:16:56,950 - INFO - Table 4 for SKBBL: 11r x 4c
2026-03-26 12:16:56,951 - INFO - Table 5 for SKBBL: 13r x 11c
2026-03-26 12:17:01,473 - INFO - Found 5 tables for SLBBL
2026-03-26 12:17:01,483 - INFO - Table 3 for SLBBL: 11r x 4c
2026-03-26 12:17:01,484 - INFO - Table 4 for SLBBL: 11r x 4c
2026-03-26 12:17:01,486 - INFO - Table 5 for SLBBL: 13r x 11c
2026-03-26 12:17:15,102 - INFO - Found 5 tables for SLBSL
2026-03-26 12:17:15,113 - INFO - Table 3 for SLBSL: 11r x 4c
2026-03-26 12:17:15,114 - INFO - Table 4 for SLBSL: 11r x 4c
2026-03-26 12:17:15,116 - INFO - Table 5 for SLBSL: 13r x 11c
2026-03-26 12:17:28,689 - INFO - Found 5 tables for SMATA
2026-03-26 12:17:28,700 - INFO - Table 3 for SMATA: 11r x 4c
2026-03-26 12:17:28,701 - INFO - Table 4 for SMATA: 11r x 4c
2026-03-26 12:17:28,702 - INFO - Table 5 for SMATA: 13r x 11c
2026-03-26 12:17:33,147 - INFO - Found 5 tables for SMB
2026-03-26 12:17:33,158 - INFO - Table 3 for SMB: 11r x 4c
2026-03-26 12:17:33,159 - INFO - Table 4 for SMB: 11r x 4c
2026-03-26 12:17:33,160 - INFO - Table 5 for SMB: 13r x 11c
2026-03-26 12:17:37,680 - INFO - Found 5 tables for SMFBS
2026-03-26 12:17:37,691 - INFO - Table 3 for SMFBS: 11r x 4c
2026-03-26 12:17:37,692 - INFO - Table 4 for SMFBS: 11r x 4c
2026-03-26 12:17:37,693 - INFO - Table 5 for SMFBS: 13r x 11c
2026-03-26 12:17:42,106 - INFO - Found 5 tables for SMH
2026-03-26 12:17:42,117 - INFO - Table 3 for SMH: 11r x 4c
2026-03-26 12:17:42,118 - INFO - Table 4 for SMH: 15r x 4c
2026-03-26 12:17:42,120 - INFO - Table 5 for SMH: 13r x 11c
2026-03-26 12:17:46,249 - INFO - Found 5 tables for SMHL
2026-03-26 12:17:46,260 - INFO - Table 3 for SMHL: 11r x 4c
2026-03-26 12:17:46,261 - INFO - Table 4 for SMHL: 15r x 4c
2026-03-26 12:17:46,263 - INFO - Table 5 for SMHL: 13r x 11c
2026-03-26 12:17:50,745 - INFO - Found 5 tables for SMJC
2026-03-26 12:17:50,756 - INFO - Table 3 for SMJC: 11r x 4c
2026-03-26 12:17:50,757 - INFO - Table 4 for SMJC: 15r x 4c
2026-03-26 12:17:50,759 - INFO - Table 5 for SMJC: 13r x 11c
2026-03-26 12:17:55,278 - INFO - Found 5 tables for SMPDA
2026-03-26 12:17:55,288 - INFO - Table 3 for SMPDA: 11r x 4c
2026-03-26 12:17:55,289 - INFO - Table 4 for SMPDA: 11r x 4c
2026-03-26 12:17:55,290 - INFO - Table 5 for SMPDA: 13r x 10c
2026-03-26 12:17:59,728 - INFO - Found 5 tables for SNLI
2026-03-26 12:17:59,739 - INFO - Table 3 for SNLI: 11r x 4c
2026-03-26 12:17:59,740 - INFO - Table 4 for SNLI: 11r x 4c
2026-03-26 12:17:59,742 - INFO - Table 5 for SNLI: 13r x 11c
2026-03-26 12:18:04,113 - INFO - Found 5 tables for SONA
2026-03-26 12:18:04,124 - INFO - Table 3 for SONA: 11r x 4c
2026-03-26 12:18:04,125 - INFO - Table 4 for SONA: 11r x 4c
2026-03-26 12:18:04,127 - INFO - Table 5 for SONA: 13r x 11c
2026-03-26 12:18:08,595 - INFO - Found 5 tables for SPC
2026-03-26 12:18:08,605 - INFO - Table 3 for SPC: 11r x 4c
2026-03-26 12:18:08,606 - INFO - Table 4 for SPC: 15r x 4c
2026-03-26 12:18:08,608 - INFO - Table 5 for SPC: 13r x 11c
2026-03-26 12:18:12,910 - INFO - Found 5 tables for SPDL
2026-03-26 12:18:12,920 - INFO - Table 3 for SPDL: 11r x 4c
2026-03-26 12:18:12,922 - INFO - Table 4 for SPDL: 15r x 4c
2026-03-26 12:18:12,923 - INFO - Table 5 for SPDL: 13r x 11c
2026-03-26 12:18:17,292 - INFO - Found 5 tables for SPHL
2026-03-26 12:18:17,303 - INFO - Table 3 for SPHL: 11r x 4c
2026-03-26 12:18:17,304 - INFO - Table 4 for SPHL: 15r x 4c
2026-03-26 12:18:17,305 - INFO - Table 5 for SPHL: 13r x 11c
2026-03-26 12:18:21,786 - INFO - Found 5 tables for SPIL
2026-03-26 12:18:21,798 - INFO - Table 3 for SPIL: 11r x 4c
2026-03-26 12:18:21,799 - INFO - Table 4 for SPIL: 11r x 4c
2026-03-26 12:18:21,801 - INFO - Table 5 for SPIL: 13r x 11c
2026-03-26 12:18:35,272 - INFO - Found 5 tables for SPL
2026-03-26 12:18:35,282 - INFO - Table 3 for SPL: 11r x 4c
2026-03-26 12:18:35,283 - INFO - Table 4 for SPL: 15r x 4c
2026-03-26 12:18:35,284 - INFO - Table 5 for SPL: 13r x 11c
2026-03-26 12:18:39,836 - INFO - Found 5 tables for SRLI
2026-03-26 12:18:39,848 - INFO - Table 3 for SRLI: 11r x 4c
2026-03-26 12:18:39,849 - INFO - Table 4 for SRLI: 11r x 4c
2026-03-26 12:18:39,850 - INFO - Table 5 for SRLI: 13r x 11c
2026-03-26 12:18:53,642 - INFO - Found 5 tables for SSHL
2026-03-26 12:18:53,653 - INFO - Table 3 for SSHL: 11r x 4c
2026-03-26 12:18:53,654 - INFO - Table 4 for SSHL: 15r x 4c
2026-03-26 12:18:53,655 - INFO - Table 5 for SSHL: 13r x 10c
2026-03-26 12:18:58,001 - INFO - Found 5 tables for STC
2026-03-26 12:18:58,012 - INFO - Table 3 for STC: 11r x 4c
2026-03-26 12:18:58,012 - INFO - Table 4 for STC: 11r x 4c
2026-03-26 12:18:58,014 - INFO - Table 5 for STC: 13r x 11c
2026-03-26 12:19:03,000 - INFO - Found 5 tables for SWBBL
2026-03-26 12:19:03,011 - INFO - Table 3 for SWBBL: 11r x 4c
2026-03-26 12:19:03,012 - INFO - Table 4 for SWBBL: 11r x 4c
2026-03-26 12:19:03,013 - INFO - Table 5 for SWBBL: 13r x 11c
2026-03-26 12:19:07,457 - INFO - Found 5 tables for SWMF
2026-03-26 12:19:07,467 - INFO - Table 3 for SWMF: 11r x 4c
2026-03-26 12:19:07,468 - INFO - Table 4 for SWMF: 11r x 4c
2026-03-26 12:19:07,470 - INFO - Table 5 for SWMF: 13r x 11c
2026-03-26 12:19:11,919 - INFO - Found 5 tables for TAMOR
2026-03-26 12:19:11,930 - INFO - Table 3 for TAMOR: 11r x 4c
2026-03-26 12:19:11,931 - INFO - Table 4 for TAMOR: 15r x 4c
2026-03-26 12:19:11,932 - INFO - Table 5 for TAMOR: 13r x 11c
2026-03-26 12:19:16,388 - INFO - Found 5 tables for TPC
2026-03-26 12:19:16,398 - INFO - Table 3 for TPC: 11r x 4c
2026-03-26 12:19:16,399 - INFO - Table 4 for TPC: 15r x 4c
2026-03-26 12:19:16,401 - INFO - Table 5 for TPC: 13r x 11c
2026-03-26 12:19:20,783 - INFO - Found 5 tables for TRH
2026-03-26 12:19:20,793 - INFO - Table 3 for TRH: 11r x 4c
2026-03-26 12:19:20,794 - INFO - Table 4 for TRH: 11r x 4c
2026-03-26 12:19:20,796 - INFO - Table 5 for TRH: 13r x 11c
2026-03-26 12:19:25,276 - INFO - Found 5 tables for TSHL
2026-03-26 12:19:25,287 - INFO - Table 3 for TSHL: 11r x 4c
2026-03-26 12:19:25,288 - INFO - Table 4 for TSHL: 15r x 4c
2026-03-26 12:19:25,289 - INFO - Table 5 for TSHL: 13r x 11c
2026-03-26 12:19:29,793 - INFO - Found 5 tables for TTL
2026-03-26 12:19:29,803 - INFO - Table 3 for TTL: 11r x 4c
2026-03-26 12:19:29,804 - INFO - Table 4 for TTL: 11r x 4c
2026-03-26 12:19:29,805 - INFO - Table 5 for TTL: 13r x 6c
2026-03-26 12:19:34,188 - INFO - Found 5 tables for TVCL
2026-03-26 12:19:34,198 - INFO - Table 3 for TVCL: 11r x 4c
2026-03-26 12:19:34,199 - INFO - Table 4 for TVCL: 15r x 4c
2026-03-26 12:19:34,201 - INFO - Table 5 for TVCL: 13r x 11c
2026-03-26 12:19:38,361 - INFO - Found 5 tables for UAIL
2026-03-26 12:19:38,371 - INFO - Table 3 for UAIL: 11r x 4c
2026-03-26 12:19:38,372 - INFO - Table 4 for UAIL: 11r x 4c
2026-03-26 12:19:38,374 - INFO - Table 5 for UAIL: 13r x 11c
2026-03-26 12:19:42,498 - INFO - Found 5 tables for UHEWA
2026-03-26 12:19:42,508 - INFO - Table 3 for UHEWA: 11r x 4c
2026-03-26 12:19:42,509 - INFO - Table 4 for UHEWA: 15r x 4c
2026-03-26 12:19:42,510 - INFO - Table 5 for UHEWA: 13r x 11c
2026-03-26 12:19:46,966 - INFO - Found 5 tables for ULBSL
2026-03-26 12:19:46,976 - INFO - Table 3 for ULBSL: 11r x 4c
2026-03-26 12:19:46,977 - INFO - Table 4 for ULBSL: 11r x 4c
2026-03-26 12:19:46,978 - INFO - Table 5 for ULBSL: 13r x 11c
2026-03-26 12:19:51,331 - INFO - Found 5 tables for ULHC
2026-03-26 12:19:51,343 - INFO - Table 3 for ULHC: 11r x 4c
2026-03-26 12:19:51,344 - INFO - Table 4 for ULHC: 15r x 4c
2026-03-26 12:19:51,346 - INFO - Table 5 for ULHC: 13r x 6c
2026-03-26 12:19:55,771 - INFO - Found 5 tables for UMHL
2026-03-26 12:19:55,782 - INFO - Table 3 for UMHL: 11r x 4c
2026-03-26 12:19:55,783 - INFO - Table 4 for UMHL: 15r x 4c
2026-03-26 12:19:55,784 - INFO - Table 5 for UMHL: 13r x 11c
2026-03-26 12:20:00,211 - INFO - Found 5 tables for UMRH
2026-03-26 12:20:00,221 - INFO - Table 3 for UMRH: 11r x 4c
2026-03-26 12:20:00,222 - INFO - Table 4 for UMRH: 15r x 4c
2026-03-26 12:20:00,224 - INFO - Table 5 for UMRH: 13r x 11c
2026-03-26 12:20:04,477 - INFO - Found 5 tables for UNHPL
2026-03-26 12:20:04,487 - INFO - Table 3 for UNHPL: 11r x 4c
2026-03-26 12:20:04,488 - INFO - Table 4 for UNHPL: 15r x 4c
2026-03-26 12:20:04,490 - INFO - Table 5 for UNHPL: 13r x 11c
2026-03-26 12:20:08,615 - INFO - Found 5 tables for UNL
2026-03-26 12:20:08,625 - INFO - Table 3 for UNL: 11r x 4c
2026-03-26 12:20:08,626 - INFO - Table 4 for UNL: 11r x 4c
2026-03-26 12:20:08,628 - INFO - Table 5 for UNL: 13r x 11c
2026-03-26 12:20:14,788 - INFO - Found 5 tables for UNLB
2026-03-26 12:20:14,799 - INFO - Table 3 for UNLB: 11r x 4c
2026-03-26 12:20:14,800 - INFO - Table 4 for UNLB: 11r x 4c
2026-03-26 12:20:14,801 - INFO - Table 5 for UNLB: 13r x 11c
2026-03-26 12:20:19,293 - INFO - Found 5 tables for UPCL
2026-03-26 12:20:19,303 - INFO - Table 3 for UPCL: 11r x 4c
2026-03-26 12:20:19,304 - INFO - Table 4 for UPCL: 15r x 4c
2026-03-26 12:20:19,305 - INFO - Table 5 for UPCL: 13r x 11c
2026-03-26 12:20:23,514 - INFO - Found 5 tables for UPPER
2026-03-26 12:20:23,525 - INFO - Table 3 for UPPER: 11r x 4c
2026-03-26 12:20:23,526 - INFO - Table 4 for UPPER: 15r x 4c
2026-03-26 12:20:23,527 - INFO - Table 5 for UPPER: 13r x 11c
2026-03-26 12:20:28,101 - INFO - Found 5 tables for USHEC
2026-03-26 12:20:28,112 - INFO - Table 3 for USHEC: 11r x 4c
2026-03-26 12:20:28,113 - INFO - Table 4 for USHEC: 15r x 4c
2026-03-26 12:20:28,114 - INFO - Table 5 for USHEC: 13r x 11c
2026-03-26 12:20:32,524 - INFO - Found 5 tables for USHL
2026-03-26 12:20:32,534 - INFO - Table 3 for USHL: 11r x 4c
2026-03-26 12:20:32,535 - INFO - Table 4 for USHL: 15r x 4c
2026-03-26 12:20:32,536 - INFO - Table 5 for USHL: 13r x 11c
2026-03-26 12:20:36,705 - INFO - Found 5 tables for USLB
2026-03-26 12:20:36,716 - INFO - Table 3 for USLB: 11r x 4c
2026-03-26 12:20:36,717 - INFO - Table 4 for USLB: 11r x 4c
2026-03-26 12:20:36,718 - INFO - Table 5 for USLB: 13r x 11c
2026-03-26 12:20:41,146 - INFO - Found 5 tables for VLBS
2026-03-26 12:20:41,156 - INFO - Table 3 for VLBS: 11r x 4c
2026-03-26 12:20:41,157 - INFO - Table 4 for VLBS: 11r x 4c
2026-03-26 12:20:41,158 - INFO - Table 5 for VLBS: 13r x 11c
2026-03-26 12:20:45,659 - INFO - Found 5 tables for VLUCL
2026-03-26 12:20:45,669 - INFO - Table 3 for VLUCL: 11r x 4c
2026-03-26 12:20:45,670 - INFO - Table 4 for VLUCL: 15r x 4c
2026-03-26 12:20:45,671 - INFO - Table 5 for VLUCL: 13r x 11c
2026-03-26 12:20:50,132 - INFO - Found 5 tables for WNLB
2026-03-26 12:20:50,143 - INFO - Table 3 for WNLB: 11r x 4c
2026-03-26 12:20:50,144 - INFO - Table 4 for WNLB: 11r x 4c
2026-03-26 12:20:50,145 - INFO - Table 5 for WNLB: 13r x 11c
2026-03-26 12:20:53,910 - INFO - CSV saved: Link_Attributes.csv
2026-03-26 12:20:54,006 - INFO - CSV saved: Link_Additional.csv
2026-03-26 12:20:55,531 - INFO - Dashboard saved: index.html
2026-03-27 11:56:52,399 - INFO - Found 251 URLs
2026-03-27 11:56:57,125 - INFO - Found 5 tables for ACLBSL
2026-03-27 11:56:57,135 - INFO - Table 3 for ACLBSL: 11r x 4c
2026-03-27 11:56:57,136 - INFO - Table 4 for ACLBSL: 11r x 4c
2026-03-27 11:56:57,138 - INFO - Table 5 for ACLBSL: 13r x 11c
2026-03-27 11:57:02,499 - INFO - Found 5 tables for ADBL
2026-03-27 11:57:02,509 - INFO - Table 3 for ADBL: 11r x 4c
2026-03-27 11:57:02,510 - INFO - Table 4 for ADBL: 11r x 4c
2026-03-27 11:57:02,511 - INFO - Table 5 for ADBL: 13r x 11c
2026-03-27 11:57:07,040 - INFO - Found 5 tables for AHL
2026-03-27 11:57:07,050 - INFO - Table 3 for AHL: 11r x 4c
2026-03-27 11:57:07,051 - INFO - Table 4 for AHL: 15r x 4c
2026-03-27 11:57:07,053 - INFO - Table 5 for AHL: 13r x 11c
2026-03-27 11:57:12,263 - INFO - Found 5 tables for AHPC
2026-03-27 11:57:12,273 - INFO - Table 3 for AHPC: 11r x 4c
2026-03-27 11:57:12,274 - INFO - Table 4 for AHPC: 15r x 4c
2026-03-27 11:57:12,275 - INFO - Table 5 for AHPC: 13r x 11c
2026-03-27 11:57:18,127 - INFO - Found 5 tables for AKJCL
2026-03-27 11:57:18,137 - INFO - Table 3 for AKJCL: 11r x 4c
2026-03-27 11:57:18,138 - INFO - Table 4 for AKJCL: 15r x 4c
2026-03-27 11:57:18,140 - INFO - Table 5 for AKJCL: 13r x 11c
2026-03-27 11:57:30,707 - INFO - Found 5 tables for AKPL
2026-03-27 11:57:30,717 - INFO - Table 3 for AKPL: 11r x 4c
2026-03-27 11:57:30,718 - INFO - Table 4 for AKPL: 15r x 4c
2026-03-27 11:57:30,719 - INFO - Table 5 for AKPL: 13r x 11c
2026-03-27 11:57:36,906 - INFO - Found 5 tables for ALBSL
2026-03-27 11:57:36,916 - INFO - Table 3 for ALBSL: 11r x 4c
2026-03-27 11:57:36,917 - INFO - Table 4 for ALBSL: 11r x 4c
2026-03-27 11:57:36,918 - INFO - Table 5 for ALBSL: 13r x 11c
2026-03-27 11:57:41,432 - INFO - Found 5 tables for ALICL
2026-03-27 11:57:41,442 - INFO - Table 3 for ALICL: 11r x 4c
2026-03-27 11:57:41,443 - INFO - Table 4 for ALICL: 11r x 4c
2026-03-27 11:57:41,444 - INFO - Table 5 for ALICL: 13r x 11c
2026-03-27 11:57:46,000 - INFO - Found 5 tables for ANLB
2026-03-27 11:57:46,009 - INFO - Table 3 for ANLB: 11r x 4c
2026-03-27 11:57:46,010 - INFO - Table 4 for ANLB: 11r x 4c
2026-03-27 11:57:46,012 - INFO - Table 5 for ANLB: 13r x 11c
2026-03-27 11:57:50,673 - INFO - Found 5 tables for API
2026-03-27 11:57:50,684 - INFO - Table 3 for API: 11r x 4c
2026-03-27 11:57:50,685 - INFO - Table 4 for API: 15r x 4c
2026-03-27 11:57:50,686 - INFO - Table 5 for API: 13r x 11c
2026-03-27 11:57:55,197 - INFO - Found 5 tables for AVYAN
2026-03-27 11:57:55,207 - INFO - Table 3 for AVYAN: 11r x 4c
2026-03-27 11:57:55,208 - INFO - Table 4 for AVYAN: 11r x 4c
2026-03-27 11:57:55,209 - INFO - Table 5 for AVYAN: 13r x 11c
2026-03-27 11:57:59,728 - INFO - Found 5 tables for BARUN
2026-03-27 11:57:59,738 - INFO - Table 3 for BARUN: 11r x 4c
2026-03-27 11:57:59,739 - INFO - Table 4 for BARUN: 15r x 4c
2026-03-27 11:57:59,740 - INFO - Table 5 for BARUN: 13r x 11c
2026-03-27 11:58:04,168 - INFO - Found 4 tables for BBC
2026-03-27 11:58:04,178 - INFO - Table 3 for BBC: 11r x 4c
2026-03-27 11:58:04,179 - INFO - Table 4 for BBC: 11r x 4c
2026-03-27 11:58:08,721 - INFO - Found 5 tables for BEDC
2026-03-27 11:58:08,733 - INFO - Table 3 for BEDC: 11r x 4c
2026-03-27 11:58:08,734 - INFO - Table 4 for BEDC: 15r x 4c
2026-03-27 11:58:08,735 - INFO - Table 5 for BEDC: 13r x 11c
2026-03-27 11:58:13,238 - INFO - Found 5 tables for BFC
2026-03-27 11:58:13,248 - INFO - Table 3 for BFC: 11r x 4c
2026-03-27 11:58:13,249 - INFO - Table 4 for BFC: 11r x 4c
2026-03-27 11:58:13,250 - INFO - Table 5 for BFC: 13r x 10c
2026-03-27 11:58:17,807 - INFO - Found 5 tables for BGWT
2026-03-27 11:58:17,817 - INFO - Table 3 for BGWT: 11r x 4c
2026-03-27 11:58:17,818 - INFO - Table 4 for BGWT: 15r x 4c
2026-03-27 11:58:17,819 - INFO - Table 5 for BGWT: 13r x 11c
2026-03-27 11:58:22,364 - INFO - Found 5 tables for BHDC
2026-03-27 11:58:22,374 - INFO - Table 3 for BHDC: 11r x 4c
2026-03-27 11:58:22,375 - INFO - Table 4 for BHDC: 15r x 4c
2026-03-27 11:58:22,376 - INFO - Table 5 for BHDC: 13r x 11c
2026-03-27 11:58:26,936 - INFO - Found 5 tables for BHL
2026-03-27 11:58:26,946 - INFO - Table 3 for BHL: 11r x 4c
2026-03-27 11:58:26,947 - INFO - Table 4 for BHL: 15r x 4c
2026-03-27 11:58:26,948 - INFO - Table 5 for BHL: 13r x 11c
2026-03-27 11:58:31,473 - INFO - Found 5 tables for BHPL
2026-03-27 11:58:31,483 - INFO - Table 3 for BHPL: 11r x 4c
2026-03-27 11:58:31,485 - INFO - Table 4 for BHPL: 15r x 4c
2026-03-27 11:58:31,487 - INFO - Table 5 for BHPL: 13r x 11c
2026-03-27 11:58:35,992 - INFO - Found 5 tables for BNHC
2026-03-27 11:58:36,002 - INFO - Table 3 for BNHC: 11r x 4c
2026-03-27 11:58:36,003 - INFO - Table 4 for BNHC: 15r x 4c
2026-03-27 11:58:36,004 - INFO - Table 5 for BNHC: 13r x 11c
2026-03-27 11:58:40,532 - INFO - Found 5 tables for BNL
2026-03-27 11:58:40,541 - INFO - Table 3 for BNL: 11r x 4c
2026-03-27 11:58:40,542 - INFO - Table 4 for BNL: 11r x 4c
2026-03-27 11:58:40,544 - INFO - Table 5 for BNL: 13r x 11c
2026-03-27 11:58:45,069 - INFO - Found 5 tables for BNT
2026-03-27 11:58:45,079 - INFO - Table 3 for BNT: 11r x 4c
2026-03-27 11:58:45,080 - INFO - Table 4 for BNT: 11r x 4c
2026-03-27 11:58:45,134 - INFO - Table 5 for BNT: 13r x 11c
2026-03-27 11:58:49,646 - INFO - Found 5 tables for BPCL
2026-03-27 11:58:49,656 - INFO - Table 3 for BPCL: 11r x 4c
2026-03-27 11:58:49,657 - INFO - Table 4 for BPCL: 15r x 4c
2026-03-27 11:58:49,658 - INFO - Table 5 for BPCL: 13r x 11c
2026-03-27 11:58:54,166 - INFO - Found 5 tables for CBBL
2026-03-27 11:58:54,176 - INFO - Table 3 for CBBL: 11r x 4c
2026-03-27 11:58:54,177 - INFO - Table 4 for CBBL: 11r x 4c
2026-03-27 11:58:54,178 - INFO - Table 5 for CBBL: 13r x 11c
2026-03-27 11:58:58,684 - INFO - Found 5 tables for CFCL
2026-03-27 11:58:58,694 - INFO - Table 3 for CFCL: 11r x 4c
2026-03-27 11:58:58,695 - INFO - Table 4 for CFCL: 11r x 4c
2026-03-27 11:58:58,696 - INFO - Table 5 for CFCL: 13r x 10c
2026-03-27 11:59:03,247 - INFO - Found 5 tables for CGH
2026-03-27 11:59:03,257 - INFO - Table 3 for CGH: 11r x 4c
2026-03-27 11:59:03,257 - INFO - Table 4 for CGH: 11r x 4c
2026-03-27 11:59:03,259 - INFO - Table 5 for CGH: 13r x 11c
2026-03-27 11:59:07,866 - INFO - Found 5 tables for CHCL
2026-03-27 11:59:07,876 - INFO - Table 3 for CHCL: 11r x 4c
2026-03-27 11:59:07,877 - INFO - Table 4 for CHCL: 15r x 4c
2026-03-27 11:59:07,879 - INFO - Table 5 for CHCL: 13r x 11c
2026-03-27 11:59:12,401 - INFO - Found 5 tables for CHDC
2026-03-27 11:59:12,411 - INFO - Table 3 for CHDC: 11r x 4c
2026-03-27 11:59:12,412 - INFO - Table 4 for CHDC: 11r x 4c
2026-03-27 11:59:12,414 - INFO - Table 5 for CHDC: 13r x 11c
2026-03-27 11:59:17,566 - INFO - Found 5 tables for CHL
2026-03-27 11:59:17,576 - INFO - Table 3 for CHL: 11r x 4c
2026-03-27 11:59:17,577 - INFO - Table 4 for CHL: 15r x 4c
2026-03-27 11:59:17,579 - INFO - Table 5 for CHL: 13r x 11c
2026-03-27 11:59:22,086 - INFO - Found 5 tables for CIT
2026-03-27 11:59:22,096 - INFO - Table 3 for CIT: 11r x 4c
2026-03-27 11:59:22,097 - INFO - Table 4 for CIT: 11r x 4c
2026-03-27 11:59:22,099 - INFO - Table 5 for CIT: 13r x 11c
2026-03-27 11:59:26,658 - INFO - Found 5 tables for CITY
2026-03-27 11:59:26,668 - INFO - Table 3 for CITY: 11r x 4c
2026-03-27 11:59:26,669 - INFO - Table 4 for CITY: 11r x 4c
2026-03-27 11:59:26,670 - INFO - Table 5 for CITY: 13r x 11c
2026-03-27 11:59:31,222 - INFO - Found 5 tables for CKHL
2026-03-27 11:59:31,232 - INFO - Table 3 for CKHL: 11r x 4c
2026-03-27 11:59:31,233 - INFO - Table 4 for CKHL: 15r x 4c
2026-03-27 11:59:31,235 - INFO - Table 5 for CKHL: 13r x 11c
2026-03-27 11:59:35,836 - INFO - Found 5 tables for CLI
2026-03-27 11:59:35,846 - INFO - Table 3 for CLI: 11r x 4c
2026-03-27 11:59:35,847 - INFO - Table 4 for CLI: 11r x 4c
2026-03-27 11:59:35,848 - INFO - Table 5 for CLI: 13r x 11c
2026-03-27 11:59:40,362 - INFO - Found 5 tables for CORBL
2026-03-27 11:59:40,372 - INFO - Table 3 for CORBL: 11r x 4c
2026-03-27 11:59:40,373 - INFO - Table 4 for CORBL: 11r x 4c
2026-03-27 11:59:40,374 - INFO - Table 5 for CORBL: 13r x 11c
2026-03-27 11:59:44,914 - INFO - Found 5 tables for CREST
2026-03-27 11:59:44,924 - INFO - Table 3 for CREST: 11r x 4c
2026-03-27 11:59:44,925 - INFO - Table 4 for CREST: 11r x 4c
2026-03-27 11:59:44,926 - INFO - Table 5 for CREST: 13r x 7c
2026-03-27 11:59:49,426 - INFO - Found 5 tables for CYCL
2026-03-27 11:59:49,437 - INFO - Table 3 for CYCL: 11r x 4c
2026-03-27 11:59:49,437 - INFO - Table 4 for CYCL: 11r x 4c
2026-03-27 11:59:49,439 - INFO - Table 5 for CYCL: 13r x 11c
2026-03-27 11:59:53,961 - INFO - Found 5 tables for CZBIL
2026-03-27 11:59:53,971 - INFO - Table 3 for CZBIL: 11r x 4c
2026-03-27 11:59:53,972 - INFO - Table 4 for CZBIL: 11r x 4c
2026-03-27 11:59:53,974 - INFO - Table 5 for CZBIL: 13r x 11c
2026-03-27 11:59:58,490 - INFO - Found 5 tables for DDBL
2026-03-27 11:59:58,499 - INFO - Table 3 for DDBL: 11r x 4c
2026-03-27 11:59:58,500 - INFO - Table 4 for DDBL: 11r x 4c
2026-03-27 11:59:58,502 - INFO - Table 5 for DDBL: 13r x 11c
2026-03-27 12:00:03,112 - INFO - Found 5 tables for DHPL
2026-03-27 12:00:03,122 - INFO - Table 3 for DHPL: 11r x 4c
2026-03-27 12:00:03,123 - INFO - Table 4 for DHPL: 15r x 4c
2026-03-27 12:00:03,124 - INFO - Table 5 for DHPL: 13r x 11c
2026-03-27 12:00:07,660 - INFO - Found 5 tables for DLBS
2026-03-27 12:00:07,670 - INFO - Table 3 for DLBS: 11r x 4c
2026-03-27 12:00:07,671 - INFO - Table 4 for DLBS: 11r x 4c
2026-03-27 12:00:07,672 - INFO - Table 5 for DLBS: 13r x 10c
2026-03-27 12:00:12,178 - INFO - Found 5 tables for DOLTI
2026-03-27 12:00:12,188 - INFO - Table 3 for DOLTI: 11r x 4c
2026-03-27 12:00:12,189 - INFO - Table 4 for DOLTI: 15r x 4c
2026-03-27 12:00:12,191 - INFO - Table 5 for DOLTI: 13r x 11c
2026-03-27 12:00:24,437 - INFO - Found 5 tables for DORDI
2026-03-27 12:00:24,447 - INFO - Table 3 for DORDI: 11r x 4c
2026-03-27 12:00:24,448 - INFO - Table 4 for DORDI: 15r x 4c
2026-03-27 12:00:24,449 - INFO - Table 5 for DORDI: 13r x 11c
2026-03-27 12:00:28,986 - INFO - Found 5 tables for EBL
2026-03-27 12:00:28,996 - INFO - Table 3 for EBL: 11r x 4c
2026-03-27 12:00:28,997 - INFO - Table 4 for EBL: 11r x 4c
2026-03-27 12:00:28,998 - INFO - Table 5 for EBL: 13r x 11c
2026-03-27 12:00:33,619 - INFO - Found 5 tables for EDBL
2026-03-27 12:00:33,630 - INFO - Table 3 for EDBL: 11r x 4c
2026-03-27 12:00:33,630 - INFO - Table 4 for EDBL: 11r x 4c
2026-03-27 12:00:33,632 - INFO - Table 5 for EDBL: 13r x 11c
2026-03-27 12:00:38,127 - INFO - Found 5 tables for EHPL
2026-03-27 12:00:38,137 - INFO - Table 3 for EHPL: 11r x 4c
2026-03-27 12:00:38,138 - INFO - Table 4 for EHPL: 15r x 4c
2026-03-27 12:00:38,140 - INFO - Table 5 for EHPL: 13r x 11c
2026-03-27 12:00:42,632 - INFO - Found 5 tables for ENL
2026-03-27 12:00:42,642 - INFO - Table 3 for ENL: 11r x 4c
2026-03-27 12:00:42,643 - INFO - Table 4 for ENL: 11r x 4c
2026-03-27 12:00:42,644 - INFO - Table 5 for ENL: 13r x 11c
2026-03-27 12:00:47,119 - INFO - Found 5 tables for FMDBL
2026-03-27 12:00:47,129 - INFO - Table 3 for FMDBL: 11r x 4c
2026-03-27 12:00:47,130 - INFO - Table 4 for FMDBL: 11r x 4c
2026-03-27 12:00:47,132 - INFO - Table 5 for FMDBL: 13r x 11c
2026-03-27 12:00:51,725 - INFO - Found 5 tables for FOWAD
2026-03-27 12:00:51,736 - INFO - Table 3 for FOWAD: 11r x 4c
2026-03-27 12:00:51,737 - INFO - Table 4 for FOWAD: 11r x 4c
2026-03-27 12:00:51,738 - INFO - Table 5 for FOWAD: 13r x 11c
2026-03-27 12:00:56,313 - INFO - Found 5 tables for GBBL
2026-03-27 12:00:56,323 - INFO - Table 3 for GBBL: 11r x 4c
2026-03-27 12:00:56,324 - INFO - Table 4 for GBBL: 11r x 4c
2026-03-27 12:00:56,326 - INFO - Table 5 for GBBL: 13r x 11c
2026-03-27 12:01:08,647 - INFO - Found 5 tables for GBIME
2026-03-27 12:01:08,657 - INFO - Table 3 for GBIME: 11r x 4c
2026-03-27 12:01:08,657 - INFO - Table 4 for GBIME: 11r x 4c
2026-03-27 12:01:08,659 - INFO - Table 5 for GBIME: 13r x 11c
2026-03-27 12:01:15,657 - INFO - Found 5 tables for GBLBS
2026-03-27 12:01:15,667 - INFO - Table 3 for GBLBS: 11r x 4c
2026-03-27 12:01:15,668 - INFO - Table 4 for GBLBS: 11r x 4c
2026-03-27 12:01:15,669 - INFO - Table 5 for GBLBS: 13r x 10c
2026-03-27 12:01:21,197 - INFO - Found 5 tables for GCIL
2026-03-27 12:01:21,206 - INFO - Table 3 for GCIL: 11r x 4c
2026-03-27 12:01:21,207 - INFO - Table 4 for GCIL: 11r x 4c
2026-03-27 12:01:21,209 - INFO - Table 5 for GCIL: 13r x 11c
2026-03-27 12:01:25,697 - INFO - Found 5 tables for GFCL
2026-03-27 12:01:25,707 - INFO - Table 3 for GFCL: 11r x 4c
2026-03-27 12:01:25,708 - INFO - Table 4 for GFCL: 11r x 4c
2026-03-27 12:01:25,710 - INFO - Table 5 for GFCL: 13r x 11c
2026-03-27 12:01:30,233 - INFO - Found 5 tables for GHL
2026-03-27 12:01:30,243 - INFO - Table 3 for GHL: 11r x 4c
2026-03-27 12:01:30,244 - INFO - Table 4 for GHL: 15r x 4c
2026-03-27 12:01:30,247 - INFO - Table 5 for GHL: 13r x 11c
2026-03-27 12:01:34,751 - INFO - Found 5 tables for GILB
2026-03-27 12:01:34,761 - INFO - Table 3 for GILB: 11r x 4c
2026-03-27 12:01:34,762 - INFO - Table 4 for GILB: 11r x 4c
2026-03-27 12:01:34,763 - INFO - Table 5 for GILB: 13r x 11c
2026-03-27 12:01:39,378 - INFO - Found 5 tables for GLBSL
2026-03-27 12:01:39,388 - INFO - Table 3 for GLBSL: 11r x 4c
2026-03-27 12:01:39,389 - INFO - Table 4 for GLBSL: 11r x 4c
2026-03-27 12:01:39,391 - INFO - Table 5 for GLBSL: 13r x 11c
2026-03-27 12:01:43,901 - INFO - Found 5 tables for GLH
2026-03-27 12:01:43,911 - INFO - Table 3 for GLH: 11r x 4c
2026-03-27 12:01:43,912 - INFO - Table 4 for GLH: 15r x 4c
2026-03-27 12:01:43,914 - INFO - Table 5 for GLH: 13r x 10c
2026-03-27 12:01:48,701 - INFO - Found 5 tables for GMFBS
2026-03-27 12:01:48,711 - INFO - Table 3 for GMFBS: 11r x 4c
2026-03-27 12:01:48,712 - INFO - Table 4 for GMFBS: 11r x 4c
2026-03-27 12:01:48,714 - INFO - Table 5 for GMFBS: 13r x 11c
2026-03-27 12:01:53,238 - INFO - Found 5 tables for GMFIL
2026-03-27 12:01:53,248 - INFO - Table 3 for GMFIL: 11r x 4c
2026-03-27 12:01:53,249 - INFO - Table 4 for GMFIL: 11r x 4c
2026-03-27 12:01:53,250 - INFO - Table 5 for GMFIL: 13r x 11c
2026-03-27 12:01:58,835 - INFO - Found 5 tables for GMLI
2026-03-27 12:01:58,845 - INFO - Table 3 for GMLI: 11r x 4c
2026-03-27 12:01:58,846 - INFO - Table 4 for GMLI: 11r x 4c
2026-03-27 12:01:58,847 - INFO - Table 5 for GMLI: 13r x 8c
2026-03-27 12:02:03,325 - INFO - Found 5 tables for GRDBL
2026-03-27 12:02:03,335 - INFO - Table 3 for GRDBL: 11r x 4c
2026-03-27 12:02:03,336 - INFO - Table 4 for GRDBL: 11r x 4c
2026-03-27 12:02:03,338 - INFO - Table 5 for GRDBL: 13r x 11c
2026-03-27 12:02:07,866 - INFO - Found 5 tables for GUFL
2026-03-27 12:02:07,876 - INFO - Table 3 for GUFL: 11r x 4c
2026-03-27 12:02:07,877 - INFO - Table 4 for GUFL: 11r x 4c
2026-03-27 12:02:07,878 - INFO - Table 5 for GUFL: 13r x 11c
2026-03-27 12:02:12,424 - INFO - Found 5 tables for GVL
2026-03-27 12:02:12,434 - INFO - Table 3 for GVL: 11r x 4c
2026-03-27 12:02:12,435 - INFO - Table 4 for GVL: 15r x 4c
2026-03-27 12:02:12,437 - INFO - Table 5 for GVL: 13r x 11c
2026-03-27 12:02:17,026 - INFO - Found 5 tables for HATHY
2026-03-27 12:02:17,036 - INFO - Table 3 for HATHY: 11r x 4c
2026-03-27 12:02:17,037 - INFO - Table 4 for HATHY: 11r x 4c
2026-03-27 12:02:17,038 - INFO - Table 5 for HATHY: 13r x 11c
2026-03-27 12:02:21,592 - INFO - Found 5 tables for HBL
2026-03-27 12:02:21,602 - INFO - Table 3 for HBL: 11r x 4c
2026-03-27 12:02:21,603 - INFO - Table 4 for HBL: 11r x 4c
2026-03-27 12:02:21,604 - INFO - Table 5 for HBL: 13r x 11c
2026-03-27 12:02:26,153 - INFO - Found 5 tables for HDHPC
2026-03-27 12:02:26,163 - INFO - Table 3 for HDHPC: 11r x 4c
2026-03-27 12:02:26,164 - INFO - Table 4 for HDHPC: 15r x 4c
2026-03-27 12:02:26,166 - INFO - Table 5 for HDHPC: 13r x 10c
2026-03-27 12:02:30,648 - INFO - Found 5 tables for HDL
2026-03-27 12:02:30,658 - INFO - Table 3 for HDL: 11r x 4c
2026-03-27 12:02:30,659 - INFO - Table 4 for HDL: 11r x 4c
2026-03-27 12:02:30,661 - INFO - Table 5 for HDL: 13r x 11c
2026-03-27 12:02:35,171 - INFO - Found 5 tables for HEI
2026-03-27 12:02:35,181 - INFO - Table 3 for HEI: 11r x 4c
2026-03-27 12:02:35,182 - INFO - Table 4 for HEI: 11r x 4c
2026-03-27 12:02:35,184 - INFO - Table 5 for HEI: 13r x 10c
2026-03-27 12:02:39,764 - INFO - Found 5 tables for HHL
2026-03-27 12:02:39,774 - INFO - Table 3 for HHL: 11r x 4c
2026-03-27 12:02:39,775 - INFO - Table 4 for HHL: 15r x 4c
2026-03-27 12:02:39,777 - INFO - Table 5 for HHL: 13r x 11c
2026-03-27 12:02:51,893 - INFO - Found 5 tables for HIDCL
2026-03-27 12:02:51,903 - INFO - Table 3 for HIDCL: 11r x 4c
2026-03-27 12:02:51,904 - INFO - Table 4 for HIDCL: 11r x 4c
2026-03-27 12:02:51,906 - INFO - Table 5 for HIDCL: 13r x 11c
2026-03-27 12:02:56,420 - INFO - Found 5 tables for HLBSL
2026-03-27 12:02:56,430 - INFO - Table 3 for HLBSL: 11r x 4c
2026-03-27 12:02:56,431 - INFO - Table 4 for HLBSL: 11r x 4c
2026-03-27 12:02:56,432 - INFO - Table 5 for HLBSL: 13r x 11c
2026-03-27 12:03:00,977 - INFO - Found 5 tables for HLI
2026-03-27 12:03:00,987 - INFO - Table 3 for HLI: 11r x 4c
2026-03-27 12:03:00,988 - INFO - Table 4 for HLI: 11r x 4c
2026-03-27 12:03:00,989 - INFO - Table 5 for HLI: 13r x 11c
2026-03-27 12:03:05,507 - INFO - Found 5 tables for HPPL
2026-03-27 12:03:05,517 - INFO - Table 3 for HPPL: 11r x 4c
2026-03-27 12:03:05,518 - INFO - Table 4 for HPPL: 15r x 4c
2026-03-27 12:03:05,520 - INFO - Table 5 for HPPL: 13r x 11c
2026-03-27 12:03:10,072 - INFO - Found 5 tables for HRL
2026-03-27 12:03:10,082 - INFO - Table 3 for HRL: 11r x 4c
2026-03-27 12:03:10,083 - INFO - Table 4 for HRL: 11r x 4c
2026-03-27 12:03:10,085 - INFO - Table 5 for HRL: 13r x 11c
2026-03-27 12:03:14,650 - INFO - Found 5 tables for HURJA
2026-03-27 12:03:14,660 - INFO - Table 3 for HURJA: 11r x 4c
2026-03-27 12:03:14,661 - INFO - Table 4 for HURJA: 15r x 4c
2026-03-27 12:03:14,662 - INFO - Table 5 for HURJA: 13r x 11c
2026-03-27 12:03:26,800 - INFO - Found 5 tables for ICFC
2026-03-27 12:03:26,810 - INFO - Table 3 for ICFC: 11r x 4c
2026-03-27 12:03:26,811 - INFO - Table 4 for ICFC: 11r x 4c
2026-03-27 12:03:26,812 - INFO - Table 5 for ICFC: 13r x 11c
2026-03-27 12:03:31,350 - INFO - Found 5 tables for IGI
2026-03-27 12:03:31,360 - INFO - Table 3 for IGI: 11r x 4c
2026-03-27 12:03:31,361 - INFO - Table 4 for IGI: 11r x 4c
2026-03-27 12:03:31,363 - INFO - Table 5 for IGI: 13r x 11c
2026-03-27 12:03:35,858 - INFO - Found 5 tables for IHL
2026-03-27 12:03:35,869 - INFO - Table 3 for IHL: 11r x 4c
2026-03-27 12:03:35,870 - INFO - Table 4 for IHL: 15r x 4c
2026-03-27 12:03:35,871 - INFO - Table 5 for IHL: 13r x 11c
2026-03-27 12:03:40,402 - INFO - Found 5 tables for ILBS
2026-03-27 12:03:40,412 - INFO - Table 3 for ILBS: 11r x 4c
2026-03-27 12:03:40,413 - INFO - Table 4 for ILBS: 11r x 4c
2026-03-27 12:03:40,414 - INFO - Table 5 for ILBS: 13r x 11c
2026-03-27 12:03:44,866 - INFO - Found 5 tables for ILI
2026-03-27 12:03:44,876 - INFO - Table 3 for ILI: 11r x 4c
2026-03-27 12:03:44,877 - INFO - Table 4 for ILI: 11r x 4c
2026-03-27 12:03:44,878 - INFO - Table 5 for ILI: 13r x 11c
2026-03-27 12:03:49,457 - INFO - Found 5 tables for JBBL
2026-03-27 12:03:49,467 - INFO - Table 3 for JBBL: 11r x 4c
2026-03-27 12:03:49,468 - INFO - Table 4 for JBBL: 11r x 4c
2026-03-27 12:03:49,470 - INFO - Table 5 for JBBL: 13r x 11c
2026-03-27 12:03:53,998 - INFO - Found 5 tables for JBLB
2026-03-27 12:03:54,008 - INFO - Table 3 for JBLB: 11r x 4c
2026-03-27 12:03:54,009 - INFO - Table 4 for JBLB: 11r x 4c
2026-03-27 12:03:54,010 - INFO - Table 5 for JBLB: 13r x 11c
2026-03-27 12:03:58,546 - INFO - Found 5 tables for JFL
2026-03-27 12:03:58,557 - INFO - Table 3 for JFL: 11r x 4c
2026-03-27 12:03:58,557 - INFO - Table 4 for JFL: 11r x 4c
2026-03-27 12:03:58,559 - INFO - Table 5 for JFL: 13r x 11c
2026-03-27 12:04:03,057 - INFO - Found 5 tables for JOSHI
2026-03-27 12:04:03,067 - INFO - Table 3 for JOSHI: 11r x 4c
2026-03-27 12:04:03,068 - INFO - Table 4 for JOSHI: 15r x 4c
2026-03-27 12:04:03,070 - INFO - Table 5 for JOSHI: 13r x 10c
2026-03-27 12:04:07,601 - INFO - Found 5 tables for JSLBB
2026-03-27 12:04:07,611 - INFO - Table 3 for JSLBB: 11r x 4c
2026-03-27 12:04:07,612 - INFO - Table 4 for JSLBB: 11r x 4c
2026-03-27 12:04:07,614 - INFO - Table 5 for JSLBB: 13r x 11c
2026-03-27 12:04:12,176 - INFO - Found 5 tables for KBL
2026-03-27 12:04:12,186 - INFO - Table 3 for KBL: 11r x 4c
2026-03-27 12:04:12,187 - INFO - Table 4 for KBL: 11r x 4c
2026-03-27 12:04:12,189 - INFO - Table 5 for KBL: 13r x 11c
2026-03-27 12:04:16,808 - INFO - Found 5 tables for KBSH
2026-03-27 12:04:16,818 - INFO - Table 3 for KBSH: 11r x 4c
2026-03-27 12:04:16,819 - INFO - Table 4 for KBSH: 15r x 4c
2026-03-27 12:04:16,820 - INFO - Table 5 for KBSH: 13r x 11c
2026-03-27 12:04:21,286 - INFO - Found 5 tables for KDL
2026-03-27 12:04:21,296 - INFO - Table 3 for KDL: 11r x 4c
2026-03-27 12:04:21,297 - INFO - Table 4 for KDL: 11r x 4c
2026-03-27 12:04:21,298 - INFO - Table 5 for KDL: 13r x 11c
2026-03-27 12:04:25,823 - INFO - Found 5 tables for KKHC
2026-03-27 12:04:25,833 - INFO - Table 3 for KKHC: 11r x 4c
2026-03-27 12:04:25,834 - INFO - Table 4 for KKHC: 15r x 4c
2026-03-27 12:04:25,836 - INFO - Table 5 for KKHC: 13r x 11c
2026-03-27 12:04:30,414 - INFO - Found 5 tables for KMCDB
2026-03-27 12:04:30,424 - INFO - Table 3 for KMCDB: 11r x 4c
2026-03-27 12:04:30,425 - INFO - Table 4 for KMCDB: 11r x 4c
2026-03-27 12:04:30,426 - INFO - Table 5 for KMCDB: 13r x 11c
2026-03-27 12:04:34,926 - INFO - Found 5 tables for KPCL
2026-03-27 12:04:34,936 - INFO - Table 3 for KPCL: 11r x 4c
2026-03-27 12:04:34,937 - INFO - Table 4 for KPCL: 15r x 4c
2026-03-27 12:04:34,938 - INFO - Table 5 for KPCL: 13r x 11c
2026-03-27 12:04:39,385 - INFO - Found 5 tables for KSBBL
2026-03-27 12:04:39,395 - INFO - Table 3 for KSBBL: 11r x 4c
2026-03-27 12:04:39,396 - INFO - Table 4 for KSBBL: 11r x 4c
2026-03-27 12:04:39,398 - INFO - Table 5 for KSBBL: 13r x 11c
2026-03-27 12:04:43,903 - INFO - Found 5 tables for LBBL
2026-03-27 12:04:43,913 - INFO - Table 3 for LBBL: 11r x 4c
2026-03-27 12:04:43,914 - INFO - Table 4 for LBBL: 11r x 4c
2026-03-27 12:04:43,916 - INFO - Table 5 for LBBL: 13r x 11c
2026-03-27 12:04:48,468 - INFO - Found 5 tables for LEC
2026-03-27 12:04:48,478 - INFO - Table 3 for LEC: 11r x 4c
2026-03-27 12:04:48,479 - INFO - Table 4 for LEC: 15r x 4c
2026-03-27 12:04:48,481 - INFO - Table 5 for LEC: 13r x 11c
2026-03-27 12:04:52,979 - INFO - Found 5 tables for LICN
2026-03-27 12:04:52,989 - INFO - Table 3 for LICN: 11r x 4c
2026-03-27 12:04:52,990 - INFO - Table 4 for LICN: 11r x 4c
2026-03-27 12:04:52,991 - INFO - Table 5 for LICN: 13r x 11c
2026-03-27 12:04:57,592 - INFO - Found 5 tables for LLBS
2026-03-27 12:04:57,602 - INFO - Table 3 for LLBS: 11r x 4c
2026-03-27 12:04:57,603 - INFO - Table 4 for LLBS: 11r x 4c
2026-03-27 12:04:57,604 - INFO - Table 5 for LLBS: 13r x 11c
2026-03-27 12:05:02,136 - INFO - Found 5 tables for LSL
2026-03-27 12:05:02,146 - INFO - Table 3 for LSL: 11r x 4c
2026-03-27 12:05:02,147 - INFO - Table 4 for LSL: 11r x 4c
2026-03-27 12:05:02,148 - INFO - Table 5 for LSL: 13r x 11c
2026-03-27 12:05:06,704 - INFO - Found 5 tables for MAKAR
2026-03-27 12:05:06,714 - INFO - Table 3 for MAKAR: 11r x 4c
2026-03-27 12:05:06,715 - INFO - Table 4 for MAKAR: 15r x 4c
2026-03-27 12:05:06,716 - INFO - Table 5 for MAKAR: 13r x 11c
2026-03-27 12:05:11,284 - INFO - Found 5 tables for MANDU
2026-03-27 12:05:11,294 - INFO - Table 3 for MANDU: 11r x 4c
2026-03-27 12:05:11,295 - INFO - Table 4 for MANDU: 15r x 4c
2026-03-27 12:05:11,297 - INFO - Table 5 for MANDU: 13r x 11c
2026-03-27 12:05:15,804 - INFO - Found 5 tables for MATRI
2026-03-27 12:05:15,814 - INFO - Table 3 for MATRI: 11r x 4c
2026-03-27 12:05:15,815 - INFO - Table 4 for MATRI: 11r x 4c
2026-03-27 12:05:15,816 - INFO - Table 5 for MATRI: 13r x 10c
2026-03-27 12:05:20,325 - INFO - Found 5 tables for MBJC
2026-03-27 12:05:20,335 - INFO - Table 3 for MBJC: 11r x 4c
2026-03-27 12:05:20,336 - INFO - Table 4 for MBJC: 15r x 4c
2026-03-27 12:05:20,338 - INFO - Table 5 for MBJC: 13r x 11c
2026-03-27 12:05:24,883 - INFO - Found 5 tables for MBL
2026-03-27 12:05:24,893 - INFO - Table 3 for MBL: 11r x 4c
2026-03-27 12:05:24,894 - INFO - Table 4 for MBL: 11r x 4c
2026-03-27 12:05:24,896 - INFO - Table 5 for MBL: 13r x 11c
2026-03-27 12:05:29,374 - INFO - Found 5 tables for MCHL
2026-03-27 12:05:29,384 - INFO - Table 3 for MCHL: 11r x 4c
2026-03-27 12:05:29,385 - INFO - Table 4 for MCHL: 15r x 4c
2026-03-27 12:05:29,387 - INFO - Table 5 for MCHL: 13r x 11c
2026-03-27 12:05:34,171 - INFO - Found 5 tables for MDB
2026-03-27 12:05:34,181 - INFO - Table 3 for MDB: 11r x 4c
2026-03-27 12:05:34,182 - INFO - Table 4 for MDB: 11r x 4c
2026-03-27 12:05:34,183 - INFO - Table 5 for MDB: 13r x 11c
2026-03-27 12:05:38,734 - INFO - Found 5 tables for MEHL
2026-03-27 12:05:38,743 - INFO - Table 3 for MEHL: 11r x 4c
2026-03-27 12:05:38,744 - INFO - Table 4 for MEHL: 15r x 4c
2026-03-27 12:05:38,746 - INFO - Table 5 for MEHL: 13r x 11c
2026-03-27 12:05:43,271 - INFO - Found 5 tables for MEL
2026-03-27 12:05:43,281 - INFO - Table 3 for MEL: 11r x 4c
2026-03-27 12:05:43,282 - INFO - Table 4 for MEL: 15r x 4c
2026-03-27 12:05:43,283 - INFO - Table 5 for MEL: 13r x 11c
2026-03-27 12:05:47,859 - INFO - Found 5 tables for MEN
2026-03-27 12:05:47,869 - INFO - Table 3 for MEN: 11r x 4c
2026-03-27 12:05:47,870 - INFO - Table 4 for MEN: 15r x 4c
2026-03-27 12:05:47,871 - INFO - Table 5 for MEN: 13r x 11c
2026-03-27 12:05:52,345 - INFO - Found 5 tables for MERO
2026-03-27 12:05:52,355 - INFO - Table 3 for MERO: 11r x 4c
2026-03-27 12:05:52,356 - INFO - Table 4 for MERO: 11r x 4c
2026-03-27 12:05:52,357 - INFO - Table 5 for MERO: 13r x 11c
2026-03-27 12:05:56,887 - INFO - Found 5 tables for MFIL
2026-03-27 12:05:56,897 - INFO - Table 3 for MFIL: 11r x 4c
2026-03-27 12:05:56,898 - INFO - Table 4 for MFIL: 11r x 4c
2026-03-27 12:05:56,900 - INFO - Table 5 for MFIL: 13r x 11c
2026-03-27 12:06:01,417 - INFO - Found 5 tables for MHCL
2026-03-27 12:06:01,427 - INFO - Table 3 for MHCL: 11r x 4c
2026-03-27 12:06:01,428 - INFO - Table 4 for MHCL: 15r x 4c
2026-03-27 12:06:01,429 - INFO - Table 5 for MHCL: 13r x 11c
2026-03-27 12:06:06,008 - INFO - Found 5 tables for MHL
2026-03-27 12:06:06,018 - INFO - Table 3 for MHL: 11r x 4c
2026-03-27 12:06:06,019 - INFO - Table 4 for MHL: 15r x 4c
2026-03-27 12:06:06,020 - INFO - Table 5 for MHL: 13r x 11c
2026-03-27 12:06:10,526 - INFO - Found 5 tables for MHNL
2026-03-27 12:06:10,536 - INFO - Table 3 for MHNL: 11r x 4c
2026-03-27 12:06:10,537 - INFO - Table 4 for MHNL: 15r x 4c
2026-03-27 12:06:10,538 - INFO - Table 5 for MHNL: 13r x 11c
2026-03-27 12:06:15,034 - INFO - Found 5 tables for MKCL
2026-03-27 12:06:15,044 - INFO - Table 3 for MKCL: 11r x 4c
2026-03-27 12:06:15,045 - INFO - Table 4 for MKCL: 11r x 4c
2026-03-27 12:06:15,046 - INFO - Table 5 for MKCL: 13r x 11c
2026-03-27 12:06:19,902 - INFO - Found 5 tables for MKHC
2026-03-27 12:06:19,912 - INFO - Table 3 for MKHC: 11r x 4c
2026-03-27 12:06:19,913 - INFO - Table 4 for MKHC: 15r x 4c
2026-03-27 12:06:19,915 - INFO - Table 5 for MKHC: 13r x 11c
2026-03-27 12:06:24,506 - INFO - Found 5 tables for MKHL
2026-03-27 12:06:24,516 - INFO - Table 3 for MKHL: 11r x 4c
2026-03-27 12:06:24,517 - INFO - Table 4 for MKHL: 15r x 4c
2026-03-27 12:06:24,519 - INFO - Table 5 for MKHL: 13r x 11c
2026-03-27 12:06:36,941 - INFO - Found 5 tables for MKJC
2026-03-27 12:06:36,951 - INFO - Table 3 for MKJC: 11r x 4c
2026-03-27 12:06:36,952 - INFO - Table 4 for MKJC: 15r x 4c
2026-03-27 12:06:36,953 - INFO - Table 5 for MKJC: 13r x 10c
2026-03-27 12:06:41,468 - INFO - Found 5 tables for MLBBL
2026-03-27 12:06:41,478 - INFO - Table 3 for MLBBL: 11r x 4c
2026-03-27 12:06:41,479 - INFO - Table 4 for MLBBL: 11r x 4c
2026-03-27 12:06:41,481 - INFO - Table 5 for MLBBL: 13r x 11c
2026-03-27 12:06:45,984 - INFO - Found 5 tables for MLBL
2026-03-27 12:06:45,994 - INFO - Table 3 for MLBL: 11r x 4c
2026-03-27 12:06:45,995 - INFO - Table 4 for MLBL: 11r x 4c
2026-03-27 12:06:45,996 - INFO - Table 5 for MLBL: 13r x 11c
2026-03-27 12:06:51,321 - INFO - Found 5 tables for MLBS
2026-03-27 12:06:51,331 - INFO - Table 3 for MLBS: 11r x 4c
2026-03-27 12:06:51,332 - INFO - Table 4 for MLBS: 11r x 4c
2026-03-27 12:06:51,334 - INFO - Table 5 for MLBS: 13r x 11c
2026-03-27 12:06:55,828 - INFO - Found 5 tables for MLBSL
2026-03-27 12:06:55,839 - INFO - Table 3 for MLBSL: 11r x 4c
2026-03-27 12:06:55,840 - INFO - Table 4 for MLBSL: 11r x 4c
2026-03-27 12:06:55,841 - INFO - Table 5 for MLBSL: 13r x 11c
2026-03-27 12:07:00,489 - INFO - Found 5 tables for MMKJL
2026-03-27 12:07:00,502 - INFO - Table 3 for MMKJL: 11r x 4c
2026-03-27 12:07:00,503 - INFO - Table 4 for MMKJL: 15r x 4c
2026-03-27 12:07:00,504 - INFO - Table 5 for MMKJL: 13r x 11c
2026-03-27 12:07:05,081 - INFO - Found 5 tables for MNBBL
2026-03-27 12:07:05,091 - INFO - Table 3 for MNBBL: 11r x 4c
2026-03-27 12:07:05,092 - INFO - Table 4 for MNBBL: 11r x 4c
2026-03-27 12:07:05,094 - INFO - Table 5 for MNBBL: 13r x 11c
2026-03-27 12:07:09,670 - INFO - Found 5 tables for MPFL
2026-03-27 12:07:09,680 - INFO - Table 3 for MPFL: 11r x 4c
2026-03-27 12:07:09,681 - INFO - Table 4 for MPFL: 11r x 4c
2026-03-27 12:07:09,682 - INFO - Table 5 for MPFL: 13r x 11c
2026-03-27 12:07:14,171 - INFO - Found 5 tables for MSHL
2026-03-27 12:07:14,181 - INFO - Table 3 for MSHL: 11r x 4c
2026-03-27 12:07:14,182 - INFO - Table 4 for MSHL: 15r x 4c
2026-03-27 12:07:14,183 - INFO - Table 5 for MSHL: 13r x 11c
2026-03-27 12:07:18,702 - INFO - Found 5 tables for MSLB
2026-03-27 12:07:18,712 - INFO - Table 3 for MSLB: 11r x 4c
2026-03-27 12:07:18,713 - INFO - Table 4 for MSLB: 11r x 4c
2026-03-27 12:07:18,715 - INFO - Table 5 for MSLB: 13r x 11c
2026-03-27 12:07:23,216 - INFO - Found 5 tables for NABBC
2026-03-27 12:07:23,226 - INFO - Table 3 for NABBC: 11r x 4c
2026-03-27 12:07:23,227 - INFO - Table 4 for NABBC: 11r x 4c
2026-03-27 12:07:23,228 - INFO - Table 5 for NABBC: 13r x 11c
2026-03-27 12:07:27,725 - INFO - Found 5 tables for NABIL
2026-03-27 12:07:27,735 - INFO - Table 3 for NABIL: 11r x 4c
2026-03-27 12:07:27,736 - INFO - Table 4 for NABIL: 11r x 4c
2026-03-27 12:07:27,737 - INFO - Table 5 for NABIL: 13r x 11c
2026-03-27 12:07:32,326 - INFO - Found 5 tables for NADEP
2026-03-27 12:07:32,336 - INFO - Table 3 for NADEP: 11r x 4c
2026-03-27 12:07:32,337 - INFO - Table 4 for NADEP: 11r x 4c
2026-03-27 12:07:32,339 - INFO - Table 5 for NADEP: 13r x 11c
2026-03-27 12:07:36,845 - INFO - Found 5 tables for NBL
2026-03-27 12:07:36,855 - INFO - Table 3 for NBL: 11r x 4c
2026-03-27 12:07:36,856 - INFO - Table 4 for NBL: 11r x 4c
2026-03-27 12:07:36,858 - INFO - Table 5 for NBL: 13r x 11c
2026-03-27 12:07:41,417 - INFO - Found 5 tables for NESDO
2026-03-27 12:07:41,427 - INFO - Table 3 for NESDO: 11r x 4c
2026-03-27 12:07:41,428 - INFO - Table 4 for NESDO: 11r x 4c
2026-03-27 12:07:41,429 - INFO - Table 5 for NESDO: 13r x 11c
2026-03-27 12:07:45,952 - INFO - Found 5 tables for NFS
2026-03-27 12:07:45,962 - INFO - Table 3 for NFS: 11r x 4c
2026-03-27 12:07:45,963 - INFO - Table 4 for NFS: 11r x 4c
2026-03-27 12:07:45,965 - INFO - Table 5 for NFS: 13r x 11c
2026-03-27 12:07:51,059 - INFO - Found 5 tables for NGPL
2026-03-27 12:07:51,069 - INFO - Table 3 for NGPL: 11r x 4c
2026-03-27 12:07:51,070 - INFO - Table 4 for NGPL: 15r x 4c
2026-03-27 12:07:51,072 - INFO - Table 5 for NGPL: 13r x 11c
2026-03-27 12:07:55,602 - INFO - Found 5 tables for NHDL
2026-03-27 12:07:55,613 - INFO - Table 3 for NHDL: 11r x 4c
2026-03-27 12:07:55,614 - INFO - Table 4 for NHDL: 15r x 4c
2026-03-27 12:07:55,615 - INFO - Table 5 for NHDL: 13r x 11c
2026-03-27 12:08:00,120 - INFO - Found 5 tables for NHPC
2026-03-27 12:08:00,130 - INFO - Table 3 for NHPC: 11r x 4c
2026-03-27 12:08:00,131 - INFO - Table 4 for NHPC: 15r x 4c
2026-03-27 12:08:00,132 - INFO - Table 5 for NHPC: 13r x 11c
2026-03-27 12:08:04,647 - INFO - Found 5 tables for NICA
2026-03-27 12:08:04,657 - INFO - Table 3 for NICA: 11r x 4c
2026-03-27 12:08:04,658 - INFO - Table 4 for NICA: 11r x 4c
2026-03-27 12:08:04,659 - INFO - Table 5 for NICA: 13r x 11c
2026-03-27 12:08:09,240 - INFO - Found 5 tables for NICL
2026-03-27 12:08:09,250 - INFO - Table 3 for NICL: 11r x 4c
2026-03-27 12:08:09,251 - INFO - Table 4 for NICL: 11r x 4c
2026-03-27 12:08:09,252 - INFO - Table 5 for NICL: 13r x 11c
2026-03-27 12:08:13,739 - INFO - Found 5 tables for NICLBSL
2026-03-27 12:08:13,749 - INFO - Table 3 for NICLBSL: 11r x 4c
2026-03-27 12:08:13,750 - INFO - Table 4 for NICLBSL: 11r x 4c
2026-03-27 12:08:13,752 - INFO - Table 5 for NICLBSL: 13r x 11c
2026-03-27 12:08:18,302 - INFO - Found 5 tables for NIFRA
2026-03-27 12:08:18,312 - INFO - Table 3 for NIFRA: 11r x 4c
2026-03-27 12:08:18,313 - INFO - Table 4 for NIFRA: 11r x 4c
2026-03-27 12:08:18,315 - INFO - Table 5 for NIFRA: 13r x 11c
2026-03-27 12:08:22,807 - INFO - Found 5 tables for NIL
2026-03-27 12:08:22,817 - INFO - Table 3 for NIL: 11r x 4c
2026-03-27 12:08:22,818 - INFO - Table 4 for NIL: 11r x 4c
2026-03-27 12:08:22,819 - INFO - Table 5 for NIL: 13r x 10c
2026-03-27 12:08:27,387 - INFO - Found 5 tables for NIMB
2026-03-27 12:08:27,397 - INFO - Table 3 for NIMB: 11r x 4c
2026-03-27 12:08:27,398 - INFO - Table 4 for NIMB: 11r x 4c
2026-03-27 12:08:27,399 - INFO - Table 5 for NIMB: 13r x 11c
2026-03-27 12:08:31,914 - INFO - Found 5 tables for NLG
2026-03-27 12:08:31,925 - INFO - Table 3 for NLG: 11r x 4c
2026-03-27 12:08:31,926 - INFO - Table 4 for NLG: 11r x 4c
2026-03-27 12:08:31,928 - INFO - Table 5 for NLG: 13r x 11c
2026-03-27 12:08:36,443 - INFO - Found 5 tables for NLIC
2026-03-27 12:08:36,453 - INFO - Table 3 for NLIC: 11r x 4c
2026-03-27 12:08:36,454 - INFO - Table 4 for NLIC: 11r x 4c
2026-03-27 12:08:36,456 - INFO - Table 5 for NLIC: 13r x 11c
2026-03-27 12:08:41,004 - INFO - Found 5 tables for NLICL
2026-03-27 12:08:41,014 - INFO - Table 3 for NLICL: 11r x 4c
2026-03-27 12:08:41,015 - INFO - Table 4 for NLICL: 11r x 4c
2026-03-27 12:08:41,017 - INFO - Table 5 for NLICL: 13r x 11c
2026-03-27 12:08:53,894 - INFO - Found 5 tables for NLO
2026-03-27 12:08:53,904 - INFO - Table 3 for NLO: 11r x 4c
2026-03-27 12:08:53,905 - INFO - Table 4 for NLO: 11r x 4c
2026-03-27 12:08:53,906 - INFO - Table 5 for NLO: 13r x 8c
2026-03-27 12:08:58,439 - INFO - Found 5 tables for NMB
2026-03-27 12:08:58,449 - INFO - Table 3 for NMB: 11r x 4c
2026-03-27 12:08:58,450 - INFO - Table 4 for NMB: 11r x 4c
2026-03-27 12:08:58,452 - INFO - Table 5 for NMB: 13r x 11c
2026-03-27 12:09:02,960 - INFO - Found 5 tables for NMBMF
2026-03-27 12:09:02,970 - INFO - Table 3 for NMBMF: 11r x 4c
2026-03-27 12:09:02,971 - INFO - Table 4 for NMBMF: 11r x 4c
2026-03-27 12:09:02,972 - INFO - Table 5 for NMBMF: 13r x 11c
2026-03-27 12:09:07,465 - INFO - Found 5 tables for NMFBS
2026-03-27 12:09:07,475 - INFO - Table 3 for NMFBS: 11r x 4c
2026-03-27 12:09:07,476 - INFO - Table 4 for NMFBS: 11r x 4c
2026-03-27 12:09:07,477 - INFO - Table 5 for NMFBS: 13r x 11c
2026-03-27 12:09:12,003 - INFO - Found 5 tables for NMIC
2026-03-27 12:09:12,013 - INFO - Table 3 for NMIC: 11r x 4c
2026-03-27 12:09:12,014 - INFO - Table 4 for NMIC: 11r x 4c
2026-03-27 12:09:12,015 - INFO - Table 5 for NMIC: 13r x 7c
2026-03-27 12:09:16,851 - INFO - Found 5 tables for NMLBBL
2026-03-27 12:09:16,861 - INFO - Table 3 for NMLBBL: 11r x 4c
2026-03-27 12:09:16,862 - INFO - Table 4 for NMLBBL: 11r x 4c
2026-03-27 12:09:16,863 - INFO - Table 5 for NMLBBL: 13r x 10c
2026-03-27 12:09:21,370 - INFO - Found 5 tables for NRIC
2026-03-27 12:09:21,380 - INFO - Table 3 for NRIC: 11r x 4c
2026-03-27 12:09:21,381 - INFO - Table 4 for NRIC: 11r x 4c
2026-03-27 12:09:21,382 - INFO - Table 5 for NRIC: 13r x 10c
2026-03-27 12:09:25,898 - INFO - Found 5 tables for NRM
2026-03-27 12:09:25,908 - INFO - Table 3 for NRM: 11r x 4c
2026-03-27 12:09:25,909 - INFO - Table 4 for NRM: 11r x 4c
2026-03-27 12:09:25,911 - INFO - Table 5 for NRM: 13r x 11c
2026-03-27 12:09:30,407 - INFO - Found 5 tables for NRN
2026-03-27 12:09:30,417 - INFO - Table 3 for NRN: 11r x 4c
2026-03-27 12:09:30,418 - INFO - Table 4 for NRN: 11r x 4c
2026-03-27 12:09:30,420 - INFO - Table 5 for NRN: 13r x 11c
2026-03-27 12:09:34,999 - INFO - Found 5 tables for NTC
2026-03-27 12:09:35,010 - INFO - Table 3 for NTC: 11r x 4c
2026-03-27 12:09:35,011 - INFO - Table 4 for NTC: 11r x 4c
2026-03-27 12:09:35,012 - INFO - Table 5 for NTC: 13r x 11c
2026-03-27 12:09:39,515 - INFO - Found 5 tables for NUBL
2026-03-27 12:09:39,525 - INFO - Table 3 for NUBL: 11r x 4c
2026-03-27 12:09:39,526 - INFO - Table 4 for NUBL: 11r x 4c
2026-03-27 12:09:39,528 - INFO - Table 5 for NUBL: 13r x 11c
2026-03-27 12:09:44,163 - INFO - Found 5 tables for NWCL
2026-03-27 12:09:44,173 - INFO - Table 3 for NWCL: 11r x 4c
2026-03-27 12:09:44,174 - INFO - Table 4 for NWCL: 11r x 4c
2026-03-27 12:09:44,175 - INFO - Table 5 for NWCL: 13r x 11c
2026-03-27 12:09:48,751 - INFO - Found 5 tables for NYADI
2026-03-27 12:09:48,761 - INFO - Table 3 for NYADI: 11r x 4c
2026-03-27 12:09:48,762 - INFO - Table 4 for NYADI: 15r x 4c
2026-03-27 12:09:48,764 - INFO - Table 5 for NYADI: 13r x 11c
2026-03-27 12:09:53,625 - INFO - Found 5 tables for OHL
2026-03-27 12:09:53,635 - INFO - Table 3 for OHL: 11r x 4c
2026-03-27 12:09:53,636 - INFO - Table 4 for OHL: 11r x 4c
2026-03-27 12:09:53,637 - INFO - Table 5 for OHL: 13r x 11c
2026-03-27 12:09:58,150 - INFO - Found 5 tables for OMPL
2026-03-27 12:09:58,160 - INFO - Table 3 for OMPL: 11r x 4c
2026-03-27 12:09:58,161 - INFO - Table 4 for OMPL: 11r x 4c
2026-03-27 12:09:58,162 - INFO - Table 5 for OMPL: 13r x 7c
2026-03-27 12:10:02,685 - INFO - Found 5 tables for PCBL
2026-03-27 12:10:02,695 - INFO - Table 3 for PCBL: 11r x 4c
2026-03-27 12:10:02,696 - INFO - Table 4 for PCBL: 11r x 4c
2026-03-27 12:10:02,697 - INFO - Table 5 for PCBL: 13r x 11c
2026-03-27 12:10:07,233 - INFO - Found 5 tables for PFL
2026-03-27 12:10:07,243 - INFO - Table 3 for PFL: 11r x 4c
2026-03-27 12:10:07,243 - INFO - Table 4 for PFL: 11r x 4c
2026-03-27 12:10:07,245 - INFO - Table 5 for PFL: 13r x 11c
2026-03-27 12:10:11,829 - INFO - Found 5 tables for PHCL
2026-03-27 12:10:11,839 - INFO - Table 3 for PHCL: 11r x 4c
2026-03-27 12:10:11,840 - INFO - Table 4 for PHCL: 15r x 4c
2026-03-27 12:10:11,842 - INFO - Table 5 for PHCL: 13r x 11c
2026-03-27 12:10:16,437 - INFO - Found 5 tables for PMHPL
2026-03-27 12:10:16,446 - INFO - Table 3 for PMHPL: 11r x 4c
2026-03-27 12:10:16,447 - INFO - Table 4 for PMHPL: 15r x 4c
2026-03-27 12:10:16,449 - INFO - Table 5 for PMHPL: 13r x 11c
2026-03-27 12:10:21,131 - INFO - Found 5 tables for PMLI
2026-03-27 12:10:21,141 - INFO - Table 3 for PMLI: 11r x 4c
2026-03-27 12:10:21,142 - INFO - Table 4 for PMLI: 11r x 4c
2026-03-27 12:10:21,144 - INFO - Table 5 for PMLI: 13r x 11c
2026-03-27 12:10:25,680 - INFO - Found 5 tables for PPCL
2026-03-27 12:10:25,690 - INFO - Table 3 for PPCL: 11r x 4c
2026-03-27 12:10:25,691 - INFO - Table 4 for PPCL: 15r x 4c
2026-03-27 12:10:25,692 - INFO - Table 5 for PPCL: 13r x 11c
2026-03-27 12:10:30,261 - INFO - Found 5 tables for PPL
2026-03-27 12:10:30,271 - INFO - Table 3 for PPL: 11r x 4c
2026-03-27 12:10:30,272 - INFO - Table 4 for PPL: 15r x 4c
2026-03-27 12:10:30,274 - INFO - Table 5 for PPL: 13r x 11c
2026-03-27 12:10:34,810 - INFO - Found 5 tables for PRIN
2026-03-27 12:10:34,820 - INFO - Table 3 for PRIN: 11r x 4c
2026-03-27 12:10:34,821 - INFO - Table 4 for PRIN: 11r x 4c
2026-03-27 12:10:34,823 - INFO - Table 5 for PRIN: 13r x 11c
2026-03-27 12:10:39,692 - INFO - Found 5 tables for PROFL
2026-03-27 12:10:39,702 - INFO - Table 3 for PROFL: 11r x 4c
2026-03-27 12:10:39,703 - INFO - Table 4 for PROFL: 11r x 4c
2026-03-27 12:10:39,704 - INFO - Table 5 for PROFL: 13r x 11c
2026-03-27 12:10:44,259 - INFO - Found 5 tables for PRVU
2026-03-27 12:10:44,270 - INFO - Table 3 for PRVU: 11r x 4c
2026-03-27 12:10:44,270 - INFO - Table 4 for PRVU: 11r x 4c
2026-03-27 12:10:44,272 - INFO - Table 5 for PRVU: 13r x 11c
2026-03-27 12:10:48,849 - INFO - Found 5 tables for PURE
2026-03-27 12:10:48,859 - INFO - Table 3 for PURE: 11r x 4c
2026-03-27 12:10:48,860 - INFO - Table 4 for PURE: 15r x 4c
2026-03-27 12:10:48,861 - INFO - Table 5 for PURE: 13r x 6c
2026-03-27 12:10:53,448 - INFO - Found 5 tables for RADHI
2026-03-27 12:10:53,458 - INFO - Table 3 for RADHI: 11r x 4c
2026-03-27 12:10:53,459 - INFO - Table 4 for RADHI: 15r x 4c
2026-03-27 12:10:53,460 - INFO - Table 5 for RADHI: 13r x 11c
2026-03-27 12:10:57,977 - INFO - Found 5 tables for RAWA
2026-03-27 12:10:57,988 - INFO - Table 3 for RAWA: 11r x 4c
2026-03-27 12:10:57,989 - INFO - Table 4 for RAWA: 15r x 4c
2026-03-27 12:10:57,990 - INFO - Table 5 for RAWA: 13r x 11c
2026-03-27 12:11:02,555 - INFO - Found 5 tables for RBCL
2026-03-27 12:11:02,565 - INFO - Table 3 for RBCL: 11r x 4c
2026-03-27 12:11:02,566 - INFO - Table 4 for RBCL: 11r x 4c
2026-03-27 12:11:02,567 - INFO - Table 5 for RBCL: 13r x 11c
2026-03-27 12:11:07,119 - INFO - Found 5 tables for RFPL
2026-03-27 12:11:07,130 - INFO - Table 3 for RFPL: 11r x 4c
2026-03-27 12:11:07,131 - INFO - Table 4 for RFPL: 15r x 4c
2026-03-27 12:11:07,132 - INFO - Table 5 for RFPL: 13r x 10c
2026-03-27 12:11:11,767 - INFO - Found 5 tables for RHGCL
2026-03-27 12:11:11,777 - INFO - Table 3 for RHGCL: 11r x 4c
2026-03-27 12:11:11,778 - INFO - Table 4 for RHGCL: 15r x 4c
2026-03-27 12:11:11,780 - INFO - Table 5 for RHGCL: 13r x 11c
2026-03-27 12:11:16,331 - INFO - Found 5 tables for RHPL
2026-03-27 12:11:16,342 - INFO - Table 3 for RHPL: 11r x 4c
2026-03-27 12:11:16,343 - INFO - Table 4 for RHPL: 15r x 4c
2026-03-27 12:11:16,344 - INFO - Table 5 for RHPL: 13r x 11c
2026-03-27 12:11:20,870 - INFO - Found 5 tables for RIDI
2026-03-27 12:11:20,881 - INFO - Table 3 for RIDI: 11r x 4c
2026-03-27 12:11:20,882 - INFO - Table 4 for RIDI: 15r x 4c
2026-03-27 12:11:20,884 - INFO - Table 5 for RIDI: 13r x 11c
2026-03-27 12:11:25,397 - INFO - Found 5 tables for RLFL
2026-03-27 12:11:25,407 - INFO - Table 3 for RLFL: 11r x 4c
2026-03-27 12:11:25,408 - INFO - Table 4 for RLFL: 11r x 4c
2026-03-27 12:11:25,409 - INFO - Table 5 for RLFL: 13r x 11c
2026-03-27 12:11:30,545 - INFO - Found 5 tables for RNLI
2026-03-27 12:11:30,556 - INFO - Table 3 for RNLI: 11r x 4c
2026-03-27 12:11:30,556 - INFO - Table 4 for RNLI: 11r x 4c
2026-03-27 12:11:30,558 - INFO - Table 5 for RNLI: 13r x 11c
2026-03-27 12:11:35,058 - INFO - Found 5 tables for RSDC
2026-03-27 12:11:35,068 - INFO - Table 3 for RSDC: 11r x 4c
2026-03-27 12:11:35,069 - INFO - Table 4 for RSDC: 11r x 4c
2026-03-27 12:11:35,071 - INFO - Table 5 for RSDC: 13r x 11c
2026-03-27 12:11:39,605 - INFO - Found 5 tables for RURU
2026-03-27 12:11:39,616 - INFO - Table 3 for RURU: 11r x 4c
2026-03-27 12:11:39,617 - INFO - Table 4 for RURU: 15r x 4c
2026-03-27 12:11:39,618 - INFO - Table 5 for RURU: 13r x 11c
2026-03-27 12:11:44,178 - INFO - Found 5 tables for SADBL
2026-03-27 12:11:44,188 - INFO - Table 3 for SADBL: 11r x 4c
2026-03-27 12:11:44,189 - INFO - Table 4 for SADBL: 11r x 4c
2026-03-27 12:11:44,190 - INFO - Table 5 for SADBL: 13r x 11c
2026-03-27 12:11:48,794 - INFO - Found 5 tables for SAHAS
2026-03-27 12:11:48,804 - INFO - Table 3 for SAHAS: 11r x 4c
2026-03-27 12:11:48,805 - INFO - Table 4 for SAHAS: 15r x 4c
2026-03-27 12:11:48,807 - INFO - Table 5 for SAHAS: 13r x 11c
2026-03-27 12:11:53,335 - INFO - Found 5 tables for SALICO
2026-03-27 12:11:53,346 - INFO - Table 3 for SALICO: 11r x 4c
2026-03-27 12:11:53,347 - INFO - Table 4 for SALICO: 11r x 4c
2026-03-27 12:11:53,348 - INFO - Table 5 for SALICO: 13r x 11c
2026-03-27 12:11:57,850 - INFO - Found 5 tables for SAMAJ
2026-03-27 12:11:57,860 - INFO - Table 3 for SAMAJ: 11r x 4c
2026-03-27 12:11:57,861 - INFO - Table 4 for SAMAJ: 11r x 4c
2026-03-27 12:11:57,862 - INFO - Table 5 for SAMAJ: 13r x 9c
2026-03-27 12:12:02,474 - INFO - Found 5 tables for SANIMA
2026-03-27 12:12:02,484 - INFO - Table 3 for SANIMA: 11r x 4c
2026-03-27 12:12:02,485 - INFO - Table 4 for SANIMA: 11r x 4c
2026-03-27 12:12:02,486 - INFO - Table 5 for SANIMA: 13r x 11c
2026-03-27 12:12:07,032 - INFO - Found 5 tables for SANVI
2026-03-27 12:12:07,042 - INFO - Table 3 for SANVI: 11r x 4c
2026-03-27 12:12:07,043 - INFO - Table 4 for SANVI: 15r x 4c
2026-03-27 12:12:07,044 - INFO - Table 5 for SANVI: 13r x 5c
2026-03-27 12:12:11,643 - INFO - Found 5 tables for SAPDBL
2026-03-27 12:12:11,653 - INFO - Table 3 for SAPDBL: 11r x 4c
2026-03-27 12:12:11,654 - INFO - Table 4 for SAPDBL: 11r x 4c
2026-03-27 12:12:11,655 - INFO - Table 5 for SAPDBL: 13r x 11c
2026-03-27 12:12:16,181 - INFO - Found 5 tables for SARBTM
2026-03-27 12:12:16,192 - INFO - Table 3 for SARBTM: 11r x 4c
2026-03-27 12:12:16,193 - INFO - Table 4 for SARBTM: 11r x 4c
2026-03-27 12:12:16,195 - INFO - Table 5 for SARBTM: 13r x 11c
2026-03-27 12:12:20,733 - INFO - Found 5 tables for SBI
2026-03-27 12:12:20,743 - INFO - Table 3 for SBI: 11r x 4c
2026-03-27 12:12:20,744 - INFO - Table 4 for SBI: 11r x 4c
2026-03-27 12:12:20,745 - INFO - Table 5 for SBI: 13r x 11c
2026-03-27 12:12:25,272 - INFO - Found 5 tables for SBL
2026-03-27 12:12:25,282 - INFO - Table 3 for SBL: 11r x 4c
2026-03-27 12:12:25,283 - INFO - Table 4 for SBL: 11r x 4c
2026-03-27 12:12:25,284 - INFO - Table 5 for SBL: 13r x 11c
2026-03-27 12:12:37,726 - INFO - Found 5 tables for SCB
2026-03-27 12:12:37,736 - INFO - Table 3 for SCB: 11r x 4c
2026-03-27 12:12:37,737 - INFO - Table 4 for SCB: 11r x 4c
2026-03-27 12:12:37,738 - INFO - Table 5 for SCB: 13r x 11c
2026-03-27 12:12:42,279 - INFO - Found 5 tables for SFCL
2026-03-27 12:12:42,289 - INFO - Table 3 for SFCL: 11r x 4c
2026-03-27 12:12:42,290 - INFO - Table 4 for SFCL: 11r x 4c
2026-03-27 12:12:42,291 - INFO - Table 5 for SFCL: 13r x 11c
2026-03-27 12:12:46,819 - INFO - Found 5 tables for SGHC
2026-03-27 12:12:46,829 - INFO - Table 3 for SGHC: 11r x 4c
2026-03-27 12:12:46,831 - INFO - Table 4 for SGHC: 15r x 4c
2026-03-27 12:12:46,832 - INFO - Table 5 for SGHC: 13r x 11c
2026-03-27 12:12:51,369 - INFO - Found 5 tables for SGIC
2026-03-27 12:12:51,380 - INFO - Table 3 for SGIC: 11r x 4c
2026-03-27 12:12:51,381 - INFO - Table 4 for SGIC: 11r x 4c
2026-03-27 12:12:51,382 - INFO - Table 5 for SGIC: 13r x 11c
2026-03-27 12:12:55,978 - INFO - Found 5 tables for SHEL
2026-03-27 12:12:55,988 - INFO - Table 3 for SHEL: 11r x 4c
2026-03-27 12:12:55,989 - INFO - Table 4 for SHEL: 15r x 4c
2026-03-27 12:12:55,991 - INFO - Table 5 for SHEL: 13r x 11c
2026-03-27 12:13:00,561 - INFO - Found 5 tables for SHINE
2026-03-27 12:13:00,571 - INFO - Table 3 for SHINE: 11r x 4c
2026-03-27 12:13:00,572 - INFO - Table 4 for SHINE: 11r x 4c
2026-03-27 12:13:00,574 - INFO - Table 5 for SHINE: 13r x 11c
2026-03-27 12:13:05,084 - INFO - Found 5 tables for SHIVM
2026-03-27 12:13:05,095 - INFO - Table 3 for SHIVM: 11r x 4c
2026-03-27 12:13:05,096 - INFO - Table 4 for SHIVM: 11r x 4c
2026-03-27 12:13:05,098 - INFO - Table 5 for SHIVM: 13r x 11c
2026-03-27 12:13:10,062 - INFO - Found 5 tables for SHL
2026-03-27 12:13:10,073 - INFO - Table 3 for SHL: 11r x 4c
2026-03-27 12:13:10,074 - INFO - Table 4 for SHL: 11r x 4c
2026-03-27 12:13:10,075 - INFO - Table 5 for SHL: 13r x 11c
2026-03-27 12:13:14,695 - INFO - Found 5 tables for SHLB
2026-03-27 12:13:14,705 - INFO - Table 3 for SHLB: 11r x 4c
2026-03-27 12:13:14,706 - INFO - Table 4 for SHLB: 11r x 4c
2026-03-27 12:13:14,707 - INFO - Table 5 for SHLB: 13r x 11c
2026-03-27 12:13:19,286 - INFO - Found 5 tables for SHPC
2026-03-27 12:13:19,297 - INFO - Table 3 for SHPC: 11r x 4c
2026-03-27 12:13:19,298 - INFO - Table 4 for SHPC: 15r x 4c
2026-03-27 12:13:19,299 - INFO - Table 5 for SHPC: 13r x 11c
2026-03-27 12:13:23,866 - INFO - Found 5 tables for SICL
2026-03-27 12:13:23,876 - INFO - Table 3 for SICL: 11r x 4c
2026-03-27 12:13:23,878 - INFO - Table 4 for SICL: 11r x 4c
2026-03-27 12:13:23,880 - INFO - Table 5 for SICL: 13r x 11c
2026-03-27 12:13:28,434 - INFO - Found 5 tables for SIFC
2026-03-27 12:13:28,445 - INFO - Table 3 for SIFC: 11r x 4c
2026-03-27 12:13:28,445 - INFO - Table 4 for SIFC: 11r x 4c
2026-03-27 12:13:28,447 - INFO - Table 5 for SIFC: 13r x 11c
2026-03-27 12:13:33,003 - INFO - Found 5 tables for SIKLES
2026-03-27 12:13:33,013 - INFO - Table 3 for SIKLES: 11r x 4c
2026-03-27 12:13:33,014 - INFO - Table 4 for SIKLES: 15r x 4c
2026-03-27 12:13:33,016 - INFO - Table 5 for SIKLES: 13r x 11c
2026-03-27 12:13:37,537 - INFO - Found 5 tables for SINDU
2026-03-27 12:13:37,547 - INFO - Table 3 for SINDU: 11r x 4c
2026-03-27 12:13:37,548 - INFO - Table 4 for SINDU: 11r x 4c
2026-03-27 12:13:37,549 - INFO - Table 5 for SINDU: 13r x 11c
2026-03-27 12:13:42,123 - INFO - Found 5 tables for SJCL
2026-03-27 12:13:42,134 - INFO - Table 3 for SJCL: 11r x 4c
2026-03-27 12:13:42,135 - INFO - Table 4 for SJCL: 15r x 4c
2026-03-27 12:13:42,136 - INFO - Table 5 for SJCL: 13r x 11c
2026-03-27 12:13:46,657 - INFO - Found 5 tables for SJLIC
2026-03-27 12:13:46,667 - INFO - Table 3 for SJLIC: 11r x 4c
2026-03-27 12:13:46,668 - INFO - Table 4 for SJLIC: 11r x 4c
2026-03-27 12:13:46,670 - INFO - Table 5 for SJLIC: 13r x 11c
2026-03-27 12:13:51,221 - INFO - Found 5 tables for SKBBL
2026-03-27 12:13:51,231 - INFO - Table 3 for SKBBL: 11r x 4c
2026-03-27 12:13:51,232 - INFO - Table 4 for SKBBL: 11r x 4c
2026-03-27 12:13:51,234 - INFO - Table 5 for SKBBL: 13r x 11c
2026-03-27 12:13:55,871 - INFO - Found 5 tables for SLBBL
2026-03-27 12:13:55,882 - INFO - Table 3 for SLBBL: 11r x 4c
2026-03-27 12:13:55,883 - INFO - Table 4 for SLBBL: 11r x 4c
2026-03-27 12:13:55,884 - INFO - Table 5 for SLBBL: 13r x 11c
2026-03-27 12:14:00,427 - INFO - Found 5 tables for SLBSL
2026-03-27 12:14:00,437 - INFO - Table 3 for SLBSL: 11r x 4c
2026-03-27 12:14:00,438 - INFO - Table 4 for SLBSL: 11r x 4c
2026-03-27 12:14:00,440 - INFO - Table 5 for SLBSL: 13r x 11c
2026-03-27 12:14:12,622 - INFO - Found 5 tables for SMATA
2026-03-27 12:14:12,632 - INFO - Table 3 for SMATA: 11r x 4c
2026-03-27 12:14:12,633 - INFO - Table 4 for SMATA: 11r x 4c
2026-03-27 12:14:12,635 - INFO - Table 5 for SMATA: 13r x 11c
2026-03-27 12:14:17,212 - INFO - Found 5 tables for SMB
2026-03-27 12:14:17,222 - INFO - Table 3 for SMB: 11r x 4c
2026-03-27 12:14:17,223 - INFO - Table 4 for SMB: 11r x 4c
2026-03-27 12:14:17,224 - INFO - Table 5 for SMB: 13r x 11c
2026-03-27 12:14:21,827 - INFO - Found 5 tables for SMFBS
2026-03-27 12:14:21,837 - INFO - Table 3 for SMFBS: 11r x 4c
2026-03-27 12:14:21,838 - INFO - Table 4 for SMFBS: 11r x 4c
2026-03-27 12:14:21,840 - INFO - Table 5 for SMFBS: 13r x 11c
2026-03-27 12:14:26,372 - INFO - Found 5 tables for SMH
2026-03-27 12:14:26,383 - INFO - Table 3 for SMH: 11r x 4c
2026-03-27 12:14:26,384 - INFO - Table 4 for SMH: 15r x 4c
2026-03-27 12:14:26,386 - INFO - Table 5 for SMH: 13r x 11c
2026-03-27 12:14:30,929 - INFO - Found 5 tables for SMHL
2026-03-27 12:14:30,939 - INFO - Table 3 for SMHL: 11r x 4c
2026-03-27 12:14:30,940 - INFO - Table 4 for SMHL: 15r x 4c
2026-03-27 12:14:30,941 - INFO - Table 5 for SMHL: 13r x 11c
2026-03-27 12:14:35,511 - INFO - Found 5 tables for SMJC
2026-03-27 12:14:35,521 - INFO - Table 3 for SMJC: 11r x 4c
2026-03-27 12:14:35,522 - INFO - Table 4 for SMJC: 15r x 4c
2026-03-27 12:14:35,523 - INFO - Table 5 for SMJC: 13r x 11c
2026-03-27 12:14:48,045 - INFO - Found 5 tables for SMPDA
2026-03-27 12:14:48,056 - INFO - Table 3 for SMPDA: 11r x 4c
2026-03-27 12:14:48,057 - INFO - Table 4 for SMPDA: 11r x 4c
2026-03-27 12:14:48,058 - INFO - Table 5 for SMPDA: 13r x 10c
2026-03-27 12:14:52,645 - INFO - Found 5 tables for SNLI
2026-03-27 12:14:52,656 - INFO - Table 3 for SNLI: 11r x 4c
2026-03-27 12:14:52,657 - INFO - Table 4 for SNLI: 11r x 4c
2026-03-27 12:14:52,658 - INFO - Table 5 for SNLI: 13r x 11c
2026-03-27 12:14:57,276 - INFO - Found 5 tables for SONA
2026-03-27 12:14:57,286 - INFO - Table 3 for SONA: 11r x 4c
2026-03-27 12:14:57,287 - INFO - Table 4 for SONA: 11r x 4c
2026-03-27 12:14:57,289 - INFO - Table 5 for SONA: 13r x 11c
2026-03-27 12:15:01,796 - INFO - Found 5 tables for SPC
2026-03-27 12:15:01,806 - INFO - Table 3 for SPC: 11r x 4c
2026-03-27 12:15:01,807 - INFO - Table 4 for SPC: 15r x 4c
2026-03-27 12:15:01,809 - INFO - Table 5 for SPC: 13r x 11c
2026-03-27 12:15:06,455 - INFO - Found 5 tables for SPDL
2026-03-27 12:15:06,465 - INFO - Table 3 for SPDL: 11r x 4c
2026-03-27 12:15:06,466 - INFO - Table 4 for SPDL: 15r x 4c
2026-03-27 12:15:06,468 - INFO - Table 5 for SPDL: 13r x 11c
2026-03-27 12:15:11,007 - INFO - Found 5 tables for SPHL
2026-03-27 12:15:11,018 - INFO - Table 3 for SPHL: 11r x 4c
2026-03-27 12:15:11,019 - INFO - Table 4 for SPHL: 15r x 4c
2026-03-27 12:15:11,021 - INFO - Table 5 for SPHL: 13r x 11c
2026-03-27 12:15:15,561 - INFO - Found 5 tables for SPIL
2026-03-27 12:15:15,573 - INFO - Table 3 for SPIL: 11r x 4c
2026-03-27 12:15:15,574 - INFO - Table 4 for SPIL: 11r x 4c
2026-03-27 12:15:15,576 - INFO - Table 5 for SPIL: 13r x 11c
2026-03-27 12:15:20,129 - INFO - Found 5 tables for SPL
2026-03-27 12:15:20,139 - INFO - Table 3 for SPL: 11r x 4c
2026-03-27 12:15:20,140 - INFO - Table 4 for SPL: 15r x 4c
2026-03-27 12:15:20,141 - INFO - Table 5 for SPL: 13r x 11c
2026-03-27 12:15:24,782 - INFO - Found 5 tables for SRLI
2026-03-27 12:15:24,792 - INFO - Table 3 for SRLI: 11r x 4c
2026-03-27 12:15:24,793 - INFO - Table 4 for SRLI: 11r x 4c
2026-03-27 12:15:24,794 - INFO - Table 5 for SRLI: 13r x 11c
2026-03-27 12:15:36,628 - INFO - Found 5 tables for SSHL
2026-03-27 12:15:36,639 - INFO - Table 3 for SSHL: 11r x 4c
2026-03-27 12:15:36,640 - INFO - Table 4 for SSHL: 15r x 4c
2026-03-27 12:15:36,641 - INFO - Table 5 for SSHL: 13r x 10c
2026-03-27 12:15:41,194 - INFO - Found 5 tables for STC
2026-03-27 12:15:41,205 - INFO - Table 3 for STC: 11r x 4c
2026-03-27 12:15:41,206 - INFO - Table 4 for STC: 11r x 4c
2026-03-27 12:15:41,207 - INFO - Table 5 for STC: 13r x 11c
2026-03-27 12:15:45,739 - INFO - Found 5 tables for SWBBL
2026-03-27 12:15:45,749 - INFO - Table 3 for SWBBL: 11r x 4c
2026-03-27 12:15:45,750 - INFO - Table 4 for SWBBL: 11r x 4c
2026-03-27 12:15:45,751 - INFO - Table 5 for SWBBL: 13r x 11c
2026-03-27 12:15:50,338 - INFO - Found 5 tables for SWMF
2026-03-27 12:15:50,348 - INFO - Table 3 for SWMF: 11r x 4c
2026-03-27 12:15:50,349 - INFO - Table 4 for SWMF: 11r x 4c
2026-03-27 12:15:50,350 - INFO - Table 5 for SWMF: 13r x 11c
2026-03-27 12:15:54,967 - INFO - Found 5 tables for TAMOR
2026-03-27 12:15:54,977 - INFO - Table 3 for TAMOR: 11r x 4c
2026-03-27 12:15:54,978 - INFO - Table 4 for TAMOR: 15r x 4c
2026-03-27 12:15:54,980 - INFO - Table 5 for TAMOR: 13r x 11c
2026-03-27 12:15:59,493 - INFO - Found 5 tables for TPC
2026-03-27 12:15:59,504 - INFO - Table 3 for TPC: 11r x 4c
2026-03-27 12:15:59,505 - INFO - Table 4 for TPC: 15r x 4c
2026-03-27 12:15:59,507 - INFO - Table 5 for TPC: 13r x 11c
2026-03-27 12:16:04,022 - INFO - Found 5 tables for TRH
2026-03-27 12:16:04,032 - INFO - Table 3 for TRH: 11r x 4c
2026-03-27 12:16:04,033 - INFO - Table 4 for TRH: 11r x 4c
2026-03-27 12:16:04,035 - INFO - Table 5 for TRH: 13r x 11c
2026-03-27 12:16:08,574 - INFO - Found 5 tables for TSHL
2026-03-27 12:16:08,584 - INFO - Table 3 for TSHL: 11r x 4c
2026-03-27 12:16:08,585 - INFO - Table 4 for TSHL: 15r x 4c
2026-03-27 12:16:08,587 - INFO - Table 5 for TSHL: 13r x 11c
2026-03-27 12:16:13,185 - INFO - Found 5 tables for TTL
2026-03-27 12:16:13,195 - INFO - Table 3 for TTL: 11r x 4c
2026-03-27 12:16:13,196 - INFO - Table 4 for TTL: 11r x 4c
2026-03-27 12:16:13,197 - INFO - Table 5 for TTL: 13r x 6c
2026-03-27 12:16:17,761 - INFO - Found 5 tables for TVCL
2026-03-27 12:16:17,771 - INFO - Table 3 for TVCL: 11r x 4c
2026-03-27 12:16:17,772 - INFO - Table 4 for TVCL: 15r x 4c
2026-03-27 12:16:17,774 - INFO - Table 5 for TVCL: 13r x 11c
2026-03-27 12:16:22,321 - INFO - Found 5 tables for UAIL
2026-03-27 12:16:22,332 - INFO - Table 3 for UAIL: 11r x 4c
2026-03-27 12:16:22,333 - INFO - Table 4 for UAIL: 11r x 4c
2026-03-27 12:16:22,334 - INFO - Table 5 for UAIL: 13r x 11c
2026-03-27 12:16:26,882 - INFO - Found 5 tables for UHEWA
2026-03-27 12:16:26,892 - INFO - Table 3 for UHEWA: 11r x 4c
2026-03-27 12:16:26,893 - INFO - Table 4 for UHEWA: 15r x 4c
2026-03-27 12:16:26,894 - INFO - Table 5 for UHEWA: 13r x 11c
2026-03-27 12:16:31,465 - INFO - Found 5 tables for ULBSL
2026-03-27 12:16:31,475 - INFO - Table 3 for ULBSL: 11r x 4c
2026-03-27 12:16:31,476 - INFO - Table 4 for ULBSL: 11r x 4c
2026-03-27 12:16:31,477 - INFO - Table 5 for ULBSL: 13r x 11c
2026-03-27 12:16:35,957 - INFO - Found 5 tables for ULHC
2026-03-27 12:16:35,967 - INFO - Table 3 for ULHC: 11r x 4c
2026-03-27 12:16:35,968 - INFO - Table 4 for ULHC: 15r x 4c
2026-03-27 12:16:35,970 - INFO - Table 5 for ULHC: 13r x 6c
2026-03-27 12:16:40,474 - INFO - Found 5 tables for UMHL
2026-03-27 12:16:40,484 - INFO - Table 3 for UMHL: 11r x 4c
2026-03-27 12:16:40,485 - INFO - Table 4 for UMHL: 15r x 4c
2026-03-27 12:16:40,487 - INFO - Table 5 for UMHL: 13r x 11c
2026-03-27 12:16:45,007 - INFO - Found 5 tables for UMRH
2026-03-27 12:16:45,017 - INFO - Table 3 for UMRH: 11r x 4c
2026-03-27 12:16:45,018 - INFO - Table 4 for UMRH: 15r x 4c
2026-03-27 12:16:45,020 - INFO - Table 5 for UMRH: 13r x 11c
2026-03-27 12:16:49,592 - INFO - Found 5 tables for UNHPL
2026-03-27 12:16:49,602 - INFO - Table 3 for UNHPL: 11r x 4c
2026-03-27 12:16:49,603 - INFO - Table 4 for UNHPL: 15r x 4c
2026-03-27 12:16:49,604 - INFO - Table 5 for UNHPL: 13r x 11c
2026-03-27 12:16:54,115 - INFO - Found 5 tables for UNL
2026-03-27 12:16:54,126 - INFO - Table 3 for UNL: 11r x 4c
2026-03-27 12:16:54,126 - INFO - Table 4 for UNL: 11r x 4c
2026-03-27 12:16:54,128 - INFO - Table 5 for UNL: 13r x 11c
2026-03-27 12:16:58,991 - INFO - Found 5 tables for UNLB
2026-03-27 12:16:59,001 - INFO - Table 3 for UNLB: 11r x 4c
2026-03-27 12:16:59,002 - INFO - Table 4 for UNLB: 11r x 4c
2026-03-27 12:16:59,003 - INFO - Table 5 for UNLB: 13r x 11c
2026-03-27 12:17:03,591 - INFO - Found 5 tables for UPCL
2026-03-27 12:17:03,602 - INFO - Table 3 for UPCL: 11r x 4c
2026-03-27 12:17:03,603 - INFO - Table 4 for UPCL: 15r x 4c
2026-03-27 12:17:03,604 - INFO - Table 5 for UPCL: 13r x 11c
2026-03-27 12:17:08,221 - INFO - Found 5 tables for UPPER
2026-03-27 12:17:08,231 - INFO - Table 3 for UPPER: 11r x 4c
2026-03-27 12:17:08,232 - INFO - Table 4 for UPPER: 15r x 4c
2026-03-27 12:17:08,233 - INFO - Table 5 for UPPER: 13r x 11c
2026-03-27 12:17:12,751 - INFO - Found 5 tables for USHEC
2026-03-27 12:17:12,761 - INFO - Table 3 for USHEC: 11r x 4c
2026-03-27 12:17:12,762 - INFO - Table 4 for USHEC: 15r x 4c
2026-03-27 12:17:12,763 - INFO - Table 5 for USHEC: 13r x 11c
2026-03-27 12:17:17,057 - INFO - Found 5 tables for USHL
2026-03-27 12:17:17,068 - INFO - Table 3 for USHL: 11r x 4c
2026-03-27 12:17:17,069 - INFO - Table 4 for USHL: 15r x 4c
2026-03-27 12:17:17,070 - INFO - Table 5 for USHL: 13r x 11c
2026-03-27 12:17:21,622 - INFO - Found 5 tables for USLB
2026-03-27 12:17:21,633 - INFO - Table 3 for USLB: 11r x 4c
2026-03-27 12:17:21,634 - INFO - Table 4 for USLB: 11r x 4c
2026-03-27 12:17:21,635 - INFO - Table 5 for USLB: 13r x 11c
2026-03-27 12:17:33,921 - INFO - Found 5 tables for VLBS
2026-03-27 12:17:33,931 - INFO - Table 3 for VLBS: 11r x 4c
2026-03-27 12:17:33,932 - INFO - Table 4 for VLBS: 11r x 4c
2026-03-27 12:17:33,933 - INFO - Table 5 for VLBS: 13r x 11c
2026-03-27 12:17:38,562 - INFO - Found 5 tables for VLUCL
2026-03-27 12:17:38,573 - INFO - Table 3 for VLUCL: 11r x 4c
2026-03-27 12:17:38,574 - INFO - Table 4 for VLUCL: 15r x 4c
2026-03-27 12:17:38,576 - INFO - Table 5 for VLUCL: 13r x 11c
2026-03-27 12:17:50,203 - INFO - Found 5 tables for WNLB
2026-03-27 12:17:50,213 - INFO - Table 3 for WNLB: 11r x 4c
2026-03-27 12:17:50,214 - INFO - Table 4 for WNLB: 11r x 4c
2026-03-27 12:17:50,216 - INFO - Table 5 for WNLB: 13r x 11c
2026-03-27 12:17:53,898 - INFO - CSV saved: Link_Attributes.csv
2026-03-27 12:17:53,955 - INFO - CSV saved: Link_Additional.csv
2026-03-27 12:17:55,439 - INFO - Dashboard saved: index.html
2026-03-28 11:42:42,271 - INFO - Found 251 URLs
2026-03-28 11:42:47,720 - INFO - Found 5 tables for ACLBSL
2026-03-28 11:42:47,730 - INFO - Table 3 for ACLBSL: 11r x 4c
2026-03-28 11:42:47,731 - INFO - Table 4 for ACLBSL: 11r x 4c
2026-03-28 11:42:47,733 - INFO - Table 5 for ACLBSL: 13r x 11c
2026-03-28 11:42:52,589 - INFO - Found 5 tables for ADBL
2026-03-28 11:42:52,599 - INFO - Table 3 for ADBL: 11r x 4c
2026-03-28 11:42:52,600 - INFO - Table 4 for ADBL: 11r x 4c
2026-03-28 11:42:52,601 - INFO - Table 5 for ADBL: 13r x 11c
2026-03-28 11:42:58,327 - INFO - Found 5 tables for AHL
2026-03-28 11:42:58,337 - INFO - Table 3 for AHL: 11r x 4c
2026-03-28 11:42:58,338 - INFO - Table 4 for AHL: 15r x 4c
2026-03-28 11:42:58,340 - INFO - Table 5 for AHL: 13r x 11c
2026-03-28 11:43:02,698 - INFO - Found 5 tables for AHPC
2026-03-28 11:43:02,708 - INFO - Table 3 for AHPC: 11r x 4c
2026-03-28 11:43:02,709 - INFO - Table 4 for AHPC: 15r x 4c
2026-03-28 11:43:02,711 - INFO - Table 5 for AHPC: 13r x 11c
2026-03-28 11:43:07,832 - INFO - Found 5 tables for AKJCL
2026-03-28 11:43:07,842 - INFO - Table 3 for AKJCL: 11r x 4c
2026-03-28 11:43:07,843 - INFO - Table 4 for AKJCL: 15r x 4c
2026-03-28 11:43:07,844 - INFO - Table 5 for AKJCL: 13r x 11c
2026-03-28 11:43:12,250 - INFO - Found 5 tables for AKPL
2026-03-28 11:43:12,260 - INFO - Table 3 for AKPL: 11r x 4c
2026-03-28 11:43:12,261 - INFO - Table 4 for AKPL: 15r x 4c
2026-03-28 11:43:12,262 - INFO - Table 5 for AKPL: 13r x 11c
2026-03-28 11:43:16,640 - INFO - Found 5 tables for ALBSL
2026-03-28 11:43:16,650 - INFO - Table 3 for ALBSL: 11r x 4c
2026-03-28 11:43:16,651 - INFO - Table 4 for ALBSL: 11r x 4c
2026-03-28 11:43:16,653 - INFO - Table 5 for ALBSL: 13r x 11c
2026-03-28 11:43:20,728 - INFO - Found 5 tables for ALICL
2026-03-28 11:43:20,738 - INFO - Table 3 for ALICL: 11r x 4c
2026-03-28 11:43:20,739 - INFO - Table 4 for ALICL: 11r x 4c
2026-03-28 11:43:20,740 - INFO - Table 5 for ALICL: 13r x 11c
2026-03-28 11:43:25,105 - INFO - Found 5 tables for ANLB
2026-03-28 11:43:25,115 - INFO - Table 3 for ANLB: 11r x 4c
2026-03-28 11:43:25,116 - INFO - Table 4 for ANLB: 11r x 4c
2026-03-28 11:43:25,117 - INFO - Table 5 for ANLB: 13r x 11c
2026-03-28 11:43:30,112 - INFO - Found 5 tables for API
2026-03-28 11:43:30,122 - INFO - Table 3 for API: 11r x 4c
2026-03-28 11:43:30,123 - INFO - Table 4 for API: 15r x 4c
2026-03-28 11:43:30,125 - INFO - Table 5 for API: 13r x 11c
2026-03-28 11:43:34,494 - INFO - Found 5 tables for AVYAN
2026-03-28 11:43:34,503 - INFO - Table 3 for AVYAN: 11r x 4c
2026-03-28 11:43:34,504 - INFO - Table 4 for AVYAN: 11r x 4c
2026-03-28 11:43:34,506 - INFO - Table 5 for AVYAN: 13r x 11c
2026-03-28 11:43:38,883 - INFO - Found 5 tables for BARUN
2026-03-28 11:43:38,893 - INFO - Table 3 for BARUN: 11r x 4c
2026-03-28 11:43:38,894 - INFO - Table 4 for BARUN: 15r x 4c
2026-03-28 11:43:38,896 - INFO - Table 5 for BARUN: 13r x 11c
2026-03-28 11:43:43,799 - INFO - Found 4 tables for BBC
2026-03-28 11:43:43,809 - INFO - Table 3 for BBC: 11r x 4c
2026-03-28 11:43:43,809 - INFO - Table 4 for BBC: 11r x 4c
2026-03-28 11:43:48,155 - INFO - Found 5 tables for BEDC
2026-03-28 11:43:48,165 - INFO - Table 3 for BEDC: 11r x 4c
2026-03-28 11:43:48,166 - INFO - Table 4 for BEDC: 15r x 4c
2026-03-28 11:43:48,167 - INFO - Table 5 for BEDC: 13r x 11c
2026-03-28 11:43:52,582 - INFO - Found 5 tables for BFC
2026-03-28 11:43:52,592 - INFO - Table 3 for BFC: 11r x 4c
2026-03-28 11:43:52,593 - INFO - Table 4 for BFC: 11r x 4c
2026-03-28 11:43:52,595 - INFO - Table 5 for BFC: 13r x 10c
2026-03-28 11:43:57,046 - INFO - Found 5 tables for BGWT
2026-03-28 11:43:57,056 - INFO - Table 3 for BGWT: 11r x 4c
2026-03-28 11:43:57,057 - INFO - Table 4 for BGWT: 15r x 4c
2026-03-28 11:43:57,058 - INFO - Table 5 for BGWT: 13r x 11c
2026-03-28 11:44:01,413 - INFO - Found 5 tables for BHDC
2026-03-28 11:44:01,423 - INFO - Table 3 for BHDC: 11r x 4c
2026-03-28 11:44:01,424 - INFO - Table 4 for BHDC: 15r x 4c
2026-03-28 11:44:01,425 - INFO - Table 5 for BHDC: 13r x 11c
2026-03-28 11:44:05,631 - INFO - Found 5 tables for BHL
2026-03-28 11:44:05,641 - INFO - Table 3 for BHL: 11r x 4c
2026-03-28 11:44:05,642 - INFO - Table 4 for BHL: 15r x 4c
2026-03-28 11:44:05,643 - INFO - Table 5 for BHL: 13r x 11c
2026-03-28 11:44:09,779 - INFO - Found 5 tables for BHPL
2026-03-28 11:44:09,789 - INFO - Table 3 for BHPL: 11r x 4c
2026-03-28 11:44:09,790 - INFO - Table 4 for BHPL: 15r x 4c
2026-03-28 11:44:09,792 - INFO - Table 5 for BHPL: 13r x 11c
2026-03-28 11:44:14,172 - INFO - Found 5 tables for BNHC
2026-03-28 11:44:14,182 - INFO - Table 3 for BNHC: 11r x 4c
2026-03-28 11:44:14,183 - INFO - Table 4 for BNHC: 15r x 4c
2026-03-28 11:44:14,185 - INFO - Table 5 for BNHC: 13r x 11c
2026-03-28 11:44:18,546 - INFO - Found 5 tables for BNL
2026-03-28 11:44:18,556 - INFO - Table 3 for BNL: 11r x 4c
2026-03-28 11:44:18,556 - INFO - Table 4 for BNL: 11r x 4c
2026-03-28 11:44:18,558 - INFO - Table 5 for BNL: 13r x 11c
2026-03-28 11:44:22,609 - INFO - Found 5 tables for BNT
2026-03-28 11:44:22,619 - INFO - Table 3 for BNT: 11r x 4c
2026-03-28 11:44:22,620 - INFO - Table 4 for BNT: 11r x 4c
2026-03-28 11:44:22,676 - INFO - Table 5 for BNT: 13r x 11c
2026-03-28 11:44:27,048 - INFO - Found 5 tables for BPCL
2026-03-28 11:44:27,058 - INFO - Table 3 for BPCL: 11r x 4c
2026-03-28 11:44:27,059 - INFO - Table 4 for BPCL: 15r x 4c
2026-03-28 11:44:27,060 - INFO - Table 5 for BPCL: 13r x 11c
2026-03-28 11:44:31,430 - INFO - Found 5 tables for CBBL
2026-03-28 11:44:31,440 - INFO - Table 3 for CBBL: 11r x 4c
2026-03-28 11:44:31,441 - INFO - Table 4 for CBBL: 11r x 4c
2026-03-28 11:44:31,443 - INFO - Table 5 for CBBL: 13r x 11c
2026-03-28 11:44:35,834 - INFO - Found 5 tables for CFCL
2026-03-28 11:44:35,845 - INFO - Table 3 for CFCL: 11r x 4c
2026-03-28 11:44:35,846 - INFO - Table 4 for CFCL: 11r x 4c
2026-03-28 11:44:35,847 - INFO - Table 5 for CFCL: 13r x 10c
2026-03-28 11:44:40,200 - INFO - Found 5 tables for CGH
2026-03-28 11:44:40,210 - INFO - Table 3 for CGH: 11r x 4c
2026-03-28 11:44:40,211 - INFO - Table 4 for CGH: 11r x 4c
2026-03-28 11:44:40,212 - INFO - Table 5 for CGH: 13r x 11c
2026-03-28 11:44:44,668 - INFO - Found 5 tables for CHCL
2026-03-28 11:44:44,678 - INFO - Table 3 for CHCL: 11r x 4c
2026-03-28 11:44:44,679 - INFO - Table 4 for CHCL: 15r x 4c
2026-03-28 11:44:44,680 - INFO - Table 5 for CHCL: 13r x 11c
2026-03-28 11:44:49,048 - INFO - Found 5 tables for CHDC
2026-03-28 11:44:49,057 - INFO - Table 3 for CHDC: 11r x 4c
2026-03-28 11:44:49,058 - INFO - Table 4 for CHDC: 11r x 4c
2026-03-28 11:44:49,060 - INFO - Table 5 for CHDC: 13r x 11c
2026-03-28 11:44:53,427 - INFO - Found 5 tables for CHL
2026-03-28 11:44:53,437 - INFO - Table 3 for CHL: 11r x 4c
2026-03-28 11:44:53,438 - INFO - Table 4 for CHL: 15r x 4c
2026-03-28 11:44:53,440 - INFO - Table 5 for CHL: 13r x 11c
2026-03-28 11:44:57,806 - INFO - Found 5 tables for CIT
2026-03-28 11:44:57,816 - INFO - Table 3 for CIT: 11r x 4c
2026-03-28 11:44:57,817 - INFO - Table 4 for CIT: 11r x 4c
2026-03-28 11:44:57,819 - INFO - Table 5 for CIT: 13r x 11c
2026-03-28 11:45:02,226 - INFO - Found 5 tables for CITY
2026-03-28 11:45:02,236 - INFO - Table 3 for CITY: 11r x 4c
2026-03-28 11:45:02,237 - INFO - Table 4 for CITY: 11r x 4c
2026-03-28 11:45:02,239 - INFO - Table 5 for CITY: 13r x 11c
2026-03-28 11:45:06,363 - INFO - Found 5 tables for CKHL
2026-03-28 11:45:06,373 - INFO - Table 3 for CKHL: 11r x 4c
2026-03-28 11:45:06,374 - INFO - Table 4 for CKHL: 15r x 4c
2026-03-28 11:45:06,375 - INFO - Table 5 for CKHL: 13r x 11c
2026-03-28 11:45:10,668 - INFO - Found 5 tables for CLI
2026-03-28 11:45:10,678 - INFO - Table 3 for CLI: 11r x 4c
2026-03-28 11:45:10,679 - INFO - Table 4 for CLI: 11r x 4c
2026-03-28 11:45:10,680 - INFO - Table 5 for CLI: 13r x 11c
2026-03-28 11:45:15,029 - INFO - Found 5 tables for CORBL
2026-03-28 11:45:15,039 - INFO - Table 3 for CORBL: 11r x 4c
2026-03-28 11:45:15,040 - INFO - Table 4 for CORBL: 11r x 4c
2026-03-28 11:45:15,042 - INFO - Table 5 for CORBL: 13r x 11c
2026-03-28 11:45:19,445 - INFO - Found 5 tables for CREST
2026-03-28 11:45:19,455 - INFO - Table 3 for CREST: 11r x 4c
2026-03-28 11:45:19,456 - INFO - Table 4 for CREST: 11r x 4c
2026-03-28 11:45:19,458 - INFO - Table 5 for CREST: 13r x 7c
2026-03-28 11:45:23,799 - INFO - Found 5 tables for CYCL
2026-03-28 11:45:23,809 - INFO - Table 3 for CYCL: 11r x 4c
2026-03-28 11:45:23,810 - INFO - Table 4 for CYCL: 11r x 4c
2026-03-28 11:45:23,812 - INFO - Table 5 for CYCL: 13r x 11c
2026-03-28 11:45:28,161 - INFO - Found 5 tables for CZBIL
2026-03-28 11:45:28,170 - INFO - Table 3 for CZBIL: 11r x 4c
2026-03-28 11:45:28,171 - INFO - Table 4 for CZBIL: 11r x 4c
2026-03-28 11:45:28,173 - INFO - Table 5 for CZBIL: 13r x 11c
2026-03-28 11:45:32,534 - INFO - Found 5 tables for DDBL
2026-03-28 11:45:32,545 - INFO - Table 3 for DDBL: 11r x 4c
2026-03-28 11:45:32,546 - INFO - Table 4 for DDBL: 11r x 4c
2026-03-28 11:45:32,547 - INFO - Table 5 for DDBL: 13r x 11c
2026-03-28 11:45:36,955 - INFO - Found 5 tables for DHPL
2026-03-28 11:45:36,965 - INFO - Table 3 for DHPL: 11r x 4c
2026-03-28 11:45:36,966 - INFO - Table 4 for DHPL: 15r x 4c
2026-03-28 11:45:36,967 - INFO - Table 5 for DHPL: 13r x 11c
2026-03-28 11:45:47,839 - INFO - Found 5 tables for DLBS
2026-03-28 11:45:47,849 - INFO - Table 3 for DLBS: 11r x 4c
2026-03-28 11:45:47,850 - INFO - Table 4 for DLBS: 11r x 4c
2026-03-28 11:45:47,851 - INFO - Table 5 for DLBS: 13r x 10c
2026-03-28 11:45:52,215 - INFO - Found 5 tables for DOLTI
2026-03-28 11:45:52,225 - INFO - Table 3 for DOLTI: 11r x 4c
2026-03-28 11:45:52,226 - INFO - Table 4 for DOLTI: 15r x 4c
2026-03-28 11:45:52,227 - INFO - Table 5 for DOLTI: 13r x 11c
2026-03-28 11:45:56,601 - INFO - Found 5 tables for DORDI
2026-03-28 11:45:56,611 - INFO - Table 3 for DORDI: 11r x 4c
2026-03-28 11:45:56,612 - INFO - Table 4 for DORDI: 15r x 4c
2026-03-28 11:45:56,613 - INFO - Table 5 for DORDI: 13r x 11c
2026-03-28 11:46:00,988 - INFO - Found 5 tables for EBL
2026-03-28 11:46:01,000 - INFO - Table 3 for EBL: 11r x 4c
2026-03-28 11:46:01,001 - INFO - Table 4 for EBL: 11r x 4c
2026-03-28 11:46:01,003 - INFO - Table 5 for EBL: 13r x 11c
2026-03-28 11:46:05,500 - INFO - Found 5 tables for EDBL
2026-03-28 11:46:05,510 - INFO - Table 3 for EDBL: 11r x 4c
2026-03-28 11:46:05,510 - INFO - Table 4 for EDBL: 11r x 4c
2026-03-28 11:46:05,512 - INFO - Table 5 for EDBL: 13r x 11c
2026-03-28 11:46:09,860 - INFO - Found 5 tables for EHPL
2026-03-28 11:46:09,870 - INFO - Table 3 for EHPL: 11r x 4c
2026-03-28 11:46:09,871 - INFO - Table 4 for EHPL: 15r x 4c
2026-03-28 11:46:09,872 - INFO - Table 5 for EHPL: 13r x 11c
2026-03-28 11:46:21,471 - INFO - Found 5 tables for ENL
2026-03-28 11:46:21,481 - INFO - Table 3 for ENL: 11r x 4c
2026-03-28 11:46:21,482 - INFO - Table 4 for ENL: 11r x 4c
2026-03-28 11:46:21,483 - INFO - Table 5 for ENL: 13r x 11c
2026-03-28 11:46:25,861 - INFO - Found 5 tables for FMDBL
2026-03-28 11:46:25,871 - INFO - Table 3 for FMDBL: 11r x 4c
2026-03-28 11:46:25,871 - INFO - Table 4 for FMDBL: 11r x 4c
2026-03-28 11:46:25,873 - INFO - Table 5 for FMDBL: 13r x 11c
2026-03-28 11:46:30,314 - INFO - Found 5 tables for FOWAD
2026-03-28 11:46:30,324 - INFO - Table 3 for FOWAD: 11r x 4c
2026-03-28 11:46:30,325 - INFO - Table 4 for FOWAD: 11r x 4c
2026-03-28 11:46:30,326 - INFO - Table 5 for FOWAD: 13r x 11c
2026-03-28 11:46:34,706 - INFO - Found 5 tables for GBBL
2026-03-28 11:46:34,716 - INFO - Table 3 for GBBL: 11r x 4c
2026-03-28 11:46:34,717 - INFO - Table 4 for GBBL: 11r x 4c
2026-03-28 11:46:34,718 - INFO - Table 5 for GBBL: 13r x 11c
2026-03-28 11:46:39,080 - INFO - Found 5 tables for GBIME
2026-03-28 11:46:39,091 - INFO - Table 3 for GBIME: 11r x 4c
2026-03-28 11:46:39,092 - INFO - Table 4 for GBIME: 11r x 4c
2026-03-28 11:46:39,094 - INFO - Table 5 for GBIME: 13r x 11c
2026-03-28 11:46:43,452 - INFO - Found 5 tables for GBLBS
2026-03-28 11:46:43,462 - INFO - Table 3 for GBLBS: 11r x 4c
2026-03-28 11:46:43,462 - INFO - Table 4 for GBLBS: 11r x 4c
2026-03-28 11:46:43,464 - INFO - Table 5 for GBLBS: 13r x 10c
2026-03-28 11:46:47,891 - INFO - Found 5 tables for GCIL
2026-03-28 11:46:47,901 - INFO - Table 3 for GCIL: 11r x 4c
2026-03-28 11:46:47,902 - INFO - Table 4 for GCIL: 11r x 4c
2026-03-28 11:46:47,904 - INFO - Table 5 for GCIL: 13r x 11c
2026-03-28 11:46:52,271 - INFO - Found 5 tables for GFCL
2026-03-28 11:46:52,281 - INFO - Table 3 for GFCL: 11r x 4c
2026-03-28 11:46:52,282 - INFO - Table 4 for GFCL: 11r x 4c
2026-03-28 11:46:52,284 - INFO - Table 5 for GFCL: 13r x 11c
2026-03-28 11:46:56,659 - INFO - Found 5 tables for GHL
2026-03-28 11:46:56,669 - INFO - Table 3 for GHL: 11r x 4c
2026-03-28 11:46:56,670 - INFO - Table 4 for GHL: 15r x 4c
2026-03-28 11:46:56,671 - INFO - Table 5 for GHL: 13r x 11c
2026-03-28 11:47:01,040 - INFO - Found 5 tables for GILB
2026-03-28 11:47:01,050 - INFO - Table 3 for GILB: 11r x 4c
2026-03-28 11:47:01,051 - INFO - Table 4 for GILB: 11r x 4c
2026-03-28 11:47:01,052 - INFO - Table 5 for GILB: 13r x 11c
2026-03-28 11:47:05,462 - INFO - Found 5 tables for GLBSL
2026-03-28 11:47:05,472 - INFO - Table 3 for GLBSL: 11r x 4c
2026-03-28 11:47:05,473 - INFO - Table 4 for GLBSL: 11r x 4c
2026-03-28 11:47:05,474 - INFO - Table 5 for GLBSL: 13r x 11c
2026-03-28 11:47:09,835 - INFO - Found 5 tables for GLH
2026-03-28 11:47:09,845 - INFO - Table 3 for GLH: 11r x 4c
2026-03-28 11:47:09,846 - INFO - Table 4 for GLH: 15r x 4c
2026-03-28 11:47:09,848 - INFO - Table 5 for GLH: 13r x 10c
2026-03-28 11:47:14,180 - INFO - Found 5 tables for GMFBS
2026-03-28 11:47:14,190 - INFO - Table 3 for GMFBS: 11r x 4c
2026-03-28 11:47:14,191 - INFO - Table 4 for GMFBS: 11r x 4c
2026-03-28 11:47:14,193 - INFO - Table 5 for GMFBS: 13r x 11c
2026-03-28 11:47:18,540 - INFO - Found 5 tables for GMFIL
2026-03-28 11:47:18,550 - INFO - Table 3 for GMFIL: 11r x 4c
2026-03-28 11:47:18,551 - INFO - Table 4 for GMFIL: 11r x 4c
2026-03-28 11:47:18,552 - INFO - Table 5 for GMFIL: 13r x 11c
2026-03-28 11:47:22,878 - INFO - Found 5 tables for GMLI
2026-03-28 11:47:22,888 - INFO - Table 3 for GMLI: 11r x 4c
2026-03-28 11:47:22,889 - INFO - Table 4 for GMLI: 11r x 4c
2026-03-28 11:47:22,890 - INFO - Table 5 for GMLI: 13r x 8c
2026-03-28 11:47:26,908 - INFO - Found 5 tables for GRDBL
2026-03-28 11:47:26,919 - INFO - Table 3 for GRDBL: 11r x 4c
2026-03-28 11:47:26,920 - INFO - Table 4 for GRDBL: 11r x 4c
2026-03-28 11:47:26,921 - INFO - Table 5 for GRDBL: 13r x 11c
2026-03-28 11:47:31,290 - INFO - Found 5 tables for GUFL
2026-03-28 11:47:31,300 - INFO - Table 3 for GUFL: 11r x 4c
2026-03-28 11:47:31,301 - INFO - Table 4 for GUFL: 11r x 4c
2026-03-28 11:47:31,302 - INFO - Table 5 for GUFL: 13r x 11c
2026-03-28 11:47:35,684 - INFO - Found 5 tables for GVL
2026-03-28 11:47:35,694 - INFO - Table 3 for GVL: 11r x 4c
2026-03-28 11:47:35,695 - INFO - Table 4 for GVL: 15r x 4c
2026-03-28 11:47:35,697 - INFO - Table 5 for GVL: 13r x 11c
2026-03-28 11:47:40,034 - INFO - Found 5 tables for HATHY
2026-03-28 11:47:40,044 - INFO - Table 3 for HATHY: 11r x 4c
2026-03-28 11:47:40,045 - INFO - Table 4 for HATHY: 11r x 4c
2026-03-28 11:47:40,047 - INFO - Table 5 for HATHY: 13r x 11c
2026-03-28 11:47:44,480 - INFO - Found 5 tables for HBL
2026-03-28 11:47:44,490 - INFO - Table 3 for HBL: 11r x 4c
2026-03-28 11:47:44,491 - INFO - Table 4 for HBL: 11r x 4c
2026-03-28 11:47:44,492 - INFO - Table 5 for HBL: 13r x 11c
2026-03-28 11:47:48,865 - INFO - Found 5 tables for HDHPC
2026-03-28 11:47:48,875 - INFO - Table 3 for HDHPC: 11r x 4c
2026-03-28 11:47:48,876 - INFO - Table 4 for HDHPC: 15r x 4c
2026-03-28 11:47:48,877 - INFO - Table 5 for HDHPC: 13r x 10c
2026-03-28 11:47:53,281 - INFO - Found 5 tables for HDL
2026-03-28 11:47:53,291 - INFO - Table 3 for HDL: 11r x 4c
2026-03-28 11:47:53,292 - INFO - Table 4 for HDL: 11r x 4c
2026-03-28 11:47:53,293 - INFO - Table 5 for HDL: 13r x 11c
2026-03-28 11:48:05,312 - INFO - Found 5 tables for HEI
2026-03-28 11:48:05,322 - INFO - Table 3 for HEI: 11r x 4c
2026-03-28 11:48:05,323 - INFO - Table 4 for HEI: 11r x 4c
2026-03-28 11:48:05,324 - INFO - Table 5 for HEI: 13r x 10c
2026-03-28 11:48:09,749 - INFO - Found 5 tables for HHL
2026-03-28 11:48:09,759 - INFO - Table 3 for HHL: 11r x 4c
2026-03-28 11:48:09,760 - INFO - Table 4 for HHL: 15r x 4c
2026-03-28 11:48:09,762 - INFO - Table 5 for HHL: 13r x 11c
2026-03-28 11:48:14,121 - INFO - Found 5 tables for HIDCL
2026-03-28 11:48:14,131 - INFO - Table 3 for HIDCL: 11r x 4c
2026-03-28 11:48:14,132 - INFO - Table 4 for HIDCL: 11r x 4c
2026-03-28 11:48:14,134 - INFO - Table 5 for HIDCL: 13r x 11c
2026-03-28 11:48:26,304 - INFO - Found 5 tables for HLBSL
2026-03-28 11:48:26,314 - INFO - Table 3 for HLBSL: 11r x 4c
2026-03-28 11:48:26,315 - INFO - Table 4 for HLBSL: 11r x 4c
2026-03-28 11:48:26,316 - INFO - Table 5 for HLBSL: 13r x 11c
2026-03-28 11:48:30,636 - INFO - Found 5 tables for HLI
2026-03-28 11:48:30,646 - INFO - Table 3 for HLI: 11r x 4c
2026-03-28 11:48:30,647 - INFO - Table 4 for HLI: 11r x 4c
2026-03-28 11:48:30,648 - INFO - Table 5 for HLI: 13r x 11c
2026-03-28 11:48:35,059 - INFO - Found 5 tables for HPPL
2026-03-28 11:48:35,069 - INFO - Table 3 for HPPL: 11r x 4c
2026-03-28 11:48:35,070 - INFO - Table 4 for HPPL: 15r x 4c
2026-03-28 11:48:35,071 - INFO - Table 5 for HPPL: 13r x 11c
2026-03-28 11:48:46,127 - INFO - Found 5 tables for HRL
2026-03-28 11:48:46,138 - INFO - Table 3 for HRL: 11r x 4c
2026-03-28 11:48:46,139 - INFO - Table 4 for HRL: 11r x 4c
2026-03-28 11:48:46,141 - INFO - Table 5 for HRL: 13r x 11c
2026-03-28 11:48:50,495 - INFO - Found 5 tables for HURJA
2026-03-28 11:48:50,505 - INFO - Table 3 for HURJA: 11r x 4c
2026-03-28 11:48:50,506 - INFO - Table 4 for HURJA: 15r x 4c
2026-03-28 11:48:50,507 - INFO - Table 5 for HURJA: 13r x 11c
2026-03-28 11:48:54,847 - INFO - Found 5 tables for ICFC
2026-03-28 11:48:54,857 - INFO - Table 3 for ICFC: 11r x 4c
2026-03-28 11:48:54,858 - INFO - Table 4 for ICFC: 11r x 4c
2026-03-28 11:48:54,859 - INFO - Table 5 for ICFC: 13r x 11c
2026-03-28 11:48:59,268 - INFO - Found 5 tables for IGI
2026-03-28 11:48:59,278 - INFO - Table 3 for IGI: 11r x 4c
2026-03-28 11:48:59,279 - INFO - Table 4 for IGI: 11r x 4c
2026-03-28 11:48:59,280 - INFO - Table 5 for IGI: 13r x 11c
2026-03-28 11:49:03,636 - INFO - Found 5 tables for IHL
2026-03-28 11:49:03,646 - INFO - Table 3 for IHL: 11r x 4c
2026-03-28 11:49:03,647 - INFO - Table 4 for IHL: 15r x 4c
2026-03-28 11:49:03,649 - INFO - Table 5 for IHL: 13r x 11c
2026-03-28 11:49:08,004 - INFO - Found 5 tables for ILBS
2026-03-28 11:49:08,014 - INFO - Table 3 for ILBS: 11r x 4c
2026-03-28 11:49:08,015 - INFO - Table 4 for ILBS: 11r x 4c
2026-03-28 11:49:08,016 - INFO - Table 5 for ILBS: 13r x 11c
2026-03-28 11:49:12,407 - INFO - Found 5 tables for ILI
2026-03-28 11:49:12,417 - INFO - Table 3 for ILI: 11r x 4c
2026-03-28 11:49:12,418 - INFO - Table 4 for ILI: 11r x 4c
2026-03-28 11:49:12,419 - INFO - Table 5 for ILI: 13r x 11c
2026-03-28 11:49:16,844 - INFO - Found 5 tables for JBBL
2026-03-28 11:49:16,853 - INFO - Table 3 for JBBL: 11r x 4c
2026-03-28 11:49:16,854 - INFO - Table 4 for JBBL: 11r x 4c
2026-03-28 11:49:16,856 - INFO - Table 5 for JBBL: 13r x 11c
2026-03-28 11:49:21,211 - INFO - Found 5 tables for JBLB
2026-03-28 11:49:21,221 - INFO - Table 3 for JBLB: 11r x 4c
2026-03-28 11:49:21,222 - INFO - Table 4 for JBLB: 11r x 4c
2026-03-28 11:49:21,224 - INFO - Table 5 for JBLB: 13r x 11c
2026-03-28 11:49:25,246 - INFO - Found 5 tables for JFL
2026-03-28 11:49:25,256 - INFO - Table 3 for JFL: 11r x 4c
2026-03-28 11:49:25,257 - INFO - Table 4 for JFL: 11r x 4c
2026-03-28 11:49:25,258 - INFO - Table 5 for JFL: 13r x 11c
2026-03-28 11:49:29,632 - INFO - Found 5 tables for JOSHI
2026-03-28 11:49:29,642 - INFO - Table 3 for JOSHI: 11r x 4c
2026-03-28 11:49:29,643 - INFO - Table 4 for JOSHI: 15r x 4c
2026-03-28 11:49:29,645 - INFO - Table 5 for JOSHI: 13r x 10c
2026-03-28 11:49:33,981 - INFO - Found 5 tables for JSLBB
2026-03-28 11:49:33,991 - INFO - Table 3 for JSLBB: 11r x 4c
2026-03-28 11:49:33,992 - INFO - Table 4 for JSLBB: 11r x 4c
2026-03-28 11:49:33,993 - INFO - Table 5 for JSLBB: 13r x 11c
2026-03-28 11:49:38,410 - INFO - Found 5 tables for KBL
2026-03-28 11:49:38,420 - INFO - Table 3 for KBL: 11r x 4c
2026-03-28 11:49:38,421 - INFO - Table 4 for KBL: 11r x 4c
2026-03-28 11:49:38,422 - INFO - Table 5 for KBL: 13r x 11c
2026-03-28 11:49:42,800 - INFO - Found 5 tables for KBSH
2026-03-28 11:49:42,810 - INFO - Table 3 for KBSH: 11r x 4c
2026-03-28 11:49:42,811 - INFO - Table 4 for KBSH: 15r x 4c
2026-03-28 11:49:42,812 - INFO - Table 5 for KBSH: 13r x 11c
2026-03-28 11:49:47,163 - INFO - Found 5 tables for KDL
2026-03-28 11:49:47,173 - INFO - Table 3 for KDL: 11r x 4c
2026-03-28 11:49:47,174 - INFO - Table 4 for KDL: 11r x 4c
2026-03-28 11:49:47,176 - INFO - Table 5 for KDL: 13r x 11c
2026-03-28 11:49:51,531 - INFO - Found 5 tables for KKHC
2026-03-28 11:49:51,540 - INFO - Table 3 for KKHC: 11r x 4c
2026-03-28 11:49:51,541 - INFO - Table 4 for KKHC: 15r x 4c
2026-03-28 11:49:51,543 - INFO - Table 5 for KKHC: 13r x 11c
2026-03-28 11:49:55,977 - INFO - Found 5 tables for KMCDB
2026-03-28 11:49:55,987 - INFO - Table 3 for KMCDB: 11r x 4c
2026-03-28 11:49:55,987 - INFO - Table 4 for KMCDB: 11r x 4c
2026-03-28 11:49:55,989 - INFO - Table 5 for KMCDB: 13r x 11c
2026-03-28 11:50:00,346 - INFO - Found 5 tables for KPCL
2026-03-28 11:50:00,356 - INFO - Table 3 for KPCL: 11r x 4c
2026-03-28 11:50:00,357 - INFO - Table 4 for KPCL: 15r x 4c
2026-03-28 11:50:00,358 - INFO - Table 5 for KPCL: 13r x 11c
2026-03-28 11:50:04,714 - INFO - Found 5 tables for KSBBL
2026-03-28 11:50:04,723 - INFO - Table 3 for KSBBL: 11r x 4c
2026-03-28 11:50:04,724 - INFO - Table 4 for KSBBL: 11r x 4c
2026-03-28 11:50:04,726 - INFO - Table 5 for KSBBL: 13r x 11c
2026-03-28 11:50:09,103 - INFO - Found 5 tables for LBBL
2026-03-28 11:50:09,112 - INFO - Table 3 for LBBL: 11r x 4c
2026-03-28 11:50:09,113 - INFO - Table 4 for LBBL: 11r x 4c
2026-03-28 11:50:09,115 - INFO - Table 5 for LBBL: 13r x 11c
2026-03-28 11:50:13,516 - INFO - Found 5 tables for LEC
2026-03-28 11:50:13,526 - INFO - Table 3 for LEC: 11r x 4c
2026-03-28 11:50:13,527 - INFO - Table 4 for LEC: 15r x 4c
2026-03-28 11:50:13,528 - INFO - Table 5 for LEC: 13r x 11c
2026-03-28 11:50:17,887 - INFO - Found 5 tables for LICN
2026-03-28 11:50:17,897 - INFO - Table 3 for LICN: 11r x 4c
2026-03-28 11:50:17,898 - INFO - Table 4 for LICN: 11r x 4c
2026-03-28 11:50:17,900 - INFO - Table 5 for LICN: 13r x 11c
2026-03-28 11:50:22,272 - INFO - Found 5 tables for LLBS
2026-03-28 11:50:22,282 - INFO - Table 3 for LLBS: 11r x 4c
2026-03-28 11:50:22,283 - INFO - Table 4 for LLBS: 11r x 4c
2026-03-28 11:50:22,284 - INFO - Table 5 for LLBS: 13r x 11c
2026-03-28 11:50:26,649 - INFO - Found 5 tables for LSL
2026-03-28 11:50:26,659 - INFO - Table 3 for LSL: 11r x 4c
2026-03-28 11:50:26,660 - INFO - Table 4 for LSL: 11r x 4c
2026-03-28 11:50:26,661 - INFO - Table 5 for LSL: 13r x 11c
2026-03-28 11:50:31,084 - INFO - Found 5 tables for MAKAR
2026-03-28 11:50:31,093 - INFO - Table 3 for MAKAR: 11r x 4c
2026-03-28 11:50:31,094 - INFO - Table 4 for MAKAR: 15r x 4c
2026-03-28 11:50:31,096 - INFO - Table 5 for MAKAR: 13r x 11c
2026-03-28 11:50:35,449 - INFO - Found 5 tables for MANDU
2026-03-28 11:50:35,459 - INFO - Table 3 for MANDU: 11r x 4c
2026-03-28 11:50:35,460 - INFO - Table 4 for MANDU: 15r x 4c
2026-03-28 11:50:35,462 - INFO - Table 5 for MANDU: 13r x 11c
2026-03-28 11:50:39,824 - INFO - Found 5 tables for MATRI
2026-03-28 11:50:39,834 - INFO - Table 3 for MATRI: 11r x 4c
2026-03-28 11:50:39,835 - INFO - Table 4 for MATRI: 11r x 4c
2026-03-28 11:50:39,836 - INFO - Table 5 for MATRI: 13r x 10c
2026-03-28 11:50:44,186 - INFO - Found 5 tables for MBJC
2026-03-28 11:50:44,196 - INFO - Table 3 for MBJC: 11r x 4c
2026-03-28 11:50:44,197 - INFO - Table 4 for MBJC: 15r x 4c
2026-03-28 11:50:44,198 - INFO - Table 5 for MBJC: 13r x 11c
2026-03-28 11:50:48,626 - INFO - Found 5 tables for MBL
2026-03-28 11:50:48,636 - INFO - Table 3 for MBL: 11r x 4c
2026-03-28 11:50:48,637 - INFO - Table 4 for MBL: 11r x 4c
2026-03-28 11:50:48,638 - INFO - Table 5 for MBL: 13r x 11c
2026-03-28 11:50:52,996 - INFO - Found 5 tables for MCHL
2026-03-28 11:50:53,006 - INFO - Table 3 for MCHL: 11r x 4c
2026-03-28 11:50:53,007 - INFO - Table 4 for MCHL: 15r x 4c
2026-03-28 11:50:53,008 - INFO - Table 5 for MCHL: 13r x 11c
2026-03-28 11:50:57,355 - INFO - Found 5 tables for MDB
2026-03-28 11:50:57,366 - INFO - Table 3 for MDB: 11r x 4c
2026-03-28 11:50:57,367 - INFO - Table 4 for MDB: 11r x 4c
2026-03-28 11:50:57,368 - INFO - Table 5 for MDB: 13r x 11c
2026-03-28 11:51:01,652 - INFO - Found 5 tables for MEHL
2026-03-28 11:51:01,662 - INFO - Table 3 for MEHL: 11r x 4c
2026-03-28 11:51:01,663 - INFO - Table 4 for MEHL: 15r x 4c
2026-03-28 11:51:01,664 - INFO - Table 5 for MEHL: 13r x 11c
2026-03-28 11:51:12,543 - INFO - Found 5 tables for MEL
2026-03-28 11:51:12,553 - INFO - Table 3 for MEL: 11r x 4c
2026-03-28 11:51:12,554 - INFO - Table 4 for MEL: 15r x 4c
2026-03-28 11:51:12,556 - INFO - Table 5 for MEL: 13r x 11c
2026-03-28 11:51:25,032 - INFO - Found 5 tables for MEN
2026-03-28 11:51:25,043 - INFO - Table 3 for MEN: 11r x 4c
2026-03-28 11:51:25,043 - INFO - Table 4 for MEN: 15r x 4c
2026-03-28 11:51:25,045 - INFO - Table 5 for MEN: 13r x 11c
2026-03-28 11:51:29,397 - INFO - Found 5 tables for MERO
2026-03-28 11:51:29,407 - INFO - Table 3 for MERO: 11r x 4c
2026-03-28 11:51:29,408 - INFO - Table 4 for MERO: 11r x 4c
2026-03-28 11:51:29,409 - INFO - Table 5 for MERO: 13r x 11c
2026-03-28 11:51:33,788 - INFO - Found 5 tables for MFIL
2026-03-28 11:51:33,798 - INFO - Table 3 for MFIL: 11r x 4c
2026-03-28 11:51:33,799 - INFO - Table 4 for MFIL: 11r x 4c
2026-03-28 11:51:33,800 - INFO - Table 5 for MFIL: 13r x 11c
2026-03-28 11:51:38,141 - INFO - Found 5 tables for MHCL
2026-03-28 11:51:38,151 - INFO - Table 3 for MHCL: 11r x 4c
2026-03-28 11:51:38,152 - INFO - Table 4 for MHCL: 15r x 4c
2026-03-28 11:51:38,154 - INFO - Table 5 for MHCL: 13r x 11c
2026-03-28 11:51:42,573 - INFO - Found 5 tables for MHL
2026-03-28 11:51:42,583 - INFO - Table 3 for MHL: 11r x 4c
2026-03-28 11:51:42,584 - INFO - Table 4 for MHL: 15r x 4c
2026-03-28 11:51:42,585 - INFO - Table 5 for MHL: 13r x 11c
2026-03-28 11:51:46,954 - INFO - Found 5 tables for MHNL
2026-03-28 11:51:46,965 - INFO - Table 3 for MHNL: 11r x 4c
2026-03-28 11:51:46,966 - INFO - Table 4 for MHNL: 15r x 4c
2026-03-28 11:51:46,967 - INFO - Table 5 for MHNL: 13r x 11c
2026-03-28 11:51:51,320 - INFO - Found 5 tables for MKCL
2026-03-28 11:51:51,330 - INFO - Table 3 for MKCL: 11r x 4c
2026-03-28 11:51:51,331 - INFO - Table 4 for MKCL: 11r x 4c
2026-03-28 11:51:51,332 - INFO - Table 5 for MKCL: 13r x 11c
2026-03-28 11:51:55,719 - INFO - Found 5 tables for MKHC
2026-03-28 11:51:55,729 - INFO - Table 3 for MKHC: 11r x 4c
2026-03-28 11:51:55,730 - INFO - Table 4 for MKHC: 15r x 4c
2026-03-28 11:51:55,732 - INFO - Table 5 for MKHC: 13r x 11c
2026-03-28 11:52:00,141 - INFO - Found 5 tables for MKHL
2026-03-28 11:52:00,151 - INFO - Table 3 for MKHL: 11r x 4c
2026-03-28 11:52:00,152 - INFO - Table 4 for MKHL: 15r x 4c
2026-03-28 11:52:00,154 - INFO - Table 5 for MKHL: 13r x 11c
2026-03-28 11:52:04,530 - INFO - Found 5 tables for MKJC
2026-03-28 11:52:04,540 - INFO - Table 3 for MKJC: 11r x 4c
2026-03-28 11:52:04,541 - INFO - Table 4 for MKJC: 15r x 4c
2026-03-28 11:52:04,542 - INFO - Table 5 for MKJC: 13r x 10c
2026-03-28 11:52:08,905 - INFO - Found 5 tables for MLBBL
2026-03-28 11:52:08,915 - INFO - Table 3 for MLBBL: 11r x 4c
2026-03-28 11:52:08,916 - INFO - Table 4 for MLBBL: 11r x 4c
2026-03-28 11:52:08,917 - INFO - Table 5 for MLBBL: 13r x 11c
2026-03-28 11:52:13,278 - INFO - Found 5 tables for MLBL
2026-03-28 11:52:13,288 - INFO - Table 3 for MLBL: 11r x 4c
2026-03-28 11:52:13,289 - INFO - Table 4 for MLBL: 11r x 4c
2026-03-28 11:52:13,291 - INFO - Table 5 for MLBL: 13r x 11c
2026-03-28 11:52:17,631 - INFO - Found 5 tables for MLBS
2026-03-28 11:52:17,641 - INFO - Table 3 for MLBS: 11r x 4c
2026-03-28 11:52:17,642 - INFO - Table 4 for MLBS: 11r x 4c
2026-03-28 11:52:17,644 - INFO - Table 5 for MLBS: 13r x 11c
2026-03-28 11:52:21,978 - INFO - Found 5 tables for MLBSL
2026-03-28 11:52:21,989 - INFO - Table 3 for MLBSL: 11r x 4c
2026-03-28 11:52:21,990 - INFO - Table 4 for MLBSL: 11r x 4c
2026-03-28 11:52:21,991 - INFO - Table 5 for MLBSL: 13r x 11c
2026-03-28 11:52:26,368 - INFO - Found 5 tables for MMKJL
2026-03-28 11:52:26,379 - INFO - Table 3 for MMKJL: 11r x 4c
2026-03-28 11:52:26,380 - INFO - Table 4 for MMKJL: 15r x 4c
2026-03-28 11:52:26,381 - INFO - Table 5 for MMKJL: 13r x 11c
2026-03-28 11:52:38,026 - INFO - Found 5 tables for MNBBL
2026-03-28 11:52:38,036 - INFO - Table 3 for MNBBL: 11r x 4c
2026-03-28 11:52:38,037 - INFO - Table 4 for MNBBL: 11r x 4c
2026-03-28 11:52:38,038 - INFO - Table 5 for MNBBL: 13r x 11c
2026-03-28 11:52:49,801 - INFO - Found 5 tables for MPFL
2026-03-28 11:52:49,811 - INFO - Table 3 for MPFL: 11r x 4c
2026-03-28 11:52:49,812 - INFO - Table 4 for MPFL: 11r x 4c
2026-03-28 11:52:49,814 - INFO - Table 5 for MPFL: 13r x 11c
2026-03-28 11:52:54,215 - INFO - Found 5 tables for MSHL
2026-03-28 11:52:54,225 - INFO - Table 3 for MSHL: 11r x 4c
2026-03-28 11:52:54,226 - INFO - Table 4 for MSHL: 15r x 4c
2026-03-28 11:52:54,228 - INFO - Table 5 for MSHL: 13r x 11c
2026-03-28 11:52:58,613 - INFO - Found 5 tables for MSLB
2026-03-28 11:52:58,623 - INFO - Table 3 for MSLB: 11r x 4c
2026-03-28 11:52:58,624 - INFO - Table 4 for MSLB: 11r x 4c
2026-03-28 11:52:58,626 - INFO - Table 5 for MSLB: 13r x 11c
2026-03-28 11:53:02,990 - INFO - Found 5 tables for NABBC
2026-03-28 11:53:03,000 - INFO - Table 3 for NABBC: 11r x 4c
2026-03-28 11:53:03,001 - INFO - Table 4 for NABBC: 11r x 4c
2026-03-28 11:53:03,003 - INFO - Table 5 for NABBC: 13r x 11c
2026-03-28 11:53:07,376 - INFO - Found 5 tables for NABIL
2026-03-28 11:53:07,386 - INFO - Table 3 for NABIL: 11r x 4c
2026-03-28 11:53:07,387 - INFO - Table 4 for NABIL: 11r x 4c
2026-03-28 11:53:07,389 - INFO - Table 5 for NABIL: 13r x 11c
2026-03-28 11:53:11,788 - INFO - Found 5 tables for NADEP
2026-03-28 11:53:11,798 - INFO - Table 3 for NADEP: 11r x 4c
2026-03-28 11:53:11,799 - INFO - Table 4 for NADEP: 11r x 4c
2026-03-28 11:53:11,801 - INFO - Table 5 for NADEP: 13r x 11c
2026-03-28 11:53:16,154 - INFO - Found 5 tables for NBL
2026-03-28 11:53:16,164 - INFO - Table 3 for NBL: 11r x 4c
2026-03-28 11:53:16,165 - INFO - Table 4 for NBL: 11r x 4c
2026-03-28 11:53:16,166 - INFO - Table 5 for NBL: 13r x 11c
2026-03-28 11:53:20,515 - INFO - Found 5 tables for NESDO
2026-03-28 11:53:20,525 - INFO - Table 3 for NESDO: 11r x 4c
2026-03-28 11:53:20,526 - INFO - Table 4 for NESDO: 11r x 4c
2026-03-28 11:53:20,528 - INFO - Table 5 for NESDO: 13r x 11c
2026-03-28 11:53:24,887 - INFO - Found 5 tables for NFS
2026-03-28 11:53:24,897 - INFO - Table 3 for NFS: 11r x 4c
2026-03-28 11:53:24,898 - INFO - Table 4 for NFS: 11r x 4c
2026-03-28 11:53:24,899 - INFO - Table 5 for NFS: 13r x 11c
2026-03-28 11:53:28,969 - INFO - Found 5 tables for NGPL
2026-03-28 11:53:28,980 - INFO - Table 3 for NGPL: 11r x 4c
2026-03-28 11:53:28,981 - INFO - Table 4 for NGPL: 15r x 4c
2026-03-28 11:53:28,982 - INFO - Table 5 for NGPL: 13r x 11c
2026-03-28 11:53:33,264 - INFO - Found 5 tables for NHDL
2026-03-28 11:53:33,274 - INFO - Table 3 for NHDL: 11r x 4c
2026-03-28 11:53:33,275 - INFO - Table 4 for NHDL: 15r x 4c
2026-03-28 11:53:33,277 - INFO - Table 5 for NHDL: 13r x 11c
2026-03-28 11:53:37,388 - INFO - Found 5 tables for NHPC
2026-03-28 11:53:37,397 - INFO - Table 3 for NHPC: 11r x 4c
2026-03-28 11:53:37,398 - INFO - Table 4 for NHPC: 15r x 4c
2026-03-28 11:53:37,400 - INFO - Table 5 for NHPC: 13r x 11c
2026-03-28 11:53:41,670 - INFO - Found 5 tables for NICA
2026-03-28 11:53:41,680 - INFO - Table 3 for NICA: 11r x 4c
2026-03-28 11:53:41,681 - INFO - Table 4 for NICA: 11r x 4c
2026-03-28 11:53:41,683 - INFO - Table 5 for NICA: 13r x 11c
2026-03-28 11:53:46,019 - INFO - Found 5 tables for NICL
2026-03-28 11:53:46,029 - INFO - Table 3 for NICL: 11r x 4c
2026-03-28 11:53:46,030 - INFO - Table 4 for NICL: 11r x 4c
2026-03-28 11:53:46,031 - INFO - Table 5 for NICL: 13r x 11c
2026-03-28 11:53:50,383 - INFO - Found 5 tables for NICLBSL
2026-03-28 11:53:50,393 - INFO - Table 3 for NICLBSL: 11r x 4c
2026-03-28 11:53:50,394 - INFO - Table 4 for NICLBSL: 11r x 4c
2026-03-28 11:53:50,396 - INFO - Table 5 for NICLBSL: 13r x 11c
2026-03-28 11:54:01,944 - INFO - Found 5 tables for NIFRA
2026-03-28 11:54:01,954 - INFO - Table 3 for NIFRA: 11r x 4c
2026-03-28 11:54:01,955 - INFO - Table 4 for NIFRA: 11r x 4c
2026-03-28 11:54:01,957 - INFO - Table 5 for NIFRA: 13r x 11c
2026-03-28 11:54:06,315 - INFO - Found 5 tables for NIL
2026-03-28 11:54:06,325 - INFO - Table 3 for NIL: 11r x 4c
2026-03-28 11:54:06,326 - INFO - Table 4 for NIL: 11r x 4c
2026-03-28 11:54:06,327 - INFO - Table 5 for NIL: 13r x 10c
2026-03-28 11:54:10,732 - INFO - Found 5 tables for NIMB
2026-03-28 11:54:10,742 - INFO - Table 3 for NIMB: 11r x 4c
2026-03-28 11:54:10,743 - INFO - Table 4 for NIMB: 11r x 4c
2026-03-28 11:54:10,744 - INFO - Table 5 for NIMB: 13r x 11c
2026-03-28 11:54:15,103 - INFO - Found 5 tables for NLG
2026-03-28 11:54:15,114 - INFO - Table 3 for NLG: 11r x 4c
2026-03-28 11:54:15,114 - INFO - Table 4 for NLG: 11r x 4c
2026-03-28 11:54:15,116 - INFO - Table 5 for NLG: 13r x 11c
2026-03-28 11:54:27,885 - INFO - Found 5 tables for NLIC
2026-03-28 11:54:27,895 - INFO - Table 3 for NLIC: 11r x 4c
2026-03-28 11:54:27,896 - INFO - Table 4 for NLIC: 11r x 4c
2026-03-28 11:54:27,898 - INFO - Table 5 for NLIC: 13r x 11c
2026-03-28 11:54:32,252 - INFO - Found 5 tables for NLICL
2026-03-28 11:54:32,262 - INFO - Table 3 for NLICL: 11r x 4c
2026-03-28 11:54:32,263 - INFO - Table 4 for NLICL: 11r x 4c
2026-03-28 11:54:32,264 - INFO - Table 5 for NLICL: 13r x 11c
2026-03-28 11:54:36,369 - INFO - Found 5 tables for NLO
2026-03-28 11:54:36,379 - INFO - Table 3 for NLO: 11r x 4c
2026-03-28 11:54:36,380 - INFO - Table 4 for NLO: 11r x 4c
2026-03-28 11:54:36,381 - INFO - Table 5 for NLO: 13r x 8c
2026-03-28 11:54:40,750 - INFO - Found 5 tables for NMB
2026-03-28 11:54:40,761 - INFO - Table 3 for NMB: 11r x 4c
2026-03-28 11:54:40,761 - INFO - Table 4 for NMB: 11r x 4c
2026-03-28 11:54:40,763 - INFO - Table 5 for NMB: 13r x 11c
2026-03-28 11:54:45,119 - INFO - Found 5 tables for NMBMF
2026-03-28 11:54:45,129 - INFO - Table 3 for NMBMF: 11r x 4c
2026-03-28 11:54:45,130 - INFO - Table 4 for NMBMF: 11r x 4c
2026-03-28 11:54:45,131 - INFO - Table 5 for NMBMF: 13r x 11c
2026-03-28 11:54:49,483 - INFO - Found 5 tables for NMFBS
2026-03-28 11:54:49,493 - INFO - Table 3 for NMFBS: 11r x 4c
2026-03-28 11:54:49,494 - INFO - Table 4 for NMFBS: 11r x 4c
2026-03-28 11:54:49,496 - INFO - Table 5 for NMFBS: 13r x 11c
2026-03-28 11:54:53,839 - INFO - Found 5 tables for NMIC
2026-03-28 11:54:53,849 - INFO - Table 3 for NMIC: 11r x 4c
2026-03-28 11:54:53,850 - INFO - Table 4 for NMIC: 11r x 4c
2026-03-28 11:54:53,852 - INFO - Table 5 for NMIC: 13r x 7c
2026-03-28 11:54:58,051 - INFO - Found 5 tables for NMLBBL
2026-03-28 11:54:58,061 - INFO - Table 3 for NMLBBL: 11r x 4c
2026-03-28 11:54:58,061 - INFO - Table 4 for NMLBBL: 11r x 4c
2026-03-28 11:54:58,063 - INFO - Table 5 for NMLBBL: 13r x 10c
2026-03-28 11:55:02,455 - INFO - Found 5 tables for NRIC
2026-03-28 11:55:02,466 - INFO - Table 3 for NRIC: 11r x 4c
2026-03-28 11:55:02,467 - INFO - Table 4 for NRIC: 11r x 4c
2026-03-28 11:55:02,468 - INFO - Table 5 for NRIC: 13r x 10c
2026-03-28 11:55:06,847 - INFO - Found 5 tables for NRM
2026-03-28 11:55:06,857 - INFO - Table 3 for NRM: 11r x 4c
2026-03-28 11:55:06,858 - INFO - Table 4 for NRM: 11r x 4c
2026-03-28 11:55:06,859 - INFO - Table 5 for NRM: 13r x 11c
2026-03-28 11:55:11,219 - INFO - Found 5 tables for NRN
2026-03-28 11:55:11,229 - INFO - Table 3 for NRN: 11r x 4c
2026-03-28 11:55:11,230 - INFO - Table 4 for NRN: 11r x 4c
2026-03-28 11:55:11,232 - INFO - Table 5 for NRN: 13r x 11c
2026-03-28 11:55:15,567 - INFO - Found 5 tables for NTC
2026-03-28 11:55:15,577 - INFO - Table 3 for NTC: 11r x 4c
2026-03-28 11:55:15,578 - INFO - Table 4 for NTC: 11r x 4c
2026-03-28 11:55:15,579 - INFO - Table 5 for NTC: 13r x 11c
2026-03-28 11:55:19,937 - INFO - Found 5 tables for NUBL
2026-03-28 11:55:19,948 - INFO - Table 3 for NUBL: 11r x 4c
2026-03-28 11:55:19,949 - INFO - Table 4 for NUBL: 11r x 4c
2026-03-28 11:55:19,950 - INFO - Table 5 for NUBL: 13r x 11c
2026-03-28 11:55:24,306 - INFO - Found 5 tables for NWCL
2026-03-28 11:55:24,316 - INFO - Table 3 for NWCL: 11r x 4c
2026-03-28 11:55:24,317 - INFO - Table 4 for NWCL: 11r x 4c
2026-03-28 11:55:24,319 - INFO - Table 5 for NWCL: 13r x 11c
2026-03-28 11:55:28,681 - INFO - Found 5 tables for NYADI
2026-03-28 11:55:28,691 - INFO - Table 3 for NYADI: 11r x 4c
2026-03-28 11:55:28,692 - INFO - Table 4 for NYADI: 15r x 4c
2026-03-28 11:55:28,693 - INFO - Table 5 for NYADI: 13r x 11c
2026-03-28 11:55:33,033 - INFO - Found 5 tables for OHL
2026-03-28 11:55:33,042 - INFO - Table 3 for OHL: 11r x 4c
2026-03-28 11:55:33,043 - INFO - Table 4 for OHL: 11r x 4c
2026-03-28 11:55:33,045 - INFO - Table 5 for OHL: 13r x 11c
2026-03-28 11:55:37,371 - INFO - Found 5 tables for OMPL
2026-03-28 11:55:37,381 - INFO - Table 3 for OMPL: 11r x 4c
2026-03-28 11:55:37,382 - INFO - Table 4 for OMPL: 11r x 4c
2026-03-28 11:55:37,383 - INFO - Table 5 for OMPL: 13r x 7c
2026-03-28 11:55:41,797 - INFO - Found 5 tables for PCBL
2026-03-28 11:55:41,807 - INFO - Table 3 for PCBL: 11r x 4c
2026-03-28 11:55:41,808 - INFO - Table 4 for PCBL: 11r x 4c
2026-03-28 11:55:41,809 - INFO - Table 5 for PCBL: 13r x 11c
2026-03-28 11:55:46,240 - INFO - Found 5 tables for PFL
2026-03-28 11:55:46,250 - INFO - Table 3 for PFL: 11r x 4c
2026-03-28 11:55:46,251 - INFO - Table 4 for PFL: 11r x 4c
2026-03-28 11:55:46,252 - INFO - Table 5 for PFL: 13r x 11c
2026-03-28 11:55:50,720 - INFO - Found 5 tables for PHCL
2026-03-28 11:55:50,730 - INFO - Table 3 for PHCL: 11r x 4c
2026-03-28 11:55:50,731 - INFO - Table 4 for PHCL: 15r x 4c
2026-03-28 11:55:50,732 - INFO - Table 5 for PHCL: 13r x 11c
2026-03-28 11:55:55,044 - INFO - Found 5 tables for PMHPL
2026-03-28 11:55:55,055 - INFO - Table 3 for PMHPL: 11r x 4c
2026-03-28 11:55:55,056 - INFO - Table 4 for PMHPL: 15r x 4c
2026-03-28 11:55:55,057 - INFO - Table 5 for PMHPL: 13r x 11c
2026-03-28 11:55:59,466 - INFO - Found 5 tables for PMLI
2026-03-28 11:55:59,476 - INFO - Table 3 for PMLI: 11r x 4c
2026-03-28 11:55:59,477 - INFO - Table 4 for PMLI: 11r x 4c
2026-03-28 11:55:59,479 - INFO - Table 5 for PMLI: 13r x 11c
2026-03-28 11:56:03,882 - INFO - Found 5 tables for PPCL
2026-03-28 11:56:03,892 - INFO - Table 3 for PPCL: 11r x 4c
2026-03-28 11:56:03,893 - INFO - Table 4 for PPCL: 15r x 4c
2026-03-28 11:56:03,894 - INFO - Table 5 for PPCL: 13r x 11c
2026-03-28 11:56:08,288 - INFO - Found 5 tables for PPL
2026-03-28 11:56:08,298 - INFO - Table 3 for PPL: 11r x 4c
2026-03-28 11:56:08,299 - INFO - Table 4 for PPL: 15r x 4c
2026-03-28 11:56:08,300 - INFO - Table 5 for PPL: 13r x 11c
2026-03-28 11:56:12,718 - INFO - Found 5 tables for PRIN
2026-03-28 11:56:12,728 - INFO - Table 3 for PRIN: 11r x 4c
2026-03-28 11:56:12,729 - INFO - Table 4 for PRIN: 11r x 4c
2026-03-28 11:56:12,730 - INFO - Table 5 for PRIN: 13r x 11c
2026-03-28 11:56:17,140 - INFO - Found 5 tables for PROFL
2026-03-28 11:56:17,150 - INFO - Table 3 for PROFL: 11r x 4c
2026-03-28 11:56:17,151 - INFO - Table 4 for PROFL: 11r x 4c
2026-03-28 11:56:17,153 - INFO - Table 5 for PROFL: 13r x 11c
2026-03-28 11:56:21,499 - INFO - Found 5 tables for PRVU
2026-03-28 11:56:21,509 - INFO - Table 3 for PRVU: 11r x 4c
2026-03-28 11:56:21,510 - INFO - Table 4 for PRVU: 11r x 4c
2026-03-28 11:56:21,511 - INFO - Table 5 for PRVU: 13r x 11c
2026-03-28 11:56:25,880 - INFO - Found 5 tables for PURE
2026-03-28 11:56:25,890 - INFO - Table 3 for PURE: 11r x 4c
2026-03-28 11:56:25,891 - INFO - Table 4 for PURE: 15r x 4c
2026-03-28 11:56:25,892 - INFO - Table 5 for PURE: 13r x 6c
2026-03-28 11:56:30,381 - INFO - Found 5 tables for RADHI
2026-03-28 11:56:30,391 - INFO - Table 3 for RADHI: 11r x 4c
2026-03-28 11:56:30,392 - INFO - Table 4 for RADHI: 15r x 4c
2026-03-28 11:56:30,394 - INFO - Table 5 for RADHI: 13r x 11c
2026-03-28 11:56:34,786 - INFO - Found 5 tables for RAWA
2026-03-28 11:56:34,796 - INFO - Table 3 for RAWA: 11r x 4c
2026-03-28 11:56:34,797 - INFO - Table 4 for RAWA: 15r x 4c
2026-03-28 11:56:34,799 - INFO - Table 5 for RAWA: 13r x 11c
2026-03-28 11:56:39,251 - INFO - Found 5 tables for RBCL
2026-03-28 11:56:39,261 - INFO - Table 3 for RBCL: 11r x 4c
2026-03-28 11:56:39,262 - INFO - Table 4 for RBCL: 11r x 4c
2026-03-28 11:56:39,263 - INFO - Table 5 for RBCL: 13r x 11c
2026-03-28 11:56:43,680 - INFO - Found 5 tables for RFPL
2026-03-28 11:56:43,690 - INFO - Table 3 for RFPL: 11r x 4c
2026-03-28 11:56:43,691 - INFO - Table 4 for RFPL: 15r x 4c
2026-03-28 11:56:43,692 - INFO - Table 5 for RFPL: 13r x 10c
2026-03-28 11:56:48,161 - INFO - Found 5 tables for RHGCL
2026-03-28 11:56:48,172 - INFO - Table 3 for RHGCL: 11r x 4c
2026-03-28 11:56:48,173 - INFO - Table 4 for RHGCL: 15r x 4c
2026-03-28 11:56:48,174 - INFO - Table 5 for RHGCL: 13r x 11c
2026-03-28 11:56:52,599 - INFO - Found 5 tables for RHPL
2026-03-28 11:56:52,609 - INFO - Table 3 for RHPL: 11r x 4c
2026-03-28 11:56:52,610 - INFO - Table 4 for RHPL: 15r x 4c
2026-03-28 11:56:52,611 - INFO - Table 5 for RHPL: 13r x 11c
2026-03-28 11:56:56,982 - INFO - Found 5 tables for RIDI
2026-03-28 11:56:56,992 - INFO - Table 3 for RIDI: 11r x 4c
2026-03-28 11:56:56,993 - INFO - Table 4 for RIDI: 15r x 4c
2026-03-28 11:56:56,994 - INFO - Table 5 for RIDI: 13r x 11c
2026-03-28 11:57:01,323 - INFO - Found 5 tables for RLFL
2026-03-28 11:57:01,333 - INFO - Table 3 for RLFL: 11r x 4c
2026-03-28 11:57:01,334 - INFO - Table 4 for RLFL: 11r x 4c
2026-03-28 11:57:01,335 - INFO - Table 5 for RLFL: 13r x 11c
2026-03-28 11:57:05,725 - INFO - Found 5 tables for RNLI
2026-03-28 11:57:05,735 - INFO - Table 3 for RNLI: 11r x 4c
2026-03-28 11:57:05,735 - INFO - Table 4 for RNLI: 11r x 4c
2026-03-28 11:57:05,737 - INFO - Table 5 for RNLI: 13r x 11c
2026-03-28 11:57:10,087 - INFO - Found 5 tables for RSDC
2026-03-28 11:57:10,097 - INFO - Table 3 for RSDC: 11r x 4c
2026-03-28 11:57:10,098 - INFO - Table 4 for RSDC: 11r x 4c
2026-03-28 11:57:10,100 - INFO - Table 5 for RSDC: 13r x 11c
2026-03-28 11:57:14,522 - INFO - Found 5 tables for RURU
2026-03-28 11:57:14,532 - INFO - Table 3 for RURU: 11r x 4c
2026-03-28 11:57:14,533 - INFO - Table 4 for RURU: 15r x 4c
2026-03-28 11:57:14,534 - INFO - Table 5 for RURU: 13r x 11c
2026-03-28 11:57:18,960 - INFO - Found 5 tables for SADBL
2026-03-28 11:57:18,970 - INFO - Table 3 for SADBL: 11r x 4c
2026-03-28 11:57:18,971 - INFO - Table 4 for SADBL: 11r x 4c
2026-03-28 11:57:18,972 - INFO - Table 5 for SADBL: 13r x 11c
2026-03-28 11:57:23,453 - INFO - Found 5 tables for SAHAS
2026-03-28 11:57:23,463 - INFO - Table 3 for SAHAS: 11r x 4c
2026-03-28 11:57:23,464 - INFO - Table 4 for SAHAS: 15r x 4c
2026-03-28 11:57:23,466 - INFO - Table 5 for SAHAS: 13r x 11c
2026-03-28 11:57:27,853 - INFO - Found 5 tables for SALICO
2026-03-28 11:57:27,863 - INFO - Table 3 for SALICO: 11r x 4c
2026-03-28 11:57:27,864 - INFO - Table 4 for SALICO: 11r x 4c
2026-03-28 11:57:27,865 - INFO - Table 5 for SALICO: 13r x 11c
2026-03-28 11:57:32,217 - INFO - Found 5 tables for SAMAJ
2026-03-28 11:57:32,227 - INFO - Table 3 for SAMAJ: 11r x 4c
2026-03-28 11:57:32,228 - INFO - Table 4 for SAMAJ: 11r x 4c
2026-03-28 11:57:32,229 - INFO - Table 5 for SAMAJ: 13r x 9c
2026-03-28 11:57:36,656 - INFO - Found 5 tables for SANIMA
2026-03-28 11:57:36,666 - INFO - Table 3 for SANIMA: 11r x 4c
2026-03-28 11:57:36,667 - INFO - Table 4 for SANIMA: 11r x 4c
2026-03-28 11:57:36,669 - INFO - Table 5 for SANIMA: 13r x 11c
2026-03-28 11:57:48,545 - INFO - Found 5 tables for SANVI
2026-03-28 11:57:48,555 - INFO - Table 3 for SANVI: 11r x 4c
2026-03-28 11:57:48,556 - INFO - Table 4 for SANVI: 15r x 4c
2026-03-28 11:57:48,557 - INFO - Table 5 for SANVI: 13r x 5c
2026-03-28 11:57:52,904 - INFO - Found 5 tables for SAPDBL
2026-03-28 11:57:52,915 - INFO - Table 3 for SAPDBL: 11r x 4c
2026-03-28 11:57:52,916 - INFO - Table 4 for SAPDBL: 11r x 4c
2026-03-28 11:57:52,917 - INFO - Table 5 for SAPDBL: 13r x 11c
2026-03-28 11:57:57,334 - INFO - Found 5 tables for SARBTM
2026-03-28 11:57:57,344 - INFO - Table 3 for SARBTM: 11r x 4c
2026-03-28 11:57:57,345 - INFO - Table 4 for SARBTM: 11r x 4c
2026-03-28 11:57:57,346 - INFO - Table 5 for SARBTM: 13r x 11c
2026-03-28 11:58:01,769 - INFO - Found 5 tables for SBI
2026-03-28 11:58:01,779 - INFO - Table 3 for SBI: 11r x 4c
2026-03-28 11:58:01,780 - INFO - Table 4 for SBI: 11r x 4c
2026-03-28 11:58:01,781 - INFO - Table 5 for SBI: 13r x 11c
2026-03-28 11:58:06,233 - INFO - Found 5 tables for SBL
2026-03-28 11:58:06,243 - INFO - Table 3 for SBL: 11r x 4c
2026-03-28 11:58:06,244 - INFO - Table 4 for SBL: 11r x 4c
2026-03-28 11:58:06,245 - INFO - Table 5 for SBL: 13r x 11c
2026-03-28 11:58:10,675 - INFO - Found 5 tables for SCB
2026-03-28 11:58:10,685 - INFO - Table 3 for SCB: 11r x 4c
2026-03-28 11:58:10,685 - INFO - Table 4 for SCB: 11r x 4c
2026-03-28 11:58:10,687 - INFO - Table 5 for SCB: 13r x 11c
2026-03-28 11:58:15,106 - INFO - Found 5 tables for SFCL
2026-03-28 11:58:15,117 - INFO - Table 3 for SFCL: 11r x 4c
2026-03-28 11:58:15,118 - INFO - Table 4 for SFCL: 11r x 4c
2026-03-28 11:58:15,119 - INFO - Table 5 for SFCL: 13r x 11c
2026-03-28 11:58:19,518 - INFO - Found 5 tables for SGHC
2026-03-28 11:58:19,529 - INFO - Table 3 for SGHC: 11r x 4c
2026-03-28 11:58:19,530 - INFO - Table 4 for SGHC: 15r x 4c
2026-03-28 11:58:19,531 - INFO - Table 5 for SGHC: 13r x 11c
2026-03-28 11:58:23,944 - INFO - Found 5 tables for SGIC
2026-03-28 11:58:23,954 - INFO - Table 3 for SGIC: 11r x 4c
2026-03-28 11:58:23,955 - INFO - Table 4 for SGIC: 11r x 4c
2026-03-28 11:58:23,957 - INFO - Table 5 for SGIC: 13r x 11c
2026-03-28 11:58:28,461 - INFO - Found 5 tables for SHEL
2026-03-28 11:58:28,471 - INFO - Table 3 for SHEL: 11r x 4c
2026-03-28 11:58:28,472 - INFO - Table 4 for SHEL: 15r x 4c
2026-03-28 11:58:28,473 - INFO - Table 5 for SHEL: 13r x 11c
2026-03-28 11:58:32,890 - INFO - Found 5 tables for SHINE
2026-03-28 11:58:32,900 - INFO - Table 3 for SHINE: 11r x 4c
2026-03-28 11:58:32,901 - INFO - Table 4 for SHINE: 11r x 4c
2026-03-28 11:58:32,903 - INFO - Table 5 for SHINE: 13r x 11c
2026-03-28 11:58:37,347 - INFO - Found 5 tables for SHIVM
2026-03-28 11:58:37,357 - INFO - Table 3 for SHIVM: 11r x 4c
2026-03-28 11:58:37,358 - INFO - Table 4 for SHIVM: 11r x 4c
2026-03-28 11:58:37,359 - INFO - Table 5 for SHIVM: 13r x 11c
2026-03-28 11:58:41,636 - INFO - Found 5 tables for SHL
2026-03-28 11:58:41,646 - INFO - Table 3 for SHL: 11r x 4c
2026-03-28 11:58:41,647 - INFO - Table 4 for SHL: 11r x 4c
2026-03-28 11:58:41,648 - INFO - Table 5 for SHL: 13r x 11c
2026-03-28 11:58:46,145 - INFO - Found 5 tables for SHLB
2026-03-28 11:58:46,155 - INFO - Table 3 for SHLB: 11r x 4c
2026-03-28 11:58:46,156 - INFO - Table 4 for SHLB: 11r x 4c
2026-03-28 11:58:46,157 - INFO - Table 5 for SHLB: 13r x 11c
2026-03-28 11:58:50,594 - INFO - Found 5 tables for SHPC
2026-03-28 11:58:50,604 - INFO - Table 3 for SHPC: 11r x 4c
2026-03-28 11:58:50,605 - INFO - Table 4 for SHPC: 15r x 4c
2026-03-28 11:58:50,607 - INFO - Table 5 for SHPC: 13r x 11c
2026-03-28 11:58:54,951 - INFO - Found 5 tables for SICL
2026-03-28 11:58:54,963 - INFO - Table 3 for SICL: 11r x 4c
2026-03-28 11:58:54,964 - INFO - Table 4 for SICL: 11r x 4c
2026-03-28 11:58:54,965 - INFO - Table 5 for SICL: 13r x 11c
2026-03-28 11:58:59,398 - INFO - Found 5 tables for SIFC
2026-03-28 11:58:59,408 - INFO - Table 3 for SIFC: 11r x 4c
2026-03-28 11:58:59,409 - INFO - Table 4 for SIFC: 11r x 4c
2026-03-28 11:58:59,411 - INFO - Table 5 for SIFC: 13r x 11c
2026-03-28 11:59:03,925 - INFO - Found 5 tables for SIKLES
2026-03-28 11:59:03,935 - INFO - Table 3 for SIKLES: 11r x 4c
2026-03-28 11:59:03,936 - INFO - Table 4 for SIKLES: 15r x 4c
2026-03-28 11:59:03,938 - INFO - Table 5 for SIKLES: 13r x 11c
2026-03-28 11:59:08,259 - INFO - Found 5 tables for SINDU
2026-03-28 11:59:08,269 - INFO - Table 3 for SINDU: 11r x 4c
2026-03-28 11:59:08,270 - INFO - Table 4 for SINDU: 11r x 4c
2026-03-28 11:59:08,272 - INFO - Table 5 for SINDU: 13r x 11c
2026-03-28 11:59:12,608 - INFO - Found 5 tables for SJCL
2026-03-28 11:59:12,618 - INFO - Table 3 for SJCL: 11r x 4c
2026-03-28 11:59:12,619 - INFO - Table 4 for SJCL: 15r x 4c
2026-03-28 11:59:12,621 - INFO - Table 5 for SJCL: 13r x 11c
2026-03-28 11:59:17,047 - INFO - Found 5 tables for SJLIC
2026-03-28 11:59:17,058 - INFO - Table 3 for SJLIC: 11r x 4c
2026-03-28 11:59:17,059 - INFO - Table 4 for SJLIC: 11r x 4c
2026-03-28 11:59:17,061 - INFO - Table 5 for SJLIC: 13r x 11c
2026-03-28 11:59:21,518 - INFO - Found 5 tables for SKBBL
2026-03-28 11:59:21,528 - INFO - Table 3 for SKBBL: 11r x 4c
2026-03-28 11:59:21,529 - INFO - Table 4 for SKBBL: 11r x 4c
2026-03-28 11:59:21,530 - INFO - Table 5 for SKBBL: 13r x 11c
2026-03-28 11:59:32,799 - INFO - Found 5 tables for SLBBL
2026-03-28 11:59:32,809 - INFO - Table 3 for SLBBL: 11r x 4c
2026-03-28 11:59:32,810 - INFO - Table 4 for SLBBL: 11r x 4c
2026-03-28 11:59:32,811 - INFO - Table 5 for SLBBL: 13r x 11c
2026-03-28 11:59:37,244 - INFO - Found 5 tables for SLBSL
2026-03-28 11:59:37,255 - INFO - Table 3 for SLBSL: 11r x 4c
2026-03-28 11:59:37,256 - INFO - Table 4 for SLBSL: 11r x 4c
2026-03-28 11:59:37,257 - INFO - Table 5 for SLBSL: 13r x 11c
2026-03-28 11:59:41,600 - INFO - Found 5 tables for SMATA
2026-03-28 11:59:41,610 - INFO - Table 3 for SMATA: 11r x 4c
2026-03-28 11:59:41,611 - INFO - Table 4 for SMATA: 11r x 4c
2026-03-28 11:59:41,612 - INFO - Table 5 for SMATA: 13r x 11c
2026-03-28 11:59:46,022 - INFO - Found 5 tables for SMB
2026-03-28 11:59:46,032 - INFO - Table 3 for SMB: 11r x 4c
2026-03-28 11:59:46,033 - INFO - Table 4 for SMB: 11r x 4c
2026-03-28 11:59:46,035 - INFO - Table 5 for SMB: 13r x 11c
2026-03-28 11:59:50,480 - INFO - Found 5 tables for SMFBS
2026-03-28 11:59:50,489 - INFO - Table 3 for SMFBS: 11r x 4c
2026-03-28 11:59:50,490 - INFO - Table 4 for SMFBS: 11r x 4c
2026-03-28 11:59:50,492 - INFO - Table 5 for SMFBS: 13r x 11c
2026-03-28 11:59:54,899 - INFO - Found 5 tables for SMH
2026-03-28 11:59:54,909 - INFO - Table 3 for SMH: 11r x 4c
2026-03-28 11:59:54,910 - INFO - Table 4 for SMH: 15r x 4c
2026-03-28 11:59:54,912 - INFO - Table 5 for SMH: 13r x 11c
2026-03-28 11:59:59,284 - INFO - Found 5 tables for SMHL
2026-03-28 11:59:59,294 - INFO - Table 3 for SMHL: 11r x 4c
2026-03-28 11:59:59,295 - INFO - Table 4 for SMHL: 15r x 4c
2026-03-28 11:59:59,297 - INFO - Table 5 for SMHL: 13r x 11c
2026-03-28 12:00:03,732 - INFO - Found 5 tables for SMJC
2026-03-28 12:00:03,743 - INFO - Table 3 for SMJC: 11r x 4c
2026-03-28 12:00:03,744 - INFO - Table 4 for SMJC: 15r x 4c
2026-03-28 12:00:03,745 - INFO - Table 5 for SMJC: 13r x 11c
2026-03-28 12:00:07,976 - INFO - Found 5 tables for SMPDA
2026-03-28 12:00:07,986 - INFO - Table 3 for SMPDA: 11r x 4c
2026-03-28 12:00:07,987 - INFO - Table 4 for SMPDA: 11r x 4c
2026-03-28 12:00:07,988 - INFO - Table 5 for SMPDA: 13r x 10c
2026-03-28 12:00:12,386 - INFO - Found 5 tables for SNLI
2026-03-28 12:00:12,396 - INFO - Table 3 for SNLI: 11r x 4c
2026-03-28 12:00:12,397 - INFO - Table 4 for SNLI: 11r x 4c
2026-03-28 12:00:12,398 - INFO - Table 5 for SNLI: 13r x 11c
2026-03-28 12:00:16,751 - INFO - Found 5 tables for SONA
2026-03-28 12:00:16,761 - INFO - Table 3 for SONA: 11r x 4c
2026-03-28 12:00:16,762 - INFO - Table 4 for SONA: 11r x 4c
2026-03-28 12:00:16,764 - INFO - Table 5 for SONA: 13r x 11c
2026-03-28 12:00:28,578 - INFO - Found 5 tables for SPC
2026-03-28 12:00:28,588 - INFO - Table 3 for SPC: 11r x 4c
2026-03-28 12:00:28,589 - INFO - Table 4 for SPC: 15r x 4c
2026-03-28 12:00:28,590 - INFO - Table 5 for SPC: 13r x 11c
2026-03-28 12:00:33,062 - INFO - Found 5 tables for SPDL
2026-03-28 12:00:33,072 - INFO - Table 3 for SPDL: 11r x 4c
2026-03-28 12:00:33,073 - INFO - Table 4 for SPDL: 15r x 4c
2026-03-28 12:00:33,075 - INFO - Table 5 for SPDL: 13r x 11c
2026-03-28 12:00:37,519 - INFO - Found 5 tables for SPHL
2026-03-28 12:00:37,529 - INFO - Table 3 for SPHL: 11r x 4c
2026-03-28 12:00:37,530 - INFO - Table 4 for SPHL: 15r x 4c
2026-03-28 12:00:37,531 - INFO - Table 5 for SPHL: 13r x 11c
2026-03-28 12:00:41,931 - INFO - Found 5 tables for SPIL
2026-03-28 12:00:41,941 - INFO - Table 3 for SPIL: 11r x 4c
2026-03-28 12:00:41,942 - INFO - Table 4 for SPIL: 11r x 4c
2026-03-28 12:00:41,943 - INFO - Table 5 for SPIL: 13r x 11c
2026-03-28 12:00:46,325 - INFO - Found 5 tables for SPL
2026-03-28 12:00:46,335 - INFO - Table 3 for SPL: 11r x 4c
2026-03-28 12:00:46,336 - INFO - Table 4 for SPL: 15r x 4c
2026-03-28 12:00:46,338 - INFO - Table 5 for SPL: 13r x 11c
2026-03-28 12:00:50,751 - INFO - Found 5 tables for SRLI
2026-03-28 12:00:50,761 - INFO - Table 3 for SRLI: 11r x 4c
2026-03-28 12:00:50,762 - INFO - Table 4 for SRLI: 11r x 4c
2026-03-28 12:00:50,763 - INFO - Table 5 for SRLI: 13r x 11c
2026-03-28 12:00:55,105 - INFO - Found 5 tables for SSHL
2026-03-28 12:00:55,115 - INFO - Table 3 for SSHL: 11r x 4c
2026-03-28 12:00:55,116 - INFO - Table 4 for SSHL: 15r x 4c
2026-03-28 12:00:55,118 - INFO - Table 5 for SSHL: 13r x 10c
2026-03-28 12:01:06,588 - INFO - Found 5 tables for STC
2026-03-28 12:01:06,598 - INFO - Table 3 for STC: 11r x 4c
2026-03-28 12:01:06,599 - INFO - Table 4 for STC: 11r x 4c
2026-03-28 12:01:06,601 - INFO - Table 5 for STC: 13r x 11c
2026-03-28 12:01:11,000 - INFO - Found 5 tables for SWBBL
2026-03-28 12:01:11,010 - INFO - Table 3 for SWBBL: 11r x 4c
2026-03-28 12:01:11,011 - INFO - Table 4 for SWBBL: 11r x 4c
2026-03-28 12:01:11,013 - INFO - Table 5 for SWBBL: 13r x 11c
2026-03-28 12:01:15,338 - INFO - Found 5 tables for SWMF
2026-03-28 12:01:15,349 - INFO - Table 3 for SWMF: 11r x 4c
2026-03-28 12:01:15,350 - INFO - Table 4 for SWMF: 11r x 4c
2026-03-28 12:01:15,352 - INFO - Table 5 for SWMF: 13r x 11c
2026-03-28 12:01:19,829 - INFO - Found 5 tables for TAMOR
2026-03-28 12:01:19,839 - INFO - Table 3 for TAMOR: 11r x 4c
2026-03-28 12:01:19,840 - INFO - Table 4 for TAMOR: 15r x 4c
2026-03-28 12:01:19,842 - INFO - Table 5 for TAMOR: 13r x 11c
2026-03-28 12:01:24,250 - INFO - Found 5 tables for TPC
2026-03-28 12:01:24,260 - INFO - Table 3 for TPC: 11r x 4c
2026-03-28 12:01:24,261 - INFO - Table 4 for TPC: 15r x 4c
2026-03-28 12:01:24,263 - INFO - Table 5 for TPC: 13r x 11c
2026-03-28 12:01:28,685 - INFO - Found 5 tables for TRH
2026-03-28 12:01:28,695 - INFO - Table 3 for TRH: 11r x 4c
2026-03-28 12:01:28,696 - INFO - Table 4 for TRH: 11r x 4c
2026-03-28 12:01:28,697 - INFO - Table 5 for TRH: 13r x 11c
2026-03-28 12:01:33,101 - INFO - Found 5 tables for TSHL
2026-03-28 12:01:33,111 - INFO - Table 3 for TSHL: 11r x 4c
2026-03-28 12:01:33,112 - INFO - Table 4 for TSHL: 15r x 4c
2026-03-28 12:01:33,114 - INFO - Table 5 for TSHL: 13r x 11c
2026-03-28 12:01:37,556 - INFO - Found 5 tables for TTL
2026-03-28 12:01:37,566 - INFO - Table 3 for TTL: 11r x 4c
2026-03-28 12:01:37,567 - INFO - Table 4 for TTL: 11r x 4c
2026-03-28 12:01:37,568 - INFO - Table 5 for TTL: 13r x 6c
2026-03-28 12:01:41,908 - INFO - Found 5 tables for TVCL
2026-03-28 12:01:41,918 - INFO - Table 3 for TVCL: 11r x 4c
2026-03-28 12:01:41,919 - INFO - Table 4 for TVCL: 15r x 4c
2026-03-28 12:01:41,921 - INFO - Table 5 for TVCL: 13r x 11c
2026-03-28 12:01:46,306 - INFO - Found 5 tables for UAIL
2026-03-28 12:01:46,316 - INFO - Table 3 for UAIL: 11r x 4c
2026-03-28 12:01:46,317 - INFO - Table 4 for UAIL: 11r x 4c
2026-03-28 12:01:46,318 - INFO - Table 5 for UAIL: 13r x 11c
2026-03-28 12:01:50,741 - INFO - Found 5 tables for UHEWA
2026-03-28 12:01:50,751 - INFO - Table 3 for UHEWA: 11r x 4c
2026-03-28 12:01:50,752 - INFO - Table 4 for UHEWA: 15r x 4c
2026-03-28 12:01:50,753 - INFO - Table 5 for UHEWA: 13r x 11c
2026-03-28 12:01:55,278 - INFO - Found 5 tables for ULBSL
2026-03-28 12:01:55,288 - INFO - Table 3 for ULBSL: 11r x 4c
2026-03-28 12:01:55,289 - INFO - Table 4 for ULBSL: 11r x 4c
2026-03-28 12:01:55,290 - INFO - Table 5 for ULBSL: 13r x 11c
2026-03-28 12:01:59,642 - INFO - Found 5 tables for ULHC
2026-03-28 12:01:59,653 - INFO - Table 3 for ULHC: 11r x 4c
2026-03-28 12:01:59,654 - INFO - Table 4 for ULHC: 15r x 4c
2026-03-28 12:01:59,655 - INFO - Table 5 for ULHC: 13r x 6c
2026-03-28 12:02:04,077 - INFO - Found 5 tables for UMHL
2026-03-28 12:02:04,088 - INFO - Table 3 for UMHL: 11r x 4c
2026-03-28 12:02:04,089 - INFO - Table 4 for UMHL: 15r x 4c
2026-03-28 12:02:04,090 - INFO - Table 5 for UMHL: 13r x 11c
2026-03-28 12:02:08,508 - INFO - Found 5 tables for UMRH
2026-03-28 12:02:08,518 - INFO - Table 3 for UMRH: 11r x 4c
2026-03-28 12:02:08,519 - INFO - Table 4 for UMRH: 15r x 4c
2026-03-28 12:02:08,520 - INFO - Table 5 for UMRH: 13r x 11c
2026-03-28 12:02:13,022 - INFO - Found 5 tables for UNHPL
2026-03-28 12:02:13,032 - INFO - Table 3 for UNHPL: 11r x 4c
2026-03-28 12:02:13,033 - INFO - Table 4 for UNHPL: 15r x 4c
2026-03-28 12:02:13,035 - INFO - Table 5 for UNHPL: 13r x 11c
2026-03-28 12:02:17,400 - INFO - Found 5 tables for UNL
2026-03-28 12:02:17,410 - INFO - Table 3 for UNL: 11r x 4c
2026-03-28 12:02:17,411 - INFO - Table 4 for UNL: 11r x 4c
2026-03-28 12:02:17,413 - INFO - Table 5 for UNL: 13r x 11c
2026-03-28 12:02:21,759 - INFO - Found 5 tables for UNLB
2026-03-28 12:02:21,769 - INFO - Table 3 for UNLB: 11r x 4c
2026-03-28 12:02:21,770 - INFO - Table 4 for UNLB: 11r x 4c
2026-03-28 12:02:21,772 - INFO - Table 5 for UNLB: 13r x 11c
2026-03-28 12:02:26,152 - INFO - Found 5 tables for UPCL
2026-03-28 12:02:26,162 - INFO - Table 3 for UPCL: 11r x 4c
2026-03-28 12:02:26,163 - INFO - Table 4 for UPCL: 15r x 4c
2026-03-28 12:02:26,164 - INFO - Table 5 for UPCL: 13r x 11c
2026-03-28 12:02:30,451 - INFO - Found 5 tables for UPPER
2026-03-28 12:02:30,461 - INFO - Table 3 for UPPER: 11r x 4c
2026-03-28 12:02:30,462 - INFO - Table 4 for UPPER: 15r x 4c
2026-03-28 12:02:30,463 - INFO - Table 5 for UPPER: 13r x 11c
2026-03-28 12:02:41,616 - INFO - Found 5 tables for USHEC
2026-03-28 12:02:41,626 - INFO - Table 3 for USHEC: 11r x 4c
2026-03-28 12:02:41,627 - INFO - Table 4 for USHEC: 15r x 4c
2026-03-28 12:02:41,628 - INFO - Table 5 for USHEC: 13r x 11c
2026-03-28 12:02:45,731 - INFO - Found 5 tables for USHL
2026-03-28 12:02:45,741 - INFO - Table 3 for USHL: 11r x 4c
2026-03-28 12:02:45,743 - INFO - Table 4 for USHL: 15r x 4c
2026-03-28 12:02:45,744 - INFO - Table 5 for USHL: 13r x 11c
2026-03-28 12:02:50,149 - INFO - Found 5 tables for USLB
2026-03-28 12:02:50,159 - INFO - Table 3 for USLB: 11r x 4c
2026-03-28 12:02:50,160 - INFO - Table 4 for USLB: 11r x 4c
2026-03-28 12:02:50,161 - INFO - Table 5 for USLB: 13r x 11c
2026-03-28 12:02:54,602 - INFO - Found 5 tables for VLBS
2026-03-28 12:02:54,612 - INFO - Table 3 for VLBS: 11r x 4c
2026-03-28 12:02:54,613 - INFO - Table 4 for VLBS: 11r x 4c
2026-03-28 12:02:54,614 - INFO - Table 5 for VLBS: 13r x 11c
2026-03-28 12:02:59,125 - INFO - Found 5 tables for VLUCL
2026-03-28 12:02:59,135 - INFO - Table 3 for VLUCL: 11r x 4c
2026-03-28 12:02:59,136 - INFO - Table 4 for VLUCL: 15r x 4c
2026-03-28 12:02:59,138 - INFO - Table 5 for VLUCL: 13r x 11c
2026-03-28 12:03:03,543 - INFO - Found 5 tables for WNLB
2026-03-28 12:03:03,553 - INFO - Table 3 for WNLB: 11r x 4c
2026-03-28 12:03:03,554 - INFO - Table 4 for WNLB: 11r x 4c
2026-03-28 12:03:03,555 - INFO - Table 5 for WNLB: 13r x 11c
2026-03-28 12:03:07,240 - INFO - CSV saved: Link_Attributes.csv
2026-03-28 12:03:07,297 - INFO - CSV saved: Link_Additional.csv
2026-03-28 12:03:08,795 - INFO - Dashboard saved: index.html
2026-03-29 11:44:14,146 - INFO - Found 251 URLs
2026-03-29 11:44:17,975 - INFO - Found 5 tables for ACLBSL
2026-03-29 11:44:17,982 - INFO - Table 3 for ACLBSL: 11r x 4c
2026-03-29 11:44:17,983 - INFO - Table 4 for ACLBSL: 11r x 4c
2026-03-29 11:44:17,984 - INFO - Table 5 for ACLBSL: 13r x 11c
2026-03-29 11:44:22,498 - INFO - Found 5 tables for ADBL
2026-03-29 11:44:22,504 - INFO - Table 3 for ADBL: 11r x 4c
2026-03-29 11:44:22,505 - INFO - Table 4 for ADBL: 11r x 4c
2026-03-29 11:44:22,507 - INFO - Table 5 for ADBL: 13r x 11c
2026-03-29 11:44:27,005 - INFO - Found 5 tables for AHL
2026-03-29 11:44:27,011 - INFO - Table 3 for AHL: 11r x 4c
2026-03-29 11:44:27,012 - INFO - Table 4 for AHL: 15r x 4c
2026-03-29 11:44:27,014 - INFO - Table 5 for AHL: 13r x 11c
2026-03-29 11:44:31,520 - INFO - Found 5 tables for AHPC
2026-03-29 11:44:31,526 - INFO - Table 3 for AHPC: 11r x 4c
2026-03-29 11:44:31,527 - INFO - Table 4 for AHPC: 15r x 4c
2026-03-29 11:44:31,529 - INFO - Table 5 for AHPC: 13r x 11c
2026-03-29 11:44:36,408 - INFO - Found 5 tables for AKJCL
2026-03-29 11:44:36,414 - INFO - Table 3 for AKJCL: 11r x 4c
2026-03-29 11:44:36,415 - INFO - Table 4 for AKJCL: 15r x 4c
2026-03-29 11:44:36,417 - INFO - Table 5 for AKJCL: 13r x 11c
2026-03-29 11:44:40,892 - INFO - Found 5 tables for AKPL
2026-03-29 11:44:40,898 - INFO - Table 3 for AKPL: 11r x 4c
2026-03-29 11:44:40,899 - INFO - Table 4 for AKPL: 15r x 4c
2026-03-29 11:44:40,901 - INFO - Table 5 for AKPL: 13r x 11c
2026-03-29 11:44:45,841 - INFO - Found 5 tables for ALBSL
2026-03-29 11:44:45,847 - INFO - Table 3 for ALBSL: 11r x 4c
2026-03-29 11:44:45,848 - INFO - Table 4 for ALBSL: 11r x 4c
2026-03-29 11:44:45,850 - INFO - Table 5 for ALBSL: 13r x 11c
2026-03-29 11:44:49,982 - INFO - Found 5 tables for ALICL
2026-03-29 11:44:49,988 - INFO - Table 3 for ALICL: 11r x 4c
2026-03-29 11:44:49,989 - INFO - Table 4 for ALICL: 11r x 4c
2026-03-29 11:44:49,991 - INFO - Table 5 for ALICL: 13r x 11c
2026-03-29 11:44:54,935 - INFO - Found 5 tables for ANLB
2026-03-29 11:44:54,942 - INFO - Table 3 for ANLB: 11r x 4c
2026-03-29 11:44:54,942 - INFO - Table 4 for ANLB: 11r x 4c
2026-03-29 11:44:54,944 - INFO - Table 5 for ANLB: 13r x 11c
2026-03-29 11:44:59,461 - INFO - Found 5 tables for API
2026-03-29 11:44:59,468 - INFO - Table 3 for API: 11r x 4c
2026-03-29 11:44:59,469 - INFO - Table 4 for API: 15r x 4c
2026-03-29 11:44:59,470 - INFO - Table 5 for API: 13r x 11c
2026-03-29 11:45:04,076 - INFO - Found 5 tables for AVYAN
2026-03-29 11:45:04,083 - INFO - Table 3 for AVYAN: 11r x 4c
2026-03-29 11:45:04,084 - INFO - Table 4 for AVYAN: 11r x 4c
2026-03-29 11:45:04,085 - INFO - Table 5 for AVYAN: 13r x 11c
2026-03-29 11:45:08,633 - INFO - Found 5 tables for BARUN
2026-03-29 11:45:08,640 - INFO - Table 3 for BARUN: 11r x 4c
2026-03-29 11:45:08,641 - INFO - Table 4 for BARUN: 15r x 4c
2026-03-29 11:45:08,643 - INFO - Table 5 for BARUN: 13r x 11c
2026-03-29 11:45:13,076 - INFO - Found 4 tables for BBC
2026-03-29 11:45:13,083 - INFO - Table 3 for BBC: 11r x 4c
2026-03-29 11:45:13,084 - INFO - Table 4 for BBC: 11r x 4c
2026-03-29 11:45:18,272 - INFO - Found 5 tables for BEDC
2026-03-29 11:45:18,278 - INFO - Table 3 for BEDC: 11r x 4c
2026-03-29 11:45:18,279 - INFO - Table 4 for BEDC: 15r x 4c
2026-03-29 11:45:18,280 - INFO - Table 5 for BEDC: 13r x 11c
2026-03-29 11:45:22,853 - INFO - Found 5 tables for BFC
2026-03-29 11:45:22,860 - INFO - Table 3 for BFC: 11r x 4c
2026-03-29 11:45:22,861 - INFO - Table 4 for BFC: 11r x 4c
2026-03-29 11:45:22,862 - INFO - Table 5 for BFC: 13r x 10c
2026-03-29 11:45:27,356 - INFO - Found 5 tables for BGWT
2026-03-29 11:45:27,362 - INFO - Table 3 for BGWT: 11r x 4c
2026-03-29 11:45:27,363 - INFO - Table 4 for BGWT: 15r x 4c
2026-03-29 11:45:27,365 - INFO - Table 5 for BGWT: 13r x 11c
2026-03-29 11:45:33,054 - INFO - Found 5 tables for BHDC
2026-03-29 11:45:33,060 - INFO - Table 3 for BHDC: 11r x 4c
2026-03-29 11:45:33,061 - INFO - Table 4 for BHDC: 15r x 4c
2026-03-29 11:45:33,063 - INFO - Table 5 for BHDC: 13r x 11c
2026-03-29 11:45:44,438 - INFO - Found 5 tables for BHL
2026-03-29 11:45:44,445 - INFO - Table 3 for BHL: 11r x 4c
2026-03-29 11:45:44,446 - INFO - Table 4 for BHL: 15r x 4c
2026-03-29 11:45:44,447 - INFO - Table 5 for BHL: 13r x 11c
2026-03-29 11:45:48,954 - INFO - Found 5 tables for BHPL
2026-03-29 11:45:48,960 - INFO - Table 3 for BHPL: 11r x 4c
2026-03-29 11:45:48,961 - INFO - Table 4 for BHPL: 15r x 4c
2026-03-29 11:45:48,963 - INFO - Table 5 for BHPL: 13r x 11c
2026-03-29 11:45:53,519 - INFO - Found 5 tables for BNHC
2026-03-29 11:45:53,525 - INFO - Table 3 for BNHC: 11r x 4c
2026-03-29 11:45:53,526 - INFO - Table 4 for BNHC: 15r x 4c
2026-03-29 11:45:53,527 - INFO - Table 5 for BNHC: 13r x 11c
2026-03-29 11:45:57,997 - INFO - Found 5 tables for BNL
2026-03-29 11:45:58,003 - INFO - Table 3 for BNL: 11r x 4c
2026-03-29 11:45:58,004 - INFO - Table 4 for BNL: 11r x 4c
2026-03-29 11:45:58,005 - INFO - Table 5 for BNL: 13r x 11c
2026-03-29 11:46:02,609 - INFO - Found 5 tables for BNT
2026-03-29 11:46:02,616 - INFO - Table 3 for BNT: 11r x 4c
2026-03-29 11:46:02,617 - INFO - Table 4 for BNT: 11r x 4c
2026-03-29 11:46:02,618 - INFO - Table 5 for BNT: 13r x 11c
2026-03-29 11:46:07,138 - INFO - Found 5 tables for BPCL
2026-03-29 11:46:07,144 - INFO - Table 3 for BPCL: 11r x 4c
2026-03-29 11:46:07,145 - INFO - Table 4 for BPCL: 15r x 4c
2026-03-29 11:46:07,146 - INFO - Table 5 for BPCL: 13r x 11c
2026-03-29 11:46:11,644 - INFO - Found 5 tables for CBBL
2026-03-29 11:46:11,651 - INFO - Table 3 for CBBL: 11r x 4c
2026-03-29 11:46:11,651 - INFO - Table 4 for CBBL: 11r x 4c
2026-03-29 11:46:11,653 - INFO - Table 5 for CBBL: 13r x 11c
2026-03-29 11:46:16,127 - INFO - Found 5 tables for CFCL
2026-03-29 11:46:16,134 - INFO - Table 3 for CFCL: 11r x 4c
2026-03-29 11:46:16,135 - INFO - Table 4 for CFCL: 11r x 4c
2026-03-29 11:46:16,136 - INFO - Table 5 for CFCL: 13r x 10c
2026-03-29 11:46:20,431 - INFO - Found 5 tables for CGH
2026-03-29 11:46:20,438 - INFO - Table 3 for CGH: 11r x 4c
2026-03-29 11:46:20,439 - INFO - Table 4 for CGH: 11r x 4c
2026-03-29 11:46:20,440 - INFO - Table 5 for CGH: 13r x 11c
2026-03-29 11:46:24,963 - INFO - Found 5 tables for CHCL
2026-03-29 11:46:24,969 - INFO - Table 3 for CHCL: 11r x 4c
2026-03-29 11:46:24,970 - INFO - Table 4 for CHCL: 15r x 4c
2026-03-29 11:46:24,972 - INFO - Table 5 for CHCL: 13r x 11c
2026-03-29 11:46:29,455 - INFO - Found 5 tables for CHDC
2026-03-29 11:46:29,461 - INFO - Table 3 for CHDC: 11r x 4c
2026-03-29 11:46:29,462 - INFO - Table 4 for CHDC: 11r x 4c
2026-03-29 11:46:29,463 - INFO - Table 5 for CHDC: 13r x 11c
2026-03-29 11:46:34,004 - INFO - Found 5 tables for CHL
2026-03-29 11:46:34,010 - INFO - Table 3 for CHL: 11r x 4c
2026-03-29 11:46:34,011 - INFO - Table 4 for CHL: 15r x 4c
2026-03-29 11:46:34,013 - INFO - Table 5 for CHL: 13r x 11c
2026-03-29 11:46:38,459 - INFO - Found 5 tables for CIT
2026-03-29 11:46:38,466 - INFO - Table 3 for CIT: 11r x 4c
2026-03-29 11:46:38,466 - INFO - Table 4 for CIT: 11r x 4c
2026-03-29 11:46:38,468 - INFO - Table 5 for CIT: 13r x 11c
2026-03-29 11:46:42,930 - INFO - Found 5 tables for CITY
2026-03-29 11:46:42,936 - INFO - Table 3 for CITY: 11r x 4c
2026-03-29 11:46:42,937 - INFO - Table 4 for CITY: 11r x 4c
2026-03-29 11:46:42,939 - INFO - Table 5 for CITY: 13r x 11c
2026-03-29 11:46:47,483 - INFO - Found 5 tables for CKHL
2026-03-29 11:46:47,490 - INFO - Table 3 for CKHL: 11r x 4c
2026-03-29 11:46:47,491 - INFO - Table 4 for CKHL: 15r x 4c
2026-03-29 11:46:47,492 - INFO - Table 5 for CKHL: 13r x 11c
2026-03-29 11:46:51,751 - INFO - Found 5 tables for CLI
2026-03-29 11:46:51,757 - INFO - Table 3 for CLI: 11r x 4c
2026-03-29 11:46:51,758 - INFO - Table 4 for CLI: 11r x 4c
2026-03-29 11:46:51,759 - INFO - Table 5 for CLI: 13r x 11c
2026-03-29 11:46:56,217 - INFO - Found 5 tables for CORBL
2026-03-29 11:46:56,223 - INFO - Table 3 for CORBL: 11r x 4c
2026-03-29 11:46:56,224 - INFO - Table 4 for CORBL: 11r x 4c
2026-03-29 11:46:56,225 - INFO - Table 5 for CORBL: 13r x 11c
2026-03-29 11:47:00,773 - INFO - Found 5 tables for CREST
2026-03-29 11:47:00,780 - INFO - Table 3 for CREST: 11r x 4c
2026-03-29 11:47:00,780 - INFO - Table 4 for CREST: 11r x 4c
2026-03-29 11:47:00,782 - INFO - Table 5 for CREST: 13r x 7c
2026-03-29 11:47:05,278 - INFO - Found 5 tables for CYCL
2026-03-29 11:47:05,284 - INFO - Table 3 for CYCL: 11r x 4c
2026-03-29 11:47:05,285 - INFO - Table 4 for CYCL: 11r x 4c
2026-03-29 11:47:05,287 - INFO - Table 5 for CYCL: 13r x 11c
2026-03-29 11:47:09,892 - INFO - Found 5 tables for CZBIL
2026-03-29 11:47:09,899 - INFO - Table 3 for CZBIL: 11r x 4c
2026-03-29 11:47:09,900 - INFO - Table 4 for CZBIL: 11r x 4c
2026-03-29 11:47:09,901 - INFO - Table 5 for CZBIL: 13r x 11c
2026-03-29 11:47:14,321 - INFO - Found 5 tables for DDBL
2026-03-29 11:47:14,328 - INFO - Table 3 for DDBL: 11r x 4c
2026-03-29 11:47:14,329 - INFO - Table 4 for DDBL: 11r x 4c
2026-03-29 11:47:14,330 - INFO - Table 5 for DDBL: 13r x 11c
2026-03-29 11:47:18,809 - INFO - Found 5 tables for DHPL
2026-03-29 11:47:18,816 - INFO - Table 3 for DHPL: 11r x 4c
2026-03-29 11:47:18,817 - INFO - Table 4 for DHPL: 15r x 4c
2026-03-29 11:47:18,818 - INFO - Table 5 for DHPL: 13r x 11c
2026-03-29 11:47:23,258 - INFO - Found 5 tables for DLBS
2026-03-29 11:47:23,265 - INFO - Table 3 for DLBS: 11r x 4c
2026-03-29 11:47:23,266 - INFO - Table 4 for DLBS: 11r x 4c
2026-03-29 11:47:23,267 - INFO - Table 5 for DLBS: 13r x 10c
2026-03-29 11:47:27,761 - INFO - Found 5 tables for DOLTI
2026-03-29 11:47:27,768 - INFO - Table 3 for DOLTI: 11r x 4c
2026-03-29 11:47:27,769 - INFO - Table 4 for DOLTI: 15r x 4c
2026-03-29 11:47:27,770 - INFO - Table 5 for DOLTI: 13r x 11c
2026-03-29 11:47:33,008 - INFO - Found 5 tables for DORDI
2026-03-29 11:47:33,015 - INFO - Table 3 for DORDI: 11r x 4c
2026-03-29 11:47:33,016 - INFO - Table 4 for DORDI: 15r x 4c
2026-03-29 11:47:33,017 - INFO - Table 5 for DORDI: 13r x 11c
2026-03-29 11:47:37,528 - INFO - Found 5 tables for EBL
2026-03-29 11:47:37,535 - INFO - Table 3 for EBL: 11r x 4c
2026-03-29 11:47:37,536 - INFO - Table 4 for EBL: 11r x 4c
2026-03-29 11:47:37,537 - INFO - Table 5 for EBL: 13r x 11c
2026-03-29 11:47:41,641 - INFO - Found 5 tables for EDBL
2026-03-29 11:47:41,647 - INFO - Table 3 for EDBL: 11r x 4c
2026-03-29 11:47:41,648 - INFO - Table 4 for EDBL: 11r x 4c
2026-03-29 11:47:41,650 - INFO - Table 5 for EDBL: 13r x 11c
2026-03-29 11:47:46,327 - INFO - Found 5 tables for EHPL
2026-03-29 11:47:46,333 - INFO - Table 3 for EHPL: 11r x 4c
2026-03-29 11:47:46,334 - INFO - Table 4 for EHPL: 15r x 4c
2026-03-29 11:47:46,336 - INFO - Table 5 for EHPL: 13r x 11c
2026-03-29 11:47:50,991 - INFO - Found 5 tables for ENL
2026-03-29 11:47:50,998 - INFO - Table 3 for ENL: 11r x 4c
2026-03-29 11:47:50,999 - INFO - Table 4 for ENL: 11r x 4c
2026-03-29 11:47:51,000 - INFO - Table 5 for ENL: 13r x 11c
2026-03-29 11:47:55,579 - INFO - Found 5 tables for FMDBL
2026-03-29 11:47:55,586 - INFO - Table 3 for FMDBL: 11r x 4c
2026-03-29 11:47:55,587 - INFO - Table 4 for FMDBL: 11r x 4c
2026-03-29 11:47:55,588 - INFO - Table 5 for FMDBL: 13r x 11c
2026-03-29 11:47:59,858 - INFO - Found 5 tables for FOWAD
2026-03-29 11:47:59,865 - INFO - Table 3 for FOWAD: 11r x 4c
2026-03-29 11:47:59,866 - INFO - Table 4 for FOWAD: 11r x 4c
2026-03-29 11:47:59,867 - INFO - Table 5 for FOWAD: 13r x 11c
2026-03-29 11:48:11,853 - INFO - Found 5 tables for GBBL
2026-03-29 11:48:11,859 - INFO - Table 3 for GBBL: 11r x 4c
2026-03-29 11:48:11,860 - INFO - Table 4 for GBBL: 11r x 4c
2026-03-29 11:48:11,862 - INFO - Table 5 for GBBL: 13r x 11c
2026-03-29 11:48:16,362 - INFO - Found 5 tables for GBIME
2026-03-29 11:48:16,368 - INFO - Table 3 for GBIME: 11r x 4c
2026-03-29 11:48:16,369 - INFO - Table 4 for GBIME: 11r x 4c
2026-03-29 11:48:16,371 - INFO - Table 5 for GBIME: 13r x 11c
2026-03-29 11:48:20,542 - INFO - Found 5 tables for GBLBS
2026-03-29 11:48:20,548 - INFO - Table 3 for GBLBS: 11r x 4c
2026-03-29 11:48:20,549 - INFO - Table 4 for GBLBS: 11r x 4c
2026-03-29 11:48:20,550 - INFO - Table 5 for GBLBS: 13r x 10c
2026-03-29 11:48:25,154 - INFO - Found 5 tables for GCIL
2026-03-29 11:48:25,160 - INFO - Table 3 for GCIL: 11r x 4c
2026-03-29 11:48:25,161 - INFO - Table 4 for GCIL: 11r x 4c
2026-03-29 11:48:25,163 - INFO - Table 5 for GCIL: 13r x 11c
2026-03-29 11:48:29,671 - INFO - Found 5 tables for GFCL
2026-03-29 11:48:29,677 - INFO - Table 3 for GFCL: 11r x 4c
2026-03-29 11:48:29,678 - INFO - Table 4 for GFCL: 11r x 4c
2026-03-29 11:48:29,680 - INFO - Table 5 for GFCL: 13r x 11c
2026-03-29 11:48:34,251 - INFO - Found 5 tables for GHL
2026-03-29 11:48:34,258 - INFO - Table 3 for GHL: 11r x 4c
2026-03-29 11:48:34,259 - INFO - Table 4 for GHL: 15r x 4c
2026-03-29 11:48:34,260 - INFO - Table 5 for GHL: 13r x 11c
2026-03-29 11:48:38,739 - INFO - Found 5 tables for GILB
2026-03-29 11:48:38,746 - INFO - Table 3 for GILB: 11r x 4c
2026-03-29 11:48:38,747 - INFO - Table 4 for GILB: 11r x 4c
2026-03-29 11:48:38,748 - INFO - Table 5 for GILB: 13r x 11c
2026-03-29 11:48:43,246 - INFO - Found 5 tables for GLBSL
2026-03-29 11:48:43,253 - INFO - Table 3 for GLBSL: 11r x 4c
2026-03-29 11:48:43,254 - INFO - Table 4 for GLBSL: 11r x 4c
2026-03-29 11:48:43,255 - INFO - Table 5 for GLBSL: 13r x 11c
2026-03-29 11:48:47,808 - INFO - Found 5 tables for GLH
2026-03-29 11:48:47,815 - INFO - Table 3 for GLH: 11r x 4c
2026-03-29 11:48:47,816 - INFO - Table 4 for GLH: 15r x 4c
2026-03-29 11:48:47,817 - INFO - Table 5 for GLH: 13r x 10c
2026-03-29 11:48:52,361 - INFO - Found 5 tables for GMFBS
2026-03-29 11:48:52,367 - INFO - Table 3 for GMFBS: 11r x 4c
2026-03-29 11:48:52,368 - INFO - Table 4 for GMFBS: 11r x 4c
2026-03-29 11:48:52,370 - INFO - Table 5 for GMFBS: 13r x 11c
2026-03-29 11:48:56,854 - INFO - Found 5 tables for GMFIL
2026-03-29 11:48:56,861 - INFO - Table 3 for GMFIL: 11r x 4c
2026-03-29 11:48:56,862 - INFO - Table 4 for GMFIL: 11r x 4c
2026-03-29 11:48:56,863 - INFO - Table 5 for GMFIL: 13r x 11c
2026-03-29 11:49:01,354 - INFO - Found 5 tables for GMLI
2026-03-29 11:49:01,361 - INFO - Table 3 for GMLI: 11r x 4c
2026-03-29 11:49:01,362 - INFO - Table 4 for GMLI: 11r x 4c
2026-03-29 11:49:01,363 - INFO - Table 5 for GMLI: 13r x 8c
2026-03-29 11:49:05,594 - INFO - Found 5 tables for GRDBL
2026-03-29 11:49:05,600 - INFO - Table 3 for GRDBL: 11r x 4c
2026-03-29 11:49:05,601 - INFO - Table 4 for GRDBL: 11r x 4c
2026-03-29 11:49:05,603 - INFO - Table 5 for GRDBL: 13r x 11c
2026-03-29 11:49:10,145 - INFO - Found 5 tables for GUFL
2026-03-29 11:49:10,152 - INFO - Table 3 for GUFL: 11r x 4c
2026-03-29 11:49:10,152 - INFO - Table 4 for GUFL: 11r x 4c
2026-03-29 11:49:10,154 - INFO - Table 5 for GUFL: 13r x 11c
2026-03-29 11:49:14,696 - INFO - Found 5 tables for GVL
2026-03-29 11:49:14,703 - INFO - Table 3 for GVL: 11r x 4c
2026-03-29 11:49:14,704 - INFO - Table 4 for GVL: 15r x 4c
2026-03-29 11:49:14,706 - INFO - Table 5 for GVL: 13r x 11c
2026-03-29 11:49:19,215 - INFO - Found 5 tables for HATHY
2026-03-29 11:49:19,221 - INFO - Table 3 for HATHY: 11r x 4c
2026-03-29 11:49:19,223 - INFO - Table 4 for HATHY: 11r x 4c
2026-03-29 11:49:19,224 - INFO - Table 5 for HATHY: 13r x 11c
2026-03-29 11:49:23,738 - INFO - Found 5 tables for HBL
2026-03-29 11:49:23,744 - INFO - Table 3 for HBL: 11r x 4c
2026-03-29 11:49:23,745 - INFO - Table 4 for HBL: 11r x 4c
2026-03-29 11:49:23,747 - INFO - Table 5 for HBL: 13r x 11c
2026-03-29 11:49:28,263 - INFO - Found 5 tables for HDHPC
2026-03-29 11:49:28,270 - INFO - Table 3 for HDHPC: 11r x 4c
2026-03-29 11:49:28,271 - INFO - Table 4 for HDHPC: 15r x 4c
2026-03-29 11:49:28,272 - INFO - Table 5 for HDHPC: 13r x 10c
2026-03-29 11:49:33,023 - INFO - Found 5 tables for HDL
2026-03-29 11:49:33,029 - INFO - Table 3 for HDL: 11r x 4c
2026-03-29 11:49:33,030 - INFO - Table 4 for HDL: 11r x 4c
2026-03-29 11:49:33,032 - INFO - Table 5 for HDL: 13r x 11c
2026-03-29 11:49:37,564 - INFO - Found 5 tables for HEI
2026-03-29 11:49:37,571 - INFO - Table 3 for HEI: 11r x 4c
2026-03-29 11:49:37,572 - INFO - Table 4 for HEI: 11r x 4c
2026-03-29 11:49:37,573 - INFO - Table 5 for HEI: 13r x 10c
2026-03-29 11:49:42,038 - INFO - Found 5 tables for HHL
2026-03-29 11:49:42,045 - INFO - Table 3 for HHL: 11r x 4c
2026-03-29 11:49:42,046 - INFO - Table 4 for HHL: 15r x 4c
2026-03-29 11:49:42,047 - INFO - Table 5 for HHL: 13r x 11c
2026-03-29 11:49:46,562 - INFO - Found 5 tables for HIDCL
2026-03-29 11:49:46,569 - INFO - Table 3 for HIDCL: 11r x 4c
2026-03-29 11:49:46,570 - INFO - Table 4 for HIDCL: 11r x 4c
2026-03-29 11:49:46,571 - INFO - Table 5 for HIDCL: 13r x 11c
2026-03-29 11:49:51,043 - INFO - Found 5 tables for HLBSL
2026-03-29 11:49:51,049 - INFO - Table 3 for HLBSL: 11r x 4c
2026-03-29 11:49:51,050 - INFO - Table 4 for HLBSL: 11r x 4c
2026-03-29 11:49:51,051 - INFO - Table 5 for HLBSL: 13r x 11c
2026-03-29 11:50:02,880 - INFO - Found 5 tables for HLI
2026-03-29 11:50:02,887 - INFO - Table 3 for HLI: 11r x 4c
2026-03-29 11:50:02,889 - INFO - Table 4 for HLI: 11r x 4c
2026-03-29 11:50:02,890 - INFO - Table 5 for HLI: 13r x 11c
2026-03-29 11:50:07,449 - INFO - Found 5 tables for HPPL
2026-03-29 11:50:07,456 - INFO - Table 3 for HPPL: 11r x 4c
2026-03-29 11:50:07,457 - INFO - Table 4 for HPPL: 15r x 4c
2026-03-29 11:50:07,459 - INFO - Table 5 for HPPL: 13r x 11c
2026-03-29 11:50:11,984 - INFO - Found 5 tables for HRL
2026-03-29 11:50:11,991 - INFO - Table 3 for HRL: 11r x 4c
2026-03-29 11:50:11,991 - INFO - Table 4 for HRL: 11r x 4c
2026-03-29 11:50:11,993 - INFO - Table 5 for HRL: 13r x 11c
2026-03-29 11:50:16,579 - INFO - Found 5 tables for HURJA
2026-03-29 11:50:16,585 - INFO - Table 3 for HURJA: 11r x 4c
2026-03-29 11:50:16,586 - INFO - Table 4 for HURJA: 15r x 4c
2026-03-29 11:50:16,588 - INFO - Table 5 for HURJA: 13r x 11c
2026-03-29 11:50:27,930 - INFO - Found 5 tables for ICFC
2026-03-29 11:50:27,937 - INFO - Table 3 for ICFC: 11r x 4c
2026-03-29 11:50:27,938 - INFO - Table 4 for ICFC: 11r x 4c
2026-03-29 11:50:27,939 - INFO - Table 5 for ICFC: 13r x 11c
2026-03-29 11:50:32,558 - INFO - Found 5 tables for IGI
2026-03-29 11:50:32,565 - INFO - Table 3 for IGI: 11r x 4c
2026-03-29 11:50:32,566 - INFO - Table 4 for IGI: 11r x 4c
2026-03-29 11:50:32,567 - INFO - Table 5 for IGI: 13r x 11c
2026-03-29 11:50:37,050 - INFO - Found 5 tables for IHL
2026-03-29 11:50:37,057 - INFO - Table 3 for IHL: 11r x 4c
2026-03-29 11:50:37,058 - INFO - Table 4 for IHL: 15r x 4c
2026-03-29 11:50:37,060 - INFO - Table 5 for IHL: 13r x 11c
2026-03-29 11:50:41,355 - INFO - Found 5 tables for ILBS
2026-03-29 11:50:41,361 - INFO - Table 3 for ILBS: 11r x 4c
2026-03-29 11:50:41,362 - INFO - Table 4 for ILBS: 11r x 4c
2026-03-29 11:50:41,364 - INFO - Table 5 for ILBS: 13r x 11c
2026-03-29 11:50:45,875 - INFO - Found 5 tables for ILI
2026-03-29 11:50:45,881 - INFO - Table 3 for ILI: 11r x 4c
2026-03-29 11:50:45,882 - INFO - Table 4 for ILI: 11r x 4c
2026-03-29 11:50:45,883 - INFO - Table 5 for ILI: 13r x 11c
2026-03-29 11:50:50,453 - INFO - Found 5 tables for JBBL
2026-03-29 11:50:50,459 - INFO - Table 3 for JBBL: 11r x 4c
2026-03-29 11:50:50,460 - INFO - Table 4 for JBBL: 11r x 4c
2026-03-29 11:50:50,462 - INFO - Table 5 for JBBL: 13r x 11c
2026-03-29 11:50:55,076 - INFO - Found 5 tables for JBLB
2026-03-29 11:50:55,083 - INFO - Table 3 for JBLB: 11r x 4c
2026-03-29 11:50:55,083 - INFO - Table 4 for JBLB: 11r x 4c
2026-03-29 11:50:55,085 - INFO - Table 5 for JBLB: 13r x 11c
2026-03-29 11:50:59,355 - INFO - Found 5 tables for JFL
2026-03-29 11:50:59,361 - INFO - Table 3 for JFL: 11r x 4c
2026-03-29 11:50:59,362 - INFO - Table 4 for JFL: 11r x 4c
2026-03-29 11:50:59,364 - INFO - Table 5 for JFL: 13r x 11c
2026-03-29 11:51:04,167 - INFO - Found 5 tables for JOSHI
2026-03-29 11:51:04,174 - INFO - Table 3 for JOSHI: 11r x 4c
2026-03-29 11:51:04,175 - INFO - Table 4 for JOSHI: 15r x 4c
2026-03-29 11:51:04,176 - INFO - Table 5 for JOSHI: 13r x 10c
2026-03-29 11:51:09,228 - INFO - Found 5 tables for JSLBB
2026-03-29 11:51:09,235 - INFO - Table 3 for JSLBB: 11r x 4c
2026-03-29 11:51:09,236 - INFO - Table 4 for JSLBB: 11r x 4c
2026-03-29 11:51:09,237 - INFO - Table 5 for JSLBB: 13r x 11c
2026-03-29 11:51:13,732 - INFO - Found 5 tables for KBL
2026-03-29 11:51:13,739 - INFO - Table 3 for KBL: 11r x 4c
2026-03-29 11:51:13,740 - INFO - Table 4 for KBL: 11r x 4c
2026-03-29 11:51:13,741 - INFO - Table 5 for KBL: 13r x 11c
2026-03-29 11:51:18,350 - INFO - Found 5 tables for KBSH
2026-03-29 11:51:18,356 - INFO - Table 3 for KBSH: 11r x 4c
2026-03-29 11:51:18,357 - INFO - Table 4 for KBSH: 15r x 4c
2026-03-29 11:51:18,359 - INFO - Table 5 for KBSH: 13r x 11c
2026-03-29 11:51:22,876 - INFO - Found 5 tables for KDL
2026-03-29 11:51:22,883 - INFO - Table 3 for KDL: 11r x 4c
2026-03-29 11:51:22,884 - INFO - Table 4 for KDL: 11r x 4c
2026-03-29 11:51:22,886 - INFO - Table 5 for KDL: 13r x 11c
2026-03-29 11:51:27,129 - INFO - Found 5 tables for KKHC
2026-03-29 11:51:27,136 - INFO - Table 3 for KKHC: 11r x 4c
2026-03-29 11:51:27,137 - INFO - Table 4 for KKHC: 15r x 4c
2026-03-29 11:51:27,139 - INFO - Table 5 for KKHC: 13r x 11c
2026-03-29 11:51:31,689 - INFO - Found 5 tables for KMCDB
2026-03-29 11:51:31,695 - INFO - Table 3 for KMCDB: 11r x 4c
2026-03-29 11:51:31,696 - INFO - Table 4 for KMCDB: 11r x 4c
2026-03-29 11:51:31,698 - INFO - Table 5 for KMCDB: 13r x 11c
2026-03-29 11:51:36,878 - INFO - Found 5 tables for KPCL
2026-03-29 11:51:36,884 - INFO - Table 3 for KPCL: 11r x 4c
2026-03-29 11:51:36,885 - INFO - Table 4 for KPCL: 15r x 4c
2026-03-29 11:51:36,887 - INFO - Table 5 for KPCL: 13r x 11c
2026-03-29 11:51:41,487 - INFO - Found 5 tables for KSBBL
2026-03-29 11:51:41,494 - INFO - Table 3 for KSBBL: 11r x 4c
2026-03-29 11:51:41,495 - INFO - Table 4 for KSBBL: 11r x 4c
2026-03-29 11:51:41,496 - INFO - Table 5 for KSBBL: 13r x 11c
2026-03-29 11:51:46,023 - INFO - Found 5 tables for LBBL
2026-03-29 11:51:46,030 - INFO - Table 3 for LBBL: 11r x 4c
2026-03-29 11:51:46,031 - INFO - Table 4 for LBBL: 11r x 4c
2026-03-29 11:51:46,032 - INFO - Table 5 for LBBL: 13r x 11c
2026-03-29 11:51:50,267 - INFO - Found 5 tables for LEC
2026-03-29 11:51:50,273 - INFO - Table 3 for LEC: 11r x 4c
2026-03-29 11:51:50,274 - INFO - Table 4 for LEC: 15r x 4c
2026-03-29 11:51:50,276 - INFO - Table 5 for LEC: 13r x 11c
2026-03-29 11:51:54,754 - INFO - Found 5 tables for LICN
2026-03-29 11:51:54,760 - INFO - Table 3 for LICN: 11r x 4c
2026-03-29 11:51:54,761 - INFO - Table 4 for LICN: 11r x 4c
2026-03-29 11:51:54,763 - INFO - Table 5 for LICN: 13r x 11c
2026-03-29 11:51:59,312 - INFO - Found 5 tables for LLBS
2026-03-29 11:51:59,319 - INFO - Table 3 for LLBS: 11r x 4c
2026-03-29 11:51:59,320 - INFO - Table 4 for LLBS: 11r x 4c
2026-03-29 11:51:59,321 - INFO - Table 5 for LLBS: 13r x 11c
2026-03-29 11:52:03,881 - INFO - Found 5 tables for LSL
2026-03-29 11:52:03,888 - INFO - Table 3 for LSL: 11r x 4c
2026-03-29 11:52:03,889 - INFO - Table 4 for LSL: 11r x 4c
2026-03-29 11:52:03,890 - INFO - Table 5 for LSL: 13r x 11c
2026-03-29 11:52:08,422 - INFO - Found 5 tables for MAKAR
2026-03-29 11:52:08,428 - INFO - Table 3 for MAKAR: 11r x 4c
2026-03-29 11:52:08,430 - INFO - Table 4 for MAKAR: 15r x 4c
2026-03-29 11:52:08,431 - INFO - Table 5 for MAKAR: 13r x 11c
2026-03-29 11:52:12,917 - INFO - Found 5 tables for MANDU
2026-03-29 11:52:12,924 - INFO - Table 3 for MANDU: 11r x 4c
2026-03-29 11:52:12,925 - INFO - Table 4 for MANDU: 15r x 4c
2026-03-29 11:52:12,926 - INFO - Table 5 for MANDU: 13r x 11c
2026-03-29 11:52:17,448 - INFO - Found 5 tables for MATRI
2026-03-29 11:52:17,454 - INFO - Table 3 for MATRI: 11r x 4c
2026-03-29 11:52:17,455 - INFO - Table 4 for MATRI: 11r x 4c
2026-03-29 11:52:17,457 - INFO - Table 5 for MATRI: 13r x 10c
2026-03-29 11:52:21,966 - INFO - Found 5 tables for MBJC
2026-03-29 11:52:21,972 - INFO - Table 3 for MBJC: 11r x 4c
2026-03-29 11:52:21,974 - INFO - Table 4 for MBJC: 15r x 4c
2026-03-29 11:52:21,975 - INFO - Table 5 for MBJC: 13r x 11c
2026-03-29 11:52:34,268 - INFO - Found 5 tables for MBL
2026-03-29 11:52:34,274 - INFO - Table 3 for MBL: 11r x 4c
2026-03-29 11:52:34,275 - INFO - Table 4 for MBL: 11r x 4c
2026-03-29 11:52:34,277 - INFO - Table 5 for MBL: 13r x 11c
2026-03-29 11:52:38,795 - INFO - Found 5 tables for MCHL
2026-03-29 11:52:38,801 - INFO - Table 3 for MCHL: 11r x 4c
2026-03-29 11:52:38,803 - INFO - Table 4 for MCHL: 15r x 4c
2026-03-29 11:52:38,804 - INFO - Table 5 for MCHL: 13r x 11c
2026-03-29 11:52:43,328 - INFO - Found 5 tables for MDB
2026-03-29 11:52:43,334 - INFO - Table 3 for MDB: 11r x 4c
2026-03-29 11:52:43,335 - INFO - Table 4 for MDB: 11r x 4c
2026-03-29 11:52:43,337 - INFO - Table 5 for MDB: 13r x 11c
2026-03-29 11:52:47,854 - INFO - Found 5 tables for MEHL
2026-03-29 11:52:47,861 - INFO - Table 3 for MEHL: 11r x 4c
2026-03-29 11:52:47,862 - INFO - Table 4 for MEHL: 15r x 4c
2026-03-29 11:52:47,863 - INFO - Table 5 for MEHL: 13r x 11c
2026-03-29 11:52:52,384 - INFO - Found 5 tables for MEL
2026-03-29 11:52:52,390 - INFO - Table 3 for MEL: 11r x 4c
2026-03-29 11:52:52,391 - INFO - Table 4 for MEL: 15r x 4c
2026-03-29 11:52:52,393 - INFO - Table 5 for MEL: 13r x 11c
2026-03-29 11:52:56,963 - INFO - Found 5 tables for MEN
2026-03-29 11:52:56,969 - INFO - Table 3 for MEN: 11r x 4c
2026-03-29 11:52:56,970 - INFO - Table 4 for MEN: 15r x 4c
2026-03-29 11:52:56,972 - INFO - Table 5 for MEN: 13r x 11c
2026-03-29 11:53:08,492 - INFO - Found 5 tables for MERO
2026-03-29 11:53:08,498 - INFO - Table 3 for MERO: 11r x 4c
2026-03-29 11:53:08,499 - INFO - Table 4 for MERO: 11r x 4c
2026-03-29 11:53:08,501 - INFO - Table 5 for MERO: 13r x 11c
2026-03-29 11:53:12,987 - INFO - Found 5 tables for MFIL
2026-03-29 11:53:12,994 - INFO - Table 3 for MFIL: 11r x 4c
2026-03-29 11:53:12,995 - INFO - Table 4 for MFIL: 11r x 4c
2026-03-29 11:53:12,996 - INFO - Table 5 for MFIL: 13r x 11c
2026-03-29 11:53:17,510 - INFO - Found 5 tables for MHCL
2026-03-29 11:53:17,516 - INFO - Table 3 for MHCL: 11r x 4c
2026-03-29 11:53:17,517 - INFO - Table 4 for MHCL: 15r x 4c
2026-03-29 11:53:17,519 - INFO - Table 5 for MHCL: 13r x 11c
2026-03-29 11:53:22,015 - INFO - Found 5 tables for MHL
2026-03-29 11:53:22,021 - INFO - Table 3 for MHL: 11r x 4c
2026-03-29 11:53:22,022 - INFO - Table 4 for MHL: 15r x 4c
2026-03-29 11:53:22,024 - INFO - Table 5 for MHL: 13r x 11c
2026-03-29 11:53:26,604 - INFO - Found 5 tables for MHNL
2026-03-29 11:53:26,610 - INFO - Table 3 for MHNL: 11r x 4c
2026-03-29 11:53:26,611 - INFO - Table 4 for MHNL: 15r x 4c
2026-03-29 11:53:26,613 - INFO - Table 5 for MHNL: 13r x 11c
2026-03-29 11:53:31,106 - INFO - Found 5 tables for MKCL
2026-03-29 11:53:31,112 - INFO - Table 3 for MKCL: 11r x 4c
2026-03-29 11:53:31,113 - INFO - Table 4 for MKCL: 11r x 4c
2026-03-29 11:53:31,115 - INFO - Table 5 for MKCL: 13r x 11c
2026-03-29 11:53:35,666 - INFO - Found 5 tables for MKHC
2026-03-29 11:53:35,672 - INFO - Table 3 for MKHC: 11r x 4c
2026-03-29 11:53:35,673 - INFO - Table 4 for MKHC: 15r x 4c
2026-03-29 11:53:35,675 - INFO - Table 5 for MKHC: 13r x 11c
2026-03-29 11:53:40,186 - INFO - Found 5 tables for MKHL
2026-03-29 11:53:40,192 - INFO - Table 3 for MKHL: 11r x 4c
2026-03-29 11:53:40,193 - INFO - Table 4 for MKHL: 15r x 4c
2026-03-29 11:53:40,195 - INFO - Table 5 for MKHL: 13r x 11c
2026-03-29 11:53:44,713 - INFO - Found 5 tables for MKJC
2026-03-29 11:53:44,720 - INFO - Table 3 for MKJC: 11r x 4c
2026-03-29 11:53:44,721 - INFO - Table 4 for MKJC: 15r x 4c
2026-03-29 11:53:44,722 - INFO - Table 5 for MKJC: 13r x 10c
2026-03-29 11:53:49,314 - INFO - Found 5 tables for MLBBL
2026-03-29 11:53:49,321 - INFO - Table 3 for MLBBL: 11r x 4c
2026-03-29 11:53:49,322 - INFO - Table 4 for MLBBL: 11r x 4c
2026-03-29 11:53:49,323 - INFO - Table 5 for MLBBL: 13r x 11c
2026-03-29 11:53:53,865 - INFO - Found 5 tables for MLBL
2026-03-29 11:53:53,872 - INFO - Table 3 for MLBL: 11r x 4c
2026-03-29 11:53:53,873 - INFO - Table 4 for MLBL: 11r x 4c
2026-03-29 11:53:53,875 - INFO - Table 5 for MLBL: 13r x 11c
2026-03-29 11:53:58,140 - INFO - Found 5 tables for MLBS
2026-03-29 11:53:58,146 - INFO - Table 3 for MLBS: 11r x 4c
2026-03-29 11:53:58,147 - INFO - Table 4 for MLBS: 11r x 4c
2026-03-29 11:53:58,148 - INFO - Table 5 for MLBS: 13r x 11c
2026-03-29 11:54:02,661 - INFO - Found 5 tables for MLBSL
2026-03-29 11:54:02,667 - INFO - Table 3 for MLBSL: 11r x 4c
2026-03-29 11:54:02,668 - INFO - Table 4 for MLBSL: 11r x 4c
2026-03-29 11:54:02,670 - INFO - Table 5 for MLBSL: 13r x 11c
2026-03-29 11:54:07,171 - INFO - Found 5 tables for MMKJL
2026-03-29 11:54:07,177 - INFO - Table 3 for MMKJL: 11r x 4c
2026-03-29 11:54:07,178 - INFO - Table 4 for MMKJL: 15r x 4c
2026-03-29 11:54:07,180 - INFO - Table 5 for MMKJL: 13r x 11c
2026-03-29 11:54:11,694 - INFO - Found 5 tables for MNBBL
2026-03-29 11:54:11,700 - INFO - Table 3 for MNBBL: 11r x 4c
2026-03-29 11:54:11,701 - INFO - Table 4 for MNBBL: 11r x 4c
2026-03-29 11:54:11,703 - INFO - Table 5 for MNBBL: 13r x 11c
2026-03-29 11:54:16,176 - INFO - Found 5 tables for MPFL
2026-03-29 11:54:16,182 - INFO - Table 3 for MPFL: 11r x 4c
2026-03-29 11:54:16,183 - INFO - Table 4 for MPFL: 11r x 4c
2026-03-29 11:54:16,185 - INFO - Table 5 for MPFL: 13r x 11c
2026-03-29 11:54:20,697 - INFO - Found 5 tables for MSHL
2026-03-29 11:54:20,703 - INFO - Table 3 for MSHL: 11r x 4c
2026-03-29 11:54:20,704 - INFO - Table 4 for MSHL: 15r x 4c
2026-03-29 11:54:20,705 - INFO - Table 5 for MSHL: 13r x 11c
2026-03-29 11:54:32,546 - INFO - Found 5 tables for MSLB
2026-03-29 11:54:32,553 - INFO - Table 3 for MSLB: 11r x 4c
2026-03-29 11:54:32,554 - INFO - Table 4 for MSLB: 11r x 4c
2026-03-29 11:54:32,555 - INFO - Table 5 for MSLB: 13r x 11c
2026-03-29 11:54:37,015 - INFO - Found 5 tables for NABBC
2026-03-29 11:54:37,021 - INFO - Table 3 for NABBC: 11r x 4c
2026-03-29 11:54:37,022 - INFO - Table 4 for NABBC: 11r x 4c
2026-03-29 11:54:37,024 - INFO - Table 5 for NABBC: 13r x 11c
2026-03-29 11:54:41,579 - INFO - Found 5 tables for NABIL
2026-03-29 11:54:41,585 - INFO - Table 3 for NABIL: 11r x 4c
2026-03-29 11:54:41,586 - INFO - Table 4 for NABIL: 11r x 4c
2026-03-29 11:54:41,588 - INFO - Table 5 for NABIL: 13r x 11c
2026-03-29 11:54:46,064 - INFO - Found 5 tables for NADEP
2026-03-29 11:54:46,071 - INFO - Table 3 for NADEP: 11r x 4c
2026-03-29 11:54:46,072 - INFO - Table 4 for NADEP: 11r x 4c
2026-03-29 11:54:46,073 - INFO - Table 5 for NADEP: 13r x 11c
2026-03-29 11:54:51,549 - INFO - Found 5 tables for NBL
2026-03-29 11:54:51,555 - INFO - Table 3 for NBL: 11r x 4c
2026-03-29 11:54:51,556 - INFO - Table 4 for NBL: 11r x 4c
2026-03-29 11:54:51,558 - INFO - Table 5 for NBL: 13r x 11c
2026-03-29 11:54:56,079 - INFO - Found 5 tables for NESDO
2026-03-29 11:54:56,086 - INFO - Table 3 for NESDO: 11r x 4c
2026-03-29 11:54:56,086 - INFO - Table 4 for NESDO: 11r x 4c
2026-03-29 11:54:56,088 - INFO - Table 5 for NESDO: 13r x 11c
2026-03-29 11:55:00,641 - INFO - Found 5 tables for NFS
2026-03-29 11:55:00,647 - INFO - Table 3 for NFS: 11r x 4c
2026-03-29 11:55:00,648 - INFO - Table 4 for NFS: 11r x 4c
2026-03-29 11:55:00,650 - INFO - Table 5 for NFS: 13r x 11c
2026-03-29 11:55:05,264 - INFO - Found 5 tables for NGPL
2026-03-29 11:55:05,270 - INFO - Table 3 for NGPL: 11r x 4c
2026-03-29 11:55:05,271 - INFO - Table 4 for NGPL: 15r x 4c
2026-03-29 11:55:05,272 - INFO - Table 5 for NGPL: 13r x 11c
2026-03-29 11:55:09,759 - INFO - Found 5 tables for NHDL
2026-03-29 11:55:09,766 - INFO - Table 3 for NHDL: 11r x 4c
2026-03-29 11:55:09,767 - INFO - Table 4 for NHDL: 15r x 4c
2026-03-29 11:55:09,768 - INFO - Table 5 for NHDL: 13r x 11c
2026-03-29 11:55:14,244 - INFO - Found 5 tables for NHPC
2026-03-29 11:55:14,251 - INFO - Table 3 for NHPC: 11r x 4c
2026-03-29 11:55:14,252 - INFO - Table 4 for NHPC: 15r x 4c
2026-03-29 11:55:14,253 - INFO - Table 5 for NHPC: 13r x 11c
2026-03-29 11:55:18,464 - INFO - Found 5 tables for NICA
2026-03-29 11:55:18,470 - INFO - Table 3 for NICA: 11r x 4c
2026-03-29 11:55:18,471 - INFO - Table 4 for NICA: 11r x 4c
2026-03-29 11:55:18,473 - INFO - Table 5 for NICA: 13r x 11c
2026-03-29 11:55:22,959 - INFO - Found 5 tables for NICL
2026-03-29 11:55:22,965 - INFO - Table 3 for NICL: 11r x 4c
2026-03-29 11:55:22,966 - INFO - Table 4 for NICL: 11r x 4c
2026-03-29 11:55:22,968 - INFO - Table 5 for NICL: 13r x 11c
2026-03-29 11:55:27,564 - INFO - Found 5 tables for NICLBSL
2026-03-29 11:55:27,570 - INFO - Table 3 for NICLBSL: 11r x 4c
2026-03-29 11:55:27,571 - INFO - Table 4 for NICLBSL: 11r x 4c
2026-03-29 11:55:27,572 - INFO - Table 5 for NICLBSL: 13r x 11c
2026-03-29 11:55:31,725 - INFO - Found 5 tables for NIFRA
2026-03-29 11:55:31,731 - INFO - Table 3 for NIFRA: 11r x 4c
2026-03-29 11:55:31,732 - INFO - Table 4 for NIFRA: 11r x 4c
2026-03-29 11:55:31,734 - INFO - Table 5 for NIFRA: 13r x 11c
2026-03-29 11:55:36,206 - INFO - Found 5 tables for NIL
2026-03-29 11:55:36,213 - INFO - Table 3 for NIL: 11r x 4c
2026-03-29 11:55:36,213 - INFO - Table 4 for NIL: 11r x 4c
2026-03-29 11:55:36,215 - INFO - Table 5 for NIL: 13r x 10c
2026-03-29 11:55:40,660 - INFO - Found 5 tables for NIMB
2026-03-29 11:55:40,666 - INFO - Table 3 for NIMB: 11r x 4c
2026-03-29 11:55:40,667 - INFO - Table 4 for NIMB: 11r x 4c
2026-03-29 11:55:40,669 - INFO - Table 5 for NIMB: 13r x 11c
2026-03-29 11:55:45,170 - INFO - Found 5 tables for NLG
2026-03-29 11:55:45,177 - INFO - Table 3 for NLG: 11r x 4c
2026-03-29 11:55:45,177 - INFO - Table 4 for NLG: 11r x 4c
2026-03-29 11:55:45,179 - INFO - Table 5 for NLG: 13r x 11c
2026-03-29 11:55:49,684 - INFO - Found 5 tables for NLIC
2026-03-29 11:55:49,690 - INFO - Table 3 for NLIC: 11r x 4c
2026-03-29 11:55:49,691 - INFO - Table 4 for NLIC: 11r x 4c
2026-03-29 11:55:49,693 - INFO - Table 5 for NLIC: 13r x 11c
2026-03-29 11:56:00,955 - INFO - Found 5 tables for NLICL
2026-03-29 11:56:00,962 - INFO - Table 3 for NLICL: 11r x 4c
2026-03-29 11:56:00,963 - INFO - Table 4 for NLICL: 11r x 4c
2026-03-29 11:56:00,964 - INFO - Table 5 for NLICL: 13r x 11c
2026-03-29 11:56:05,158 - INFO - Found 5 tables for NLO
2026-03-29 11:56:05,164 - INFO - Table 3 for NLO: 11r x 4c
2026-03-29 11:56:05,165 - INFO - Table 4 for NLO: 11r x 4c
2026-03-29 11:56:05,166 - INFO - Table 5 for NLO: 13r x 8c
2026-03-29 11:56:09,576 - INFO - Found 5 tables for NMB
2026-03-29 11:56:09,582 - INFO - Table 3 for NMB: 11r x 4c
2026-03-29 11:56:09,583 - INFO - Table 4 for NMB: 11r x 4c
2026-03-29 11:56:09,584 - INFO - Table 5 for NMB: 13r x 11c
2026-03-29 11:56:14,080 - INFO - Found 5 tables for NMBMF
2026-03-29 11:56:14,087 - INFO - Table 3 for NMBMF: 11r x 4c
2026-03-29 11:56:14,088 - INFO - Table 4 for NMBMF: 11r x 4c
2026-03-29 11:56:14,089 - INFO - Table 5 for NMBMF: 13r x 11c
2026-03-29 11:56:18,659 - INFO - Found 5 tables for NMFBS
2026-03-29 11:56:18,666 - INFO - Table 3 for NMFBS: 11r x 4c
2026-03-29 11:56:18,667 - INFO - Table 4 for NMFBS: 11r x 4c
2026-03-29 11:56:18,668 - INFO - Table 5 for NMFBS: 13r x 11c
2026-03-29 11:56:23,142 - INFO - Found 5 tables for NMIC
2026-03-29 11:56:23,149 - INFO - Table 3 for NMIC: 11r x 4c
2026-03-29 11:56:23,150 - INFO - Table 4 for NMIC: 11r x 4c
2026-03-29 11:56:23,152 - INFO - Table 5 for NMIC: 13r x 7c
2026-03-29 11:56:27,715 - INFO - Found 5 tables for NMLBBL
2026-03-29 11:56:27,721 - INFO - Table 3 for NMLBBL: 11r x 4c
2026-03-29 11:56:27,722 - INFO - Table 4 for NMLBBL: 11r x 4c
2026-03-29 11:56:27,724 - INFO - Table 5 for NMLBBL: 13r x 10c
2026-03-29 11:56:32,161 - INFO - Found 5 tables for NRIC
2026-03-29 11:56:32,167 - INFO - Table 3 for NRIC: 11r x 4c
2026-03-29 11:56:32,168 - INFO - Table 4 for NRIC: 11r x 4c
2026-03-29 11:56:32,169 - INFO - Table 5 for NRIC: 13r x 10c
2026-03-29 11:56:36,673 - INFO - Found 5 tables for NRM
2026-03-29 11:56:36,679 - INFO - Table 3 for NRM: 11r x 4c
2026-03-29 11:56:36,680 - INFO - Table 4 for NRM: 11r x 4c
2026-03-29 11:56:36,682 - INFO - Table 5 for NRM: 13r x 11c
2026-03-29 11:56:41,261 - INFO - Found 5 tables for NRN
2026-03-29 11:56:41,267 - INFO - Table 3 for NRN: 11r x 4c
2026-03-29 11:56:41,268 - INFO - Table 4 for NRN: 11r x 4c
2026-03-29 11:56:41,269 - INFO - Table 5 for NRN: 13r x 11c
2026-03-29 11:56:45,479 - INFO - Found 5 tables for NTC
2026-03-29 11:56:45,486 - INFO - Table 3 for NTC: 11r x 4c
2026-03-29 11:56:45,487 - INFO - Table 4 for NTC: 11r x 4c
2026-03-29 11:56:45,488 - INFO - Table 5 for NTC: 13r x 11c
2026-03-29 11:56:50,332 - INFO - Found 5 tables for NUBL
2026-03-29 11:56:50,339 - INFO - Table 3 for NUBL: 11r x 4c
2026-03-29 11:56:50,340 - INFO - Table 4 for NUBL: 11r x 4c
2026-03-29 11:56:50,341 - INFO - Table 5 for NUBL: 13r x 11c
2026-03-29 11:56:54,792 - INFO - Found 5 tables for NWCL
2026-03-29 11:56:54,798 - INFO - Table 3 for NWCL: 11r x 4c
2026-03-29 11:56:54,799 - INFO - Table 4 for NWCL: 11r x 4c
2026-03-29 11:56:54,801 - INFO - Table 5 for NWCL: 13r x 11c
2026-03-29 11:56:59,279 - INFO - Found 5 tables for NYADI
2026-03-29 11:56:59,285 - INFO - Table 3 for NYADI: 11r x 4c
2026-03-29 11:56:59,286 - INFO - Table 4 for NYADI: 15r x 4c
2026-03-29 11:56:59,287 - INFO - Table 5 for NYADI: 13r x 11c
2026-03-29 11:57:03,786 - INFO - Found 5 tables for OHL
2026-03-29 11:57:03,792 - INFO - Table 3 for OHL: 11r x 4c
2026-03-29 11:57:03,793 - INFO - Table 4 for OHL: 11r x 4c
2026-03-29 11:57:03,795 - INFO - Table 5 for OHL: 13r x 11c
2026-03-29 11:57:08,273 - INFO - Found 5 tables for OMPL
2026-03-29 11:57:08,279 - INFO - Table 3 for OMPL: 11r x 4c
2026-03-29 11:57:08,280 - INFO - Table 4 for OMPL: 11r x 4c
2026-03-29 11:57:08,281 - INFO - Table 5 for OMPL: 13r x 7c
2026-03-29 11:57:12,765 - INFO - Found 5 tables for PCBL
2026-03-29 11:57:12,771 - INFO - Table 3 for PCBL: 11r x 4c
2026-03-29 11:57:12,772 - INFO - Table 4 for PCBL: 11r x 4c
2026-03-29 11:57:12,774 - INFO - Table 5 for PCBL: 13r x 11c
2026-03-29 11:57:17,330 - INFO - Found 5 tables for PFL
2026-03-29 11:57:17,336 - INFO - Table 3 for PFL: 11r x 4c
2026-03-29 11:57:17,337 - INFO - Table 4 for PFL: 11r x 4c
2026-03-29 11:57:17,339 - INFO - Table 5 for PFL: 13r x 11c
2026-03-29 11:57:22,223 - INFO - Found 5 tables for PHCL
2026-03-29 11:57:22,230 - INFO - Table 3 for PHCL: 11r x 4c
2026-03-29 11:57:22,231 - INFO - Table 4 for PHCL: 15r x 4c
2026-03-29 11:57:22,232 - INFO - Table 5 for PHCL: 13r x 11c
2026-03-29 11:57:26,735 - INFO - Found 5 tables for PMHPL
2026-03-29 11:57:26,741 - INFO - Table 3 for PMHPL: 11r x 4c
2026-03-29 11:57:26,742 - INFO - Table 4 for PMHPL: 15r x 4c
2026-03-29 11:57:26,743 - INFO - Table 5 for PMHPL: 13r x 11c
2026-03-29 11:57:31,166 - INFO - Found 5 tables for PMLI
2026-03-29 11:57:31,173 - INFO - Table 3 for PMLI: 11r x 4c
2026-03-29 11:57:31,174 - INFO - Table 4 for PMLI: 11r x 4c
2026-03-29 11:57:31,176 - INFO - Table 5 for PMLI: 13r x 11c
2026-03-29 11:57:35,671 - INFO - Found 5 tables for PPCL
2026-03-29 11:57:35,678 - INFO - Table 3 for PPCL: 11r x 4c
2026-03-29 11:57:35,679 - INFO - Table 4 for PPCL: 15r x 4c
2026-03-29 11:57:35,680 - INFO - Table 5 for PPCL: 13r x 11c
2026-03-29 11:57:40,207 - INFO - Found 5 tables for PPL
2026-03-29 11:57:40,214 - INFO - Table 3 for PPL: 11r x 4c
2026-03-29 11:57:40,215 - INFO - Table 4 for PPL: 15r x 4c
2026-03-29 11:57:40,217 - INFO - Table 5 for PPL: 13r x 11c
2026-03-29 11:57:44,472 - INFO - Found 5 tables for PRIN
2026-03-29 11:57:44,478 - INFO - Table 3 for PRIN: 11r x 4c
2026-03-29 11:57:44,479 - INFO - Table 4 for PRIN: 11r x 4c
2026-03-29 11:57:44,481 - INFO - Table 5 for PRIN: 13r x 11c
2026-03-29 11:57:48,575 - INFO - Found 5 tables for PROFL
2026-03-29 11:57:48,581 - INFO - Table 3 for PROFL: 11r x 4c
2026-03-29 11:57:48,582 - INFO - Table 4 for PROFL: 11r x 4c
2026-03-29 11:57:48,584 - INFO - Table 5 for PROFL: 13r x 11c
2026-03-29 11:57:53,089 - INFO - Found 5 tables for PRVU
2026-03-29 11:57:53,095 - INFO - Table 3 for PRVU: 11r x 4c
2026-03-29 11:57:53,096 - INFO - Table 4 for PRVU: 11r x 4c
2026-03-29 11:57:53,098 - INFO - Table 5 for PRVU: 13r x 11c
2026-03-29 11:57:57,599 - INFO - Found 5 tables for PURE
2026-03-29 11:57:57,606 - INFO - Table 3 for PURE: 11r x 4c
2026-03-29 11:57:57,607 - INFO - Table 4 for PURE: 15r x 4c
2026-03-29 11:57:57,608 - INFO - Table 5 for PURE: 13r x 6c
2026-03-29 11:58:01,857 - INFO - Found 5 tables for RADHI
2026-03-29 11:58:01,863 - INFO - Table 3 for RADHI: 11r x 4c
2026-03-29 11:58:01,864 - INFO - Table 4 for RADHI: 15r x 4c
2026-03-29 11:58:01,866 - INFO - Table 5 for RADHI: 13r x 11c
2026-03-29 11:58:06,717 - INFO - Found 5 tables for RAWA
2026-03-29 11:58:06,723 - INFO - Table 3 for RAWA: 11r x 4c
2026-03-29 11:58:06,724 - INFO - Table 4 for RAWA: 15r x 4c
2026-03-29 11:58:06,725 - INFO - Table 5 for RAWA: 13r x 11c
2026-03-29 11:58:11,203 - INFO - Found 5 tables for RBCL
2026-03-29 11:58:11,210 - INFO - Table 3 for RBCL: 11r x 4c
2026-03-29 11:58:11,210 - INFO - Table 4 for RBCL: 11r x 4c
2026-03-29 11:58:11,212 - INFO - Table 5 for RBCL: 13r x 11c
2026-03-29 11:58:15,525 - INFO - Found 5 tables for RFPL
2026-03-29 11:58:15,531 - INFO - Table 3 for RFPL: 11r x 4c
2026-03-29 11:58:15,532 - INFO - Table 4 for RFPL: 15r x 4c
2026-03-29 11:58:15,534 - INFO - Table 5 for RFPL: 13r x 10c
2026-03-29 11:58:20,015 - INFO - Found 5 tables for RHGCL
2026-03-29 11:58:20,022 - INFO - Table 3 for RHGCL: 11r x 4c
2026-03-29 11:58:20,023 - INFO - Table 4 for RHGCL: 15r x 4c
2026-03-29 11:58:20,025 - INFO - Table 5 for RHGCL: 13r x 11c
2026-03-29 11:58:24,567 - INFO - Found 5 tables for RHPL
2026-03-29 11:58:24,574 - INFO - Table 3 for RHPL: 11r x 4c
2026-03-29 11:58:24,575 - INFO - Table 4 for RHPL: 15r x 4c
2026-03-29 11:58:24,576 - INFO - Table 5 for RHPL: 13r x 11c
2026-03-29 11:58:35,982 - INFO - Found 5 tables for RIDI
2026-03-29 11:58:35,989 - INFO - Table 3 for RIDI: 11r x 4c
2026-03-29 11:58:35,990 - INFO - Table 4 for RIDI: 15r x 4c
2026-03-29 11:58:35,991 - INFO - Table 5 for RIDI: 13r x 11c
2026-03-29 11:58:40,517 - INFO - Found 5 tables for RLFL
2026-03-29 11:58:40,523 - INFO - Table 3 for RLFL: 11r x 4c
2026-03-29 11:58:40,524 - INFO - Table 4 for RLFL: 11r x 4c
2026-03-29 11:58:40,526 - INFO - Table 5 for RLFL: 13r x 11c
2026-03-29 11:58:45,077 - INFO - Found 5 tables for RNLI
2026-03-29 11:58:45,084 - INFO - Table 3 for RNLI: 11r x 4c
2026-03-29 11:58:45,085 - INFO - Table 4 for RNLI: 11r x 4c
2026-03-29 11:58:45,086 - INFO - Table 5 for RNLI: 13r x 11c
2026-03-29 11:58:49,603 - INFO - Found 5 tables for RSDC
2026-03-29 11:58:49,610 - INFO - Table 3 for RSDC: 11r x 4c
2026-03-29 11:58:49,611 - INFO - Table 4 for RSDC: 11r x 4c
2026-03-29 11:58:49,612 - INFO - Table 5 for RSDC: 13r x 11c
2026-03-29 11:58:54,138 - INFO - Found 5 tables for RURU
2026-03-29 11:58:54,144 - INFO - Table 3 for RURU: 11r x 4c
2026-03-29 11:58:54,145 - INFO - Table 4 for RURU: 15r x 4c
2026-03-29 11:58:54,147 - INFO - Table 5 for RURU: 13r x 11c
2026-03-29 11:58:58,697 - INFO - Found 5 tables for SADBL
2026-03-29 11:58:58,704 - INFO - Table 3 for SADBL: 11r x 4c
2026-03-29 11:58:58,704 - INFO - Table 4 for SADBL: 11r x 4c
2026-03-29 11:58:58,706 - INFO - Table 5 for SADBL: 13r x 11c
2026-03-29 11:59:03,218 - INFO - Found 5 tables for SAHAS
2026-03-29 11:59:03,225 - INFO - Table 3 for SAHAS: 11r x 4c
2026-03-29 11:59:03,226 - INFO - Table 4 for SAHAS: 15r x 4c
2026-03-29 11:59:03,228 - INFO - Table 5 for SAHAS: 13r x 11c
2026-03-29 11:59:07,835 - INFO - Found 5 tables for SALICO
2026-03-29 11:59:07,841 - INFO - Table 3 for SALICO: 11r x 4c
2026-03-29 11:59:07,842 - INFO - Table 4 for SALICO: 11r x 4c
2026-03-29 11:59:07,844 - INFO - Table 5 for SALICO: 13r x 11c
2026-03-29 11:59:12,349 - INFO - Found 5 tables for SAMAJ
2026-03-29 11:59:12,356 - INFO - Table 3 for SAMAJ: 11r x 4c
2026-03-29 11:59:12,357 - INFO - Table 4 for SAMAJ: 11r x 4c
2026-03-29 11:59:12,358 - INFO - Table 5 for SAMAJ: 13r x 9c
2026-03-29 11:59:16,842 - INFO - Found 5 tables for SANIMA
2026-03-29 11:59:16,849 - INFO - Table 3 for SANIMA: 11r x 4c
2026-03-29 11:59:16,850 - INFO - Table 4 for SANIMA: 11r x 4c
2026-03-29 11:59:16,852 - INFO - Table 5 for SANIMA: 13r x 11c
2026-03-29 11:59:21,420 - INFO - Found 5 tables for SANVI
2026-03-29 11:59:21,426 - INFO - Table 3 for SANVI: 11r x 4c
2026-03-29 11:59:21,427 - INFO - Table 4 for SANVI: 15r x 4c
2026-03-29 11:59:21,428 - INFO - Table 5 for SANVI: 13r x 6c
2026-03-29 11:59:25,956 - INFO - Found 5 tables for SAPDBL
2026-03-29 11:59:25,963 - INFO - Table 3 for SAPDBL: 11r x 4c
2026-03-29 11:59:25,964 - INFO - Table 4 for SAPDBL: 11r x 4c
2026-03-29 11:59:25,965 - INFO - Table 5 for SAPDBL: 13r x 11c
2026-03-29 11:59:30,513 - INFO - Found 5 tables for SARBTM
2026-03-29 11:59:30,520 - INFO - Table 3 for SARBTM: 11r x 4c
2026-03-29 11:59:30,521 - INFO - Table 4 for SARBTM: 11r x 4c
2026-03-29 11:59:30,522 - INFO - Table 5 for SARBTM: 13r x 11c
2026-03-29 11:59:36,271 - INFO - Found 5 tables for SBI
2026-03-29 11:59:36,277 - INFO - Table 3 for SBI: 11r x 4c
2026-03-29 11:59:36,278 - INFO - Table 4 for SBI: 11r x 4c
2026-03-29 11:59:36,280 - INFO - Table 5 for SBI: 13r x 11c
2026-03-29 11:59:40,798 - INFO - Found 5 tables for SBL
2026-03-29 11:59:40,805 - INFO - Table 3 for SBL: 11r x 4c
2026-03-29 11:59:40,806 - INFO - Table 4 for SBL: 11r x 4c
2026-03-29 11:59:40,807 - INFO - Table 5 for SBL: 13r x 11c
2026-03-29 11:59:45,285 - INFO - Found 5 tables for SCB
2026-03-29 11:59:45,291 - INFO - Table 3 for SCB: 11r x 4c
2026-03-29 11:59:45,292 - INFO - Table 4 for SCB: 11r x 4c
2026-03-29 11:59:45,294 - INFO - Table 5 for SCB: 13r x 11c
2026-03-29 11:59:49,779 - INFO - Found 5 tables for SFCL
2026-03-29 11:59:49,785 - INFO - Table 3 for SFCL: 11r x 4c
2026-03-29 11:59:49,786 - INFO - Table 4 for SFCL: 11r x 4c
2026-03-29 11:59:49,788 - INFO - Table 5 for SFCL: 13r x 11c
2026-03-29 11:59:54,374 - INFO - Found 5 tables for SGHC
2026-03-29 11:59:54,380 - INFO - Table 3 for SGHC: 11r x 4c
2026-03-29 11:59:54,382 - INFO - Table 4 for SGHC: 15r x 4c
2026-03-29 11:59:54,383 - INFO - Table 5 for SGHC: 13r x 11c
2026-03-29 11:59:58,876 - INFO - Found 5 tables for SGIC
2026-03-29 11:59:58,882 - INFO - Table 3 for SGIC: 11r x 4c
2026-03-29 11:59:58,883 - INFO - Table 4 for SGIC: 11r x 4c
2026-03-29 11:59:58,885 - INFO - Table 5 for SGIC: 13r x 11c
2026-03-29 12:00:03,392 - INFO - Found 5 tables for SHEL
2026-03-29 12:00:03,399 - INFO - Table 3 for SHEL: 11r x 4c
2026-03-29 12:00:03,400 - INFO - Table 4 for SHEL: 15r x 4c
2026-03-29 12:00:03,402 - INFO - Table 5 for SHEL: 13r x 11c
2026-03-29 12:00:07,940 - INFO - Found 5 tables for SHINE
2026-03-29 12:00:07,946 - INFO - Table 3 for SHINE: 11r x 4c
2026-03-29 12:00:07,947 - INFO - Table 4 for SHINE: 11r x 4c
2026-03-29 12:00:07,948 - INFO - Table 5 for SHINE: 13r x 11c
2026-03-29 12:00:12,469 - INFO - Found 5 tables for SHIVM
2026-03-29 12:00:12,475 - INFO - Table 3 for SHIVM: 11r x 4c
2026-03-29 12:00:12,476 - INFO - Table 4 for SHIVM: 11r x 4c
2026-03-29 12:00:12,477 - INFO - Table 5 for SHIVM: 13r x 11c
2026-03-29 12:00:17,034 - INFO - Found 5 tables for SHL
2026-03-29 12:00:17,040 - INFO - Table 3 for SHL: 11r x 4c
2026-03-29 12:00:17,041 - INFO - Table 4 for SHL: 11r x 4c
2026-03-29 12:00:17,043 - INFO - Table 5 for SHL: 13r x 11c
2026-03-29 12:00:21,573 - INFO - Found 5 tables for SHLB
2026-03-29 12:00:21,580 - INFO - Table 3 for SHLB: 11r x 4c
2026-03-29 12:00:21,581 - INFO - Table 4 for SHLB: 11r x 4c
2026-03-29 12:00:21,582 - INFO - Table 5 for SHLB: 13r x 11c
2026-03-29 12:00:26,050 - INFO - Found 5 tables for SHPC
2026-03-29 12:00:26,056 - INFO - Table 3 for SHPC: 11r x 4c
2026-03-29 12:00:26,057 - INFO - Table 4 for SHPC: 15r x 4c
2026-03-29 12:00:26,058 - INFO - Table 5 for SHPC: 13r x 11c
2026-03-29 12:00:30,534 - INFO - Found 5 tables for SICL
2026-03-29 12:00:30,540 - INFO - Table 3 for SICL: 11r x 4c
2026-03-29 12:00:30,541 - INFO - Table 4 for SICL: 11r x 4c
2026-03-29 12:00:30,543 - INFO - Table 5 for SICL: 13r x 11c
2026-03-29 12:00:35,442 - INFO - Found 5 tables for SIFC
2026-03-29 12:00:35,448 - INFO - Table 3 for SIFC: 11r x 4c
2026-03-29 12:00:35,449 - INFO - Table 4 for SIFC: 11r x 4c
2026-03-29 12:00:35,451 - INFO - Table 5 for SIFC: 13r x 11c
2026-03-29 12:00:40,106 - INFO - Found 5 tables for SIKLES
2026-03-29 12:00:40,113 - INFO - Table 3 for SIKLES: 11r x 4c
2026-03-29 12:00:40,114 - INFO - Table 4 for SIKLES: 15r x 4c
2026-03-29 12:00:40,115 - INFO - Table 5 for SIKLES: 13r x 11c
2026-03-29 12:00:44,628 - INFO - Found 5 tables for SINDU
2026-03-29 12:00:44,635 - INFO - Table 3 for SINDU: 11r x 4c
2026-03-29 12:00:44,636 - INFO - Table 4 for SINDU: 11r x 4c
2026-03-29 12:00:44,637 - INFO - Table 5 for SINDU: 13r x 11c
2026-03-29 12:00:49,765 - INFO - Found 5 tables for SJCL
2026-03-29 12:00:49,772 - INFO - Table 3 for SJCL: 11r x 4c
2026-03-29 12:00:49,772 - INFO - Table 4 for SJCL: 15r x 4c
2026-03-29 12:00:49,774 - INFO - Table 5 for SJCL: 13r x 11c
2026-03-29 12:00:54,251 - INFO - Found 5 tables for SJLIC
2026-03-29 12:00:54,257 - INFO - Table 3 for SJLIC: 11r x 4c
2026-03-29 12:00:54,258 - INFO - Table 4 for SJLIC: 11r x 4c
2026-03-29 12:00:54,260 - INFO - Table 5 for SJLIC: 13r x 11c
2026-03-29 12:00:59,432 - INFO - Found 5 tables for SKBBL
2026-03-29 12:00:59,439 - INFO - Table 3 for SKBBL: 11r x 4c
2026-03-29 12:00:59,440 - INFO - Table 4 for SKBBL: 11r x 4c
2026-03-29 12:00:59,441 - INFO - Table 5 for SKBBL: 13r x 11c
2026-03-29 12:01:04,096 - INFO - Found 5 tables for SLBBL
2026-03-29 12:01:04,103 - INFO - Table 3 for SLBBL: 11r x 4c
2026-03-29 12:01:04,104 - INFO - Table 4 for SLBBL: 11r x 4c
2026-03-29 12:01:04,106 - INFO - Table 5 for SLBBL: 13r x 11c
2026-03-29 12:01:08,612 - INFO - Found 5 tables for SLBSL
2026-03-29 12:01:08,619 - INFO - Table 3 for SLBSL: 11r x 4c
2026-03-29 12:01:08,620 - INFO - Table 4 for SLBSL: 11r x 4c
2026-03-29 12:01:08,622 - INFO - Table 5 for SLBSL: 13r x 11c
2026-03-29 12:01:13,195 - INFO - Found 5 tables for SMATA
2026-03-29 12:01:13,202 - INFO - Table 3 for SMATA: 11r x 4c
2026-03-29 12:01:13,203 - INFO - Table 4 for SMATA: 11r x 4c
2026-03-29 12:01:13,204 - INFO - Table 5 for SMATA: 13r x 11c
2026-03-29 12:01:17,473 - INFO - Found 5 tables for SMB
2026-03-29 12:01:17,479 - INFO - Table 3 for SMB: 11r x 4c
2026-03-29 12:01:17,480 - INFO - Table 4 for SMB: 11r x 4c
2026-03-29 12:01:17,481 - INFO - Table 5 for SMB: 13r x 11c
2026-03-29 12:01:22,033 - INFO - Found 5 tables for SMFBS
2026-03-29 12:01:22,039 - INFO - Table 3 for SMFBS: 11r x 4c
2026-03-29 12:01:22,040 - INFO - Table 4 for SMFBS: 11r x 4c
2026-03-29 12:01:22,041 - INFO - Table 5 for SMFBS: 13r x 11c
2026-03-29 12:01:26,634 - INFO - Found 5 tables for SMH
2026-03-29 12:01:26,640 - INFO - Table 3 for SMH: 11r x 4c
2026-03-29 12:01:26,641 - INFO - Table 4 for SMH: 15r x 4c
2026-03-29 12:01:26,643 - INFO - Table 5 for SMH: 13r x 11c
2026-03-29 12:01:31,168 - INFO - Found 5 tables for SMHL
2026-03-29 12:01:31,177 - INFO - Table 3 for SMHL: 11r x 4c
2026-03-29 12:01:31,179 - INFO - Table 4 for SMHL: 15r x 4c
2026-03-29 12:01:31,181 - INFO - Table 5 for SMHL: 13r x 11c
2026-03-29 12:01:35,416 - INFO - Found 5 tables for SMJC
2026-03-29 12:01:35,423 - INFO - Table 3 for SMJC: 11r x 4c
2026-03-29 12:01:35,424 - INFO - Table 4 for SMJC: 15r x 4c
2026-03-29 12:01:35,427 - INFO - Table 5 for SMJC: 13r x 11c
2026-03-29 12:01:39,963 - INFO - Found 5 tables for SMPDA
2026-03-29 12:01:39,970 - INFO - Table 3 for SMPDA: 11r x 4c
2026-03-29 12:01:39,971 - INFO - Table 4 for SMPDA: 11r x 4c
2026-03-29 12:01:39,972 - INFO - Table 5 for SMPDA: 13r x 10c
2026-03-29 12:01:44,444 - INFO - Found 5 tables for SNLI
2026-03-29 12:01:44,450 - INFO - Table 3 for SNLI: 11r x 4c
2026-03-29 12:01:44,451 - INFO - Table 4 for SNLI: 11r x 4c
2026-03-29 12:01:44,452 - INFO - Table 5 for SNLI: 13r x 11c
2026-03-29 12:01:49,109 - INFO - Found 5 tables for SONA
2026-03-29 12:01:49,115 - INFO - Table 3 for SONA: 11r x 4c
2026-03-29 12:01:49,116 - INFO - Table 4 for SONA: 11r x 4c
2026-03-29 12:01:49,118 - INFO - Table 5 for SONA: 13r x 11c
2026-03-29 12:01:53,642 - INFO - Found 5 tables for SPC
2026-03-29 12:01:53,649 - INFO - Table 3 for SPC: 11r x 4c
2026-03-29 12:01:53,650 - INFO - Table 4 for SPC: 15r x 4c
2026-03-29 12:01:53,652 - INFO - Table 5 for SPC: 13r x 11c
2026-03-29 12:01:58,190 - INFO - Found 5 tables for SPDL
2026-03-29 12:01:58,197 - INFO - Table 3 for SPDL: 11r x 4c
2026-03-29 12:01:58,198 - INFO - Table 4 for SPDL: 15r x 4c
2026-03-29 12:01:58,199 - INFO - Table 5 for SPDL: 13r x 11c
2026-03-29 12:02:02,713 - INFO - Found 5 tables for SPHL
2026-03-29 12:02:02,720 - INFO - Table 3 for SPHL: 11r x 4c
2026-03-29 12:02:02,721 - INFO - Table 4 for SPHL: 15r x 4c
2026-03-29 12:02:02,722 - INFO - Table 5 for SPHL: 13r x 11c
2026-03-29 12:02:07,722 - INFO - Found 5 tables for SPIL
2026-03-29 12:02:07,729 - INFO - Table 3 for SPIL: 11r x 4c
2026-03-29 12:02:07,730 - INFO - Table 4 for SPIL: 11r x 4c
2026-03-29 12:02:07,731 - INFO - Table 5 for SPIL: 13r x 11c
2026-03-29 12:02:19,699 - INFO - Found 5 tables for SPL
2026-03-29 12:02:19,705 - INFO - Table 3 for SPL: 11r x 4c
2026-03-29 12:02:19,706 - INFO - Table 4 for SPL: 15r x 4c
2026-03-29 12:02:19,708 - INFO - Table 5 for SPL: 13r x 11c
2026-03-29 12:02:24,238 - INFO - Found 5 tables for SRLI
2026-03-29 12:02:24,244 - INFO - Table 3 for SRLI: 11r x 4c
2026-03-29 12:02:24,245 - INFO - Table 4 for SRLI: 11r x 4c
2026-03-29 12:02:24,247 - INFO - Table 5 for SRLI: 13r x 11c
2026-03-29 12:02:28,492 - INFO - Found 5 tables for SSHL
2026-03-29 12:02:28,499 - INFO - Table 3 for SSHL: 11r x 4c
2026-03-29 12:02:28,500 - INFO - Table 4 for SSHL: 15r x 4c
2026-03-29 12:02:28,501 - INFO - Table 5 for SSHL: 13r x 10c
2026-03-29 12:02:33,008 - INFO - Found 5 tables for STC
2026-03-29 12:02:33,014 - INFO - Table 3 for STC: 11r x 4c
2026-03-29 12:02:33,015 - INFO - Table 4 for STC: 11r x 4c
2026-03-29 12:02:33,017 - INFO - Table 5 for STC: 13r x 11c
2026-03-29 12:02:37,549 - INFO - Found 5 tables for SWBBL
2026-03-29 12:02:37,555 - INFO - Table 3 for SWBBL: 11r x 4c
2026-03-29 12:02:37,556 - INFO - Table 4 for SWBBL: 11r x 4c
2026-03-29 12:02:37,558 - INFO - Table 5 for SWBBL: 13r x 11c
2026-03-29 12:02:42,147 - INFO - Found 5 tables for SWMF
2026-03-29 12:02:42,154 - INFO - Table 3 for SWMF: 11r x 4c
2026-03-29 12:02:42,155 - INFO - Table 4 for SWMF: 11r x 4c
2026-03-29 12:02:42,156 - INFO - Table 5 for SWMF: 13r x 11c
2026-03-29 12:02:46,679 - INFO - Found 5 tables for TAMOR
2026-03-29 12:02:46,686 - INFO - Table 3 for TAMOR: 11r x 4c
2026-03-29 12:02:46,687 - INFO - Table 4 for TAMOR: 15r x 4c
2026-03-29 12:02:46,688 - INFO - Table 5 for TAMOR: 13r x 11c
2026-03-29 12:02:51,190 - INFO - Found 5 tables for TPC
2026-03-29 12:02:51,197 - INFO - Table 3 for TPC: 11r x 4c
2026-03-29 12:02:51,198 - INFO - Table 4 for TPC: 15r x 4c
2026-03-29 12:02:51,199 - INFO - Table 5 for TPC: 13r x 11c
2026-03-29 12:02:55,711 - INFO - Found 5 tables for TRH
2026-03-29 12:02:55,718 - INFO - Table 3 for TRH: 11r x 4c
2026-03-29 12:02:55,719 - INFO - Table 4 for TRH: 11r x 4c
2026-03-29 12:02:55,720 - INFO - Table 5 for TRH: 13r x 11c
2026-03-29 12:03:00,235 - INFO - Found 5 tables for TSHL
2026-03-29 12:03:00,242 - INFO - Table 3 for TSHL: 11r x 4c
2026-03-29 12:03:00,243 - INFO - Table 4 for TSHL: 15r x 4c
2026-03-29 12:03:00,244 - INFO - Table 5 for TSHL: 13r x 11c
2026-03-29 12:03:04,787 - INFO - Found 5 tables for TTL
2026-03-29 12:03:04,794 - INFO - Table 3 for TTL: 11r x 4c
2026-03-29 12:03:04,794 - INFO - Table 4 for TTL: 11r x 4c
2026-03-29 12:03:04,795 - INFO - Table 5 for TTL: 13r x 6c
2026-03-29 12:03:09,309 - INFO - Found 5 tables for TVCL
2026-03-29 12:03:09,317 - INFO - Table 3 for TVCL: 11r x 4c
2026-03-29 12:03:09,318 - INFO - Table 4 for TVCL: 15r x 4c
2026-03-29 12:03:09,320 - INFO - Table 5 for TVCL: 13r x 11c
2026-03-29 12:03:13,825 - INFO - Found 5 tables for UAIL
2026-03-29 12:03:13,832 - INFO - Table 3 for UAIL: 11r x 4c
2026-03-29 12:03:13,833 - INFO - Table 4 for UAIL: 11r x 4c
2026-03-29 12:03:13,834 - INFO - Table 5 for UAIL: 13r x 11c
2026-03-29 12:03:18,360 - INFO - Found 5 tables for UHEWA
2026-03-29 12:03:18,366 - INFO - Table 3 for UHEWA: 11r x 4c
2026-03-29 12:03:18,367 - INFO - Table 4 for UHEWA: 15r x 4c
2026-03-29 12:03:18,369 - INFO - Table 5 for UHEWA: 13r x 11c
2026-03-29 12:03:22,893 - INFO - Found 5 tables for ULBSL
2026-03-29 12:03:22,899 - INFO - Table 3 for ULBSL: 11r x 4c
2026-03-29 12:03:22,900 - INFO - Table 4 for ULBSL: 11r x 4c
2026-03-29 12:03:22,902 - INFO - Table 5 for ULBSL: 13r x 11c
2026-03-29 12:03:27,492 - INFO - Found 5 tables for ULHC
2026-03-29 12:03:27,498 - INFO - Table 3 for ULHC: 11r x 4c
2026-03-29 12:03:27,499 - INFO - Table 4 for ULHC: 15r x 4c
2026-03-29 12:03:27,501 - INFO - Table 5 for ULHC: 13r x 9c
2026-03-29 12:03:32,019 - INFO - Found 5 tables for UMHL
2026-03-29 12:03:32,025 - INFO - Table 3 for UMHL: 11r x 4c
2026-03-29 12:03:32,027 - INFO - Table 4 for UMHL: 15r x 4c
2026-03-29 12:03:32,028 - INFO - Table 5 for UMHL: 13r x 11c
2026-03-29 12:03:36,515 - INFO - Found 5 tables for UMRH
2026-03-29 12:03:36,521 - INFO - Table 3 for UMRH: 11r x 4c
2026-03-29 12:03:36,522 - INFO - Table 4 for UMRH: 15r x 4c
2026-03-29 12:03:36,524 - INFO - Table 5 for UMRH: 13r x 11c
2026-03-29 12:03:41,102 - INFO - Found 5 tables for UNHPL
2026-03-29 12:03:41,108 - INFO - Table 3 for UNHPL: 11r x 4c
2026-03-29 12:03:41,109 - INFO - Table 4 for UNHPL: 15r x 4c
2026-03-29 12:03:41,111 - INFO - Table 5 for UNHPL: 13r x 11c
2026-03-29 12:03:45,584 - INFO - Found 5 tables for UNL
2026-03-29 12:03:45,590 - INFO - Table 3 for UNL: 11r x 4c
2026-03-29 12:03:45,591 - INFO - Table 4 for UNL: 11r x 4c
2026-03-29 12:03:45,593 - INFO - Table 5 for UNL: 13r x 11c
2026-03-29 12:03:50,218 - INFO - Found 5 tables for UNLB
2026-03-29 12:03:50,224 - INFO - Table 3 for UNLB: 11r x 4c
2026-03-29 12:03:50,225 - INFO - Table 4 for UNLB: 11r x 4c
2026-03-29 12:03:50,227 - INFO - Table 5 for UNLB: 13r x 11c
2026-03-29 12:03:54,685 - INFO - Found 5 tables for UPCL
2026-03-29 12:03:54,691 - INFO - Table 3 for UPCL: 11r x 4c
2026-03-29 12:03:54,692 - INFO - Table 4 for UPCL: 15r x 4c
2026-03-29 12:03:54,694 - INFO - Table 5 for UPCL: 13r x 11c
2026-03-29 12:03:58,936 - INFO - Found 5 tables for UPPER
2026-03-29 12:03:58,942 - INFO - Table 3 for UPPER: 11r x 4c
2026-03-29 12:03:58,943 - INFO - Table 4 for UPPER: 15r x 4c
2026-03-29 12:03:58,945 - INFO - Table 5 for UPPER: 13r x 11c
2026-03-29 12:04:03,224 - INFO - Found 5 tables for USHEC
2026-03-29 12:04:03,231 - INFO - Table 3 for USHEC: 11r x 4c
2026-03-29 12:04:03,232 - INFO - Table 4 for USHEC: 15r x 4c
2026-03-29 12:04:03,233 - INFO - Table 5 for USHEC: 13r x 11c
2026-03-29 12:04:07,725 - INFO - Found 5 tables for USHL
2026-03-29 12:04:07,731 - INFO - Table 3 for USHL: 11r x 4c
2026-03-29 12:04:07,732 - INFO - Table 4 for USHL: 15r x 4c
2026-03-29 12:04:07,734 - INFO - Table 5 for USHL: 13r x 11c
2026-03-29 12:04:12,361 - INFO - Found 5 tables for USLB
2026-03-29 12:04:12,367 - INFO - Table 3 for USLB: 11r x 4c
2026-03-29 12:04:12,368 - INFO - Table 4 for USLB: 11r x 4c
2026-03-29 12:04:12,369 - INFO - Table 5 for USLB: 13r x 11c
2026-03-29 12:04:16,799 - INFO - Found 5 tables for VLBS
2026-03-29 12:04:16,805 - INFO - Table 3 for VLBS: 11r x 4c
2026-03-29 12:04:16,806 - INFO - Table 4 for VLBS: 11r x 4c
2026-03-29 12:04:16,808 - INFO - Table 5 for VLBS: 13r x 11c
2026-03-29 12:04:21,724 - INFO - Found 5 tables for VLUCL
2026-03-29 12:04:21,731 - INFO - Table 3 for VLUCL: 11r x 4c
2026-03-29 12:04:21,732 - INFO - Table 4 for VLUCL: 15r x 4c
2026-03-29 12:04:21,733 - INFO - Table 5 for VLUCL: 13r x 11c
2026-03-29 12:04:25,998 - INFO - Found 5 tables for WNLB
2026-03-29 12:04:26,004 - INFO - Table 3 for WNLB: 11r x 4c
2026-03-29 12:04:26,005 - INFO - Table 4 for WNLB: 11r x 4c
2026-03-29 12:04:26,006 - INFO - Table 5 for WNLB: 13r x 11c
2026-03-29 12:04:29,778 - INFO - CSV saved: Link_Attributes.csv
2026-03-29 12:04:29,875 - INFO - CSV saved: Link_Additional.csv
2026-03-29 12:04:31,402 - INFO - Dashboard saved: index.html
2026-03-30 12:05:42,851 - INFO - Found 251 URLs
2026-03-30 12:05:46,278 - INFO - Found 5 tables for ACLBSL
2026-03-30 12:05:46,285 - INFO - Table 3 for ACLBSL: 11r x 4c
2026-03-30 12:05:46,286 - INFO - Table 4 for ACLBSL: 11r x 4c
2026-03-30 12:05:46,288 - INFO - Table 5 for ACLBSL: 13r x 11c
2026-03-30 12:05:51,742 - INFO - Found 5 tables for ADBL
2026-03-30 12:05:51,749 - INFO - Table 3 for ADBL: 11r x 4c
2026-03-30 12:05:51,750 - INFO - Table 4 for ADBL: 11r x 4c
2026-03-30 12:05:51,752 - INFO - Table 5 for ADBL: 13r x 11c
2026-03-30 12:05:56,510 - INFO - Found 5 tables for AHL
2026-03-30 12:05:56,517 - INFO - Table 3 for AHL: 11r x 4c
2026-03-30 12:05:56,518 - INFO - Table 4 for AHL: 15r x 4c
2026-03-30 12:05:56,520 - INFO - Table 5 for AHL: 13r x 11c
2026-03-30 12:06:01,854 - INFO - Found 5 tables for AHPC
2026-03-30 12:06:01,861 - INFO - Table 3 for AHPC: 11r x 4c
2026-03-30 12:06:01,862 - INFO - Table 4 for AHPC: 15r x 4c
2026-03-30 12:06:01,864 - INFO - Table 5 for AHPC: 13r x 11c
2026-03-30 12:06:06,135 - INFO - Found 5 tables for AKJCL
2026-03-30 12:06:06,142 - INFO - Table 3 for AKJCL: 11r x 4c
2026-03-30 12:06:06,143 - INFO - Table 4 for AKJCL: 15r x 4c
2026-03-30 12:06:06,144 - INFO - Table 5 for AKJCL: 13r x 11c
2026-03-30 12:06:10,883 - INFO - Found 5 tables for AKPL
2026-03-30 12:06:10,890 - INFO - Table 3 for AKPL: 11r x 4c
2026-03-30 12:06:10,891 - INFO - Table 4 for AKPL: 15r x 4c
2026-03-30 12:06:10,893 - INFO - Table 5 for AKPL: 13r x 11c
2026-03-30 12:06:14,969 - INFO - Found 5 tables for ALBSL
2026-03-30 12:06:14,976 - INFO - Table 3 for ALBSL: 11r x 4c
2026-03-30 12:06:14,977 - INFO - Table 4 for ALBSL: 11r x 4c
2026-03-30 12:06:14,979 - INFO - Table 5 for ALBSL: 13r x 11c
2026-03-30 12:06:19,214 - INFO - Found 5 tables for ALICL
2026-03-30 12:06:19,220 - INFO - Table 3 for ALICL: 11r x 4c
2026-03-30 12:06:19,221 - INFO - Table 4 for ALICL: 11r x 4c
2026-03-30 12:06:19,223 - INFO - Table 5 for ALICL: 13r x 11c
2026-03-30 12:06:23,511 - INFO - Found 5 tables for ANLB
2026-03-30 12:06:23,518 - INFO - Table 3 for ANLB: 11r x 4c
2026-03-30 12:06:23,519 - INFO - Table 4 for ANLB: 11r x 4c
2026-03-30 12:06:23,521 - INFO - Table 5 for ANLB: 13r x 11c
2026-03-30 12:06:27,521 - INFO - Found 5 tables for API
2026-03-30 12:06:27,528 - INFO - Table 3 for API: 11r x 4c
2026-03-30 12:06:27,529 - INFO - Table 4 for API: 15r x 4c
2026-03-30 12:06:27,530 - INFO - Table 5 for API: 13r x 11c
2026-03-30 12:06:31,525 - INFO - Found 5 tables for AVYAN
2026-03-30 12:06:31,532 - INFO - Table 3 for AVYAN: 11r x 4c
2026-03-30 12:06:31,533 - INFO - Table 4 for AVYAN: 11r x 4c
2026-03-30 12:06:31,534 - INFO - Table 5 for AVYAN: 13r x 11c
2026-03-30 12:06:35,763 - INFO - Found 5 tables for BARUN
2026-03-30 12:06:35,770 - INFO - Table 3 for BARUN: 11r x 4c
2026-03-30 12:06:35,771 - INFO - Table 4 for BARUN: 15r x 4c
2026-03-30 12:06:35,772 - INFO - Table 5 for BARUN: 13r x 11c
2026-03-30 12:06:39,883 - INFO - Found 4 tables for BBC
2026-03-30 12:06:39,890 - INFO - Table 3 for BBC: 11r x 4c
2026-03-30 12:06:39,891 - INFO - Table 4 for BBC: 11r x 4c
2026-03-30 12:06:44,110 - INFO - Found 5 tables for BEDC
2026-03-30 12:06:44,117 - INFO - Table 3 for BEDC: 11r x 4c
2026-03-30 12:06:44,118 - INFO - Table 4 for BEDC: 15r x 4c
2026-03-30 12:06:44,119 - INFO - Table 5 for BEDC: 13r x 11c
2026-03-30 12:06:48,353 - INFO - Found 5 tables for BFC
2026-03-30 12:06:48,360 - INFO - Table 3 for BFC: 11r x 4c
2026-03-30 12:06:48,361 - INFO - Table 4 for BFC: 11r x 4c
2026-03-30 12:06:48,362 - INFO - Table 5 for BFC: 13r x 10c
2026-03-30 12:06:52,594 - INFO - Found 5 tables for BGWT
2026-03-30 12:06:52,600 - INFO - Table 3 for BGWT: 11r x 4c
2026-03-30 12:06:52,601 - INFO - Table 4 for BGWT: 15r x 4c
2026-03-30 12:06:52,603 - INFO - Table 5 for BGWT: 13r x 11c
2026-03-30 12:06:56,762 - INFO - Found 5 tables for BHDC
2026-03-30 12:06:56,769 - INFO - Table 3 for BHDC: 11r x 4c
2026-03-30 12:06:56,770 - INFO - Table 4 for BHDC: 15r x 4c
2026-03-30 12:06:56,771 - INFO - Table 5 for BHDC: 13r x 11c
2026-03-30 12:07:01,043 - INFO - Found 5 tables for BHL
2026-03-30 12:07:01,050 - INFO - Table 3 for BHL: 11r x 4c
2026-03-30 12:07:01,051 - INFO - Table 4 for BHL: 15r x 4c
2026-03-30 12:07:01,053 - INFO - Table 5 for BHL: 13r x 11c
2026-03-30 12:07:11,811 - INFO - Found 5 tables for BHPL
2026-03-30 12:07:11,817 - INFO - Table 3 for BHPL: 11r x 4c
2026-03-30 12:07:11,818 - INFO - Table 4 for BHPL: 15r x 4c
2026-03-30 12:07:11,820 - INFO - Table 5 for BHPL: 13r x 11c
2026-03-30 12:07:16,061 - INFO - Found 5 tables for BNHC
2026-03-30 12:07:16,069 - INFO - Table 3 for BNHC: 11r x 4c
2026-03-30 12:07:16,070 - INFO - Table 4 for BNHC: 15r x 4c
2026-03-30 12:07:16,071 - INFO - Table 5 for BNHC: 13r x 11c
2026-03-30 12:07:20,397 - INFO - Found 5 tables for BNL
2026-03-30 12:07:20,404 - INFO - Table 3 for BNL: 11r x 4c
2026-03-30 12:07:20,405 - INFO - Table 4 for BNL: 11r x 4c
2026-03-30 12:07:20,406 - INFO - Table 5 for BNL: 13r x 11c
2026-03-30 12:07:24,563 - INFO - Found 5 tables for BNT
2026-03-30 12:07:24,570 - INFO - Table 3 for BNT: 11r x 4c
2026-03-30 12:07:24,571 - INFO - Table 4 for BNT: 11r x 4c
2026-03-30 12:07:24,573 - INFO - Table 5 for BNT: 13r x 11c
2026-03-30 12:07:35,644 - INFO - Found 5 tables for BPCL
2026-03-30 12:07:35,651 - INFO - Table 3 for BPCL: 11r x 4c
2026-03-30 12:07:35,652 - INFO - Table 4 for BPCL: 15r x 4c
2026-03-30 12:07:35,654 - INFO - Table 5 for BPCL: 13r x 11c
2026-03-30 12:07:39,913 - INFO - Found 5 tables for CBBL
2026-03-30 12:07:39,920 - INFO - Table 3 for CBBL: 11r x 4c
2026-03-30 12:07:39,921 - INFO - Table 4 for CBBL: 11r x 4c
2026-03-30 12:07:39,922 - INFO - Table 5 for CBBL: 13r x 11c
2026-03-30 12:07:44,172 - INFO - Found 5 tables for CFCL
2026-03-30 12:07:44,179 - INFO - Table 3 for CFCL: 11r x 4c
2026-03-30 12:07:44,180 - INFO - Table 4 for CFCL: 11r x 4c
2026-03-30 12:07:44,181 - INFO - Table 5 for CFCL: 13r x 10c
2026-03-30 12:07:48,395 - INFO - Found 5 tables for CGH
2026-03-30 12:07:48,402 - INFO - Table 3 for CGH: 11r x 4c
2026-03-30 12:07:48,403 - INFO - Table 4 for CGH: 11r x 4c
2026-03-30 12:07:48,404 - INFO - Table 5 for CGH: 13r x 11c
2026-03-30 12:07:52,631 - INFO - Found 5 tables for CHCL
2026-03-30 12:07:52,637 - INFO - Table 3 for CHCL: 11r x 4c
2026-03-30 12:07:52,638 - INFO - Table 4 for CHCL: 15r x 4c
2026-03-30 12:07:52,640 - INFO - Table 5 for CHCL: 13r x 11c
2026-03-30 12:07:56,860 - INFO - Found 5 tables for CHDC
2026-03-30 12:07:56,867 - INFO - Table 3 for CHDC: 11r x 4c
2026-03-30 12:07:56,868 - INFO - Table 4 for CHDC: 11r x 4c
2026-03-30 12:07:56,870 - INFO - Table 5 for CHDC: 13r x 11c
2026-03-30 12:08:01,103 - INFO - Found 5 tables for CHL
2026-03-30 12:08:01,110 - INFO - Table 3 for CHL: 11r x 4c
2026-03-30 12:08:01,111 - INFO - Table 4 for CHL: 15r x 4c
2026-03-30 12:08:01,113 - INFO - Table 5 for CHL: 13r x 11c
2026-03-30 12:08:05,047 - INFO - Found 5 tables for CIT
2026-03-30 12:08:05,054 - INFO - Table 3 for CIT: 11r x 4c
2026-03-30 12:08:05,055 - INFO - Table 4 for CIT: 11r x 4c
2026-03-30 12:08:05,057 - INFO - Table 5 for CIT: 13r x 11c
2026-03-30 12:08:09,340 - INFO - Found 5 tables for CITY
2026-03-30 12:08:09,347 - INFO - Table 3 for CITY: 11r x 4c
2026-03-30 12:08:09,348 - INFO - Table 4 for CITY: 11r x 4c
2026-03-30 12:08:09,349 - INFO - Table 5 for CITY: 13r x 11c
2026-03-30 12:08:13,601 - INFO - Found 5 tables for CKHL
2026-03-30 12:08:13,608 - INFO - Table 3 for CKHL: 11r x 4c
2026-03-30 12:08:13,609 - INFO - Table 4 for CKHL: 15r x 4c
2026-03-30 12:08:13,610 - INFO - Table 5 for CKHL: 13r x 11c
2026-03-30 12:08:18,353 - INFO - Found 5 tables for CLI
2026-03-30 12:08:18,360 - INFO - Table 3 for CLI: 11r x 4c
2026-03-30 12:08:18,361 - INFO - Table 4 for CLI: 11r x 4c
2026-03-30 12:08:18,362 - INFO - Table 5 for CLI: 13r x 11c
2026-03-30 12:08:22,602 - INFO - Found 5 tables for CORBL
2026-03-30 12:08:22,609 - INFO - Table 3 for CORBL: 11r x 4c
2026-03-30 12:08:22,610 - INFO - Table 4 for CORBL: 11r x 4c
2026-03-30 12:08:22,611 - INFO - Table 5 for CORBL: 13r x 11c
2026-03-30 12:08:26,829 - INFO - Found 5 tables for CREST
2026-03-30 12:08:26,836 - INFO - Table 3 for CREST: 11r x 4c
2026-03-30 12:08:26,836 - INFO - Table 4 for CREST: 11r x 4c
2026-03-30 12:08:26,838 - INFO - Table 5 for CREST: 13r x 7c
2026-03-30 12:08:38,336 - INFO - Found 5 tables for CYCL
2026-03-30 12:08:38,343 - INFO - Table 3 for CYCL: 11r x 4c
2026-03-30 12:08:38,344 - INFO - Table 4 for CYCL: 11r x 4c
2026-03-30 12:08:38,345 - INFO - Table 5 for CYCL: 13r x 11c
2026-03-30 12:08:42,520 - INFO - Found 5 tables for CZBIL
2026-03-30 12:08:42,527 - INFO - Table 3 for CZBIL: 11r x 4c
2026-03-30 12:08:42,527 - INFO - Table 4 for CZBIL: 11r x 4c
2026-03-30 12:08:42,529 - INFO - Table 5 for CZBIL: 13r x 11c
2026-03-30 12:08:46,853 - INFO - Found 5 tables for DDBL
2026-03-30 12:08:46,860 - INFO - Table 3 for DDBL: 11r x 4c
2026-03-30 12:08:46,861 - INFO - Table 4 for DDBL: 11r x 4c
2026-03-30 12:08:46,863 - INFO - Table 5 for DDBL: 13r x 11c
2026-03-30 12:08:51,097 - INFO - Found 5 tables for DHPL
2026-03-30 12:08:51,104 - INFO - Table 3 for DHPL: 11r x 4c
2026-03-30 12:08:51,105 - INFO - Table 4 for DHPL: 15r x 4c
2026-03-30 12:08:51,106 - INFO - Table 5 for DHPL: 13r x 11c
2026-03-30 12:08:55,301 - INFO - Found 5 tables for DLBS
2026-03-30 12:08:55,307 - INFO - Table 3 for DLBS: 11r x 4c
2026-03-30 12:08:55,308 - INFO - Table 4 for DLBS: 11r x 4c
2026-03-30 12:08:55,310 - INFO - Table 5 for DLBS: 13r x 10c
2026-03-30 12:08:59,617 - INFO - Found 5 tables for DOLTI
2026-03-30 12:08:59,624 - INFO - Table 3 for DOLTI: 11r x 4c
2026-03-30 12:08:59,625 - INFO - Table 4 for DOLTI: 15r x 4c
2026-03-30 12:08:59,627 - INFO - Table 5 for DOLTI: 13r x 11c
2026-03-30 12:09:03,868 - INFO - Found 5 tables for DORDI
2026-03-30 12:09:03,874 - INFO - Table 3 for DORDI: 11r x 4c
2026-03-30 12:09:03,875 - INFO - Table 4 for DORDI: 15r x 4c
2026-03-30 12:09:03,877 - INFO - Table 5 for DORDI: 13r x 11c
2026-03-30 12:09:08,103 - INFO - Found 5 tables for EBL
2026-03-30 12:09:08,110 - INFO - Table 3 for EBL: 11r x 4c
2026-03-30 12:09:08,111 - INFO - Table 4 for EBL: 11r x 4c
2026-03-30 12:09:08,112 - INFO - Table 5 for EBL: 13r x 11c
2026-03-30 12:09:12,255 - INFO - Found 5 tables for EDBL
2026-03-30 12:09:12,261 - INFO - Table 3 for EDBL: 11r x 4c
2026-03-30 12:09:12,262 - INFO - Table 4 for EDBL: 11r x 4c
2026-03-30 12:09:12,264 - INFO - Table 5 for EDBL: 13r x 11c
2026-03-30 12:09:16,514 - INFO - Found 5 tables for EHPL
2026-03-30 12:09:16,521 - INFO - Table 3 for EHPL: 11r x 4c
2026-03-30 12:09:16,522 - INFO - Table 4 for EHPL: 15r x 4c
2026-03-30 12:09:16,524 - INFO - Table 5 for EHPL: 13r x 11c
2026-03-30 12:09:20,822 - INFO - Found 5 tables for ENL
2026-03-30 12:09:20,829 - INFO - Table 3 for ENL: 11r x 4c
2026-03-30 12:09:20,830 - INFO - Table 4 for ENL: 11r x 4c
2026-03-30 12:09:20,831 - INFO - Table 5 for ENL: 13r x 11c
2026-03-30 12:09:24,876 - INFO - Found 5 tables for FMDBL
2026-03-30 12:09:24,883 - INFO - Table 3 for FMDBL: 11r x 4c
2026-03-30 12:09:24,884 - INFO - Table 4 for FMDBL: 11r x 4c
2026-03-30 12:09:24,886 - INFO - Table 5 for FMDBL: 13r x 11c
2026-03-30 12:09:29,169 - INFO - Found 5 tables for FOWAD
2026-03-30 12:09:29,176 - INFO - Table 3 for FOWAD: 11r x 4c
2026-03-30 12:09:29,176 - INFO - Table 4 for FOWAD: 11r x 4c
2026-03-30 12:09:29,178 - INFO - Table 5 for FOWAD: 13r x 11c
2026-03-30 12:09:33,417 - INFO - Found 5 tables for GBBL
2026-03-30 12:09:33,424 - INFO - Table 3 for GBBL: 11r x 4c
2026-03-30 12:09:33,425 - INFO - Table 4 for GBBL: 11r x 4c
2026-03-30 12:09:33,427 - INFO - Table 5 for GBBL: 13r x 11c
2026-03-30 12:09:37,659 - INFO - Found 5 tables for GBIME
2026-03-30 12:09:37,666 - INFO - Table 3 for GBIME: 11r x 4c
2026-03-30 12:09:37,667 - INFO - Table 4 for GBIME: 11r x 4c
2026-03-30 12:09:37,668 - INFO - Table 5 for GBIME: 13r x 11c
2026-03-30 12:09:41,969 - INFO - Found 5 tables for GBLBS
2026-03-30 12:09:41,975 - INFO - Table 3 for GBLBS: 11r x 4c
2026-03-30 12:09:41,976 - INFO - Table 4 for GBLBS: 11r x 4c
2026-03-30 12:09:41,978 - INFO - Table 5 for GBLBS: 13r x 10c
2026-03-30 12:09:46,490 - INFO - Found 5 tables for GCIL
2026-03-30 12:09:46,497 - INFO - Table 3 for GCIL: 11r x 4c
2026-03-30 12:09:46,498 - INFO - Table 4 for GCIL: 11r x 4c
2026-03-30 12:09:46,499 - INFO - Table 5 for GCIL: 13r x 11c
2026-03-30 12:09:50,770 - INFO - Found 5 tables for GFCL
2026-03-30 12:09:50,777 - INFO - Table 3 for GFCL: 11r x 4c
2026-03-30 12:09:50,778 - INFO - Table 4 for GFCL: 11r x 4c
2026-03-30 12:09:50,780 - INFO - Table 5 for GFCL: 13r x 11c
2026-03-30 12:09:54,987 - INFO - Found 5 tables for GHL
2026-03-30 12:09:54,994 - INFO - Table 3 for GHL: 11r x 4c
2026-03-30 12:09:54,995 - INFO - Table 4 for GHL: 15r x 4c
2026-03-30 12:09:54,996 - INFO - Table 5 for GHL: 13r x 11c
2026-03-30 12:09:59,238 - INFO - Found 5 tables for GILB
2026-03-30 12:09:59,244 - INFO - Table 3 for GILB: 11r x 4c
2026-03-30 12:09:59,245 - INFO - Table 4 for GILB: 11r x 4c
2026-03-30 12:09:59,247 - INFO - Table 5 for GILB: 13r x 11c
2026-03-30 12:10:03,866 - INFO - Found 5 tables for GLBSL
2026-03-30 12:10:03,873 - INFO - Table 3 for GLBSL: 11r x 4c
2026-03-30 12:10:03,874 - INFO - Table 4 for GLBSL: 11r x 4c
2026-03-30 12:10:03,876 - INFO - Table 5 for GLBSL: 13r x 11c
2026-03-30 12:10:08,039 - INFO - Found 5 tables for GLH
2026-03-30 12:10:08,046 - INFO - Table 3 for GLH: 11r x 4c
2026-03-30 12:10:08,047 - INFO - Table 4 for GLH: 15r x 4c
2026-03-30 12:10:08,048 - INFO - Table 5 for GLH: 13r x 10c
2026-03-30 12:10:12,306 - INFO - Found 5 tables for GMFBS
2026-03-30 12:10:12,313 - INFO - Table 3 for GMFBS: 11r x 4c
2026-03-30 12:10:12,314 - INFO - Table 4 for GMFBS: 11r x 4c
2026-03-30 12:10:12,316 - INFO - Table 5 for GMFBS: 13r x 11c
2026-03-30 12:10:16,553 - INFO - Found 5 tables for GMFIL
2026-03-30 12:10:16,560 - INFO - Table 3 for GMFIL: 11r x 4c
2026-03-30 12:10:16,561 - INFO - Table 4 for GMFIL: 11r x 4c
2026-03-30 12:10:16,562 - INFO - Table 5 for GMFIL: 13r x 11c
2026-03-30 12:10:20,702 - INFO - Found 5 tables for GMLI
2026-03-30 12:10:20,709 - INFO - Table 3 for GMLI: 11r x 4c
2026-03-30 12:10:20,710 - INFO - Table 4 for GMLI: 11r x 4c
2026-03-30 12:10:20,711 - INFO - Table 5 for GMLI: 13r x 8c
2026-03-30 12:10:25,010 - INFO - Found 5 tables for GRDBL
2026-03-30 12:10:25,017 - INFO - Table 3 for GRDBL: 11r x 4c
2026-03-30 12:10:25,018 - INFO - Table 4 for GRDBL: 11r x 4c
2026-03-30 12:10:25,019 - INFO - Table 5 for GRDBL: 13r x 11c
2026-03-30 12:10:29,368 - INFO - Found 5 tables for GUFL
2026-03-30 12:10:29,375 - INFO - Table 3 for GUFL: 11r x 4c
2026-03-30 12:10:29,376 - INFO - Table 4 for GUFL: 11r x 4c
2026-03-30 12:10:29,377 - INFO - Table 5 for GUFL: 13r x 11c
2026-03-30 12:10:33,544 - INFO - Found 5 tables for GVL
2026-03-30 12:10:33,551 - INFO - Table 3 for GVL: 11r x 4c
2026-03-30 12:10:33,552 - INFO - Table 4 for GVL: 15r x 4c
2026-03-30 12:10:33,553 - INFO - Table 5 for GVL: 13r x 11c
2026-03-30 12:10:44,722 - INFO - Found 5 tables for HATHY
2026-03-30 12:10:44,729 - INFO - Table 3 for HATHY: 11r x 4c
2026-03-30 12:10:44,729 - INFO - Table 4 for HATHY: 11r x 4c
2026-03-30 12:10:44,731 - INFO - Table 5 for HATHY: 13r x 11c
2026-03-30 12:10:48,999 - INFO - Found 5 tables for HBL
2026-03-30 12:10:49,006 - INFO - Table 3 for HBL: 11r x 4c
2026-03-30 12:10:49,006 - INFO - Table 4 for HBL: 11r x 4c
2026-03-30 12:10:49,008 - INFO - Table 5 for HBL: 13r x 11c
2026-03-30 12:10:53,283 - INFO - Found 5 tables for HDHPC
2026-03-30 12:10:53,290 - INFO - Table 3 for HDHPC: 11r x 4c
2026-03-30 12:10:53,291 - INFO - Table 4 for HDHPC: 15r x 4c
2026-03-30 12:10:53,292 - INFO - Table 5 for HDHPC: 13r x 10c
2026-03-30 12:10:57,556 - INFO - Found 5 tables for HDL
2026-03-30 12:10:57,563 - INFO - Table 3 for HDL: 11r x 4c
2026-03-30 12:10:57,564 - INFO - Table 4 for HDL: 11r x 4c
2026-03-30 12:10:57,565 - INFO - Table 5 for HDL: 13r x 11c
2026-03-30 12:11:01,815 - INFO - Found 5 tables for HEI
2026-03-30 12:11:01,822 - INFO - Table 3 for HEI: 11r x 4c
2026-03-30 12:11:01,822 - INFO - Table 4 for HEI: 11r x 4c
2026-03-30 12:11:01,824 - INFO - Table 5 for HEI: 13r x 10c
2026-03-30 12:11:06,095 - INFO - Found 5 tables for HHL
2026-03-30 12:11:06,101 - INFO - Table 3 for HHL: 11r x 4c
2026-03-30 12:11:06,102 - INFO - Table 4 for HHL: 15r x 4c
2026-03-30 12:11:06,104 - INFO - Table 5 for HHL: 13r x 11c
2026-03-30 12:11:10,320 - INFO - Found 5 tables for HIDCL
2026-03-30 12:11:10,327 - INFO - Table 3 for HIDCL: 11r x 4c
2026-03-30 12:11:10,328 - INFO - Table 4 for HIDCL: 11r x 4c
2026-03-30 12:11:10,329 - INFO - Table 5 for HIDCL: 13r x 11c
2026-03-30 12:11:14,645 - INFO - Found 5 tables for HLBSL
2026-03-30 12:11:14,652 - INFO - Table 3 for HLBSL: 11r x 4c
2026-03-30 12:11:14,653 - INFO - Table 4 for HLBSL: 11r x 4c
2026-03-30 12:11:14,655 - INFO - Table 5 for HLBSL: 13r x 11c
2026-03-30 12:11:18,882 - INFO - Found 5 tables for HLI
2026-03-30 12:11:18,889 - INFO - Table 3 for HLI: 11r x 4c
2026-03-30 12:11:18,890 - INFO - Table 4 for HLI: 11r x 4c
2026-03-30 12:11:18,891 - INFO - Table 5 for HLI: 13r x 11c
2026-03-30 12:11:23,126 - INFO - Found 5 tables for HPPL
2026-03-30 12:11:23,132 - INFO - Table 3 for HPPL: 11r x 4c
2026-03-30 12:11:23,133 - INFO - Table 4 for HPPL: 15r x 4c
2026-03-30 12:11:23,135 - INFO - Table 5 for HPPL: 13r x 11c
2026-03-30 12:11:27,370 - INFO - Found 5 tables for HRL
2026-03-30 12:11:27,377 - INFO - Table 3 for HRL: 11r x 4c
2026-03-30 12:11:27,378 - INFO - Table 4 for HRL: 11r x 4c
2026-03-30 12:11:27,380 - INFO - Table 5 for HRL: 13r x 11c
2026-03-30 12:11:31,618 - INFO - Found 5 tables for HURJA
2026-03-30 12:11:31,625 - INFO - Table 3 for HURJA: 11r x 4c
2026-03-30 12:11:31,626 - INFO - Table 4 for HURJA: 15r x 4c
2026-03-30 12:11:31,627 - INFO - Table 5 for HURJA: 13r x 11c
2026-03-30 12:11:35,913 - INFO - Found 5 tables for ICFC
2026-03-30 12:11:35,920 - INFO - Table 3 for ICFC: 11r x 4c
2026-03-30 12:11:35,921 - INFO - Table 4 for ICFC: 11r x 4c
2026-03-30 12:11:35,922 - INFO - Table 5 for ICFC: 13r x 11c
2026-03-30 12:11:40,169 - INFO - Found 5 tables for IGI
2026-03-30 12:11:40,176 - INFO - Table 3 for IGI: 11r x 4c
2026-03-30 12:11:40,177 - INFO - Table 4 for IGI: 11r x 4c
2026-03-30 12:11:40,179 - INFO - Table 5 for IGI: 13r x 11c
2026-03-30 12:11:44,411 - INFO - Found 5 tables for IHL
2026-03-30 12:11:44,418 - INFO - Table 3 for IHL: 11r x 4c
2026-03-30 12:11:44,419 - INFO - Table 4 for IHL: 15r x 4c
2026-03-30 12:11:44,421 - INFO - Table 5 for IHL: 13r x 11c
2026-03-30 12:11:48,651 - INFO - Found 5 tables for ILBS
2026-03-30 12:11:48,658 - INFO - Table 3 for ILBS: 11r x 4c
2026-03-30 12:11:48,659 - INFO - Table 4 for ILBS: 11r x 4c
2026-03-30 12:11:48,660 - INFO - Table 5 for ILBS: 13r x 11c
2026-03-30 12:11:52,605 - INFO - Found 5 tables for ILI
2026-03-30 12:11:52,612 - INFO - Table 3 for ILI: 11r x 4c
2026-03-30 12:11:52,613 - INFO - Table 4 for ILI: 11r x 4c
2026-03-30 12:11:52,614 - INFO - Table 5 for ILI: 13r x 11c
2026-03-30 12:11:56,833 - INFO - Found 5 tables for JBBL
2026-03-30 12:11:56,839 - INFO - Table 3 for JBBL: 11r x 4c
2026-03-30 12:11:56,840 - INFO - Table 4 for JBBL: 11r x 4c
2026-03-30 12:11:56,842 - INFO - Table 5 for JBBL: 13r x 11c
2026-03-30 12:12:01,419 - INFO - Found 5 tables for JBLB
2026-03-30 12:12:01,425 - INFO - Table 3 for JBLB: 11r x 4c
2026-03-30 12:12:01,426 - INFO - Table 4 for JBLB: 11r x 4c
2026-03-30 12:12:01,428 - INFO - Table 5 for JBLB: 13r x 11c
2026-03-30 12:12:05,659 - INFO - Found 5 tables for JFL
2026-03-30 12:12:05,666 - INFO - Table 3 for JFL: 11r x 4c
2026-03-30 12:12:05,667 - INFO - Table 4 for JFL: 11r x 4c
2026-03-30 12:12:05,669 - INFO - Table 5 for JFL: 13r x 11c
2026-03-30 12:12:09,919 - INFO - Found 5 tables for JOSHI
2026-03-30 12:12:09,926 - INFO - Table 3 for JOSHI: 11r x 4c
2026-03-30 12:12:09,927 - INFO - Table 4 for JOSHI: 15r x 4c
2026-03-30 12:12:09,928 - INFO - Table 5 for JOSHI: 13r x 10c
2026-03-30 12:12:14,214 - INFO - Found 5 tables for JSLBB
2026-03-30 12:12:14,220 - INFO - Table 3 for JSLBB: 11r x 4c
2026-03-30 12:12:14,221 - INFO - Table 4 for JSLBB: 11r x 4c
2026-03-30 12:12:14,223 - INFO - Table 5 for JSLBB: 13r x 11c
2026-03-30 12:12:18,439 - INFO - Found 5 tables for KBL
2026-03-30 12:12:18,446 - INFO - Table 3 for KBL: 11r x 4c
2026-03-30 12:12:18,447 - INFO - Table 4 for KBL: 11r x 4c
2026-03-30 12:12:18,448 - INFO - Table 5 for KBL: 13r x 11c
2026-03-30 12:12:22,703 - INFO - Found 5 tables for KBSH
2026-03-30 12:12:22,710 - INFO - Table 3 for KBSH: 11r x 4c
2026-03-30 12:12:22,711 - INFO - Table 4 for KBSH: 15r x 4c
2026-03-30 12:12:22,713 - INFO - Table 5 for KBSH: 13r x 11c
2026-03-30 12:12:33,936 - INFO - Found 5 tables for KDL
2026-03-30 12:12:33,942 - INFO - Table 3 for KDL: 11r x 4c
2026-03-30 12:12:33,943 - INFO - Table 4 for KDL: 11r x 4c
2026-03-30 12:12:33,945 - INFO - Table 5 for KDL: 13r x 11c
2026-03-30 12:12:38,176 - INFO - Found 5 tables for KKHC
2026-03-30 12:12:38,183 - INFO - Table 3 for KKHC: 11r x 4c
2026-03-30 12:12:38,184 - INFO - Table 4 for KKHC: 15r x 4c
2026-03-30 12:12:38,186 - INFO - Table 5 for KKHC: 13r x 11c
2026-03-30 12:12:42,417 - INFO - Found 5 tables for KMCDB
2026-03-30 12:12:42,423 - INFO - Table 3 for KMCDB: 11r x 4c
2026-03-30 12:12:42,424 - INFO - Table 4 for KMCDB: 11r x 4c
2026-03-30 12:12:42,426 - INFO - Table 5 for KMCDB: 13r x 11c
2026-03-30 12:12:46,728 - INFO - Found 5 tables for KPCL
2026-03-30 12:12:46,735 - INFO - Table 3 for KPCL: 11r x 4c
2026-03-30 12:12:46,736 - INFO - Table 4 for KPCL: 15r x 4c
2026-03-30 12:12:46,737 - INFO - Table 5 for KPCL: 13r x 11c
2026-03-30 12:12:50,964 - INFO - Found 5 tables for KSBBL
2026-03-30 12:12:50,971 - INFO - Table 3 for KSBBL: 11r x 4c
2026-03-30 12:12:50,972 - INFO - Table 4 for KSBBL: 11r x 4c
2026-03-30 12:12:50,973 - INFO - Table 5 for KSBBL: 13r x 11c
2026-03-30 12:12:55,240 - INFO - Found 5 tables for LBBL
2026-03-30 12:12:55,247 - INFO - Table 3 for LBBL: 11r x 4c
2026-03-30 12:12:55,248 - INFO - Table 4 for LBBL: 11r x 4c
2026-03-30 12:12:55,250 - INFO - Table 5 for LBBL: 13r x 11c
2026-03-30 12:12:59,502 - INFO - Found 5 tables for LEC
2026-03-30 12:12:59,509 - INFO - Table 3 for LEC: 11r x 4c
2026-03-30 12:12:59,510 - INFO - Table 4 for LEC: 15r x 4c
2026-03-30 12:12:59,511 - INFO - Table 5 for LEC: 13r x 11c
2026-03-30 12:13:03,768 - INFO - Found 5 tables for LICN
2026-03-30 12:13:03,774 - INFO - Table 3 for LICN: 11r x 4c
2026-03-30 12:13:03,775 - INFO - Table 4 for LICN: 11r x 4c
2026-03-30 12:13:03,777 - INFO - Table 5 for LICN: 13r x 11c
2026-03-30 12:13:07,783 - INFO - Found 5 tables for LLBS
2026-03-30 12:13:07,790 - INFO - Table 3 for LLBS: 11r x 4c
2026-03-30 12:13:07,791 - INFO - Table 4 for LLBS: 11r x 4c
2026-03-30 12:13:07,792 - INFO - Table 5 for LLBS: 13r x 11c
2026-03-30 12:13:12,014 - INFO - Found 5 tables for LSL
2026-03-30 12:13:12,021 - INFO - Table 3 for LSL: 11r x 4c
2026-03-30 12:13:12,022 - INFO - Table 4 for LSL: 11r x 4c
2026-03-30 12:13:12,023 - INFO - Table 5 for LSL: 13r x 11c
2026-03-30 12:13:16,249 - INFO - Found 5 tables for MAKAR
2026-03-30 12:13:16,256 - INFO - Table 3 for MAKAR: 11r x 4c
2026-03-30 12:13:16,257 - INFO - Table 4 for MAKAR: 15r x 4c
2026-03-30 12:13:16,258 - INFO - Table 5 for MAKAR: 13r x 11c
2026-03-30 12:13:20,499 - INFO - Found 5 tables for MANDU
2026-03-30 12:13:20,505 - INFO - Table 3 for MANDU: 11r x 4c
2026-03-30 12:13:20,506 - INFO - Table 4 for MANDU: 15r x 4c
2026-03-30 12:13:20,508 - INFO - Table 5 for MANDU: 13r x 11c
2026-03-30 12:13:31,655 - INFO - Found 5 tables for MATRI
2026-03-30 12:13:31,662 - INFO - Table 3 for MATRI: 11r x 4c
2026-03-30 12:13:31,663 - INFO - Table 4 for MATRI: 11r x 4c
2026-03-30 12:13:31,664 - INFO - Table 5 for MATRI: 13r x 10c
2026-03-30 12:13:35,892 - INFO - Found 5 tables for MBJC
2026-03-30 12:13:35,899 - INFO - Table 3 for MBJC: 11r x 4c
2026-03-30 12:13:35,900 - INFO - Table 4 for MBJC: 15r x 4c
2026-03-30 12:13:35,902 - INFO - Table 5 for MBJC: 13r x 11c
2026-03-30 12:13:40,125 - INFO - Found 5 tables for MBL
2026-03-30 12:13:40,132 - INFO - Table 3 for MBL: 11r x 4c
2026-03-30 12:13:40,133 - INFO - Table 4 for MBL: 11r x 4c
2026-03-30 12:13:40,134 - INFO - Table 5 for MBL: 13r x 11c
2026-03-30 12:13:44,278 - INFO - Found 5 tables for MCHL
2026-03-30 12:13:44,285 - INFO - Table 3 for MCHL: 11r x 4c
2026-03-30 12:13:44,286 - INFO - Table 4 for MCHL: 15r x 4c
2026-03-30 12:13:44,287 - INFO - Table 5 for MCHL: 13r x 11c
2026-03-30 12:13:48,568 - INFO - Found 5 tables for MDB
2026-03-30 12:13:48,575 - INFO - Table 3 for MDB: 11r x 4c
2026-03-30 12:13:48,576 - INFO - Table 4 for MDB: 11r x 4c
2026-03-30 12:13:48,577 - INFO - Table 5 for MDB: 13r x 11c
2026-03-30 12:13:52,786 - INFO - Found 5 tables for MEHL
2026-03-30 12:13:52,793 - INFO - Table 3 for MEHL: 11r x 4c
2026-03-30 12:13:52,794 - INFO - Table 4 for MEHL: 15r x 4c
2026-03-30 12:13:52,796 - INFO - Table 5 for MEHL: 13r x 11c
2026-03-30 12:13:57,034 - INFO - Found 5 tables for MEL
2026-03-30 12:13:57,041 - INFO - Table 3 for MEL: 11r x 4c
2026-03-30 12:13:57,042 - INFO - Table 4 for MEL: 15r x 4c
2026-03-30 12:13:57,043 - INFO - Table 5 for MEL: 13r x 11c
2026-03-30 12:14:01,269 - INFO - Found 5 tables for MEN
2026-03-30 12:14:01,276 - INFO - Table 3 for MEN: 11r x 4c
2026-03-30 12:14:01,277 - INFO - Table 4 for MEN: 15r x 4c
2026-03-30 12:14:01,278 - INFO - Table 5 for MEN: 13r x 11c
2026-03-30 12:14:05,501 - INFO - Found 5 tables for MERO
2026-03-30 12:14:05,508 - INFO - Table 3 for MERO: 11r x 4c
2026-03-30 12:14:05,509 - INFO - Table 4 for MERO: 11r x 4c
2026-03-30 12:14:05,510 - INFO - Table 5 for MERO: 13r x 11c
2026-03-30 12:14:09,758 - INFO - Found 5 tables for MFIL
2026-03-30 12:14:09,765 - INFO - Table 3 for MFIL: 11r x 4c
2026-03-30 12:14:09,766 - INFO - Table 4 for MFIL: 11r x 4c
2026-03-30 12:14:09,767 - INFO - Table 5 for MFIL: 13r x 11c
2026-03-30 12:14:14,097 - INFO - Found 5 tables for MHCL
2026-03-30 12:14:14,104 - INFO - Table 3 for MHCL: 11r x 4c
2026-03-30 12:14:14,105 - INFO - Table 4 for MHCL: 15r x 4c
2026-03-30 12:14:14,106 - INFO - Table 5 for MHCL: 13r x 11c
2026-03-30 12:14:18,379 - INFO - Found 5 tables for MHL
2026-03-30 12:14:18,386 - INFO - Table 3 for MHL: 11r x 4c
2026-03-30 12:14:18,387 - INFO - Table 4 for MHL: 15r x 4c
2026-03-30 12:14:18,389 - INFO - Table 5 for MHL: 13r x 11c
2026-03-30 12:14:30,050 - INFO - Found 5 tables for MHNL
2026-03-30 12:14:30,058 - INFO - Table 3 for MHNL: 11r x 4c
2026-03-30 12:14:30,059 - INFO - Table 4 for MHNL: 15r x 4c
2026-03-30 12:14:30,060 - INFO - Table 5 for MHNL: 13r x 11c
2026-03-30 12:14:34,336 - INFO - Found 5 tables for MKCL
2026-03-30 12:14:34,343 - INFO - Table 3 for MKCL: 11r x 4c
2026-03-30 12:14:34,344 - INFO - Table 4 for MKCL: 11r x 4c
2026-03-30 12:14:34,345 - INFO - Table 5 for MKCL: 13r x 11c
2026-03-30 12:14:38,509 - INFO - Found 5 tables for MKHC
2026-03-30 12:14:38,515 - INFO - Table 3 for MKHC: 11r x 4c
2026-03-30 12:14:38,516 - INFO - Table 4 for MKHC: 15r x 4c
2026-03-30 12:14:38,518 - INFO - Table 5 for MKHC: 13r x 11c
2026-03-30 12:14:42,848 - INFO - Found 5 tables for MKHL
2026-03-30 12:14:42,855 - INFO - Table 3 for MKHL: 11r x 4c
2026-03-30 12:14:42,856 - INFO - Table 4 for MKHL: 15r x 4c
2026-03-30 12:14:42,858 - INFO - Table 5 for MKHL: 13r x 11c
2026-03-30 12:14:47,016 - INFO - Found 5 tables for MKJC
2026-03-30 12:14:47,023 - INFO - Table 3 for MKJC: 11r x 4c
2026-03-30 12:14:47,024 - INFO - Table 4 for MKJC: 15r x 4c
2026-03-30 12:14:47,026 - INFO - Table 5 for MKJC: 13r x 10c
2026-03-30 12:14:51,304 - INFO - Found 5 tables for MLBBL
2026-03-30 12:14:51,311 - INFO - Table 3 for MLBBL: 11r x 4c
2026-03-30 12:14:51,312 - INFO - Table 4 for MLBBL: 11r x 4c
2026-03-30 12:14:51,314 - INFO - Table 5 for MLBBL: 13r x 11c
2026-03-30 12:14:55,531 - INFO - Found 5 tables for MLBL
2026-03-30 12:14:55,538 - INFO - Table 3 for MLBL: 11r x 4c
2026-03-30 12:14:55,539 - INFO - Table 4 for MLBL: 11r x 4c
2026-03-30 12:14:55,540 - INFO - Table 5 for MLBL: 13r x 11c
2026-03-30 12:14:59,754 - INFO - Found 5 tables for MLBS
2026-03-30 12:14:59,761 - INFO - Table 3 for MLBS: 11r x 4c
2026-03-30 12:14:59,762 - INFO - Table 4 for MLBS: 11r x 4c
2026-03-30 12:14:59,763 - INFO - Table 5 for MLBS: 13r x 11c
2026-03-30 12:15:03,781 - INFO - Found 5 tables for MLBSL
2026-03-30 12:15:03,788 - INFO - Table 3 for MLBSL: 11r x 4c
2026-03-30 12:15:03,789 - INFO - Table 4 for MLBSL: 11r x 4c
2026-03-30 12:15:03,790 - INFO - Table 5 for MLBSL: 13r x 11c
2026-03-30 12:15:08,057 - INFO - Found 5 tables for MMKJL
2026-03-30 12:15:08,064 - INFO - Table 3 for MMKJL: 11r x 4c
2026-03-30 12:15:08,065 - INFO - Table 4 for MMKJL: 15r x 4c
2026-03-30 12:15:08,067 - INFO - Table 5 for MMKJL: 13r x 11c
2026-03-30 12:15:12,309 - INFO - Found 5 tables for MNBBL
2026-03-30 12:15:12,316 - INFO - Table 3 for MNBBL: 11r x 4c
2026-03-30 12:15:12,317 - INFO - Table 4 for MNBBL: 11r x 4c
2026-03-30 12:15:12,319 - INFO - Table 5 for MNBBL: 13r x 11c
2026-03-30 12:15:16,500 - INFO - Found 5 tables for MPFL
2026-03-30 12:15:16,507 - INFO - Table 3 for MPFL: 11r x 4c
2026-03-30 12:15:16,508 - INFO - Table 4 for MPFL: 11r x 4c
2026-03-30 12:15:16,510 - INFO - Table 5 for MPFL: 13r x 11c
2026-03-30 12:15:20,737 - INFO - Found 5 tables for MSHL
2026-03-30 12:15:20,744 - INFO - Table 3 for MSHL: 11r x 4c
2026-03-30 12:15:20,745 - INFO - Table 4 for MSHL: 15r x 4c
2026-03-30 12:15:20,746 - INFO - Table 5 for MSHL: 13r x 11c
2026-03-30 12:15:24,831 - INFO - Found 5 tables for MSLB
2026-03-30 12:15:24,837 - INFO - Table 3 for MSLB: 11r x 4c
2026-03-30 12:15:24,838 - INFO - Table 4 for MSLB: 11r x 4c
2026-03-30 12:15:24,840 - INFO - Table 5 for MSLB: 13r x 11c
2026-03-30 12:15:28,993 - INFO - Found 5 tables for NABBC
2026-03-30 12:15:29,000 - INFO - Table 3 for NABBC: 11r x 4c
2026-03-30 12:15:29,001 - INFO - Table 4 for NABBC: 11r x 4c
2026-03-30 12:15:29,003 - INFO - Table 5 for NABBC: 13r x 11c
2026-03-30 12:15:33,225 - INFO - Found 5 tables for NABIL
2026-03-30 12:15:33,232 - INFO - Table 3 for NABIL: 11r x 4c
2026-03-30 12:15:33,233 - INFO - Table 4 for NABIL: 11r x 4c
2026-03-30 12:15:33,235 - INFO - Table 5 for NABIL: 13r x 11c
2026-03-30 12:15:37,495 - INFO - Found 5 tables for NADEP
2026-03-30 12:15:37,502 - INFO - Table 3 for NADEP: 11r x 4c
2026-03-30 12:15:37,503 - INFO - Table 4 for NADEP: 11r x 4c
2026-03-30 12:15:37,505 - INFO - Table 5 for NADEP: 13r x 11c
2026-03-30 12:15:41,662 - INFO - Found 5 tables for NBL
2026-03-30 12:15:41,669 - INFO - Table 3 for NBL: 11r x 4c
2026-03-30 12:15:41,669 - INFO - Table 4 for NBL: 11r x 4c
2026-03-30 12:15:41,671 - INFO - Table 5 for NBL: 13r x 11c
2026-03-30 12:15:45,971 - INFO - Found 5 tables for NESDO
2026-03-30 12:15:45,978 - INFO - Table 3 for NESDO: 11r x 4c
2026-03-30 12:15:45,979 - INFO - Table 4 for NESDO: 11r x 4c
2026-03-30 12:15:45,980 - INFO - Table 5 for NESDO: 13r x 11c
2026-03-30 12:15:50,244 - INFO - Found 5 tables for NFS
2026-03-30 12:15:50,250 - INFO - Table 3 for NFS: 11r x 4c
2026-03-30 12:15:50,251 - INFO - Table 4 for NFS: 11r x 4c
2026-03-30 12:15:50,253 - INFO - Table 5 for NFS: 13r x 11c
2026-03-30 12:15:54,479 - INFO - Found 5 tables for NGPL
2026-03-30 12:15:54,486 - INFO - Table 3 for NGPL: 11r x 4c
2026-03-30 12:15:54,487 - INFO - Table 4 for NGPL: 15r x 4c
2026-03-30 12:15:54,488 - INFO - Table 5 for NGPL: 13r x 11c
2026-03-30 12:15:58,718 - INFO - Found 5 tables for NHDL
2026-03-30 12:15:58,725 - INFO - Table 3 for NHDL: 11r x 4c
2026-03-30 12:15:58,726 - INFO - Table 4 for NHDL: 15r x 4c
2026-03-30 12:15:58,728 - INFO - Table 5 for NHDL: 13r x 11c
2026-03-30 12:16:02,977 - INFO - Found 5 tables for NHPC
2026-03-30 12:16:02,984 - INFO - Table 3 for NHPC: 11r x 4c
2026-03-30 12:16:02,985 - INFO - Table 4 for NHPC: 15r x 4c
2026-03-30 12:16:02,986 - INFO - Table 5 for NHPC: 13r x 11c
2026-03-30 12:16:07,330 - INFO - Found 5 tables for NICA
2026-03-30 12:16:07,337 - INFO - Table 3 for NICA: 11r x 4c
2026-03-30 12:16:07,338 - INFO - Table 4 for NICA: 11r x 4c
2026-03-30 12:16:07,339 - INFO - Table 5 for NICA: 13r x 11c
2026-03-30 12:16:11,590 - INFO - Found 5 tables for NICL
2026-03-30 12:16:11,597 - INFO - Table 3 for NICL: 11r x 4c
2026-03-30 12:16:11,598 - INFO - Table 4 for NICL: 11r x 4c
2026-03-30 12:16:11,599 - INFO - Table 5 for NICL: 13r x 11c
2026-03-30 12:16:15,803 - INFO - Found 5 tables for NICLBSL
2026-03-30 12:16:15,810 - INFO - Table 3 for NICLBSL: 11r x 4c
2026-03-30 12:16:15,811 - INFO - Table 4 for NICLBSL: 11r x 4c
2026-03-30 12:16:15,813 - INFO - Table 5 for NICLBSL: 13r x 11c
2026-03-30 12:16:20,058 - INFO - Found 5 tables for NIFRA
2026-03-30 12:16:20,065 - INFO - Table 3 for NIFRA: 11r x 4c
2026-03-30 12:16:20,066 - INFO - Table 4 for NIFRA: 11r x 4c
2026-03-30 12:16:20,067 - INFO - Table 5 for NIFRA: 13r x 11c
2026-03-30 12:16:24,236 - INFO - Found 5 tables for NIL
2026-03-30 12:16:24,243 - INFO - Table 3 for NIL: 11r x 4c
2026-03-30 12:16:24,244 - INFO - Table 4 for NIL: 11r x 4c
2026-03-30 12:16:24,245 - INFO - Table 5 for NIL: 13r x 10c
2026-03-30 12:16:28,533 - INFO - Found 5 tables for NIMB
2026-03-30 12:16:28,539 - INFO - Table 3 for NIMB: 11r x 4c
2026-03-30 12:16:28,540 - INFO - Table 4 for NIMB: 11r x 4c
2026-03-30 12:16:28,542 - INFO - Table 5 for NIMB: 13r x 11c
2026-03-30 12:16:32,803 - INFO - Found 5 tables for NLG
2026-03-30 12:16:32,810 - INFO - Table 3 for NLG: 11r x 4c
2026-03-30 12:16:32,811 - INFO - Table 4 for NLG: 11r x 4c
2026-03-30 12:16:32,812 - INFO - Table 5 for NLG: 13r x 11c
2026-03-30 12:16:37,078 - INFO - Found 5 tables for NLIC
2026-03-30 12:16:37,085 - INFO - Table 3 for NLIC: 11r x 4c
2026-03-30 12:16:37,086 - INFO - Table 4 for NLIC: 11r x 4c
2026-03-30 12:16:37,087 - INFO - Table 5 for NLIC: 13r x 11c
2026-03-30 12:16:48,041 - INFO - Found 5 tables for NLICL
2026-03-30 12:16:48,048 - INFO - Table 3 for NLICL: 11r x 4c
2026-03-30 12:16:48,048 - INFO - Table 4 for NLICL: 11r x 4c
2026-03-30 12:16:48,050 - INFO - Table 5 for NLICL: 13r x 11c
2026-03-30 12:16:52,314 - INFO - Found 5 tables for NLO
2026-03-30 12:16:52,321 - INFO - Table 3 for NLO: 11r x 4c
2026-03-30 12:16:52,321 - INFO - Table 4 for NLO: 11r x 4c
2026-03-30 12:16:52,323 - INFO - Table 5 for NLO: 13r x 8c
2026-03-30 12:16:56,656 - INFO - Found 5 tables for NMB
2026-03-30 12:16:56,662 - INFO - Table 3 for NMB: 11r x 4c
2026-03-30 12:16:56,663 - INFO - Table 4 for NMB: 11r x 4c
2026-03-30 12:16:56,665 - INFO - Table 5 for NMB: 13r x 11c
2026-03-30 12:17:00,905 - INFO - Found 5 tables for NMBMF
2026-03-30 12:17:00,912 - INFO - Table 3 for NMBMF: 11r x 4c
2026-03-30 12:17:00,912 - INFO - Table 4 for NMBMF: 11r x 4c
2026-03-30 12:17:00,914 - INFO - Table 5 for NMBMF: 13r x 11c
2026-03-30 12:17:05,157 - INFO - Found 5 tables for NMFBS
2026-03-30 12:17:05,164 - INFO - Table 3 for NMFBS: 11r x 4c
2026-03-30 12:17:05,165 - INFO - Table 4 for NMFBS: 11r x 4c
2026-03-30 12:17:05,166 - INFO - Table 5 for NMFBS: 13r x 11c
2026-03-30 12:17:09,424 - INFO - Found 5 tables for NMIC
2026-03-30 12:17:09,431 - INFO - Table 3 for NMIC: 11r x 4c
2026-03-30 12:17:09,432 - INFO - Table 4 for NMIC: 11r x 4c
2026-03-30 12:17:09,433 - INFO - Table 5 for NMIC: 13r x 7c
2026-03-30 12:17:13,674 - INFO - Found 5 tables for NMLBBL
2026-03-30 12:17:13,681 - INFO - Table 3 for NMLBBL: 11r x 4c
2026-03-30 12:17:13,682 - INFO - Table 4 for NMLBBL: 11r x 4c
2026-03-30 12:17:13,683 - INFO - Table 5 for NMLBBL: 13r x 10c
2026-03-30 12:17:17,899 - INFO - Found 5 tables for NRIC
2026-03-30 12:17:17,906 - INFO - Table 3 for NRIC: 11r x 4c
2026-03-30 12:17:17,907 - INFO - Table 4 for NRIC: 11r x 4c
2026-03-30 12:17:17,908 - INFO - Table 5 for NRIC: 13r x 10c
2026-03-30 12:17:22,160 - INFO - Found 5 tables for NRM
2026-03-30 12:17:22,167 - INFO - Table 3 for NRM: 11r x 4c
2026-03-30 12:17:22,168 - INFO - Table 4 for NRM: 11r x 4c
2026-03-30 12:17:22,169 - INFO - Table 5 for NRM: 13r x 11c
2026-03-30 12:17:26,430 - INFO - Found 5 tables for NRN
2026-03-30 12:17:26,437 - INFO - Table 3 for NRN: 11r x 4c
2026-03-30 12:17:26,438 - INFO - Table 4 for NRN: 11r x 4c
2026-03-30 12:17:26,440 - INFO - Table 5 for NRN: 13r x 11c
2026-03-30 12:17:30,663 - INFO - Found 5 tables for NTC
2026-03-30 12:17:30,670 - INFO - Table 3 for NTC: 11r x 4c
2026-03-30 12:17:30,671 - INFO - Table 4 for NTC: 11r x 4c
2026-03-30 12:17:30,673 - INFO - Table 5 for NTC: 13r x 11c
2026-03-30 12:17:34,901 - INFO - Found 5 tables for NUBL
2026-03-30 12:17:34,908 - INFO - Table 3 for NUBL: 11r x 4c
2026-03-30 12:17:34,909 - INFO - Table 4 for NUBL: 11r x 4c
2026-03-30 12:17:34,910 - INFO - Table 5 for NUBL: 13r x 11c
2026-03-30 12:17:39,244 - INFO - Found 5 tables for NWCL
2026-03-30 12:17:39,251 - INFO - Table 3 for NWCL: 11r x 4c
2026-03-30 12:17:39,252 - INFO - Table 4 for NWCL: 11r x 4c
2026-03-30 12:17:39,254 - INFO - Table 5 for NWCL: 13r x 11c
2026-03-30 12:17:43,754 - INFO - Found 5 tables for NYADI
2026-03-30 12:17:43,761 - INFO - Table 3 for NYADI: 11r x 4c
2026-03-30 12:17:43,762 - INFO - Table 4 for NYADI: 15r x 4c
2026-03-30 12:17:43,763 - INFO - Table 5 for NYADI: 13r x 11c
2026-03-30 12:17:47,970 - INFO - Found 5 tables for OHL
2026-03-30 12:17:47,977 - INFO - Table 3 for OHL: 11r x 4c
2026-03-30 12:17:47,978 - INFO - Table 4 for OHL: 11r x 4c
2026-03-30 12:17:47,979 - INFO - Table 5 for OHL: 13r x 11c
2026-03-30 12:17:52,475 - INFO - Found 5 tables for OMPL
2026-03-30 12:17:52,482 - INFO - Table 3 for OMPL: 11r x 4c
2026-03-30 12:17:52,483 - INFO - Table 4 for OMPL: 11r x 4c
2026-03-30 12:17:52,484 - INFO - Table 5 for OMPL: 13r x 7c
2026-03-30 12:17:56,984 - INFO - Found 5 tables for PCBL
2026-03-30 12:17:56,990 - INFO - Table 3 for PCBL: 11r x 4c
2026-03-30 12:17:56,991 - INFO - Table 4 for PCBL: 11r x 4c
2026-03-30 12:17:56,993 - INFO - Table 5 for PCBL: 13r x 11c
2026-03-30 12:18:08,483 - INFO - Found 5 tables for PFL
2026-03-30 12:18:08,490 - INFO - Table 3 for PFL: 11r x 4c
2026-03-30 12:18:08,491 - INFO - Table 4 for PFL: 11r x 4c
2026-03-30 12:18:08,493 - INFO - Table 5 for PFL: 13r x 11c
2026-03-30 12:18:12,760 - INFO - Found 5 tables for PHCL
2026-03-30 12:18:12,767 - INFO - Table 3 for PHCL: 11r x 4c
2026-03-30 12:18:12,768 - INFO - Table 4 for PHCL: 15r x 4c
2026-03-30 12:18:12,770 - INFO - Table 5 for PHCL: 13r x 11c
2026-03-30 12:18:17,259 - INFO - Found 5 tables for PMHPL
2026-03-30 12:18:17,266 - INFO - Table 3 for PMHPL: 11r x 4c
2026-03-30 12:18:17,267 - INFO - Table 4 for PMHPL: 15r x 4c
2026-03-30 12:18:17,269 - INFO - Table 5 for PMHPL: 13r x 11c
2026-03-30 12:18:21,321 - INFO - Found 5 tables for PMLI
2026-03-30 12:18:21,328 - INFO - Table 3 for PMLI: 11r x 4c
2026-03-30 12:18:21,328 - INFO - Table 4 for PMLI: 11r x 4c
2026-03-30 12:18:21,330 - INFO - Table 5 for PMLI: 13r x 11c
2026-03-30 12:18:25,383 - INFO - Found 5 tables for PPCL
2026-03-30 12:18:25,390 - INFO - Table 3 for PPCL: 11r x 4c
2026-03-30 12:18:25,391 - INFO - Table 4 for PPCL: 15r x 4c
2026-03-30 12:18:25,393 - INFO - Table 5 for PPCL: 13r x 11c
2026-03-30 12:18:29,683 - INFO - Found 5 tables for PPL
2026-03-30 12:18:29,690 - INFO - Table 3 for PPL: 11r x 4c
2026-03-30 12:18:29,691 - INFO - Table 4 for PPL: 15r x 4c
2026-03-30 12:18:29,692 - INFO - Table 5 for PPL: 13r x 11c
2026-03-30 12:18:33,938 - INFO - Found 5 tables for PRIN
2026-03-30 12:18:33,945 - INFO - Table 3 for PRIN: 11r x 4c
2026-03-30 12:18:33,946 - INFO - Table 4 for PRIN: 11r x 4c
2026-03-30 12:18:33,947 - INFO - Table 5 for PRIN: 13r x 11c
2026-03-30 12:18:38,188 - INFO - Found 5 tables for PROFL
2026-03-30 12:18:38,195 - INFO - Table 3 for PROFL: 11r x 4c
2026-03-30 12:18:38,196 - INFO - Table 4 for PROFL: 11r x 4c
2026-03-30 12:18:38,198 - INFO - Table 5 for PROFL: 13r x 11c
2026-03-30 12:18:42,340 - INFO - Found 5 tables for PRVU
2026-03-30 12:18:42,347 - INFO - Table 3 for PRVU: 11r x 4c
2026-03-30 12:18:42,348 - INFO - Table 4 for PRVU: 11r x 4c
2026-03-30 12:18:42,349 - INFO - Table 5 for PRVU: 13r x 11c
2026-03-30 12:18:46,649 - INFO - Found 5 tables for PURE
2026-03-30 12:18:46,655 - INFO - Table 3 for PURE: 11r x 4c
2026-03-30 12:18:46,657 - INFO - Table 4 for PURE: 15r x 4c
2026-03-30 12:18:46,658 - INFO - Table 5 for PURE: 13r x 6c
2026-03-30 12:18:50,970 - INFO - Found 5 tables for RADHI
2026-03-30 12:18:50,977 - INFO - Table 3 for RADHI: 11r x 4c
2026-03-30 12:18:50,978 - INFO - Table 4 for RADHI: 15r x 4c
2026-03-30 12:18:50,980 - INFO - Table 5 for RADHI: 13r x 11c
2026-03-30 12:18:55,240 - INFO - Found 5 tables for RAWA
2026-03-30 12:18:55,247 - INFO - Table 3 for RAWA: 11r x 4c
2026-03-30 12:18:55,248 - INFO - Table 4 for RAWA: 15r x 4c
2026-03-30 12:18:55,250 - INFO - Table 5 for RAWA: 13r x 11c
2026-03-30 12:18:59,437 - INFO - Found 5 tables for RBCL
2026-03-30 12:18:59,443 - INFO - Table 3 for RBCL: 11r x 4c
2026-03-30 12:18:59,444 - INFO - Table 4 for RBCL: 11r x 4c
2026-03-30 12:18:59,446 - INFO - Table 5 for RBCL: 13r x 11c
2026-03-30 12:19:03,669 - INFO - Found 5 tables for RFPL
2026-03-30 12:19:03,676 - INFO - Table 3 for RFPL: 11r x 4c
2026-03-30 12:19:03,677 - INFO - Table 4 for RFPL: 15r x 4c
2026-03-30 12:19:03,678 - INFO - Table 5 for RFPL: 13r x 10c
2026-03-30 12:19:07,912 - INFO - Found 5 tables for RHGCL
2026-03-30 12:19:07,919 - INFO - Table 3 for RHGCL: 11r x 4c
2026-03-30 12:19:07,920 - INFO - Table 4 for RHGCL: 15r x 4c
2026-03-30 12:19:07,922 - INFO - Table 5 for RHGCL: 13r x 11c
2026-03-30 12:19:12,244 - INFO - Found 5 tables for RHPL
2026-03-30 12:19:12,252 - INFO - Table 3 for RHPL: 11r x 4c
2026-03-30 12:19:12,253 - INFO - Table 4 for RHPL: 15r x 4c
2026-03-30 12:19:12,254 - INFO - Table 5 for RHPL: 13r x 11c
2026-03-30 12:19:16,520 - INFO - Found 5 tables for RIDI
2026-03-30 12:19:16,526 - INFO - Table 3 for RIDI: 11r x 4c
2026-03-30 12:19:16,527 - INFO - Table 4 for RIDI: 15r x 4c
2026-03-30 12:19:16,529 - INFO - Table 5 for RIDI: 13r x 11c
2026-03-30 12:19:20,759 - INFO - Found 5 tables for RLFL
2026-03-30 12:19:20,766 - INFO - Table 3 for RLFL: 11r x 4c
2026-03-30 12:19:20,767 - INFO - Table 4 for RLFL: 11r x 4c
2026-03-30 12:19:20,768 - INFO - Table 5 for RLFL: 13r x 11c
2026-03-30 12:19:24,985 - INFO - Found 5 tables for RNLI
2026-03-30 12:19:24,992 - INFO - Table 3 for RNLI: 11r x 4c
2026-03-30 12:19:24,993 - INFO - Table 4 for RNLI: 11r x 4c
2026-03-30 12:19:24,994 - INFO - Table 5 for RNLI: 13r x 11c
2026-03-30 12:19:29,255 - INFO - Found 5 tables for RSDC
2026-03-30 12:19:29,261 - INFO - Table 3 for RSDC: 11r x 4c
2026-03-30 12:19:29,262 - INFO - Table 4 for RSDC: 11r x 4c
2026-03-30 12:19:29,264 - INFO - Table 5 for RSDC: 13r x 11c
2026-03-30 12:19:33,490 - INFO - Found 5 tables for RURU
2026-03-30 12:19:33,497 - INFO - Table 3 for RURU: 11r x 4c
2026-03-30 12:19:33,498 - INFO - Table 4 for RURU: 15r x 4c
2026-03-30 12:19:33,499 - INFO - Table 5 for RURU: 13r x 11c
2026-03-30 12:19:37,740 - INFO - Found 5 tables for SADBL
2026-03-30 12:19:37,747 - INFO - Table 3 for SADBL: 11r x 4c
2026-03-30 12:19:37,748 - INFO - Table 4 for SADBL: 11r x 4c
2026-03-30 12:19:37,750 - INFO - Table 5 for SADBL: 13r x 11c
2026-03-30 12:19:41,998 - INFO - Found 5 tables for SAHAS
2026-03-30 12:19:42,005 - INFO - Table 3 for SAHAS: 11r x 4c
2026-03-30 12:19:42,006 - INFO - Table 4 for SAHAS: 15r x 4c
2026-03-30 12:19:42,007 - INFO - Table 5 for SAHAS: 13r x 11c
2026-03-30 12:19:46,262 - INFO - Found 5 tables for SALICO
2026-03-30 12:19:46,268 - INFO - Table 3 for SALICO: 11r x 4c
2026-03-30 12:19:46,269 - INFO - Table 4 for SALICO: 11r x 4c
2026-03-30 12:19:46,271 - INFO - Table 5 for SALICO: 13r x 11c
2026-03-30 12:19:50,272 - INFO - Found 5 tables for SAMAJ
2026-03-30 12:19:50,279 - INFO - Table 3 for SAMAJ: 11r x 4c
2026-03-30 12:19:50,280 - INFO - Table 4 for SAMAJ: 11r x 4c
2026-03-30 12:19:50,281 - INFO - Table 5 for SAMAJ: 13r x 9c
2026-03-30 12:20:02,024 - INFO - Found 5 tables for SANIMA
2026-03-30 12:20:02,031 - INFO - Table 3 for SANIMA: 11r x 4c
2026-03-30 12:20:02,032 - INFO - Table 4 for SANIMA: 11r x 4c
2026-03-30 12:20:02,033 - INFO - Table 5 for SANIMA: 13r x 11c
2026-03-30 12:20:06,282 - INFO - Found 5 tables for SANVI
2026-03-30 12:20:06,289 - INFO - Table 3 for SANVI: 11r x 4c
2026-03-30 12:20:06,290 - INFO - Table 4 for SANVI: 15r x 4c
2026-03-30 12:20:06,291 - INFO - Table 5 for SANVI: 13r x 6c
2026-03-30 12:20:10,539 - INFO - Found 5 tables for SAPDBL
2026-03-30 12:20:10,546 - INFO - Table 3 for SAPDBL: 11r x 4c
2026-03-30 12:20:10,547 - INFO - Table 4 for SAPDBL: 11r x 4c
2026-03-30 12:20:10,549 - INFO - Table 5 for SAPDBL: 13r x 11c
2026-03-30 12:20:14,750 - INFO - Found 5 tables for SARBTM
2026-03-30 12:20:14,757 - INFO - Table 3 for SARBTM: 11r x 4c
2026-03-30 12:20:14,758 - INFO - Table 4 for SARBTM: 11r x 4c
2026-03-30 12:20:14,759 - INFO - Table 5 for SARBTM: 13r x 11c
2026-03-30 12:20:19,025 - INFO - Found 5 tables for SBI
2026-03-30 12:20:19,031 - INFO - Table 3 for SBI: 11r x 4c
2026-03-30 12:20:19,032 - INFO - Table 4 for SBI: 11r x 4c
2026-03-30 12:20:19,034 - INFO - Table 5 for SBI: 13r x 11c
2026-03-30 12:20:23,344 - INFO - Found 5 tables for SBL
2026-03-30 12:20:23,351 - INFO - Table 3 for SBL: 11r x 4c
2026-03-30 12:20:23,352 - INFO - Table 4 for SBL: 11r x 4c
2026-03-30 12:20:23,354 - INFO - Table 5 for SBL: 13r x 11c
2026-03-30 12:20:27,630 - INFO - Found 5 tables for SCB
2026-03-30 12:20:27,637 - INFO - Table 3 for SCB: 11r x 4c
2026-03-30 12:20:27,638 - INFO - Table 4 for SCB: 11r x 4c
2026-03-30 12:20:27,640 - INFO - Table 5 for SCB: 13r x 11c
2026-03-30 12:20:31,674 - INFO - Found 5 tables for SFCL
2026-03-30 12:20:31,681 - INFO - Table 3 for SFCL: 11r x 4c
2026-03-30 12:20:31,682 - INFO - Table 4 for SFCL: 11r x 4c
2026-03-30 12:20:31,683 - INFO - Table 5 for SFCL: 13r x 11c
2026-03-30 12:20:35,922 - INFO - Found 5 tables for SGHC
2026-03-30 12:20:35,929 - INFO - Table 3 for SGHC: 11r x 4c
2026-03-30 12:20:35,930 - INFO - Table 4 for SGHC: 15r x 4c
2026-03-30 12:20:35,931 - INFO - Table 5 for SGHC: 13r x 11c
2026-03-30 12:20:40,098 - INFO - Found 5 tables for SGIC
2026-03-30 12:20:40,105 - INFO - Table 3 for SGIC: 11r x 4c
2026-03-30 12:20:40,106 - INFO - Table 4 for SGIC: 11r x 4c
2026-03-30 12:20:40,107 - INFO - Table 5 for SGIC: 13r x 11c
2026-03-30 12:20:51,346 - INFO - Found 5 tables for SHEL
2026-03-30 12:20:51,353 - INFO - Table 3 for SHEL: 11r x 4c
2026-03-30 12:20:51,354 - INFO - Table 4 for SHEL: 15r x 4c
2026-03-30 12:20:51,356 - INFO - Table 5 for SHEL: 13r x 11c
2026-03-30 12:20:55,637 - INFO - Found 5 tables for SHINE
2026-03-30 12:20:55,644 - INFO - Table 3 for SHINE: 11r x 4c
2026-03-30 12:20:55,645 - INFO - Table 4 for SHINE: 11r x 4c
2026-03-30 12:20:55,647 - INFO - Table 5 for SHINE: 13r x 11c
2026-03-30 12:21:00,072 - INFO - Found 5 tables for SHIVM
2026-03-30 12:21:00,079 - INFO - Table 3 for SHIVM: 11r x 4c
2026-03-30 12:21:00,080 - INFO - Table 4 for SHIVM: 11r x 4c
2026-03-30 12:21:00,081 - INFO - Table 5 for SHIVM: 13r x 11c
2026-03-30 12:21:04,234 - INFO - Found 5 tables for SHL
2026-03-30 12:21:04,241 - INFO - Table 3 for SHL: 11r x 4c
2026-03-30 12:21:04,242 - INFO - Table 4 for SHL: 11r x 4c
2026-03-30 12:21:04,244 - INFO - Table 5 for SHL: 13r x 11c
2026-03-30 12:21:08,577 - INFO - Found 5 tables for SHLB
2026-03-30 12:21:08,584 - INFO - Table 3 for SHLB: 11r x 4c
2026-03-30 12:21:08,585 - INFO - Table 4 for SHLB: 11r x 4c
2026-03-30 12:21:08,586 - INFO - Table 5 for SHLB: 13r x 11c
2026-03-30 12:21:12,836 - INFO - Found 5 tables for SHPC
2026-03-30 12:21:12,843 - INFO - Table 3 for SHPC: 11r x 4c
2026-03-30 12:21:12,844 - INFO - Table 4 for SHPC: 15r x 4c
2026-03-30 12:21:12,845 - INFO - Table 5 for SHPC: 13r x 11c
2026-03-30 12:21:17,082 - INFO - Found 5 tables for SICL
2026-03-30 12:21:17,089 - INFO - Table 3 for SICL: 11r x 4c
2026-03-30 12:21:17,090 - INFO - Table 4 for SICL: 11r x 4c
2026-03-30 12:21:17,092 - INFO - Table 5 for SICL: 13r x 11c
2026-03-30 12:21:21,350 - INFO - Found 5 tables for SIFC
2026-03-30 12:21:21,357 - INFO - Table 3 for SIFC: 11r x 4c
2026-03-30 12:21:21,358 - INFO - Table 4 for SIFC: 11r x 4c
2026-03-30 12:21:21,360 - INFO - Table 5 for SIFC: 13r x 11c
2026-03-30 12:21:32,935 - INFO - Found 5 tables for SIKLES
2026-03-30 12:21:32,942 - INFO - Table 3 for SIKLES: 11r x 4c
2026-03-30 12:21:32,943 - INFO - Table 4 for SIKLES: 15r x 4c
2026-03-30 12:21:32,945 - INFO - Table 5 for SIKLES: 13r x 11c
2026-03-30 12:21:37,280 - INFO - Found 5 tables for SINDU
2026-03-30 12:21:37,287 - INFO - Table 3 for SINDU: 11r x 4c
2026-03-30 12:21:37,288 - INFO - Table 4 for SINDU: 11r x 4c
2026-03-30 12:21:37,289 - INFO - Table 5 for SINDU: 13r x 11c
2026-03-30 12:21:41,550 - INFO - Found 5 tables for SJCL
2026-03-30 12:21:41,557 - INFO - Table 3 for SJCL: 11r x 4c
2026-03-30 12:21:41,558 - INFO - Table 4 for SJCL: 15r x 4c
2026-03-30 12:21:41,560 - INFO - Table 5 for SJCL: 13r x 11c
2026-03-30 12:21:45,841 - INFO - Found 5 tables for SJLIC
2026-03-30 12:21:45,848 - INFO - Table 3 for SJLIC: 11r x 4c
2026-03-30 12:21:45,849 - INFO - Table 4 for SJLIC: 11r x 4c
2026-03-30 12:21:45,851 - INFO - Table 5 for SJLIC: 13r x 11c
2026-03-30 12:21:50,124 - INFO - Found 5 tables for SKBBL
2026-03-30 12:21:50,131 - INFO - Table 3 for SKBBL: 11r x 4c
2026-03-30 12:21:50,132 - INFO - Table 4 for SKBBL: 11r x 4c
2026-03-30 12:21:50,134 - INFO - Table 5 for SKBBL: 13r x 11c
2026-03-30 12:21:54,096 - INFO - Found 5 tables for SLBBL
2026-03-30 12:21:54,103 - INFO - Table 3 for SLBBL: 11r x 4c
2026-03-30 12:21:54,104 - INFO - Table 4 for SLBBL: 11r x 4c
2026-03-30 12:21:54,105 - INFO - Table 5 for SLBBL: 13r x 11c
2026-03-30 12:21:58,415 - INFO - Found 5 tables for SLBSL
2026-03-30 12:21:58,422 - INFO - Table 3 for SLBSL: 11r x 4c
2026-03-30 12:21:58,423 - INFO - Table 4 for SLBSL: 11r x 4c
2026-03-30 12:21:58,424 - INFO - Table 5 for SLBSL: 13r x 11c
2026-03-30 12:22:02,713 - INFO - Found 5 tables for SMATA
2026-03-30 12:22:02,720 - INFO - Table 3 for SMATA: 11r x 4c
2026-03-30 12:22:02,721 - INFO - Table 4 for SMATA: 11r x 4c
2026-03-30 12:22:02,722 - INFO - Table 5 for SMATA: 13r x 11c
2026-03-30 12:22:06,753 - INFO - Found 5 tables for SMB
2026-03-30 12:22:06,760 - INFO - Table 3 for SMB: 11r x 4c
2026-03-30 12:22:06,761 - INFO - Table 4 for SMB: 11r x 4c
2026-03-30 12:22:06,762 - INFO - Table 5 for SMB: 13r x 11c
2026-03-30 12:22:11,035 - INFO - Found 5 tables for SMFBS
2026-03-30 12:22:11,042 - INFO - Table 3 for SMFBS: 11r x 4c
2026-03-30 12:22:11,043 - INFO - Table 4 for SMFBS: 11r x 4c
2026-03-30 12:22:11,044 - INFO - Table 5 for SMFBS: 13r x 11c
2026-03-30 12:22:15,294 - INFO - Found 5 tables for SMH
2026-03-30 12:22:15,301 - INFO - Table 3 for SMH: 11r x 4c
2026-03-30 12:22:15,302 - INFO - Table 4 for SMH: 15r x 4c
2026-03-30 12:22:15,304 - INFO - Table 5 for SMH: 13r x 11c
2026-03-30 12:22:19,595 - INFO - Found 5 tables for SMHL
2026-03-30 12:22:19,602 - INFO - Table 3 for SMHL: 11r x 4c
2026-03-30 12:22:19,603 - INFO - Table 4 for SMHL: 15r x 4c
2026-03-30 12:22:19,605 - INFO - Table 5 for SMHL: 13r x 11c
2026-03-30 12:22:30,706 - INFO - Found 5 tables for SMJC
2026-03-30 12:22:30,713 - INFO - Table 3 for SMJC: 11r x 4c
2026-03-30 12:22:30,714 - INFO - Table 4 for SMJC: 15r x 4c
2026-03-30 12:22:30,715 - INFO - Table 5 for SMJC: 13r x 11c
2026-03-30 12:22:34,956 - INFO - Found 5 tables for SMPDA
2026-03-30 12:22:34,963 - INFO - Table 3 for SMPDA: 11r x 4c
2026-03-30 12:22:34,964 - INFO - Table 4 for SMPDA: 11r x 4c
2026-03-30 12:22:34,966 - INFO - Table 5 for SMPDA: 13r x 10c
2026-03-30 12:22:39,217 - INFO - Found 5 tables for SNLI
2026-03-30 12:22:39,224 - INFO - Table 3 for SNLI: 11r x 4c
2026-03-30 12:22:39,225 - INFO - Table 4 for SNLI: 11r x 4c
2026-03-30 12:22:39,226 - INFO - Table 5 for SNLI: 13r x 11c
2026-03-30 12:22:43,450 - INFO - Found 5 tables for SONA
2026-03-30 12:22:43,457 - INFO - Table 3 for SONA: 11r x 4c
2026-03-30 12:22:43,458 - INFO - Table 4 for SONA: 11r x 4c
2026-03-30 12:22:43,460 - INFO - Table 5 for SONA: 13r x 11c
2026-03-30 12:22:47,694 - INFO - Found 5 tables for SPC
2026-03-30 12:22:47,700 - INFO - Table 3 for SPC: 11r x 4c
2026-03-30 12:22:47,702 - INFO - Table 4 for SPC: 15r x 4c
2026-03-30 12:22:47,703 - INFO - Table 5 for SPC: 13r x 11c
2026-03-30 12:22:51,942 - INFO - Found 5 tables for SPDL
2026-03-30 12:22:51,949 - INFO - Table 3 for SPDL: 11r x 4c
2026-03-30 12:22:51,950 - INFO - Table 4 for SPDL: 15r x 4c
2026-03-30 12:22:51,951 - INFO - Table 5 for SPDL: 13r x 11c
2026-03-30 12:22:56,101 - INFO - Found 5 tables for SPHL
2026-03-30 12:22:56,108 - INFO - Table 3 for SPHL: 11r x 4c
2026-03-30 12:22:56,109 - INFO - Table 4 for SPHL: 15r x 4c
2026-03-30 12:22:56,110 - INFO - Table 5 for SPHL: 13r x 11c
2026-03-30 12:23:00,370 - INFO - Found 5 tables for SPIL
2026-03-30 12:23:00,377 - INFO - Table 3 for SPIL: 11r x 4c
2026-03-30 12:23:00,378 - INFO - Table 4 for SPIL: 11r x 4c
2026-03-30 12:23:00,380 - INFO - Table 5 for SPIL: 13r x 11c
2026-03-30 12:23:04,616 - INFO - Found 5 tables for SPL
2026-03-30 12:23:04,623 - INFO - Table 3 for SPL: 11r x 4c
2026-03-30 12:23:04,624 - INFO - Table 4 for SPL: 15r x 4c
2026-03-30 12:23:04,625 - INFO - Table 5 for SPL: 13r x 11c
2026-03-30 12:23:08,956 - INFO - Found 5 tables for SRLI
2026-03-30 12:23:08,962 - INFO - Table 3 for SRLI: 11r x 4c
2026-03-30 12:23:08,963 - INFO - Table 4 for SRLI: 11r x 4c
2026-03-30 12:23:08,965 - INFO - Table 5 for SRLI: 13r x 11c
2026-03-30 12:23:13,227 - INFO - Found 5 tables for SSHL
2026-03-30 12:23:13,234 - INFO - Table 3 for SSHL: 11r x 4c
2026-03-30 12:23:13,235 - INFO - Table 4 for SSHL: 15r x 4c
2026-03-30 12:23:13,237 - INFO - Table 5 for SSHL: 13r x 10c
2026-03-30 12:23:17,479 - INFO - Found 5 tables for STC
2026-03-30 12:23:17,486 - INFO - Table 3 for STC: 11r x 4c
2026-03-30 12:23:17,487 - INFO - Table 4 for STC: 11r x 4c
2026-03-30 12:23:17,488 - INFO - Table 5 for STC: 13r x 11c
2026-03-30 12:23:21,714 - INFO - Found 5 tables for SWBBL
2026-03-30 12:23:21,721 - INFO - Table 3 for SWBBL: 11r x 4c
2026-03-30 12:23:21,722 - INFO - Table 4 for SWBBL: 11r x 4c
2026-03-30 12:23:21,724 - INFO - Table 5 for SWBBL: 13r x 11c
2026-03-30 12:23:26,007 - INFO - Found 5 tables for SWMF
2026-03-30 12:23:26,013 - INFO - Table 3 for SWMF: 11r x 4c
2026-03-30 12:23:26,014 - INFO - Table 4 for SWMF: 11r x 4c
2026-03-30 12:23:26,016 - INFO - Table 5 for SWMF: 13r x 11c
2026-03-30 12:23:30,663 - INFO - Found 5 tables for TAMOR
2026-03-30 12:23:30,670 - INFO - Table 3 for TAMOR: 11r x 4c
2026-03-30 12:23:30,671 - INFO - Table 4 for TAMOR: 15r x 4c
2026-03-30 12:23:30,673 - INFO - Table 5 for TAMOR: 13r x 11c
2026-03-30 12:23:34,843 - INFO - Found 5 tables for TPC
2026-03-30 12:23:34,850 - INFO - Table 3 for TPC: 11r x 4c
2026-03-30 12:23:34,851 - INFO - Table 4 for TPC: 15r x 4c
2026-03-30 12:23:34,853 - INFO - Table 5 for TPC: 13r x 11c
2026-03-30 12:23:38,824 - INFO - Found 5 tables for TRH
2026-03-30 12:23:38,831 - INFO - Table 3 for TRH: 11r x 4c
2026-03-30 12:23:38,832 - INFO - Table 4 for TRH: 11r x 4c
2026-03-30 12:23:38,833 - INFO - Table 5 for TRH: 13r x 11c
2026-03-30 12:23:43,112 - INFO - Found 5 tables for TSHL
2026-03-30 12:23:43,118 - INFO - Table 3 for TSHL: 11r x 4c
2026-03-30 12:23:43,119 - INFO - Table 4 for TSHL: 15r x 4c
2026-03-30 12:23:43,121 - INFO - Table 5 for TSHL: 13r x 11c
2026-03-30 12:23:47,335 - INFO - Found 5 tables for TTL
2026-03-30 12:23:47,341 - INFO - Table 3 for TTL: 11r x 4c
2026-03-30 12:23:47,342 - INFO - Table 4 for TTL: 11r x 4c
2026-03-30 12:23:47,343 - INFO - Table 5 for TTL: 13r x 6c
2026-03-30 12:23:51,640 - INFO - Found 5 tables for TVCL
2026-03-30 12:23:51,647 - INFO - Table 3 for TVCL: 11r x 4c
2026-03-30 12:23:51,648 - INFO - Table 4 for TVCL: 15r x 4c
2026-03-30 12:23:51,649 - INFO - Table 5 for TVCL: 13r x 11c
2026-03-30 12:23:55,938 - INFO - Found 5 tables for UAIL
2026-03-30 12:23:55,945 - INFO - Table 3 for UAIL: 11r x 4c
2026-03-30 12:23:55,946 - INFO - Table 4 for UAIL: 11r x 4c
2026-03-30 12:23:55,947 - INFO - Table 5 for UAIL: 13r x 11c
2026-03-30 12:24:00,540 - INFO - Found 5 tables for UHEWA
2026-03-30 12:24:00,547 - INFO - Table 3 for UHEWA: 11r x 4c
2026-03-30 12:24:00,548 - INFO - Table 4 for UHEWA: 15r x 4c
2026-03-30 12:24:00,549 - INFO - Table 5 for UHEWA: 13r x 11c
2026-03-30 12:24:04,803 - INFO - Found 5 tables for ULBSL
2026-03-30 12:24:04,810 - INFO - Table 3 for ULBSL: 11r x 4c
2026-03-30 12:24:04,811 - INFO - Table 4 for ULBSL: 11r x 4c
2026-03-30 12:24:04,812 - INFO - Table 5 for ULBSL: 13r x 11c
2026-03-30 12:24:09,043 - INFO - Found 5 tables for ULHC
2026-03-30 12:24:09,050 - INFO - Table 3 for ULHC: 11r x 4c
2026-03-30 12:24:09,051 - INFO - Table 4 for ULHC: 15r x 4c
2026-03-30 12:24:09,052 - INFO - Table 5 for ULHC: 13r x 9c
2026-03-30 12:24:13,149 - INFO - Found 5 tables for UMHL
2026-03-30 12:24:13,158 - INFO - Table 3 for UMHL: 11r x 4c
2026-03-30 12:24:13,160 - INFO - Table 4 for UMHL: 15r x 4c
2026-03-30 12:24:13,162 - INFO - Table 5 for UMHL: 13r x 11c
2026-03-30 12:24:17,401 - INFO - Found 5 tables for UMRH
2026-03-30 12:24:17,408 - INFO - Table 3 for UMRH: 11r x 4c
2026-03-30 12:24:17,409 - INFO - Table 4 for UMRH: 15r x 4c
2026-03-30 12:24:17,411 - INFO - Table 5 for UMRH: 13r x 11c
2026-03-30 12:24:21,664 - INFO - Found 5 tables for UNHPL
2026-03-30 12:24:21,671 - INFO - Table 3 for UNHPL: 11r x 4c
2026-03-30 12:24:21,672 - INFO - Table 4 for UNHPL: 15r x 4c
2026-03-30 12:24:21,674 - INFO - Table 5 for UNHPL: 13r x 11c
2026-03-30 12:24:25,907 - INFO - Found 5 tables for UNL
2026-03-30 12:24:25,914 - INFO - Table 3 for UNL: 11r x 4c
2026-03-30 12:24:25,915 - INFO - Table 4 for UNL: 11r x 4c
2026-03-30 12:24:25,916 - INFO - Table 5 for UNL: 13r x 11c
2026-03-30 12:24:30,144 - INFO - Found 5 tables for UNLB
2026-03-30 12:24:30,151 - INFO - Table 3 for UNLB: 11r x 4c
2026-03-30 12:24:30,152 - INFO - Table 4 for UNLB: 11r x 4c
2026-03-30 12:24:30,153 - INFO - Table 5 for UNLB: 13r x 11c
2026-03-30 12:24:34,484 - INFO - Found 5 tables for UPCL
2026-03-30 12:24:34,491 - INFO - Table 3 for UPCL: 11r x 4c
2026-03-30 12:24:34,492 - INFO - Table 4 for UPCL: 15r x 4c
2026-03-30 12:24:34,493 - INFO - Table 5 for UPCL: 13r x 11c
2026-03-30 12:24:38,434 - INFO - Found 5 tables for UPPER
2026-03-30 12:24:38,441 - INFO - Table 3 for UPPER: 11r x 4c
2026-03-30 12:24:38,442 - INFO - Table 4 for UPPER: 15r x 4c
2026-03-30 12:24:38,443 - INFO - Table 5 for UPPER: 13r x 11c
2026-03-30 12:24:42,615 - INFO - Found 5 tables for USHEC
2026-03-30 12:24:42,622 - INFO - Table 3 for USHEC: 11r x 4c
2026-03-30 12:24:42,623 - INFO - Table 4 for USHEC: 15r x 4c
2026-03-30 12:24:42,625 - INFO - Table 5 for USHEC: 13r x 11c
2026-03-30 12:24:46,848 - INFO - Found 5 tables for USHL
2026-03-30 12:24:46,855 - INFO - Table 3 for USHL: 11r x 4c
2026-03-30 12:24:46,856 - INFO - Table 4 for USHL: 15r x 4c
2026-03-30 12:24:46,857 - INFO - Table 5 for USHL: 13r x 11c
2026-03-30 12:24:51,116 - INFO - Found 5 tables for USLB
2026-03-30 12:24:51,123 - INFO - Table 3 for USLB: 11r x 4c
2026-03-30 12:24:51,124 - INFO - Table 4 for USLB: 11r x 4c
2026-03-30 12:24:51,126 - INFO - Table 5 for USLB: 13r x 11c
2026-03-30 12:24:55,361 - INFO - Found 5 tables for VLBS
2026-03-30 12:24:55,368 - INFO - Table 3 for VLBS: 11r x 4c
2026-03-30 12:24:55,369 - INFO - Table 4 for VLBS: 11r x 4c
2026-03-30 12:24:55,371 - INFO - Table 5 for VLBS: 13r x 11c
2026-03-30 12:25:06,094 - INFO - Found 5 tables for VLUCL
2026-03-30 12:25:06,101 - INFO - Table 3 for VLUCL: 11r x 4c
2026-03-30 12:25:06,102 - INFO - Table 4 for VLUCL: 15r x 4c
2026-03-30 12:25:06,103 - INFO - Table 5 for VLUCL: 13r x 11c
2026-03-30 12:25:10,358 - INFO - Found 5 tables for WNLB
2026-03-30 12:25:10,365 - INFO - Table 3 for WNLB: 11r x 4c
2026-03-30 12:25:10,366 - INFO - Table 4 for WNLB: 11r x 4c
2026-03-30 12:25:10,368 - INFO - Table 5 for WNLB: 13r x 11c
2026-03-30 12:25:14,078 - INFO - CSV saved: Link_Attributes.csv
2026-03-30 12:25:14,163 - INFO - CSV saved: Link_Additional.csv
2026-03-30 12:25:15,658 - INFO - Dashboard saved: index.html
2026-03-31 12:00:45,630 - INFO - Found 251 URLs
2026-03-31 12:00:49,965 - INFO - Found 5 tables for ACLBSL
2026-03-31 12:00:49,975 - INFO - Table 3 for ACLBSL: 11r x 4c
2026-03-31 12:00:49,976 - INFO - Table 4 for ACLBSL: 11r x 4c
2026-03-31 12:00:49,978 - INFO - Table 5 for ACLBSL: 13r x 11c
2026-03-31 12:01:02,090 - INFO - Found 5 tables for ADBL
2026-03-31 12:01:02,100 - INFO - Table 3 for ADBL: 11r x 4c
2026-03-31 12:01:02,101 - INFO - Table 4 for ADBL: 11r x 4c
2026-03-31 12:01:02,103 - INFO - Table 5 for ADBL: 13r x 11c
2026-03-31 12:01:14,215 - INFO - Found 5 tables for AHL
2026-03-31 12:01:14,225 - INFO - Table 3 for AHL: 11r x 4c
2026-03-31 12:01:14,226 - INFO - Table 4 for AHL: 15r x 4c
2026-03-31 12:01:14,227 - INFO - Table 5 for AHL: 13r x 11c
2026-03-31 12:01:18,724 - INFO - Found 5 tables for AHPC
2026-03-31 12:01:18,734 - INFO - Table 3 for AHPC: 11r x 4c
2026-03-31 12:01:18,735 - INFO - Table 4 for AHPC: 15r x 4c
2026-03-31 12:01:18,736 - INFO - Table 5 for AHPC: 13r x 11c
2026-03-31 12:01:23,245 - INFO - Found 5 tables for AKJCL
2026-03-31 12:01:23,255 - INFO - Table 3 for AKJCL: 11r x 4c
2026-03-31 12:01:23,256 - INFO - Table 4 for AKJCL: 15r x 4c
2026-03-31 12:01:23,257 - INFO - Table 5 for AKJCL: 13r x 11c
2026-03-31 12:01:28,700 - INFO - Found 5 tables for AKPL
2026-03-31 12:01:28,710 - INFO - Table 3 for AKPL: 11r x 4c
2026-03-31 12:01:28,711 - INFO - Table 4 for AKPL: 15r x 4c
2026-03-31 12:01:28,712 - INFO - Table 5 for AKPL: 13r x 11c
2026-03-31 12:01:33,227 - INFO - Found 5 tables for ALBSL
2026-03-31 12:01:33,237 - INFO - Table 3 for ALBSL: 11r x 4c
2026-03-31 12:01:33,238 - INFO - Table 4 for ALBSL: 11r x 4c
2026-03-31 12:01:33,239 - INFO - Table 5 for ALBSL: 13r x 11c
2026-03-31 12:01:38,615 - INFO - Found 5 tables for ALICL
2026-03-31 12:01:38,625 - INFO - Table 3 for ALICL: 11r x 4c
2026-03-31 12:01:38,626 - INFO - Table 4 for ALICL: 11r x 4c
2026-03-31 12:01:38,628 - INFO - Table 5 for ALICL: 13r x 11c
2026-03-31 12:01:43,805 - INFO - Found 5 tables for ANLB
2026-03-31 12:01:43,815 - INFO - Table 3 for ANLB: 11r x 4c
2026-03-31 12:01:43,816 - INFO - Table 4 for ANLB: 11r x 4c
2026-03-31 12:01:43,817 - INFO - Table 5 for ANLB: 13r x 11c
2026-03-31 12:01:48,393 - INFO - Found 5 tables for API
2026-03-31 12:01:48,403 - INFO - Table 3 for API: 11r x 4c
2026-03-31 12:01:48,404 - INFO - Table 4 for API: 15r x 4c
2026-03-31 12:01:48,406 - INFO - Table 5 for API: 13r x 11c
2026-03-31 12:01:52,877 - INFO - Found 5 tables for AVYAN
2026-03-31 12:01:52,887 - INFO - Table 3 for AVYAN: 11r x 4c
2026-03-31 12:01:52,888 - INFO - Table 4 for AVYAN: 11r x 4c
2026-03-31 12:01:52,890 - INFO - Table 5 for AVYAN: 13r x 11c
2026-03-31 12:01:58,062 - INFO - Found 5 tables for BARUN
2026-03-31 12:01:58,072 - INFO - Table 3 for BARUN: 11r x 4c
2026-03-31 12:01:58,073 - INFO - Table 4 for BARUN: 15r x 4c
2026-03-31 12:01:58,074 - INFO - Table 5 for BARUN: 13r x 11c
2026-03-31 12:02:04,216 - INFO - Found 4 tables for BBC
2026-03-31 12:02:04,225 - INFO - Table 3 for BBC: 11r x 4c
2026-03-31 12:02:04,226 - INFO - Table 4 for BBC: 11r x 4c
2026-03-31 12:02:08,781 - INFO - Found 5 tables for BEDC
2026-03-31 12:02:08,791 - INFO - Table 3 for BEDC: 11r x 4c
2026-03-31 12:02:08,792 - INFO - Table 4 for BEDC: 15r x 4c
2026-03-31 12:02:08,793 - INFO - Table 5 for BEDC: 13r x 11c
2026-03-31 12:02:13,874 - INFO - Found 5 tables for BFC
2026-03-31 12:02:13,884 - INFO - Table 3 for BFC: 11r x 4c
2026-03-31 12:02:13,885 - INFO - Table 4 for BFC: 11r x 4c
2026-03-31 12:02:13,886 - INFO - Table 5 for BFC: 13r x 10c
2026-03-31 12:02:18,351 - INFO - Found 5 tables for BGWT
2026-03-31 12:02:18,361 - INFO - Table 3 for BGWT: 11r x 4c
2026-03-31 12:02:18,362 - INFO - Table 4 for BGWT: 15r x 4c
2026-03-31 12:02:18,364 - INFO - Table 5 for BGWT: 13r x 11c
2026-03-31 12:02:22,855 - INFO - Found 5 tables for BHDC
2026-03-31 12:02:22,865 - INFO - Table 3 for BHDC: 11r x 4c
2026-03-31 12:02:22,865 - INFO - Table 4 for BHDC: 15r x 4c
2026-03-31 12:02:22,867 - INFO - Table 5 for BHDC: 13r x 11c
2026-03-31 12:02:27,401 - INFO - Found 5 tables for BHL
2026-03-31 12:02:27,411 - INFO - Table 3 for BHL: 11r x 4c
2026-03-31 12:02:27,411 - INFO - Table 4 for BHL: 15r x 4c
2026-03-31 12:02:27,413 - INFO - Table 5 for BHL: 13r x 11c
2026-03-31 12:02:32,502 - INFO - Found 5 tables for BHPL
2026-03-31 12:02:32,512 - INFO - Table 3 for BHPL: 11r x 4c
2026-03-31 12:02:32,513 - INFO - Table 4 for BHPL: 15r x 4c
2026-03-31 12:02:32,515 - INFO - Table 5 for BHPL: 13r x 11c
2026-03-31 12:02:37,620 - INFO - Found 5 tables for BNHC
2026-03-31 12:02:37,629 - INFO - Table 3 for BNHC: 11r x 4c
2026-03-31 12:02:37,630 - INFO - Table 4 for BNHC: 15r x 4c
2026-03-31 12:02:37,632 - INFO - Table 5 for BNHC: 13r x 11c
2026-03-31 12:02:42,153 - INFO - Found 5 tables for BNL
2026-03-31 12:02:42,163 - INFO - Table 3 for BNL: 11r x 4c
2026-03-31 12:02:42,164 - INFO - Table 4 for BNL: 11r x 4c
2026-03-31 12:02:42,165 - INFO - Table 5 for BNL: 13r x 11c
2026-03-31 12:02:48,172 - INFO - Found 5 tables for BNT
2026-03-31 12:02:48,182 - INFO - Table 3 for BNT: 11r x 4c
2026-03-31 12:02:48,235 - INFO - Table 4 for BNT: 11r x 4c
2026-03-31 12:02:48,236 - INFO - Table 5 for BNT: 13r x 11c
2026-03-31 12:02:52,747 - INFO - Found 5 tables for BPCL
2026-03-31 12:02:52,757 - INFO - Table 3 for BPCL: 11r x 4c
2026-03-31 12:02:52,758 - INFO - Table 4 for BPCL: 15r x 4c
2026-03-31 12:02:52,759 - INFO - Table 5 for BPCL: 13r x 11c
2026-03-31 12:02:57,278 - INFO - Found 5 tables for CBBL
2026-03-31 12:02:57,287 - INFO - Table 3 for CBBL: 11r x 4c
2026-03-31 12:02:57,288 - INFO - Table 4 for CBBL: 11r x 4c
2026-03-31 12:02:57,290 - INFO - Table 5 for CBBL: 13r x 11c
2026-03-31 12:03:01,780 - INFO - Found 5 tables for CFCL
2026-03-31 12:03:01,790 - INFO - Table 3 for CFCL: 11r x 4c
2026-03-31 12:03:01,791 - INFO - Table 4 for CFCL: 11r x 4c
2026-03-31 12:03:01,793 - INFO - Table 5 for CFCL: 13r x 10c
2026-03-31 12:03:06,903 - INFO - Found 5 tables for CGH
2026-03-31 12:03:06,913 - INFO - Table 3 for CGH: 11r x 4c
2026-03-31 12:03:06,914 - INFO - Table 4 for CGH: 11r x 4c
2026-03-31 12:03:06,915 - INFO - Table 5 for CGH: 13r x 11c
2026-03-31 12:03:11,478 - INFO - Found 5 tables for CHCL
2026-03-31 12:03:11,488 - INFO - Table 3 for CHCL: 11r x 4c
2026-03-31 12:03:11,489 - INFO - Table 4 for CHCL: 15r x 4c
2026-03-31 12:03:11,490 - INFO - Table 5 for CHCL: 13r x 11c
2026-03-31 12:03:16,256 - INFO - Found 5 tables for CHDC
2026-03-31 12:03:16,266 - INFO - Table 3 for CHDC: 11r x 4c
2026-03-31 12:03:16,267 - INFO - Table 4 for CHDC: 11r x 4c
2026-03-31 12:03:16,268 - INFO - Table 5 for CHDC: 13r x 11c
2026-03-31 12:03:20,779 - INFO - Found 5 tables for CHL
2026-03-31 12:03:20,789 - INFO - Table 3 for CHL: 11r x 4c
2026-03-31 12:03:20,790 - INFO - Table 4 for CHL: 15r x 4c
2026-03-31 12:03:20,791 - INFO - Table 5 for CHL: 13r x 11c
2026-03-31 12:03:25,265 - INFO - Found 5 tables for CIT
2026-03-31 12:03:25,274 - INFO - Table 3 for CIT: 11r x 4c
2026-03-31 12:03:25,275 - INFO - Table 4 for CIT: 11r x 4c
2026-03-31 12:03:25,277 - INFO - Table 5 for CIT: 13r x 11c
2026-03-31 12:03:29,477 - INFO - Found 5 tables for CITY
2026-03-31 12:03:29,487 - INFO - Table 3 for CITY: 11r x 4c
2026-03-31 12:03:29,488 - INFO - Table 4 for CITY: 11r x 4c
2026-03-31 12:03:29,489 - INFO - Table 5 for CITY: 13r x 11c
2026-03-31 12:03:33,968 - INFO - Found 5 tables for CKHL
2026-03-31 12:03:33,978 - INFO - Table 3 for CKHL: 11r x 4c
2026-03-31 12:03:33,979 - INFO - Table 4 for CKHL: 15r x 4c
2026-03-31 12:03:33,980 - INFO - Table 5 for CKHL: 13r x 11c
2026-03-31 12:03:38,473 - INFO - Found 5 tables for CLI
2026-03-31 12:03:38,483 - INFO - Table 3 for CLI: 11r x 4c
2026-03-31 12:03:38,483 - INFO - Table 4 for CLI: 11r x 4c
2026-03-31 12:03:38,485 - INFO - Table 5 for CLI: 13r x 11c
2026-03-31 12:03:42,986 - INFO - Found 5 tables for CORBL
2026-03-31 12:03:42,995 - INFO - Table 3 for CORBL: 11r x 4c
2026-03-31 12:03:42,996 - INFO - Table 4 for CORBL: 11r x 4c
2026-03-31 12:03:42,998 - INFO - Table 5 for CORBL: 13r x 11c
2026-03-31 12:03:55,009 - INFO - Found 5 tables for CREST
2026-03-31 12:03:55,019 - INFO - Table 3 for CREST: 11r x 4c
2026-03-31 12:03:55,019 - INFO - Table 4 for CREST: 11r x 4c
2026-03-31 12:03:55,021 - INFO - Table 5 for CREST: 13r x 7c
2026-03-31 12:03:59,450 - INFO - Found 5 tables for CYCL
2026-03-31 12:03:59,459 - INFO - Table 3 for CYCL: 11r x 4c
2026-03-31 12:03:59,460 - INFO - Table 4 for CYCL: 11r x 4c
2026-03-31 12:03:59,462 - INFO - Table 5 for CYCL: 13r x 11c
2026-03-31 12:04:03,986 - INFO - Found 5 tables for CZBIL
2026-03-31 12:04:03,996 - INFO - Table 3 for CZBIL: 11r x 4c
2026-03-31 12:04:03,997 - INFO - Table 4 for CZBIL: 11r x 4c
2026-03-31 12:04:03,999 - INFO - Table 5 for CZBIL: 13r x 11c
2026-03-31 12:04:09,094 - INFO - Found 5 tables for DDBL
2026-03-31 12:04:09,104 - INFO - Table 3 for DDBL: 11r x 4c
2026-03-31 12:04:09,105 - INFO - Table 4 for DDBL: 11r x 4c
2026-03-31 12:04:09,107 - INFO - Table 5 for DDBL: 13r x 11c
2026-03-31 12:04:13,663 - INFO - Found 5 tables for DHPL
2026-03-31 12:04:13,674 - INFO - Table 3 for DHPL: 11r x 4c
2026-03-31 12:04:13,675 - INFO - Table 4 for DHPL: 15r x 4c
2026-03-31 12:04:13,676 - INFO - Table 5 for DHPL: 13r x 11c
2026-03-31 12:04:18,145 - INFO - Found 5 tables for DLBS
2026-03-31 12:04:18,155 - INFO - Table 3 for DLBS: 11r x 4c
2026-03-31 12:04:18,155 - INFO - Table 4 for DLBS: 11r x 4c
2026-03-31 12:04:18,157 - INFO - Table 5 for DLBS: 13r x 10c
2026-03-31 12:04:22,595 - INFO - Found 5 tables for DOLTI
2026-03-31 12:04:22,605 - INFO - Table 3 for DOLTI: 11r x 4c
2026-03-31 12:04:22,606 - INFO - Table 4 for DOLTI: 15r x 4c
2026-03-31 12:04:22,608 - INFO - Table 5 for DOLTI: 13r x 11c
2026-03-31 12:04:27,083 - INFO - Found 5 tables for DORDI
2026-03-31 12:04:27,093 - INFO - Table 3 for DORDI: 11r x 4c
2026-03-31 12:04:27,094 - INFO - Table 4 for DORDI: 15r x 4c
2026-03-31 12:04:27,095 - INFO - Table 5 for DORDI: 13r x 11c
2026-03-31 12:04:31,608 - INFO - Found 5 tables for EBL
2026-03-31 12:04:31,618 - INFO - Table 3 for EBL: 11r x 4c
2026-03-31 12:04:31,619 - INFO - Table 4 for EBL: 11r x 4c
2026-03-31 12:04:31,620 - INFO - Table 5 for EBL: 13r x 11c
2026-03-31 12:04:36,297 - INFO - Found 5 tables for EDBL
2026-03-31 12:04:36,307 - INFO - Table 3 for EDBL: 11r x 4c
2026-03-31 12:04:36,308 - INFO - Table 4 for EDBL: 11r x 4c
2026-03-31 12:04:36,310 - INFO - Table 5 for EDBL: 13r x 11c
2026-03-31 12:04:40,752 - INFO - Found 5 tables for EHPL
2026-03-31 12:04:40,763 - INFO - Table 3 for EHPL: 11r x 4c
2026-03-31 12:04:40,764 - INFO - Table 4 for EHPL: 15r x 4c
2026-03-31 12:04:40,765 - INFO - Table 5 for EHPL: 13r x 11c
2026-03-31 12:04:45,580 - INFO - Found 5 tables for ENL
2026-03-31 12:04:45,590 - INFO - Table 3 for ENL: 11r x 4c
2026-03-31 12:04:45,591 - INFO - Table 4 for ENL: 11r x 4c
2026-03-31 12:04:45,593 - INFO - Table 5 for ENL: 13r x 11c
2026-03-31 12:04:50,085 - INFO - Found 5 tables for FMDBL
2026-03-31 12:04:50,095 - INFO - Table 3 for FMDBL: 11r x 4c
2026-03-31 12:04:50,096 - INFO - Table 4 for FMDBL: 11r x 4c
2026-03-31 12:04:50,097 - INFO - Table 5 for FMDBL: 13r x 11c
2026-03-31 12:05:02,886 - INFO - Found 5 tables for FOWAD
2026-03-31 12:05:02,896 - INFO - Table 3 for FOWAD: 11r x 4c
2026-03-31 12:05:02,897 - INFO - Table 4 for FOWAD: 11r x 4c
2026-03-31 12:05:02,899 - INFO - Table 5 for FOWAD: 13r x 11c
2026-03-31 12:05:07,060 - INFO - Found 5 tables for GBBL
2026-03-31 12:05:07,070 - INFO - Table 3 for GBBL: 11r x 4c
2026-03-31 12:05:07,071 - INFO - Table 4 for GBBL: 11r x 4c
2026-03-31 12:05:07,072 - INFO - Table 5 for GBBL: 13r x 11c
2026-03-31 12:05:11,555 - INFO - Found 5 tables for GBIME
2026-03-31 12:05:11,565 - INFO - Table 3 for GBIME: 11r x 4c
2026-03-31 12:05:11,566 - INFO - Table 4 for GBIME: 11r x 4c
2026-03-31 12:05:11,567 - INFO - Table 5 for GBIME: 13r x 11c
2026-03-31 12:05:16,305 - INFO - Found 5 tables for GBLBS
2026-03-31 12:05:16,315 - INFO - Table 3 for GBLBS: 11r x 4c
2026-03-31 12:05:16,316 - INFO - Table 4 for GBLBS: 11r x 4c
2026-03-31 12:05:16,317 - INFO - Table 5 for GBLBS: 13r x 10c
2026-03-31 12:05:20,876 - INFO - Found 5 tables for GCIL
2026-03-31 12:05:20,886 - INFO - Table 3 for GCIL: 11r x 4c
2026-03-31 12:05:20,887 - INFO - Table 4 for GCIL: 11r x 4c
2026-03-31 12:05:20,889 - INFO - Table 5 for GCIL: 13r x 11c
2026-03-31 12:05:25,375 - INFO - Found 5 tables for GFCL
2026-03-31 12:05:25,385 - INFO - Table 3 for GFCL: 11r x 4c
2026-03-31 12:05:25,386 - INFO - Table 4 for GFCL: 11r x 4c
2026-03-31 12:05:25,387 - INFO - Table 5 for GFCL: 13r x 11c
2026-03-31 12:05:38,021 - INFO - Found 5 tables for GHL
2026-03-31 12:05:38,031 - INFO - Table 3 for GHL: 11r x 4c
2026-03-31 12:05:38,032 - INFO - Table 4 for GHL: 15r x 4c
2026-03-31 12:05:38,034 - INFO - Table 5 for GHL: 13r x 11c
2026-03-31 12:05:42,201 - INFO - Found 5 tables for GILB
2026-03-31 12:05:42,211 - INFO - Table 3 for GILB: 11r x 4c
2026-03-31 12:05:42,212 - INFO - Table 4 for GILB: 11r x 4c
2026-03-31 12:05:42,213 - INFO - Table 5 for GILB: 13r x 11c
2026-03-31 12:05:47,062 - INFO - Found 5 tables for GLBSL
2026-03-31 12:05:47,072 - INFO - Table 3 for GLBSL: 11r x 4c
2026-03-31 12:05:47,073 - INFO - Table 4 for GLBSL: 11r x 4c
2026-03-31 12:05:47,074 - INFO - Table 5 for GLBSL: 13r x 11c
2026-03-31 12:05:51,678 - INFO - Found 5 tables for GLH
2026-03-31 12:05:51,688 - INFO - Table 3 for GLH: 11r x 4c
2026-03-31 12:05:51,689 - INFO - Table 4 for GLH: 15r x 4c
2026-03-31 12:05:51,690 - INFO - Table 5 for GLH: 13r x 10c
2026-03-31 12:05:56,262 - INFO - Found 5 tables for GMFBS
2026-03-31 12:05:56,272 - INFO - Table 3 for GMFBS: 11r x 4c
2026-03-31 12:05:56,273 - INFO - Table 4 for GMFBS: 11r x 4c
2026-03-31 12:05:56,274 - INFO - Table 5 for GMFBS: 13r x 11c
2026-03-31 12:06:00,770 - INFO - Found 5 tables for GMFIL
2026-03-31 12:06:00,780 - INFO - Table 3 for GMFIL: 11r x 4c
2026-03-31 12:06:00,781 - INFO - Table 4 for GMFIL: 11r x 4c
2026-03-31 12:06:00,782 - INFO - Table 5 for GMFIL: 13r x 11c
2026-03-31 12:06:05,360 - INFO - Found 5 tables for GMLI
2026-03-31 12:06:05,370 - INFO - Table 3 for GMLI: 11r x 4c
2026-03-31 12:06:05,371 - INFO - Table 4 for GMLI: 11r x 4c
2026-03-31 12:06:05,372 - INFO - Table 5 for GMLI: 13r x 8c
2026-03-31 12:06:09,871 - INFO - Found 5 tables for GRDBL
2026-03-31 12:06:09,882 - INFO - Table 3 for GRDBL: 11r x 4c
2026-03-31 12:06:09,882 - INFO - Table 4 for GRDBL: 11r x 4c
2026-03-31 12:06:09,884 - INFO - Table 5 for GRDBL: 13r x 11c
2026-03-31 12:06:14,664 - INFO - Found 5 tables for GUFL
2026-03-31 12:06:14,675 - INFO - Table 3 for GUFL: 11r x 4c
2026-03-31 12:06:14,675 - INFO - Table 4 for GUFL: 11r x 4c
2026-03-31 12:06:14,677 - INFO - Table 5 for GUFL: 13r x 11c
2026-03-31 12:06:19,167 - INFO - Found 5 tables for GVL
2026-03-31 12:06:19,177 - INFO - Table 3 for GVL: 11r x 4c
2026-03-31 12:06:19,178 - INFO - Table 4 for GVL: 15r x 4c
2026-03-31 12:06:19,180 - INFO - Table 5 for GVL: 13r x 11c
2026-03-31 12:06:31,779 - INFO - Found 5 tables for HATHY
2026-03-31 12:06:31,789 - INFO - Table 3 for HATHY: 11r x 4c
2026-03-31 12:06:31,790 - INFO - Table 4 for HATHY: 11r x 4c
2026-03-31 12:06:31,791 - INFO - Table 5 for HATHY: 13r x 11c
2026-03-31 12:06:36,612 - INFO - Found 5 tables for HBL
2026-03-31 12:06:36,622 - INFO - Table 3 for HBL: 11r x 4c
2026-03-31 12:06:36,623 - INFO - Table 4 for HBL: 11r x 4c
2026-03-31 12:06:36,624 - INFO - Table 5 for HBL: 13r x 11c
2026-03-31 12:06:41,077 - INFO - Found 5 tables for HDHPC
2026-03-31 12:06:41,087 - INFO - Table 3 for HDHPC: 11r x 4c
2026-03-31 12:06:41,088 - INFO - Table 4 for HDHPC: 15r x 4c
2026-03-31 12:06:41,089 - INFO - Table 5 for HDHPC: 13r x 10c
2026-03-31 12:06:45,586 - INFO - Found 5 tables for HDL
2026-03-31 12:06:45,595 - INFO - Table 3 for HDL: 11r x 4c
2026-03-31 12:06:45,596 - INFO - Table 4 for HDL: 11r x 4c
2026-03-31 12:06:45,598 - INFO - Table 5 for HDL: 13r x 11c
2026-03-31 12:06:50,104 - INFO - Found 5 tables for HEI
2026-03-31 12:06:50,114 - INFO - Table 3 for HEI: 11r x 4c
2026-03-31 12:06:50,115 - INFO - Table 4 for HEI: 11r x 4c
2026-03-31 12:06:50,117 - INFO - Table 5 for HEI: 13r x 10c
2026-03-31 12:06:54,655 - INFO - Found 5 tables for HHL
2026-03-31 12:06:54,666 - INFO - Table 3 for HHL: 11r x 4c
2026-03-31 12:06:54,667 - INFO - Table 4 for HHL: 15r x 4c
2026-03-31 12:06:54,668 - INFO - Table 5 for HHL: 13r x 11c
2026-03-31 12:06:59,160 - INFO - Found 5 tables for HIDCL
2026-03-31 12:06:59,170 - INFO - Table 3 for HIDCL: 11r x 4c
2026-03-31 12:06:59,171 - INFO - Table 4 for HIDCL: 11r x 4c
2026-03-31 12:06:59,172 - INFO - Table 5 for HIDCL: 13r x 11c
2026-03-31 12:07:03,628 - INFO - Found 5 tables for HLBSL
2026-03-31 12:07:03,638 - INFO - Table 3 for HLBSL: 11r x 4c
2026-03-31 12:07:03,639 - INFO - Table 4 for HLBSL: 11r x 4c
2026-03-31 12:07:03,641 - INFO - Table 5 for HLBSL: 13r x 11c
2026-03-31 12:07:16,738 - INFO - Found 5 tables for HLI
2026-03-31 12:07:16,748 - INFO - Table 3 for HLI: 11r x 4c
2026-03-31 12:07:16,748 - INFO - Table 4 for HLI: 11r x 4c
2026-03-31 12:07:16,750 - INFO - Table 5 for HLI: 13r x 11c
2026-03-31 12:07:21,298 - INFO - Found 5 tables for HPPL
2026-03-31 12:07:21,307 - INFO - Table 3 for HPPL: 11r x 4c
2026-03-31 12:07:21,308 - INFO - Table 4 for HPPL: 15r x 4c
2026-03-31 12:07:21,310 - INFO - Table 5 for HPPL: 13r x 11c
2026-03-31 12:07:33,445 - INFO - Found 5 tables for HRL
2026-03-31 12:07:33,455 - INFO - Table 3 for HRL: 11r x 4c
2026-03-31 12:07:33,456 - INFO - Table 4 for HRL: 11r x 4c
2026-03-31 12:07:33,457 - INFO - Table 5 for HRL: 13r x 11c
2026-03-31 12:07:37,921 - INFO - Found 5 tables for HURJA
2026-03-31 12:07:37,931 - INFO - Table 3 for HURJA: 11r x 4c
2026-03-31 12:07:37,932 - INFO - Table 4 for HURJA: 15r x 4c
2026-03-31 12:07:37,933 - INFO - Table 5 for HURJA: 13r x 11c
2026-03-31 12:07:42,423 - INFO - Found 5 tables for ICFC
2026-03-31 12:07:42,433 - INFO - Table 3 for ICFC: 11r x 4c
2026-03-31 12:07:42,434 - INFO - Table 4 for ICFC: 11r x 4c
2026-03-31 12:07:42,435 - INFO - Table 5 for ICFC: 13r x 11c
2026-03-31 12:07:47,255 - INFO - Found 5 tables for IGI
2026-03-31 12:07:47,264 - INFO - Table 3 for IGI: 11r x 4c
2026-03-31 12:07:47,265 - INFO - Table 4 for IGI: 11r x 4c
2026-03-31 12:07:47,267 - INFO - Table 5 for IGI: 13r x 11c
2026-03-31 12:07:59,737 - INFO - Found 5 tables for IHL
2026-03-31 12:07:59,748 - INFO - Table 3 for IHL: 11r x 4c
2026-03-31 12:07:59,749 - INFO - Table 4 for IHL: 15r x 4c
2026-03-31 12:07:59,750 - INFO - Table 5 for IHL: 13r x 11c
2026-03-31 12:08:12,305 - INFO - Found 5 tables for ILBS
2026-03-31 12:08:12,315 - INFO - Table 3 for ILBS: 11r x 4c
2026-03-31 12:08:12,316 - INFO - Table 4 for ILBS: 11r x 4c
2026-03-31 12:08:12,318 - INFO - Table 5 for ILBS: 13r x 11c
2026-03-31 12:08:16,745 - INFO - Found 5 tables for ILI
2026-03-31 12:08:16,755 - INFO - Table 3 for ILI: 11r x 4c
2026-03-31 12:08:16,756 - INFO - Table 4 for ILI: 11r x 4c
2026-03-31 12:08:16,758 - INFO - Table 5 for ILI: 13r x 11c
2026-03-31 12:08:21,308 - INFO - Found 5 tables for JBBL
2026-03-31 12:08:21,317 - INFO - Table 3 for JBBL: 11r x 4c
2026-03-31 12:08:21,318 - INFO - Table 4 for JBBL: 11r x 4c
2026-03-31 12:08:21,320 - INFO - Table 5 for JBBL: 13r x 11c
2026-03-31 12:08:25,819 - INFO - Found 5 tables for JBLB
2026-03-31 12:08:25,829 - INFO - Table 3 for JBLB: 11r x 4c
2026-03-31 12:08:25,829 - INFO - Table 4 for JBLB: 11r x 4c
2026-03-31 12:08:25,831 - INFO - Table 5 for JBLB: 13r x 11c
2026-03-31 12:08:30,997 - INFO - Found 5 tables for JFL
2026-03-31 12:08:31,007 - INFO - Table 3 for JFL: 11r x 4c
2026-03-31 12:08:31,008 - INFO - Table 4 for JFL: 11r x 4c
2026-03-31 12:08:31,009 - INFO - Table 5 for JFL: 13r x 11c
2026-03-31 12:08:35,433 - INFO - Found 5 tables for JOSHI
2026-03-31 12:08:35,442 - INFO - Table 3 for JOSHI: 11r x 4c
2026-03-31 12:08:35,443 - INFO - Table 4 for JOSHI: 15r x 4c
2026-03-31 12:08:35,445 - INFO - Table 5 for JOSHI: 13r x 10c
2026-03-31 12:08:40,720 - INFO - Found 5 tables for JSLBB
2026-03-31 12:08:40,730 - INFO - Table 3 for JSLBB: 11r x 4c
2026-03-31 12:08:40,731 - INFO - Table 4 for JSLBB: 11r x 4c
2026-03-31 12:08:40,733 - INFO - Table 5 for JSLBB: 13r x 11c
2026-03-31 12:08:45,858 - INFO - Found 5 tables for KBL
2026-03-31 12:08:45,868 - INFO - Table 3 for KBL: 11r x 4c
2026-03-31 12:08:45,868 - INFO - Table 4 for KBL: 11r x 4c
2026-03-31 12:08:45,870 - INFO - Table 5 for KBL: 13r x 11c
2026-03-31 12:08:50,332 - INFO - Found 5 tables for KBSH
2026-03-31 12:08:50,342 - INFO - Table 3 for KBSH: 11r x 4c
2026-03-31 12:08:50,343 - INFO - Table 4 for KBSH: 15r x 4c
2026-03-31 12:08:50,344 - INFO - Table 5 for KBSH: 13r x 11c
2026-03-31 12:08:54,798 - INFO - Found 5 tables for KDL
2026-03-31 12:08:54,808 - INFO - Table 3 for KDL: 11r x 4c
2026-03-31 12:08:54,809 - INFO - Table 4 for KDL: 11r x 4c
2026-03-31 12:08:54,811 - INFO - Table 5 for KDL: 13r x 11c
2026-03-31 12:08:59,262 - INFO - Found 5 tables for KKHC
2026-03-31 12:08:59,272 - INFO - Table 3 for KKHC: 11r x 4c
2026-03-31 12:08:59,273 - INFO - Table 4 for KKHC: 15r x 4c
2026-03-31 12:08:59,274 - INFO - Table 5 for KKHC: 13r x 11c
2026-03-31 12:09:03,766 - INFO - Found 5 tables for KMCDB
2026-03-31 12:09:03,776 - INFO - Table 3 for KMCDB: 11r x 4c
2026-03-31 12:09:03,777 - INFO - Table 4 for KMCDB: 11r x 4c
2026-03-31 12:09:03,778 - INFO - Table 5 for KMCDB: 13r x 11c
2026-03-31 12:09:08,284 - INFO - Found 5 tables for KPCL
2026-03-31 12:09:08,294 - INFO - Table 3 for KPCL: 11r x 4c
2026-03-31 12:09:08,295 - INFO - Table 4 for KPCL: 15r x 4c
2026-03-31 12:09:08,296 - INFO - Table 5 for KPCL: 13r x 11c
2026-03-31 12:09:12,766 - INFO - Found 5 tables for KSBBL
2026-03-31 12:09:12,776 - INFO - Table 3 for KSBBL: 11r x 4c
2026-03-31 12:09:12,777 - INFO - Table 4 for KSBBL: 11r x 4c
2026-03-31 12:09:12,778 - INFO - Table 5 for KSBBL: 13r x 11c
2026-03-31 12:09:17,216 - INFO - Found 5 tables for LBBL
2026-03-31 12:09:17,226 - INFO - Table 3 for LBBL: 11r x 4c
2026-03-31 12:09:17,227 - INFO - Table 4 for LBBL: 11r x 4c
2026-03-31 12:09:17,228 - INFO - Table 5 for LBBL: 13r x 11c
2026-03-31 12:09:21,711 - INFO - Found 5 tables for LEC
2026-03-31 12:09:21,721 - INFO - Table 3 for LEC: 11r x 4c
2026-03-31 12:09:21,722 - INFO - Table 4 for LEC: 15r x 4c
2026-03-31 12:09:21,723 - INFO - Table 5 for LEC: 13r x 11c
2026-03-31 12:09:26,220 - INFO - Found 5 tables for LICN
2026-03-31 12:09:26,231 - INFO - Table 3 for LICN: 11r x 4c
2026-03-31 12:09:26,232 - INFO - Table 4 for LICN: 11r x 4c
2026-03-31 12:09:26,233 - INFO - Table 5 for LICN: 13r x 11c
2026-03-31 12:09:30,747 - INFO - Found 5 tables for LLBS
2026-03-31 12:09:30,757 - INFO - Table 3 for LLBS: 11r x 4c
2026-03-31 12:09:30,757 - INFO - Table 4 for LLBS: 11r x 4c
2026-03-31 12:09:30,759 - INFO - Table 5 for LLBS: 13r x 11c
2026-03-31 12:09:43,029 - INFO - Found 5 tables for LSL
2026-03-31 12:09:43,039 - INFO - Table 3 for LSL: 11r x 4c
2026-03-31 12:09:43,039 - INFO - Table 4 for LSL: 11r x 4c
2026-03-31 12:09:43,041 - INFO - Table 5 for LSL: 13r x 11c
2026-03-31 12:09:47,580 - INFO - Found 5 tables for MAKAR
2026-03-31 12:09:47,590 - INFO - Table 3 for MAKAR: 11r x 4c
2026-03-31 12:09:47,591 - INFO - Table 4 for MAKAR: 15r x 4c
2026-03-31 12:09:47,593 - INFO - Table 5 for MAKAR: 13r x 11c
2026-03-31 12:09:52,070 - INFO - Found 5 tables for MANDU
2026-03-31 12:09:52,080 - INFO - Table 3 for MANDU: 11r x 4c
2026-03-31 12:09:52,081 - INFO - Table 4 for MANDU: 15r x 4c
2026-03-31 12:09:52,082 - INFO - Table 5 for MANDU: 13r x 11c
2026-03-31 12:09:56,557 - INFO - Found 5 tables for MATRI
2026-03-31 12:09:56,567 - INFO - Table 3 for MATRI: 11r x 4c
2026-03-31 12:09:56,568 - INFO - Table 4 for MATRI: 11r x 4c
2026-03-31 12:09:56,570 - INFO - Table 5 for MATRI: 13r x 10c
2026-03-31 12:10:01,024 - INFO - Found 5 tables for MBJC
2026-03-31 12:10:01,034 - INFO - Table 3 for MBJC: 11r x 4c
2026-03-31 12:10:01,035 - INFO - Table 4 for MBJC: 15r x 4c
2026-03-31 12:10:01,037 - INFO - Table 5 for MBJC: 13r x 11c
2026-03-31 12:10:13,070 - INFO - Found 5 tables for MBL
2026-03-31 12:10:13,080 - INFO - Table 3 for MBL: 11r x 4c
2026-03-31 12:10:13,081 - INFO - Table 4 for MBL: 11r x 4c
2026-03-31 12:10:13,082 - INFO - Table 5 for MBL: 13r x 11c
2026-03-31 12:10:17,572 - INFO - Found 5 tables for MCHL
2026-03-31 12:10:17,582 - INFO - Table 3 for MCHL: 11r x 4c
2026-03-31 12:10:17,583 - INFO - Table 4 for MCHL: 15r x 4c
2026-03-31 12:10:17,584 - INFO - Table 5 for MCHL: 13r x 11c
2026-03-31 12:10:22,036 - INFO - Found 5 tables for MDB
2026-03-31 12:10:22,046 - INFO - Table 3 for MDB: 11r x 4c
2026-03-31 12:10:22,047 - INFO - Table 4 for MDB: 11r x 4c
2026-03-31 12:10:22,048 - INFO - Table 5 for MDB: 13r x 11c
2026-03-31 12:10:26,579 - INFO - Found 5 tables for MEHL
2026-03-31 12:10:26,589 - INFO - Table 3 for MEHL: 11r x 4c
2026-03-31 12:10:26,590 - INFO - Table 4 for MEHL: 15r x 4c
2026-03-31 12:10:26,592 - INFO - Table 5 for MEHL: 13r x 11c
2026-03-31 12:10:31,075 - INFO - Found 5 tables for MEL
2026-03-31 12:10:31,085 - INFO - Table 3 for MEL: 11r x 4c
2026-03-31 12:10:31,086 - INFO - Table 4 for MEL: 15r x 4c
2026-03-31 12:10:31,087 - INFO - Table 5 for MEL: 13r x 11c
2026-03-31 12:10:35,598 - INFO - Found 5 tables for MEN
2026-03-31 12:10:35,608 - INFO - Table 3 for MEN: 11r x 4c
2026-03-31 12:10:35,609 - INFO - Table 4 for MEN: 15r x 4c
2026-03-31 12:10:35,611 - INFO - Table 5 for MEN: 13r x 11c
2026-03-31 12:10:40,072 - INFO - Found 5 tables for MERO
2026-03-31 12:10:40,082 - INFO - Table 3 for MERO: 11r x 4c
2026-03-31 12:10:40,083 - INFO - Table 4 for MERO: 11r x 4c
2026-03-31 12:10:40,085 - INFO - Table 5 for MERO: 13r x 11c
2026-03-31 12:10:44,578 - INFO - Found 5 tables for MFIL
2026-03-31 12:10:44,588 - INFO - Table 3 for MFIL: 11r x 4c
2026-03-31 12:10:44,589 - INFO - Table 4 for MFIL: 11r x 4c
2026-03-31 12:10:44,591 - INFO - Table 5 for MFIL: 13r x 11c
2026-03-31 12:10:49,020 - INFO - Found 5 tables for MHCL
2026-03-31 12:10:49,030 - INFO - Table 3 for MHCL: 11r x 4c
2026-03-31 12:10:49,031 - INFO - Table 4 for MHCL: 15r x 4c
2026-03-31 12:10:49,032 - INFO - Table 5 for MHCL: 13r x 11c
2026-03-31 12:10:53,619 - INFO - Found 5 tables for MHL
2026-03-31 12:10:53,629 - INFO - Table 3 for MHL: 11r x 4c
2026-03-31 12:10:53,630 - INFO - Table 4 for MHL: 15r x 4c
2026-03-31 12:10:53,631 - INFO - Table 5 for MHL: 13r x 11c
2026-03-31 12:10:58,108 - INFO - Found 5 tables for MHNL
2026-03-31 12:10:58,118 - INFO - Table 3 for MHNL: 11r x 4c
2026-03-31 12:10:58,119 - INFO - Table 4 for MHNL: 15r x 4c
2026-03-31 12:10:58,121 - INFO - Table 5 for MHNL: 13r x 11c
2026-03-31 12:11:02,584 - INFO - Found 5 tables for MKCL
2026-03-31 12:11:02,594 - INFO - Table 3 for MKCL: 11r x 4c
2026-03-31 12:11:02,595 - INFO - Table 4 for MKCL: 11r x 4c
2026-03-31 12:11:02,596 - INFO - Table 5 for MKCL: 13r x 11c
2026-03-31 12:11:07,095 - INFO - Found 5 tables for MKHC
2026-03-31 12:11:07,105 - INFO - Table 3 for MKHC: 11r x 4c
2026-03-31 12:11:07,106 - INFO - Table 4 for MKHC: 15r x 4c
2026-03-31 12:11:07,108 - INFO - Table 5 for MKHC: 13r x 11c
2026-03-31 12:11:11,652 - INFO - Found 5 tables for MKHL
2026-03-31 12:11:11,662 - INFO - Table 3 for MKHL: 11r x 4c
2026-03-31 12:11:11,663 - INFO - Table 4 for MKHL: 15r x 4c
2026-03-31 12:11:11,665 - INFO - Table 5 for MKHL: 13r x 11c
2026-03-31 12:11:16,143 - INFO - Found 5 tables for MKJC
2026-03-31 12:11:16,153 - INFO - Table 3 for MKJC: 11r x 4c
2026-03-31 12:11:16,154 - INFO - Table 4 for MKJC: 15r x 4c
2026-03-31 12:11:16,155 - INFO - Table 5 for MKJC: 13r x 10c
2026-03-31 12:11:20,617 - INFO - Found 5 tables for MLBBL
2026-03-31 12:11:20,627 - INFO - Table 3 for MLBBL: 11r x 4c
2026-03-31 12:11:20,628 - INFO - Table 4 for MLBBL: 11r x 4c
2026-03-31 12:11:20,629 - INFO - Table 5 for MLBBL: 13r x 11c
2026-03-31 12:11:25,102 - INFO - Found 5 tables for MLBL
2026-03-31 12:11:25,112 - INFO - Table 3 for MLBL: 11r x 4c
2026-03-31 12:11:25,113 - INFO - Table 4 for MLBL: 11r x 4c
2026-03-31 12:11:25,114 - INFO - Table 5 for MLBL: 13r x 11c
2026-03-31 12:11:30,232 - INFO - Found 5 tables for MLBS
2026-03-31 12:11:30,242 - INFO - Table 3 for MLBS: 11r x 4c
2026-03-31 12:11:30,243 - INFO - Table 4 for MLBS: 11r x 4c
2026-03-31 12:11:30,245 - INFO - Table 5 for MLBS: 13r x 11c
2026-03-31 12:11:34,711 - INFO - Found 5 tables for MLBSL
2026-03-31 12:11:34,721 - INFO - Table 3 for MLBSL: 11r x 4c
2026-03-31 12:11:34,722 - INFO - Table 4 for MLBSL: 11r x 4c
2026-03-31 12:11:34,724 - INFO - Table 5 for MLBSL: 13r x 11c
2026-03-31 12:11:39,193 - INFO - Found 5 tables for MMKJL
2026-03-31 12:11:39,203 - INFO - Table 3 for MMKJL: 11r x 4c
2026-03-31 12:11:39,204 - INFO - Table 4 for MMKJL: 15r x 4c
2026-03-31 12:11:39,205 - INFO - Table 5 for MMKJL: 13r x 11c
2026-03-31 12:11:43,699 - INFO - Found 5 tables for MNBBL
2026-03-31 12:11:43,709 - INFO - Table 3 for MNBBL: 11r x 4c
2026-03-31 12:11:43,710 - INFO - Table 4 for MNBBL: 11r x 4c
2026-03-31 12:11:43,712 - INFO - Table 5 for MNBBL: 13r x 11c
2026-03-31 12:11:48,252 - INFO - Found 5 tables for MPFL
2026-03-31 12:11:48,262 - INFO - Table 3 for MPFL: 11r x 4c
2026-03-31 12:11:48,262 - INFO - Table 4 for MPFL: 11r x 4c
2026-03-31 12:11:48,264 - INFO - Table 5 for MPFL: 13r x 11c
2026-03-31 12:11:52,749 - INFO - Found 5 tables for MSHL
2026-03-31 12:11:52,759 - INFO - Table 3 for MSHL: 11r x 4c
2026-03-31 12:11:52,760 - INFO - Table 4 for MSHL: 15r x 4c
2026-03-31 12:11:52,762 - INFO - Table 5 for MSHL: 13r x 11c
2026-03-31 12:12:04,540 - INFO - Found 5 tables for MSLB
2026-03-31 12:12:04,550 - INFO - Table 3 for MSLB: 11r x 4c
2026-03-31 12:12:04,551 - INFO - Table 4 for MSLB: 11r x 4c
2026-03-31 12:12:04,553 - INFO - Table 5 for MSLB: 13r x 11c
2026-03-31 12:12:16,626 - INFO - Found 5 tables for NABBC
2026-03-31 12:12:16,636 - INFO - Table 3 for NABBC: 11r x 4c
2026-03-31 12:12:16,637 - INFO - Table 4 for NABBC: 11r x 4c
2026-03-31 12:12:16,639 - INFO - Table 5 for NABBC: 13r x 11c
2026-03-31 12:12:21,169 - INFO - Found 5 tables for NABIL
2026-03-31 12:12:21,179 - INFO - Table 3 for NABIL: 11r x 4c
2026-03-31 12:12:21,180 - INFO - Table 4 for NABIL: 11r x 4c
2026-03-31 12:12:21,182 - INFO - Table 5 for NABIL: 13r x 11c
2026-03-31 12:12:33,547 - INFO - Found 5 tables for NADEP
2026-03-31 12:12:33,557 - INFO - Table 3 for NADEP: 11r x 4c
2026-03-31 12:12:33,558 - INFO - Table 4 for NADEP: 11r x 4c
2026-03-31 12:12:33,559 - INFO - Table 5 for NADEP: 13r x 11c
2026-03-31 12:12:38,035 - INFO - Found 5 tables for NBL
2026-03-31 12:12:38,044 - INFO - Table 3 for NBL: 11r x 4c
2026-03-31 12:12:38,045 - INFO - Table 4 for NBL: 11r x 4c
2026-03-31 12:12:38,047 - INFO - Table 5 for NBL: 13r x 11c
2026-03-31 12:12:42,564 - INFO - Found 5 tables for NESDO
2026-03-31 12:12:42,574 - INFO - Table 3 for NESDO: 11r x 4c
2026-03-31 12:12:42,575 - INFO - Table 4 for NESDO: 11r x 4c
2026-03-31 12:12:42,576 - INFO - Table 5 for NESDO: 13r x 11c
2026-03-31 12:12:47,098 - INFO - Found 5 tables for NFS
2026-03-31 12:12:47,108 - INFO - Table 3 for NFS: 11r x 4c
2026-03-31 12:12:47,109 - INFO - Table 4 for NFS: 11r x 4c
2026-03-31 12:12:47,111 - INFO - Table 5 for NFS: 13r x 11c
2026-03-31 12:12:51,652 - INFO - Found 5 tables for NGPL
2026-03-31 12:12:51,662 - INFO - Table 3 for NGPL: 11r x 4c
2026-03-31 12:12:51,663 - INFO - Table 4 for NGPL: 15r x 4c
2026-03-31 12:12:51,665 - INFO - Table 5 for NGPL: 13r x 11c
2026-03-31 12:12:56,733 - INFO - Found 5 tables for NHDL
2026-03-31 12:12:56,744 - INFO - Table 3 for NHDL: 11r x 4c
2026-03-31 12:12:56,745 - INFO - Table 4 for NHDL: 15r x 4c
2026-03-31 12:12:56,746 - INFO - Table 5 for NHDL: 13r x 11c
2026-03-31 12:13:01,260 - INFO - Found 5 tables for NHPC
2026-03-31 12:13:01,270 - INFO - Table 3 for NHPC: 11r x 4c
2026-03-31 12:13:01,271 - INFO - Table 4 for NHPC: 15r x 4c
2026-03-31 12:13:01,273 - INFO - Table 5 for NHPC: 13r x 11c
2026-03-31 12:13:05,757 - INFO - Found 5 tables for NICA
2026-03-31 12:13:05,768 - INFO - Table 3 for NICA: 11r x 4c
2026-03-31 12:13:05,769 - INFO - Table 4 for NICA: 11r x 4c
2026-03-31 12:13:05,771 - INFO - Table 5 for NICA: 13r x 11c
2026-03-31 12:13:10,952 - INFO - Found 5 tables for NICL
2026-03-31 12:13:10,962 - INFO - Table 3 for NICL: 11r x 4c
2026-03-31 12:13:10,963 - INFO - Table 4 for NICL: 11r x 4c
2026-03-31 12:13:10,965 - INFO - Table 5 for NICL: 13r x 11c
2026-03-31 12:13:15,432 - INFO - Found 5 tables for NICLBSL
2026-03-31 12:13:15,443 - INFO - Table 3 for NICLBSL: 11r x 4c
2026-03-31 12:13:15,444 - INFO - Table 4 for NICLBSL: 11r x 4c
2026-03-31 12:13:15,446 - INFO - Table 5 for NICLBSL: 13r x 11c
2026-03-31 12:13:19,962 - INFO - Found 5 tables for NIFRA
2026-03-31 12:13:19,972 - INFO - Table 3 for NIFRA: 11r x 4c
2026-03-31 12:13:19,973 - INFO - Table 4 for NIFRA: 11r x 4c
2026-03-31 12:13:19,974 - INFO - Table 5 for NIFRA: 13r x 11c
2026-03-31 12:13:24,165 - INFO - Found 5 tables for NIL
2026-03-31 12:13:24,175 - INFO - Table 3 for NIL: 11r x 4c
2026-03-31 12:13:24,176 - INFO - Table 4 for NIL: 11r x 4c
2026-03-31 12:13:24,177 - INFO - Table 5 for NIL: 13r x 10c
2026-03-31 12:13:28,727 - INFO - Found 5 tables for NIMB
2026-03-31 12:13:28,737 - INFO - Table 3 for NIMB: 11r x 4c
2026-03-31 12:13:28,738 - INFO - Table 4 for NIMB: 11r x 4c
2026-03-31 12:13:28,740 - INFO - Table 5 for NIMB: 13r x 11c
2026-03-31 12:13:33,235 - INFO - Found 5 tables for NLG
2026-03-31 12:13:33,245 - INFO - Table 3 for NLG: 11r x 4c
2026-03-31 12:13:33,246 - INFO - Table 4 for NLG: 11r x 4c
2026-03-31 12:13:33,248 - INFO - Table 5 for NLG: 13r x 11c
2026-03-31 12:13:37,839 - INFO - Found 5 tables for NLIC
2026-03-31 12:13:37,849 - INFO - Table 3 for NLIC: 11r x 4c
2026-03-31 12:13:37,850 - INFO - Table 4 for NLIC: 11r x 4c
2026-03-31 12:13:37,852 - INFO - Table 5 for NLIC: 13r x 11c
2026-03-31 12:13:49,909 - INFO - Found 5 tables for NLICL
2026-03-31 12:13:49,919 - INFO - Table 3 for NLICL: 11r x 4c
2026-03-31 12:13:49,920 - INFO - Table 4 for NLICL: 11r x 4c
2026-03-31 12:13:49,921 - INFO - Table 5 for NLICL: 13r x 11c
2026-03-31 12:13:54,504 - INFO - Found 5 tables for NLO
2026-03-31 12:13:54,514 - INFO - Table 3 for NLO: 11r x 4c
2026-03-31 12:13:54,515 - INFO - Table 4 for NLO: 11r x 4c
2026-03-31 12:13:54,516 - INFO - Table 5 for NLO: 13r x 8c
2026-03-31 12:13:59,001 - INFO - Found 5 tables for NMB
2026-03-31 12:13:59,011 - INFO - Table 3 for NMB: 11r x 4c
2026-03-31 12:13:59,012 - INFO - Table 4 for NMB: 11r x 4c
2026-03-31 12:13:59,013 - INFO - Table 5 for NMB: 13r x 11c
2026-03-31 12:14:03,492 - INFO - Found 5 tables for NMBMF
2026-03-31 12:14:03,502 - INFO - Table 3 for NMBMF: 11r x 4c
2026-03-31 12:14:03,503 - INFO - Table 4 for NMBMF: 11r x 4c
2026-03-31 12:14:03,504 - INFO - Table 5 for NMBMF: 13r x 11c
2026-03-31 12:14:08,241 - INFO - Found 5 tables for NMFBS
2026-03-31 12:14:08,251 - INFO - Table 3 for NMFBS: 11r x 4c
2026-03-31 12:14:08,252 - INFO - Table 4 for NMFBS: 11r x 4c
2026-03-31 12:14:08,253 - INFO - Table 5 for NMFBS: 13r x 11c
2026-03-31 12:14:12,681 - INFO - Found 5 tables for NMIC
2026-03-31 12:14:12,691 - INFO - Table 3 for NMIC: 11r x 4c
2026-03-31 12:14:12,692 - INFO - Table 4 for NMIC: 11r x 4c
2026-03-31 12:14:12,693 - INFO - Table 5 for NMIC: 13r x 7c
2026-03-31 12:14:17,188 - INFO - Found 5 tables for NMLBBL
2026-03-31 12:14:17,198 - INFO - Table 3 for NMLBBL: 11r x 4c
2026-03-31 12:14:17,199 - INFO - Table 4 for NMLBBL: 11r x 4c
2026-03-31 12:14:17,200 - INFO - Table 5 for NMLBBL: 13r x 10c
2026-03-31 12:14:21,713 - INFO - Found 5 tables for NRIC
2026-03-31 12:14:21,724 - INFO - Table 3 for NRIC: 11r x 4c
2026-03-31 12:14:21,725 - INFO - Table 4 for NRIC: 11r x 4c
2026-03-31 12:14:21,726 - INFO - Table 5 for NRIC: 13r x 10c
2026-03-31 12:14:26,210 - INFO - Found 5 tables for NRM
2026-03-31 12:14:26,220 - INFO - Table 3 for NRM: 11r x 4c
2026-03-31 12:14:26,221 - INFO - Table 4 for NRM: 11r x 4c
2026-03-31 12:14:26,222 - INFO - Table 5 for NRM: 13r x 11c
2026-03-31 12:14:30,707 - INFO - Found 5 tables for NRN
2026-03-31 12:14:30,717 - INFO - Table 3 for NRN: 11r x 4c
2026-03-31 12:14:30,718 - INFO - Table 4 for NRN: 11r x 4c
2026-03-31 12:14:30,720 - INFO - Table 5 for NRN: 13r x 11c
2026-03-31 12:14:35,250 - INFO - Found 5 tables for NTC
2026-03-31 12:14:35,260 - INFO - Table 3 for NTC: 11r x 4c
2026-03-31 12:14:35,261 - INFO - Table 4 for NTC: 11r x 4c
2026-03-31 12:14:35,262 - INFO - Table 5 for NTC: 13r x 11c
2026-03-31 12:14:39,707 - INFO - Found 5 tables for NUBL
2026-03-31 12:14:39,717 - INFO - Table 3 for NUBL: 11r x 4c
2026-03-31 12:14:39,718 - INFO - Table 4 for NUBL: 11r x 4c
2026-03-31 12:14:39,719 - INFO - Table 5 for NUBL: 13r x 11c
2026-03-31 12:14:44,260 - INFO - Found 5 tables for NWCL
2026-03-31 12:14:44,270 - INFO - Table 3 for NWCL: 11r x 4c
2026-03-31 12:14:44,271 - INFO - Table 4 for NWCL: 11r x 4c
2026-03-31 12:14:44,273 - INFO - Table 5 for NWCL: 13r x 11c
2026-03-31 12:14:48,775 - INFO - Found 5 tables for NYADI
2026-03-31 12:14:48,785 - INFO - Table 3 for NYADI: 11r x 4c
2026-03-31 12:14:48,786 - INFO - Table 4 for NYADI: 15r x 4c
2026-03-31 12:14:48,787 - INFO - Table 5 for NYADI: 13r x 11c
2026-03-31 12:14:53,342 - INFO - Found 5 tables for OHL
2026-03-31 12:14:53,352 - INFO - Table 3 for OHL: 11r x 4c
2026-03-31 12:14:53,353 - INFO - Table 4 for OHL: 11r x 4c
2026-03-31 12:14:53,354 - INFO - Table 5 for OHL: 13r x 11c
2026-03-31 12:14:58,110 - INFO - Found 5 tables for OMPL
2026-03-31 12:14:58,120 - INFO - Table 3 for OMPL: 11r x 4c
2026-03-31 12:14:58,121 - INFO - Table 4 for OMPL: 11r x 4c
2026-03-31 12:14:58,122 - INFO - Table 5 for OMPL: 13r x 7c
2026-03-31 12:15:02,560 - INFO - Found 5 tables for PCBL
2026-03-31 12:15:02,570 - INFO - Table 3 for PCBL: 11r x 4c
2026-03-31 12:15:02,570 - INFO - Table 4 for PCBL: 11r x 4c
2026-03-31 12:15:02,572 - INFO - Table 5 for PCBL: 13r x 11c
2026-03-31 12:15:07,356 - INFO - Found 5 tables for PFL
2026-03-31 12:15:07,366 - INFO - Table 3 for PFL: 11r x 4c
2026-03-31 12:15:07,367 - INFO - Table 4 for PFL: 11r x 4c
2026-03-31 12:15:07,368 - INFO - Table 5 for PFL: 13r x 11c
2026-03-31 12:15:11,944 - INFO - Found 5 tables for PHCL
2026-03-31 12:15:11,954 - INFO - Table 3 for PHCL: 11r x 4c
2026-03-31 12:15:11,955 - INFO - Table 4 for PHCL: 15r x 4c
2026-03-31 12:15:11,957 - INFO - Table 5 for PHCL: 13r x 11c
2026-03-31 12:15:17,058 - INFO - Found 5 tables for PMHPL
2026-03-31 12:15:17,068 - INFO - Table 3 for PMHPL: 11r x 4c
2026-03-31 12:15:17,069 - INFO - Table 4 for PMHPL: 15r x 4c
2026-03-31 12:15:17,070 - INFO - Table 5 for PMHPL: 13r x 11c
2026-03-31 12:15:21,558 - INFO - Found 5 tables for PMLI
2026-03-31 12:15:21,568 - INFO - Table 3 for PMLI: 11r x 4c
2026-03-31 12:15:21,569 - INFO - Table 4 for PMLI: 11r x 4c
2026-03-31 12:15:21,571 - INFO - Table 5 for PMLI: 13r x 11c
2026-03-31 12:15:26,020 - INFO - Found 5 tables for PPCL
2026-03-31 12:15:26,030 - INFO - Table 3 for PPCL: 11r x 4c
2026-03-31 12:15:26,031 - INFO - Table 4 for PPCL: 15r x 4c
2026-03-31 12:15:26,032 - INFO - Table 5 for PPCL: 13r x 11c
2026-03-31 12:15:31,626 - INFO - Found 5 tables for PPL
2026-03-31 12:15:31,636 - INFO - Table 3 for PPL: 11r x 4c
2026-03-31 12:15:31,637 - INFO - Table 4 for PPL: 15r x 4c
2026-03-31 12:15:31,639 - INFO - Table 5 for PPL: 13r x 11c
2026-03-31 12:15:36,095 - INFO - Found 5 tables for PRIN
2026-03-31 12:15:36,106 - INFO - Table 3 for PRIN: 11r x 4c
2026-03-31 12:15:36,106 - INFO - Table 4 for PRIN: 11r x 4c
2026-03-31 12:15:36,108 - INFO - Table 5 for PRIN: 13r x 11c
2026-03-31 12:15:40,633 - INFO - Found 5 tables for PROFL
2026-03-31 12:15:40,643 - INFO - Table 3 for PROFL: 11r x 4c
2026-03-31 12:15:40,644 - INFO - Table 4 for PROFL: 11r x 4c
2026-03-31 12:15:40,646 - INFO - Table 5 for PROFL: 13r x 11c
2026-03-31 12:15:45,441 - INFO - Found 5 tables for PRVU
2026-03-31 12:15:45,451 - INFO - Table 3 for PRVU: 11r x 4c
2026-03-31 12:15:45,452 - INFO - Table 4 for PRVU: 11r x 4c
2026-03-31 12:15:45,453 - INFO - Table 5 for PRVU: 13r x 11c
2026-03-31 12:15:49,951 - INFO - Found 5 tables for PURE
2026-03-31 12:15:49,961 - INFO - Table 3 for PURE: 11r x 4c
2026-03-31 12:15:49,962 - INFO - Table 4 for PURE: 15r x 4c
2026-03-31 12:15:49,963 - INFO - Table 5 for PURE: 13r x 6c
2026-03-31 12:15:54,617 - INFO - Found 5 tables for RADHI
2026-03-31 12:15:54,628 - INFO - Table 3 for RADHI: 11r x 4c
2026-03-31 12:15:54,629 - INFO - Table 4 for RADHI: 15r x 4c
2026-03-31 12:15:54,631 - INFO - Table 5 for RADHI: 13r x 11c
2026-03-31 12:15:59,125 - INFO - Found 5 tables for RAWA
2026-03-31 12:15:59,136 - INFO - Table 3 for RAWA: 11r x 4c
2026-03-31 12:15:59,137 - INFO - Table 4 for RAWA: 15r x 4c
2026-03-31 12:15:59,138 - INFO - Table 5 for RAWA: 13r x 11c
2026-03-31 12:16:03,957 - INFO - Found 5 tables for RBCL
2026-03-31 12:16:03,967 - INFO - Table 3 for RBCL: 11r x 4c
2026-03-31 12:16:03,968 - INFO - Table 4 for RBCL: 11r x 4c
2026-03-31 12:16:03,970 - INFO - Table 5 for RBCL: 13r x 11c
2026-03-31 12:16:08,419 - INFO - Found 5 tables for RFPL
2026-03-31 12:16:08,429 - INFO - Table 3 for RFPL: 11r x 4c
2026-03-31 12:16:08,430 - INFO - Table 4 for RFPL: 15r x 4c
2026-03-31 12:16:08,431 - INFO - Table 5 for RFPL: 13r x 10c
2026-03-31 12:16:12,966 - INFO - Found 5 tables for RHGCL
2026-03-31 12:16:12,976 - INFO - Table 3 for RHGCL: 11r x 4c
2026-03-31 12:16:12,977 - INFO - Table 4 for RHGCL: 15r x 4c
2026-03-31 12:16:12,979 - INFO - Table 5 for RHGCL: 13r x 11c
2026-03-31 12:16:17,440 - INFO - Found 5 tables for RHPL
2026-03-31 12:16:17,450 - INFO - Table 3 for RHPL: 11r x 4c
2026-03-31 12:16:17,451 - INFO - Table 4 for RHPL: 15r x 4c
2026-03-31 12:16:17,453 - INFO - Table 5 for RHPL: 13r x 11c
2026-03-31 12:16:21,971 - INFO - Found 5 tables for RIDI
2026-03-31 12:16:21,981 - INFO - Table 3 for RIDI: 11r x 4c
2026-03-31 12:16:21,982 - INFO - Table 4 for RIDI: 15r x 4c
2026-03-31 12:16:21,984 - INFO - Table 5 for RIDI: 13r x 11c
2026-03-31 12:16:34,563 - INFO - Found 5 tables for RLFL
2026-03-31 12:16:34,574 - INFO - Table 3 for RLFL: 11r x 4c
2026-03-31 12:16:34,575 - INFO - Table 4 for RLFL: 11r x 4c
2026-03-31 12:16:34,576 - INFO - Table 5 for RLFL: 13r x 11c
2026-03-31 12:16:47,418 - INFO - Found 5 tables for RNLI
2026-03-31 12:16:47,428 - INFO - Table 3 for RNLI: 11r x 4c
2026-03-31 12:16:47,429 - INFO - Table 4 for RNLI: 11r x 4c
2026-03-31 12:16:47,430 - INFO - Table 5 for RNLI: 13r x 11c
2026-03-31 12:16:52,381 - INFO - Found 5 tables for RSDC
2026-03-31 12:16:52,391 - INFO - Table 3 for RSDC: 11r x 4c
2026-03-31 12:16:52,392 - INFO - Table 4 for RSDC: 11r x 4c
2026-03-31 12:16:52,394 - INFO - Table 5 for RSDC: 13r x 11c
2026-03-31 12:16:56,848 - INFO - Found 5 tables for RURU
2026-03-31 12:16:56,858 - INFO - Table 3 for RURU: 11r x 4c
2026-03-31 12:16:56,859 - INFO - Table 4 for RURU: 15r x 4c
2026-03-31 12:16:56,861 - INFO - Table 5 for RURU: 13r x 11c
2026-03-31 12:17:01,355 - INFO - Found 5 tables for SADBL
2026-03-31 12:17:01,365 - INFO - Table 3 for SADBL: 11r x 4c
2026-03-31 12:17:01,366 - INFO - Table 4 for SADBL: 11r x 4c
2026-03-31 12:17:01,367 - INFO - Table 5 for SADBL: 13r x 11c
2026-03-31 12:17:06,236 - INFO - Found 5 tables for SAHAS
2026-03-31 12:17:06,246 - INFO - Table 3 for SAHAS: 11r x 4c
2026-03-31 12:17:06,247 - INFO - Table 4 for SAHAS: 15r x 4c
2026-03-31 12:17:06,248 - INFO - Table 5 for SAHAS: 13r x 11c
2026-03-31 12:17:10,770 - INFO - Found 5 tables for SALICO
2026-03-31 12:17:10,783 - INFO - Table 3 for SALICO: 11r x 4c
2026-03-31 12:17:10,784 - INFO - Table 4 for SALICO: 11r x 4c
2026-03-31 12:17:10,787 - INFO - Table 5 for SALICO: 13r x 11c
2026-03-31 12:17:15,243 - INFO - Found 5 tables for SAMAJ
2026-03-31 12:17:15,253 - INFO - Table 3 for SAMAJ: 11r x 4c
2026-03-31 12:17:15,254 - INFO - Table 4 for SAMAJ: 11r x 4c
2026-03-31 12:17:15,256 - INFO - Table 5 for SAMAJ: 13r x 9c
2026-03-31 12:17:19,731 - INFO - Found 5 tables for SANIMA
2026-03-31 12:17:19,741 - INFO - Table 3 for SANIMA: 11r x 4c
2026-03-31 12:17:19,742 - INFO - Table 4 for SANIMA: 11r x 4c
2026-03-31 12:17:19,743 - INFO - Table 5 for SANIMA: 13r x 11c
2026-03-31 12:17:24,204 - INFO - Found 5 tables for SANVI
2026-03-31 12:17:24,214 - INFO - Table 3 for SANVI: 11r x 4c
2026-03-31 12:17:24,215 - INFO - Table 4 for SANVI: 15r x 4c
2026-03-31 12:17:24,216 - INFO - Table 5 for SANVI: 13r x 6c
2026-03-31 12:17:28,779 - INFO - Found 5 tables for SAPDBL
2026-03-31 12:17:28,790 - INFO - Table 3 for SAPDBL: 11r x 4c
2026-03-31 12:17:28,791 - INFO - Table 4 for SAPDBL: 11r x 4c
2026-03-31 12:17:28,792 - INFO - Table 5 for SAPDBL: 13r x 11c
2026-03-31 12:17:33,275 - INFO - Found 5 tables for SARBTM
2026-03-31 12:17:33,285 - INFO - Table 3 for SARBTM: 11r x 4c
2026-03-31 12:17:33,286 - INFO - Table 4 for SARBTM: 11r x 4c
2026-03-31 12:17:33,288 - INFO - Table 5 for SARBTM: 13r x 11c
2026-03-31 12:17:37,763 - INFO - Found 5 tables for SBI
2026-03-31 12:17:37,773 - INFO - Table 3 for SBI: 11r x 4c
2026-03-31 12:17:37,774 - INFO - Table 4 for SBI: 11r x 4c
2026-03-31 12:17:37,776 - INFO - Table 5 for SBI: 13r x 11c
2026-03-31 12:17:42,313 - INFO - Found 5 tables for SBL
2026-03-31 12:17:42,323 - INFO - Table 3 for SBL: 11r x 4c
2026-03-31 12:17:42,324 - INFO - Table 4 for SBL: 11r x 4c
2026-03-31 12:17:42,326 - INFO - Table 5 for SBL: 13r x 11c
2026-03-31 12:17:46,934 - INFO - Found 5 tables for SCB
2026-03-31 12:17:46,945 - INFO - Table 3 for SCB: 11r x 4c
2026-03-31 12:17:46,946 - INFO - Table 4 for SCB: 11r x 4c
2026-03-31 12:17:46,948 - INFO - Table 5 for SCB: 13r x 11c
2026-03-31 12:17:51,435 - INFO - Found 5 tables for SFCL
2026-03-31 12:17:51,445 - INFO - Table 3 for SFCL: 11r x 4c
2026-03-31 12:17:51,446 - INFO - Table 4 for SFCL: 11r x 4c
2026-03-31 12:17:51,448 - INFO - Table 5 for SFCL: 13r x 11c
2026-03-31 12:17:55,716 - INFO - Found 5 tables for SGHC
2026-03-31 12:17:55,726 - INFO - Table 3 for SGHC: 11r x 4c
2026-03-31 12:17:55,727 - INFO - Table 4 for SGHC: 15r x 4c
2026-03-31 12:17:55,728 - INFO - Table 5 for SGHC: 13r x 11c
2026-03-31 12:18:00,222 - INFO - Found 5 tables for SGIC
2026-03-31 12:18:00,233 - INFO - Table 3 for SGIC: 11r x 4c
2026-03-31 12:18:00,234 - INFO - Table 4 for SGIC: 11r x 4c
2026-03-31 12:18:00,235 - INFO - Table 5 for SGIC: 13r x 11c
2026-03-31 12:18:04,857 - INFO - Found 5 tables for SHEL
2026-03-31 12:18:04,867 - INFO - Table 3 for SHEL: 11r x 4c
2026-03-31 12:18:04,868 - INFO - Table 4 for SHEL: 15r x 4c
2026-03-31 12:18:04,870 - INFO - Table 5 for SHEL: 13r x 11c
2026-03-31 12:18:09,412 - INFO - Found 5 tables for SHINE
2026-03-31 12:18:09,422 - INFO - Table 3 for SHINE: 11r x 4c
2026-03-31 12:18:09,423 - INFO - Table 4 for SHINE: 11r x 4c
2026-03-31 12:18:09,425 - INFO - Table 5 for SHINE: 13r x 11c
2026-03-31 12:18:14,326 - INFO - Found 5 tables for SHIVM
2026-03-31 12:18:14,336 - INFO - Table 3 for SHIVM: 11r x 4c
2026-03-31 12:18:14,337 - INFO - Table 4 for SHIVM: 11r x 4c
2026-03-31 12:18:14,339 - INFO - Table 5 for SHIVM: 13r x 11c
2026-03-31 12:18:18,889 - INFO - Found 5 tables for SHL
2026-03-31 12:18:18,899 - INFO - Table 3 for SHL: 11r x 4c
2026-03-31 12:18:18,899 - INFO - Table 4 for SHL: 11r x 4c
2026-03-31 12:18:18,901 - INFO - Table 5 for SHL: 13r x 11c
2026-03-31 12:18:23,538 - INFO - Found 5 tables for SHLB
2026-03-31 12:18:23,548 - INFO - Table 3 for SHLB: 11r x 4c
2026-03-31 12:18:23,549 - INFO - Table 4 for SHLB: 11r x 4c
2026-03-31 12:18:23,550 - INFO - Table 5 for SHLB: 13r x 11c
2026-03-31 12:18:28,079 - INFO - Found 5 tables for SHPC
2026-03-31 12:18:28,089 - INFO - Table 3 for SHPC: 11r x 4c
2026-03-31 12:18:28,090 - INFO - Table 4 for SHPC: 15r x 4c
2026-03-31 12:18:28,092 - INFO - Table 5 for SHPC: 13r x 11c
2026-03-31 12:18:32,538 - INFO - Found 5 tables for SICL
2026-03-31 12:18:32,549 - INFO - Table 3 for SICL: 11r x 4c
2026-03-31 12:18:32,550 - INFO - Table 4 for SICL: 11r x 4c
2026-03-31 12:18:32,551 - INFO - Table 5 for SICL: 13r x 11c
2026-03-31 12:18:44,395 - INFO - Found 5 tables for SIFC
2026-03-31 12:18:44,405 - INFO - Table 3 for SIFC: 11r x 4c
2026-03-31 12:18:44,406 - INFO - Table 4 for SIFC: 11r x 4c
2026-03-31 12:18:44,408 - INFO - Table 5 for SIFC: 13r x 11c
2026-03-31 12:18:49,001 - INFO - Found 5 tables for SIKLES
2026-03-31 12:18:49,011 - INFO - Table 3 for SIKLES: 11r x 4c
2026-03-31 12:18:49,012 - INFO - Table 4 for SIKLES: 15r x 4c
2026-03-31 12:18:49,013 - INFO - Table 5 for SIKLES: 13r x 11c
2026-03-31 12:18:53,544 - INFO - Found 5 tables for SINDU
2026-03-31 12:18:53,554 - INFO - Table 3 for SINDU: 11r x 4c
2026-03-31 12:18:53,555 - INFO - Table 4 for SINDU: 11r x 4c
2026-03-31 12:18:53,557 - INFO - Table 5 for SINDU: 13r x 11c
2026-03-31 12:18:58,652 - INFO - Found 5 tables for SJCL
2026-03-31 12:18:58,663 - INFO - Table 3 for SJCL: 11r x 4c
2026-03-31 12:18:58,664 - INFO - Table 4 for SJCL: 15r x 4c
2026-03-31 12:18:58,665 - INFO - Table 5 for SJCL: 13r x 11c
2026-03-31 12:19:03,155 - INFO - Found 5 tables for SJLIC
2026-03-31 12:19:03,165 - INFO - Table 3 for SJLIC: 11r x 4c
2026-03-31 12:19:03,166 - INFO - Table 4 for SJLIC: 11r x 4c
2026-03-31 12:19:03,168 - INFO - Table 5 for SJLIC: 13r x 11c
2026-03-31 12:19:07,692 - INFO - Found 5 tables for SKBBL
2026-03-31 12:19:07,702 - INFO - Table 3 for SKBBL: 11r x 4c
2026-03-31 12:19:07,703 - INFO - Table 4 for SKBBL: 11r x 4c
2026-03-31 12:19:07,704 - INFO - Table 5 for SKBBL: 13r x 11c
2026-03-31 12:19:12,316 - INFO - Found 5 tables for SLBBL
2026-03-31 12:19:12,327 - INFO - Table 3 for SLBBL: 11r x 4c
2026-03-31 12:19:12,328 - INFO - Table 4 for SLBBL: 11r x 4c
2026-03-31 12:19:12,329 - INFO - Table 5 for SLBBL: 13r x 11c
2026-03-31 12:19:24,347 - INFO - Found 5 tables for SLBSL
2026-03-31 12:19:24,357 - INFO - Table 3 for SLBSL: 11r x 4c
2026-03-31 12:19:24,358 - INFO - Table 4 for SLBSL: 11r x 4c
2026-03-31 12:19:24,359 - INFO - Table 5 for SLBSL: 13r x 11c
2026-03-31 12:19:28,869 - INFO - Found 5 tables for SMATA
2026-03-31 12:19:28,879 - INFO - Table 3 for SMATA: 11r x 4c
2026-03-31 12:19:28,880 - INFO - Table 4 for SMATA: 11r x 4c
2026-03-31 12:19:28,881 - INFO - Table 5 for SMATA: 13r x 11c
2026-03-31 12:19:33,996 - INFO - Found 5 tables for SMB
2026-03-31 12:19:34,006 - INFO - Table 3 for SMB: 11r x 4c
2026-03-31 12:19:34,007 - INFO - Table 4 for SMB: 11r x 4c
2026-03-31 12:19:34,009 - INFO - Table 5 for SMB: 13r x 11c
2026-03-31 12:19:38,552 - INFO - Found 5 tables for SMFBS
2026-03-31 12:19:38,562 - INFO - Table 3 for SMFBS: 11r x 4c
2026-03-31 12:19:38,563 - INFO - Table 4 for SMFBS: 11r x 4c
2026-03-31 12:19:38,565 - INFO - Table 5 for SMFBS: 13r x 11c
2026-03-31 12:19:43,748 - INFO - Found 5 tables for SMH
2026-03-31 12:19:43,759 - INFO - Table 3 for SMH: 11r x 4c
2026-03-31 12:19:43,760 - INFO - Table 4 for SMH: 15r x 4c
2026-03-31 12:19:43,761 - INFO - Table 5 for SMH: 13r x 11c
2026-03-31 12:19:48,255 - INFO - Found 5 tables for SMHL
2026-03-31 12:19:48,265 - INFO - Table 3 for SMHL: 11r x 4c
2026-03-31 12:19:48,266 - INFO - Table 4 for SMHL: 15r x 4c
2026-03-31 12:19:48,268 - INFO - Table 5 for SMHL: 13r x 11c
2026-03-31 12:19:52,800 - INFO - Found 5 tables for SMJC
2026-03-31 12:19:52,810 - INFO - Table 3 for SMJC: 11r x 4c
2026-03-31 12:19:52,811 - INFO - Table 4 for SMJC: 15r x 4c
2026-03-31 12:19:52,812 - INFO - Table 5 for SMJC: 13r x 11c
2026-03-31 12:19:57,370 - INFO - Found 5 tables for SMPDA
2026-03-31 12:19:57,380 - INFO - Table 3 for SMPDA: 11r x 4c
2026-03-31 12:19:57,381 - INFO - Table 4 for SMPDA: 11r x 4c
2026-03-31 12:19:57,383 - INFO - Table 5 for SMPDA: 13r x 10c
2026-03-31 12:20:01,894 - INFO - Found 5 tables for SNLI
2026-03-31 12:20:01,905 - INFO - Table 3 for SNLI: 11r x 4c
2026-03-31 12:20:01,906 - INFO - Table 4 for SNLI: 11r x 4c
2026-03-31 12:20:01,907 - INFO - Table 5 for SNLI: 13r x 11c
2026-03-31 12:20:07,023 - INFO - Found 5 tables for SONA
2026-03-31 12:20:07,034 - INFO - Table 3 for SONA: 11r x 4c
2026-03-31 12:20:07,035 - INFO - Table 4 for SONA: 11r x 4c
2026-03-31 12:20:07,036 - INFO - Table 5 for SONA: 13r x 11c
2026-03-31 12:20:11,530 - INFO - Found 5 tables for SPC
2026-03-31 12:20:11,540 - INFO - Table 3 for SPC: 11r x 4c
2026-03-31 12:20:11,541 - INFO - Table 4 for SPC: 15r x 4c
2026-03-31 12:20:11,543 - INFO - Table 5 for SPC: 13r x 11c
2026-03-31 12:20:16,114 - INFO - Found 5 tables for SPDL
2026-03-31 12:20:16,124 - INFO - Table 3 for SPDL: 11r x 4c
2026-03-31 12:20:16,125 - INFO - Table 4 for SPDL: 15r x 4c
2026-03-31 12:20:16,127 - INFO - Table 5 for SPDL: 13r x 11c
2026-03-31 12:20:20,659 - INFO - Found 5 tables for SPHL
2026-03-31 12:20:20,669 - INFO - Table 3 for SPHL: 11r x 4c
2026-03-31 12:20:20,670 - INFO - Table 4 for SPHL: 15r x 4c
2026-03-31 12:20:20,671 - INFO - Table 5 for SPHL: 13r x 11c
2026-03-31 12:20:25,181 - INFO - Found 5 tables for SPIL
2026-03-31 12:20:25,193 - INFO - Table 3 for SPIL: 11r x 4c
2026-03-31 12:20:25,194 - INFO - Table 4 for SPIL: 11r x 4c
2026-03-31 12:20:25,195 - INFO - Table 5 for SPIL: 13r x 11c
2026-03-31 12:20:29,708 - INFO - Found 5 tables for SPL
2026-03-31 12:20:29,718 - INFO - Table 3 for SPL: 11r x 4c
2026-03-31 12:20:29,719 - INFO - Table 4 for SPL: 15r x 4c
2026-03-31 12:20:29,721 - INFO - Table 5 for SPL: 13r x 11c
2026-03-31 12:20:34,278 - INFO - Found 5 tables for SRLI
2026-03-31 12:20:34,289 - INFO - Table 3 for SRLI: 11r x 4c
2026-03-31 12:20:34,289 - INFO - Table 4 for SRLI: 11r x 4c
2026-03-31 12:20:34,291 - INFO - Table 5 for SRLI: 13r x 11c
2026-03-31 12:20:38,774 - INFO - Found 5 tables for SSHL
2026-03-31 12:20:38,785 - INFO - Table 3 for SSHL: 11r x 4c
2026-03-31 12:20:38,786 - INFO - Table 4 for SSHL: 15r x 4c
2026-03-31 12:20:38,787 - INFO - Table 5 for SSHL: 13r x 10c
2026-03-31 12:20:43,343 - INFO - Found 5 tables for STC
2026-03-31 12:20:43,354 - INFO - Table 3 for STC: 11r x 4c
2026-03-31 12:20:43,355 - INFO - Table 4 for STC: 11r x 4c
2026-03-31 12:20:43,356 - INFO - Table 5 for STC: 13r x 11c
2026-03-31 12:20:47,853 - INFO - Found 5 tables for SWBBL
2026-03-31 12:20:47,863 - INFO - Table 3 for SWBBL: 11r x 4c
2026-03-31 12:20:47,864 - INFO - Table 4 for SWBBL: 11r x 4c
2026-03-31 12:20:47,866 - INFO - Table 5 for SWBBL: 13r x 11c
2026-03-31 12:20:52,369 - INFO - Found 5 tables for SWMF
2026-03-31 12:20:52,379 - INFO - Table 3 for SWMF: 11r x 4c
2026-03-31 12:20:52,380 - INFO - Table 4 for SWMF: 11r x 4c
2026-03-31 12:20:52,381 - INFO - Table 5 for SWMF: 13r x 11c
2026-03-31 12:20:57,004 - INFO - Found 5 tables for TAMOR
2026-03-31 12:20:57,014 - INFO - Table 3 for TAMOR: 11r x 4c
2026-03-31 12:20:57,015 - INFO - Table 4 for TAMOR: 15r x 4c
2026-03-31 12:20:57,017 - INFO - Table 5 for TAMOR: 13r x 11c
2026-03-31 12:21:01,493 - INFO - Found 5 tables for TPC
2026-03-31 12:21:01,504 - INFO - Table 3 for TPC: 11r x 4c
2026-03-31 12:21:01,505 - INFO - Table 4 for TPC: 15r x 4c
2026-03-31 12:21:01,506 - INFO - Table 5 for TPC: 13r x 11c
2026-03-31 12:21:06,053 - INFO - Found 5 tables for TRH
2026-03-31 12:21:06,063 - INFO - Table 3 for TRH: 11r x 4c
2026-03-31 12:21:06,064 - INFO - Table 4 for TRH: 11r x 4c
2026-03-31 12:21:06,066 - INFO - Table 5 for TRH: 13r x 11c
2026-03-31 12:21:10,559 - INFO - Found 5 tables for TSHL
2026-03-31 12:21:10,569 - INFO - Table 3 for TSHL: 11r x 4c
2026-03-31 12:21:10,570 - INFO - Table 4 for TSHL: 15r x 4c
2026-03-31 12:21:10,571 - INFO - Table 5 for TSHL: 13r x 11c
2026-03-31 12:21:15,166 - INFO - Found 5 tables for TTL
2026-03-31 12:21:15,178 - INFO - Table 3 for TTL: 11r x 4c
2026-03-31 12:21:15,179 - INFO - Table 4 for TTL: 11r x 4c
2026-03-31 12:21:15,180 - INFO - Table 5 for TTL: 13r x 6c
2026-03-31 12:21:19,710 - INFO - Found 5 tables for TVCL
2026-03-31 12:21:19,721 - INFO - Table 3 for TVCL: 11r x 4c
2026-03-31 12:21:19,722 - INFO - Table 4 for TVCL: 15r x 4c
2026-03-31 12:21:19,724 - INFO - Table 5 for TVCL: 13r x 11c
2026-03-31 12:21:24,229 - INFO - Found 5 tables for UAIL
2026-03-31 12:21:24,239 - INFO - Table 3 for UAIL: 11r x 4c
2026-03-31 12:21:24,240 - INFO - Table 4 for UAIL: 11r x 4c
2026-03-31 12:21:24,241 - INFO - Table 5 for UAIL: 13r x 11c
2026-03-31 12:21:36,540 - INFO - Found 5 tables for UHEWA
2026-03-31 12:21:36,550 - INFO - Table 3 for UHEWA: 11r x 4c
2026-03-31 12:21:36,551 - INFO - Table 4 for UHEWA: 15r x 4c
2026-03-31 12:21:36,553 - INFO - Table 5 for UHEWA: 13r x 11c
2026-03-31 12:21:41,111 - INFO - Found 5 tables for ULBSL
2026-03-31 12:21:41,121 - INFO - Table 3 for ULBSL: 11r x 4c
2026-03-31 12:21:41,122 - INFO - Table 4 for ULBSL: 11r x 4c
2026-03-31 12:21:41,124 - INFO - Table 5 for ULBSL: 13r x 11c
2026-03-31 12:21:45,660 - INFO - Found 5 tables for ULHC
2026-03-31 12:21:45,670 - INFO - Table 3 for ULHC: 11r x 4c
2026-03-31 12:21:45,671 - INFO - Table 4 for ULHC: 15r x 4c
2026-03-31 12:21:45,672 - INFO - Table 5 for ULHC: 13r x 9c
2026-03-31 12:21:50,159 - INFO - Found 5 tables for UMHL
2026-03-31 12:21:50,169 - INFO - Table 3 for UMHL: 11r x 4c
2026-03-31 12:21:50,170 - INFO - Table 4 for UMHL: 15r x 4c
2026-03-31 12:21:50,172 - INFO - Table 5 for UMHL: 13r x 11c
2026-03-31 12:21:54,665 - INFO - Found 5 tables for UMRH
2026-03-31 12:21:54,675 - INFO - Table 3 for UMRH: 11r x 4c
2026-03-31 12:21:54,676 - INFO - Table 4 for UMRH: 15r x 4c
2026-03-31 12:21:54,677 - INFO - Table 5 for UMRH: 13r x 11c
2026-03-31 12:21:59,257 - INFO - Found 5 tables for UNHPL
2026-03-31 12:21:59,267 - INFO - Table 3 for UNHPL: 11r x 4c
2026-03-31 12:21:59,268 - INFO - Table 4 for UNHPL: 15r x 4c
2026-03-31 12:21:59,269 - INFO - Table 5 for UNHPL: 13r x 11c
2026-03-31 12:22:03,782 - INFO - Found 5 tables for UNL
2026-03-31 12:22:03,792 - INFO - Table 3 for UNL: 11r x 4c
2026-03-31 12:22:03,793 - INFO - Table 4 for UNL: 11r x 4c
2026-03-31 12:22:03,794 - INFO - Table 5 for UNL: 13r x 11c
2026-03-31 12:22:08,285 - INFO - Found 5 tables for UNLB
2026-03-31 12:22:08,296 - INFO - Table 3 for UNLB: 11r x 4c
2026-03-31 12:22:08,297 - INFO - Table 4 for UNLB: 11r x 4c
2026-03-31 12:22:08,299 - INFO - Table 5 for UNLB: 13r x 11c
2026-03-31 12:22:12,926 - INFO - Found 5 tables for UPCL
2026-03-31 12:22:12,936 - INFO - Table 3 for UPCL: 11r x 4c
2026-03-31 12:22:12,937 - INFO - Table 4 for UPCL: 15r x 4c
2026-03-31 12:22:12,938 - INFO - Table 5 for UPCL: 13r x 11c
2026-03-31 12:22:17,509 - INFO - Found 5 tables for UPPER
2026-03-31 12:22:17,519 - INFO - Table 3 for UPPER: 11r x 4c
2026-03-31 12:22:17,520 - INFO - Table 4 for UPPER: 15r x 4c
2026-03-31 12:22:17,522 - INFO - Table 5 for UPPER: 13r x 11c
2026-03-31 12:22:30,261 - INFO - Found 5 tables for USHEC
2026-03-31 12:22:30,272 - INFO - Table 3 for USHEC: 11r x 4c
2026-03-31 12:22:30,273 - INFO - Table 4 for USHEC: 15r x 4c
2026-03-31 12:22:30,274 - INFO - Table 5 for USHEC: 13r x 11c
2026-03-31 12:22:34,792 - INFO - Found 5 tables for USHL
2026-03-31 12:22:34,802 - INFO - Table 3 for USHL: 11r x 4c
2026-03-31 12:22:34,803 - INFO - Table 4 for USHL: 15r x 4c
2026-03-31 12:22:34,805 - INFO - Table 5 for USHL: 13r x 11c
2026-03-31 12:22:39,146 - INFO - Found 5 tables for USLB
2026-03-31 12:22:39,156 - INFO - Table 3 for USLB: 11r x 4c
2026-03-31 12:22:39,157 - INFO - Table 4 for USLB: 11r x 4c
2026-03-31 12:22:39,158 - INFO - Table 5 for USLB: 13r x 11c
2026-03-31 12:22:43,655 - INFO - Found 5 tables for VLBS
2026-03-31 12:22:43,665 - INFO - Table 3 for VLBS: 11r x 4c
2026-03-31 12:22:43,666 - INFO - Table 4 for VLBS: 11r x 4c
2026-03-31 12:22:43,667 - INFO - Table 5 for VLBS: 13r x 11c
2026-03-31 12:22:48,835 - INFO - Found 5 tables for VLUCL
2026-03-31 12:22:48,846 - INFO - Table 3 for VLUCL: 11r x 4c
2026-03-31 12:22:48,846 - INFO - Table 4 for VLUCL: 15r x 4c
2026-03-31 12:22:48,848 - INFO - Table 5 for VLUCL: 13r x 11c
2026-03-31 12:22:53,400 - INFO - Found 5 tables for WNLB
2026-03-31 12:22:53,410 - INFO - Table 3 for WNLB: 11r x 4c
2026-03-31 12:22:53,411 - INFO - Table 4 for WNLB: 11r x 4c
2026-03-31 12:22:53,412 - INFO - Table 5 for WNLB: 13r x 11c
2026-03-31 12:22:57,087 - INFO - CSV saved: Link_Attributes.csv
2026-03-31 12:22:57,176 - INFO - CSV saved: Link_Additional.csv
2026-03-31 12:22:58,655 - INFO - Dashboard saved: index.html
2026-04-01 12:01:48,203 - INFO - Found 251 URLs
2026-04-01 12:01:51,856 - INFO - Found 5 tables for ACLBSL
2026-04-01 12:01:51,863 - INFO - Table 3 for ACLBSL: 11r x 4c
2026-04-01 12:01:51,864 - INFO - Table 4 for ACLBSL: 11r x 4c
2026-04-01 12:01:51,866 - INFO - Table 5 for ACLBSL: 13r x 11c
2026-04-01 12:01:55,998 - INFO - Found 5 tables for ADBL
2026-04-01 12:01:56,005 - INFO - Table 3 for ADBL: 11r x 4c
2026-04-01 12:01:56,006 - INFO - Table 4 for ADBL: 11r x 4c
2026-04-01 12:01:56,008 - INFO - Table 5 for ADBL: 13r x 11c
2026-04-01 12:02:00,438 - INFO - Found 5 tables for AHL
2026-04-01 12:02:00,445 - INFO - Table 3 for AHL: 11r x 4c
2026-04-01 12:02:00,446 - INFO - Table 4 for AHL: 15r x 4c
2026-04-01 12:02:00,447 - INFO - Table 5 for AHL: 13r x 11c
2026-04-01 12:02:04,826 - INFO - Found 5 tables for AHPC
2026-04-01 12:02:04,833 - INFO - Table 3 for AHPC: 11r x 4c
2026-04-01 12:02:04,834 - INFO - Table 4 for AHPC: 15r x 4c
2026-04-01 12:02:04,836 - INFO - Table 5 for AHPC: 13r x 11c
2026-04-01 12:02:09,223 - INFO - Found 5 tables for AKJCL
2026-04-01 12:02:09,230 - INFO - Table 3 for AKJCL: 11r x 4c
2026-04-01 12:02:09,231 - INFO - Table 4 for AKJCL: 15r x 4c
2026-04-01 12:02:09,232 - INFO - Table 5 for AKJCL: 13r x 11c
2026-04-01 12:02:13,813 - INFO - Found 5 tables for AKPL
2026-04-01 12:02:13,819 - INFO - Table 3 for AKPL: 11r x 4c
2026-04-01 12:02:13,820 - INFO - Table 4 for AKPL: 15r x 4c
2026-04-01 12:02:13,822 - INFO - Table 5 for AKPL: 13r x 11c
2026-04-01 12:02:18,202 - INFO - Found 5 tables for ALBSL
2026-04-01 12:02:18,208 - INFO - Table 3 for ALBSL: 11r x 4c
2026-04-01 12:02:18,209 - INFO - Table 4 for ALBSL: 11r x 4c
2026-04-01 12:02:18,211 - INFO - Table 5 for ALBSL: 13r x 11c
2026-04-01 12:02:22,493 - INFO - Found 5 tables for ALICL
2026-04-01 12:02:22,500 - INFO - Table 3 for ALICL: 11r x 4c
2026-04-01 12:02:22,501 - INFO - Table 4 for ALICL: 11r x 4c
2026-04-01 12:02:22,502 - INFO - Table 5 for ALICL: 13r x 11c
2026-04-01 12:02:35,487 - INFO - Found 5 tables for ANLB
2026-04-01 12:02:35,493 - INFO - Table 3 for ANLB: 11r x 4c
2026-04-01 12:02:35,494 - INFO - Table 4 for ANLB: 11r x 4c
2026-04-01 12:02:35,496 - INFO - Table 5 for ANLB: 13r x 11c
2026-04-01 12:02:39,822 - INFO - Found 5 tables for API
2026-04-01 12:02:39,829 - INFO - Table 3 for API: 11r x 4c
2026-04-01 12:02:39,830 - INFO - Table 4 for API: 15r x 4c
2026-04-01 12:02:39,831 - INFO - Table 5 for API: 13r x 11c
2026-04-01 12:02:45,089 - INFO - Found 5 tables for AVYAN
2026-04-01 12:02:45,096 - INFO - Table 3 for AVYAN: 11r x 4c
2026-04-01 12:02:45,097 - INFO - Table 4 for AVYAN: 11r x 4c
2026-04-01 12:02:45,098 - INFO - Table 5 for AVYAN: 13r x 11c
2026-04-01 12:02:57,419 - INFO - Found 5 tables for BARUN
2026-04-01 12:02:57,426 - INFO - Table 3 for BARUN: 11r x 4c
2026-04-01 12:02:57,427 - INFO - Table 4 for BARUN: 15r x 4c
2026-04-01 12:02:57,428 - INFO - Table 5 for BARUN: 13r x 11c
2026-04-01 12:03:01,771 - INFO - Found 4 tables for BBC
2026-04-01 12:03:01,778 - INFO - Table 3 for BBC: 11r x 4c
2026-04-01 12:03:01,779 - INFO - Table 4 for BBC: 11r x 4c
2026-04-01 12:03:06,181 - INFO - Found 5 tables for BEDC
2026-04-01 12:03:06,187 - INFO - Table 3 for BEDC: 11r x 4c
2026-04-01 12:03:06,188 - INFO - Table 4 for BEDC: 15r x 4c
2026-04-01 12:03:06,190 - INFO - Table 5 for BEDC: 13r x 11c
2026-04-01 12:03:10,532 - INFO - Found 5 tables for BFC
2026-04-01 12:03:10,539 - INFO - Table 3 for BFC: 11r x 4c
2026-04-01 12:03:10,540 - INFO - Table 4 for BFC: 11r x 4c
2026-04-01 12:03:10,541 - INFO - Table 5 for BFC: 13r x 10c
2026-04-01 12:03:15,213 - INFO - Found 5 tables for BGWT
2026-04-01 12:03:15,219 - INFO - Table 3 for BGWT: 11r x 4c
2026-04-01 12:03:15,220 - INFO - Table 4 for BGWT: 15r x 4c
2026-04-01 12:03:15,222 - INFO - Table 5 for BGWT: 13r x 11c
2026-04-01 12:03:19,636 - INFO - Found 5 tables for BHDC
2026-04-01 12:03:19,642 - INFO - Table 3 for BHDC: 11r x 4c
2026-04-01 12:03:19,643 - INFO - Table 4 for BHDC: 15r x 4c
2026-04-01 12:03:19,644 - INFO - Table 5 for BHDC: 13r x 11c
2026-04-01 12:03:23,957 - INFO - Found 5 tables for BHL
2026-04-01 12:03:23,964 - INFO - Table 3 for BHL: 11r x 4c
2026-04-01 12:03:23,965 - INFO - Table 4 for BHL: 15r x 4c
2026-04-01 12:03:23,966 - INFO - Table 5 for BHL: 13r x 11c
2026-04-01 12:03:28,342 - INFO - Found 5 tables for BHPL
2026-04-01 12:03:28,348 - INFO - Table 3 for BHPL: 11r x 4c
2026-04-01 12:03:28,349 - INFO - Table 4 for BHPL: 15r x 4c
2026-04-01 12:03:28,351 - INFO - Table 5 for BHPL: 13r x 11c
2026-04-01 12:03:32,696 - INFO - Found 5 tables for BNHC
2026-04-01 12:03:32,703 - INFO - Table 3 for BNHC: 11r x 4c
2026-04-01 12:03:32,704 - INFO - Table 4 for BNHC: 15r x 4c
2026-04-01 12:03:32,705 - INFO - Table 5 for BNHC: 13r x 11c
2026-04-01 12:03:36,852 - INFO - Found 5 tables for BNL
2026-04-01 12:03:36,858 - INFO - Table 3 for BNL: 11r x 4c
2026-04-01 12:03:36,859 - INFO - Table 4 for BNL: 11r x 4c
2026-04-01 12:03:36,860 - INFO - Table 5 for BNL: 13r x 11c
2026-04-01 12:03:41,205 - INFO - Found 5 tables for BNT
2026-04-01 12:03:41,211 - INFO - Table 3 for BNT: 11r x 4c
2026-04-01 12:03:41,212 - INFO - Table 4 for BNT: 11r x 4c
2026-04-01 12:03:41,214 - INFO - Table 5 for BNT: 13r x 11c
2026-04-01 12:03:45,354 - INFO - Found 5 tables for BPCL
2026-04-01 12:03:45,361 - INFO - Table 3 for BPCL: 11r x 4c
2026-04-01 12:03:45,362 - INFO - Table 4 for BPCL: 15r x 4c
2026-04-01 12:03:45,363 - INFO - Table 5 for BPCL: 13r x 11c
2026-04-01 12:03:52,094 - INFO - Found 5 tables for CBBL
2026-04-01 12:03:52,101 - INFO - Table 3 for CBBL: 11r x 4c
2026-04-01 12:03:52,102 - INFO - Table 4 for CBBL: 11r x 4c
2026-04-01 12:03:52,103 - INFO - Table 5 for CBBL: 13r x 11c
2026-04-01 12:03:56,387 - INFO - Found 5 tables for CFCL
2026-04-01 12:03:56,393 - INFO - Table 3 for CFCL: 11r x 4c
2026-04-01 12:03:56,394 - INFO - Table 4 for CFCL: 11r x 4c
2026-04-01 12:03:56,395 - INFO - Table 5 for CFCL: 13r x 10c
2026-04-01 12:04:00,744 - INFO - Found 5 tables for CGH
2026-04-01 12:04:00,751 - INFO - Table 3 for CGH: 11r x 4c
2026-04-01 12:04:00,751 - INFO - Table 4 for CGH: 11r x 4c
2026-04-01 12:04:00,753 - INFO - Table 5 for CGH: 13r x 11c
2026-04-01 12:04:04,913 - INFO - Found 5 tables for CHCL
2026-04-01 12:04:04,919 - INFO - Table 3 for CHCL: 11r x 4c
2026-04-01 12:04:04,920 - INFO - Table 4 for CHCL: 15r x 4c
2026-04-01 12:04:04,922 - INFO - Table 5 for CHCL: 13r x 11c
2026-04-01 12:04:09,023 - INFO - Found 5 tables for CHDC
2026-04-01 12:04:09,029 - INFO - Table 3 for CHDC: 11r x 4c
2026-04-01 12:04:09,030 - INFO - Table 4 for CHDC: 11r x 4c
2026-04-01 12:04:09,032 - INFO - Table 5 for CHDC: 13r x 11c
2026-04-01 12:04:13,274 - INFO - Found 5 tables for CHL
2026-04-01 12:04:13,280 - INFO - Table 3 for CHL: 11r x 4c
2026-04-01 12:04:13,281 - INFO - Table 4 for CHL: 15r x 4c
2026-04-01 12:04:13,283 - INFO - Table 5 for CHL: 13r x 11c
2026-04-01 12:04:17,625 - INFO - Found 5 tables for CIT
2026-04-01 12:04:17,631 - INFO - Table 3 for CIT: 11r x 4c
2026-04-01 12:04:17,632 - INFO - Table 4 for CIT: 11r x 4c
2026-04-01 12:04:17,634 - INFO - Table 5 for CIT: 13r x 11c
2026-04-01 12:04:21,946 - INFO - Found 5 tables for CITY
2026-04-01 12:04:21,952 - INFO - Table 3 for CITY: 11r x 4c
2026-04-01 12:04:21,953 - INFO - Table 4 for CITY: 11r x 4c
2026-04-01 12:04:21,955 - INFO - Table 5 for CITY: 13r x 11c
2026-04-01 12:05:11,588 - INFO - Found 5 tables for CKHL
2026-04-01 12:05:11,594 - INFO - Table 3 for CKHL: 11r x 4c
2026-04-01 12:05:11,595 - INFO - Table 4 for CKHL: 15r x 4c
2026-04-01 12:05:11,597 - INFO - Table 5 for CKHL: 13r x 11c
2026-04-01 12:05:15,886 - INFO - Found 5 tables for CLI
2026-04-01 12:05:15,893 - INFO - Table 3 for CLI: 11r x 4c
2026-04-01 12:05:15,894 - INFO - Table 4 for CLI: 11r x 4c
2026-04-01 12:05:15,895 - INFO - Table 5 for CLI: 13r x 11c
2026-04-01 12:05:20,342 - INFO - Found 5 tables for CORBL
2026-04-01 12:05:20,348 - INFO - Table 3 for CORBL: 11r x 4c
2026-04-01 12:05:20,349 - INFO - Table 4 for CORBL: 11r x 4c
2026-04-01 12:05:20,350 - INFO - Table 5 for CORBL: 13r x 11c
2026-04-01 12:05:24,630 - INFO - Found 5 tables for CREST
2026-04-01 12:05:24,637 - INFO - Table 3 for CREST: 11r x 4c
2026-04-01 12:05:24,638 - INFO - Table 4 for CREST: 11r x 4c
2026-04-01 12:05:24,639 - INFO - Table 5 for CREST: 13r x 7c
2026-04-01 12:05:29,002 - INFO - Found 5 tables for CYCL
2026-04-01 12:05:29,008 - INFO - Table 3 for CYCL: 11r x 4c
2026-04-01 12:05:29,063 - INFO - Table 4 for CYCL: 11r x 4c
2026-04-01 12:05:29,065 - INFO - Table 5 for CYCL: 13r x 11c
2026-04-01 12:05:33,347 - INFO - Found 5 tables for CZBIL
2026-04-01 12:05:33,353 - INFO - Table 3 for CZBIL: 11r x 4c
2026-04-01 12:05:33,354 - INFO - Table 4 for CZBIL: 11r x 4c
2026-04-01 12:05:33,356 - INFO - Table 5 for CZBIL: 13r x 11c
2026-04-01 12:05:37,431 - INFO - Found 5 tables for DDBL
2026-04-01 12:05:37,438 - INFO - Table 3 for DDBL: 11r x 4c
2026-04-01 12:05:37,438 - INFO - Table 4 for DDBL: 11r x 4c
2026-04-01 12:05:37,440 - INFO - Table 5 for DDBL: 13r x 11c
2026-04-01 12:05:41,739 - INFO - Found 5 tables for DHPL
2026-04-01 12:05:41,745 - INFO - Table 3 for DHPL: 11r x 4c
2026-04-01 12:05:41,746 - INFO - Table 4 for DHPL: 15r x 4c
2026-04-01 12:05:41,748 - INFO - Table 5 for DHPL: 13r x 11c
2026-04-01 12:05:46,066 - INFO - Found 5 tables for DLBS
2026-04-01 12:05:46,073 - INFO - Table 3 for DLBS: 11r x 4c
2026-04-01 12:05:46,074 - INFO - Table 4 for DLBS: 11r x 4c
2026-04-01 12:05:46,075 - INFO - Table 5 for DLBS: 13r x 10c
2026-04-01 12:05:50,425 - INFO - Found 5 tables for DOLTI
2026-04-01 12:05:50,432 - INFO - Table 3 for DOLTI: 11r x 4c
2026-04-01 12:05:50,433 - INFO - Table 4 for DOLTI: 15r x 4c
2026-04-01 12:05:50,434 - INFO - Table 5 for DOLTI: 13r x 11c
2026-04-01 12:05:54,769 - INFO - Found 5 tables for DORDI
2026-04-01 12:05:54,775 - INFO - Table 3 for DORDI: 11r x 4c
2026-04-01 12:05:54,776 - INFO - Table 4 for DORDI: 15r x 4c
2026-04-01 12:05:54,779 - INFO - Table 5 for DORDI: 13r x 11c
2026-04-01 12:05:59,064 - INFO - Found 5 tables for EBL
2026-04-01 12:05:59,071 - INFO - Table 3 for EBL: 11r x 4c
2026-04-01 12:05:59,072 - INFO - Table 4 for EBL: 11r x 4c
2026-04-01 12:05:59,073 - INFO - Table 5 for EBL: 13r x 11c
2026-04-01 12:06:03,185 - INFO - Found 5 tables for EDBL
2026-04-01 12:06:03,192 - INFO - Table 3 for EDBL: 11r x 4c
2026-04-01 12:06:03,193 - INFO - Table 4 for EDBL: 11r x 4c
2026-04-01 12:06:03,194 - INFO - Table 5 for EDBL: 13r x 11c
2026-04-01 12:06:07,261 - INFO - Found 5 tables for EHPL
2026-04-01 12:06:07,268 - INFO - Table 3 for EHPL: 11r x 4c
2026-04-01 12:06:07,269 - INFO - Table 4 for EHPL: 15r x 4c
2026-04-01 12:06:07,270 - INFO - Table 5 for EHPL: 13r x 11c
2026-04-01 12:06:11,738 - INFO - Found 5 tables for ENL
2026-04-01 12:06:11,745 - INFO - Table 3 for ENL: 11r x 4c
2026-04-01 12:06:11,745 - INFO - Table 4 for ENL: 11r x 4c
2026-04-01 12:06:11,747 - INFO - Table 5 for ENL: 13r x 11c
2026-04-01 12:06:16,047 - INFO - Found 5 tables for FMDBL
2026-04-01 12:06:16,054 - INFO - Table 3 for FMDBL: 11r x 4c
2026-04-01 12:06:16,055 - INFO - Table 4 for FMDBL: 11r x 4c
2026-04-01 12:06:16,056 - INFO - Table 5 for FMDBL: 13r x 11c
2026-04-01 12:06:20,405 - INFO - Found 5 tables for FOWAD
2026-04-01 12:06:20,412 - INFO - Table 3 for FOWAD: 11r x 4c
2026-04-01 12:06:20,413 - INFO - Table 4 for FOWAD: 11r x 4c
2026-04-01 12:06:20,414 - INFO - Table 5 for FOWAD: 13r x 11c
2026-04-01 12:06:24,720 - INFO - Found 5 tables for GBBL
2026-04-01 12:06:24,727 - INFO - Table 3 for GBBL: 11r x 4c
2026-04-01 12:06:24,728 - INFO - Table 4 for GBBL: 11r x 4c
2026-04-01 12:06:24,729 - INFO - Table 5 for GBBL: 13r x 11c
2026-04-01 12:06:29,023 - INFO - Found 5 tables for GBIME
2026-04-01 12:06:29,033 - INFO - Table 3 for GBIME: 11r x 4c
2026-04-01 12:06:29,034 - INFO - Table 4 for GBIME: 11r x 4c
2026-04-01 12:06:29,036 - INFO - Table 5 for GBIME: 13r x 11c
2026-04-01 12:06:33,198 - INFO - Found 5 tables for GBLBS
2026-04-01 12:06:33,205 - INFO - Table 3 for GBLBS: 11r x 4c
2026-04-01 12:06:33,206 - INFO - Table 4 for GBLBS: 11r x 4c
2026-04-01 12:06:33,207 - INFO - Table 5 for GBLBS: 13r x 10c
2026-04-01 12:06:46,803 - INFO - Found 5 tables for GCIL
2026-04-01 12:06:46,810 - INFO - Table 3 for GCIL: 11r x 4c
2026-04-01 12:06:46,811 - INFO - Table 4 for GCIL: 11r x 4c
2026-04-01 12:06:46,812 - INFO - Table 5 for GCIL: 13r x 11c
2026-04-01 12:06:51,688 - INFO - Found 5 tables for GFCL
2026-04-01 12:06:51,694 - INFO - Table 3 for GFCL: 11r x 4c
2026-04-01 12:06:51,695 - INFO - Table 4 for GFCL: 11r x 4c
2026-04-01 12:06:51,696 - INFO - Table 5 for GFCL: 13r x 11c
2026-04-01 12:06:56,051 - INFO - Found 5 tables for GHL
2026-04-01 12:06:56,057 - INFO - Table 3 for GHL: 11r x 4c
2026-04-01 12:06:56,058 - INFO - Table 4 for GHL: 15r x 4c
2026-04-01 12:06:56,060 - INFO - Table 5 for GHL: 13r x 11c
2026-04-01 12:07:00,930 - INFO - Found 5 tables for GILB
2026-04-01 12:07:00,937 - INFO - Table 3 for GILB: 11r x 4c
2026-04-01 12:07:00,938 - INFO - Table 4 for GILB: 11r x 4c
2026-04-01 12:07:00,939 - INFO - Table 5 for GILB: 13r x 11c
2026-04-01 12:07:05,288 - INFO - Found 5 tables for GLBSL
2026-04-01 12:07:05,294 - INFO - Table 3 for GLBSL: 11r x 4c
2026-04-01 12:07:05,295 - INFO - Table 4 for GLBSL: 11r x 4c
2026-04-01 12:07:05,297 - INFO - Table 5 for GLBSL: 13r x 11c
2026-04-01 12:07:09,739 - INFO - Found 5 tables for GLH
2026-04-01 12:07:09,746 - INFO - Table 3 for GLH: 11r x 4c
2026-04-01 12:07:09,747 - INFO - Table 4 for GLH: 15r x 4c
2026-04-01 12:07:09,748 - INFO - Table 5 for GLH: 13r x 10c
2026-04-01 12:07:14,584 - INFO - Found 5 tables for GMFBS
2026-04-01 12:07:14,591 - INFO - Table 3 for GMFBS: 11r x 4c
2026-04-01 12:07:14,592 - INFO - Table 4 for GMFBS: 11r x 4c
2026-04-01 12:07:14,593 - INFO - Table 5 for GMFBS: 13r x 11c
2026-04-01 12:07:18,903 - INFO - Found 5 tables for GMFIL
2026-04-01 12:07:18,909 - INFO - Table 3 for GMFIL: 11r x 4c
2026-04-01 12:07:18,910 - INFO - Table 4 for GMFIL: 11r x 4c
2026-04-01 12:07:18,911 - INFO - Table 5 for GMFIL: 13r x 11c
2026-04-01 12:07:23,038 - INFO - Found 5 tables for GMLI
2026-04-01 12:07:23,044 - INFO - Table 3 for GMLI: 11r x 4c
2026-04-01 12:07:23,045 - INFO - Table 4 for GMLI: 11r x 4c
2026-04-01 12:07:23,047 - INFO - Table 5 for GMLI: 13r x 8c
2026-04-01 12:07:35,694 - INFO - Found 5 tables for GRDBL
2026-04-01 12:07:35,700 - INFO - Table 3 for GRDBL: 11r x 4c
2026-04-01 12:07:35,701 - INFO - Table 4 for GRDBL: 11r x 4c
2026-04-01 12:07:35,703 - INFO - Table 5 for GRDBL: 13r x 11c
2026-04-01 12:07:40,029 - INFO - Found 5 tables for GUFL
2026-04-01 12:07:40,036 - INFO - Table 3 for GUFL: 11r x 4c
2026-04-01 12:07:40,037 - INFO - Table 4 for GUFL: 11r x 4c
2026-04-01 12:07:40,038 - INFO - Table 5 for GUFL: 13r x 11c
2026-04-01 12:07:44,346 - INFO - Found 5 tables for GVL
2026-04-01 12:07:44,353 - INFO - Table 3 for GVL: 11r x 4c
2026-04-01 12:07:44,354 - INFO - Table 4 for GVL: 15r x 4c
2026-04-01 12:07:44,355 - INFO - Table 5 for GVL: 13r x 11c
2026-04-01 12:07:48,627 - INFO - Found 5 tables for HATHY
2026-04-01 12:07:48,633 - INFO - Table 3 for HATHY: 11r x 4c
2026-04-01 12:07:48,634 - INFO - Table 4 for HATHY: 11r x 4c
2026-04-01 12:07:48,636 - INFO - Table 5 for HATHY: 13r x 11c
2026-04-01 12:07:52,734 - INFO - Found 5 tables for HBL
2026-04-01 12:07:52,741 - INFO - Table 3 for HBL: 11r x 4c
2026-04-01 12:07:52,741 - INFO - Table 4 for HBL: 11r x 4c
2026-04-01 12:07:52,743 - INFO - Table 5 for HBL: 13r x 11c
2026-04-01 12:07:56,963 - INFO - Found 5 tables for HDHPC
2026-04-01 12:07:56,969 - INFO - Table 3 for HDHPC: 11r x 4c
2026-04-01 12:07:56,970 - INFO - Table 4 for HDHPC: 15r x 4c
2026-04-01 12:07:56,971 - INFO - Table 5 for HDHPC: 13r x 10c
2026-04-01 12:08:02,351 - INFO - Found 5 tables for HDL
2026-04-01 12:08:02,358 - INFO - Table 3 for HDL: 11r x 4c
2026-04-01 12:08:02,359 - INFO - Table 4 for HDL: 11r x 4c
2026-04-01 12:08:02,360 - INFO - Table 5 for HDL: 13r x 11c
2026-04-01 12:08:06,648 - INFO - Found 5 tables for HEI
2026-04-01 12:08:06,655 - INFO - Table 3 for HEI: 11r x 4c
2026-04-01 12:08:06,656 - INFO - Table 4 for HEI: 11r x 4c
2026-04-01 12:08:06,657 - INFO - Table 5 for HEI: 13r x 10c
2026-04-01 12:08:10,926 - INFO - Found 5 tables for HHL
2026-04-01 12:08:10,933 - INFO - Table 3 for HHL: 11r x 4c
2026-04-01 12:08:10,934 - INFO - Table 4 for HHL: 15r x 4c
2026-04-01 12:08:10,936 - INFO - Table 5 for HHL: 13r x 11c
2026-04-01 12:08:15,368 - INFO - Found 5 tables for HIDCL
2026-04-01 12:08:15,374 - INFO - Table 3 for HIDCL: 11r x 4c
2026-04-01 12:08:15,375 - INFO - Table 4 for HIDCL: 11r x 4c
2026-04-01 12:08:15,377 - INFO - Table 5 for HIDCL: 13r x 11c
2026-04-01 12:08:20,079 - INFO - Found 5 tables for HLBSL
2026-04-01 12:08:20,086 - INFO - Table 3 for HLBSL: 11r x 4c
2026-04-01 12:08:20,087 - INFO - Table 4 for HLBSL: 11r x 4c
2026-04-01 12:08:20,088 - INFO - Table 5 for HLBSL: 13r x 11c
2026-04-01 12:08:24,357 - INFO - Found 5 tables for HLI
2026-04-01 12:08:24,364 - INFO - Table 3 for HLI: 11r x 4c
2026-04-01 12:08:24,365 - INFO - Table 4 for HLI: 11r x 4c
2026-04-01 12:08:24,366 - INFO - Table 5 for HLI: 13r x 11c
2026-04-01 12:08:28,715 - INFO - Found 5 tables for HPPL
2026-04-01 12:08:28,722 - INFO - Table 3 for HPPL: 11r x 4c
2026-04-01 12:08:28,723 - INFO - Table 4 for HPPL: 15r x 4c
2026-04-01 12:08:28,724 - INFO - Table 5 for HPPL: 13r x 11c
2026-04-01 12:08:33,035 - INFO - Found 5 tables for HRL
2026-04-01 12:08:33,041 - INFO - Table 3 for HRL: 11r x 4c
2026-04-01 12:08:33,042 - INFO - Table 4 for HRL: 11r x 4c
2026-04-01 12:08:33,044 - INFO - Table 5 for HRL: 13r x 11c
2026-04-01 12:08:37,361 - INFO - Found 5 tables for HURJA
2026-04-01 12:08:37,367 - INFO - Table 3 for HURJA: 11r x 4c
2026-04-01 12:08:37,368 - INFO - Table 4 for HURJA: 15r x 4c
2026-04-01 12:08:37,370 - INFO - Table 5 for HURJA: 13r x 11c
2026-04-01 12:08:41,787 - INFO - Found 5 tables for ICFC
2026-04-01 12:08:41,794 - INFO - Table 3 for ICFC: 11r x 4c
2026-04-01 12:08:41,795 - INFO - Table 4 for ICFC: 11r x 4c
2026-04-01 12:08:41,796 - INFO - Table 5 for ICFC: 13r x 11c
2026-04-01 12:08:46,159 - INFO - Found 5 tables for IGI
2026-04-01 12:08:46,166 - INFO - Table 3 for IGI: 11r x 4c
2026-04-01 12:08:46,167 - INFO - Table 4 for IGI: 11r x 4c
2026-04-01 12:08:46,168 - INFO - Table 5 for IGI: 13r x 11c
2026-04-01 12:08:58,921 - INFO - Found 5 tables for IHL
2026-04-01 12:08:58,928 - INFO - Table 3 for IHL: 11r x 4c
2026-04-01 12:08:58,929 - INFO - Table 4 for IHL: 15r x 4c
2026-04-01 12:08:58,931 - INFO - Table 5 for IHL: 13r x 11c
2026-04-01 12:09:03,280 - INFO - Found 5 tables for ILBS
2026-04-01 12:09:03,287 - INFO - Table 3 for ILBS: 11r x 4c
2026-04-01 12:09:03,288 - INFO - Table 4 for ILBS: 11r x 4c
2026-04-01 12:09:03,289 - INFO - Table 5 for ILBS: 13r x 11c
2026-04-01 12:09:07,628 - INFO - Found 5 tables for ILI
2026-04-01 12:09:07,634 - INFO - Table 3 for ILI: 11r x 4c
2026-04-01 12:09:07,635 - INFO - Table 4 for ILI: 11r x 4c
2026-04-01 12:09:07,636 - INFO - Table 5 for ILI: 13r x 11c
2026-04-01 12:09:11,796 - INFO - Found 5 tables for JBBL
2026-04-01 12:09:11,802 - INFO - Table 3 for JBBL: 11r x 4c
2026-04-01 12:09:11,803 - INFO - Table 4 for JBBL: 11r x 4c
2026-04-01 12:09:11,805 - INFO - Table 5 for JBBL: 13r x 11c
2026-04-01 12:09:16,112 - INFO - Found 5 tables for JBLB
2026-04-01 12:09:16,119 - INFO - Table 3 for JBLB: 11r x 4c
2026-04-01 12:09:16,120 - INFO - Table 4 for JBLB: 11r x 4c
2026-04-01 12:09:16,122 - INFO - Table 5 for JBLB: 13r x 11c
2026-04-01 12:09:20,240 - INFO - Found 5 tables for JFL
2026-04-01 12:09:20,246 - INFO - Table 3 for JFL: 11r x 4c
2026-04-01 12:09:20,247 - INFO - Table 4 for JFL: 11r x 4c
2026-04-01 12:09:20,249 - INFO - Table 5 for JFL: 13r x 11c
2026-04-01 12:09:24,335 - INFO - Found 5 tables for JOSHI
2026-04-01 12:09:24,341 - INFO - Table 3 for JOSHI: 11r x 4c
2026-04-01 12:09:24,342 - INFO - Table 4 for JOSHI: 15r x 4c
2026-04-01 12:09:24,344 - INFO - Table 5 for JOSHI: 13r x 10c
2026-04-01 12:09:28,729 - INFO - Found 5 tables for JSLBB
2026-04-01 12:09:28,736 - INFO - Table 3 for JSLBB: 11r x 4c
2026-04-01 12:09:28,737 - INFO - Table 4 for JSLBB: 11r x 4c
2026-04-01 12:09:28,738 - INFO - Table 5 for JSLBB: 13r x 11c
2026-04-01 12:10:18,644 - INFO - Found 5 tables for KBL
2026-04-01 12:10:18,651 - INFO - Table 3 for KBL: 11r x 4c
2026-04-01 12:10:18,652 - INFO - Table 4 for KBL: 11r x 4c
2026-04-01 12:10:18,653 - INFO - Table 5 for KBL: 13r x 11c
2026-04-01 12:10:23,065 - INFO - Found 5 tables for KBSH
2026-04-01 12:10:23,072 - INFO - Table 3 for KBSH: 11r x 4c
2026-04-01 12:10:23,073 - INFO - Table 4 for KBSH: 15r x 4c
2026-04-01 12:10:23,075 - INFO - Table 5 for KBSH: 13r x 11c
2026-04-01 12:10:27,154 - INFO - Found 5 tables for KDL
2026-04-01 12:10:27,161 - INFO - Table 3 for KDL: 11r x 4c
2026-04-01 12:10:27,161 - INFO - Table 4 for KDL: 11r x 4c
2026-04-01 12:10:27,163 - INFO - Table 5 for KDL: 13r x 11c
2026-04-01 12:10:31,314 - INFO - Found 5 tables for KKHC
2026-04-01 12:10:31,321 - INFO - Table 3 for KKHC: 11r x 4c
2026-04-01 12:10:31,322 - INFO - Table 4 for KKHC: 15r x 4c
2026-04-01 12:10:31,324 - INFO - Table 5 for KKHC: 13r x 11c
2026-04-01 12:10:35,680 - INFO - Found 5 tables for KMCDB
2026-04-01 12:10:35,687 - INFO - Table 3 for KMCDB: 11r x 4c
2026-04-01 12:10:35,687 - INFO - Table 4 for KMCDB: 11r x 4c
2026-04-01 12:10:35,689 - INFO - Table 5 for KMCDB: 13r x 11c
2026-04-01 12:10:40,123 - INFO - Found 5 tables for KPCL
2026-04-01 12:10:40,130 - INFO - Table 3 for KPCL: 11r x 4c
2026-04-01 12:10:40,131 - INFO - Table 4 for KPCL: 15r x 4c
2026-04-01 12:10:40,132 - INFO - Table 5 for KPCL: 13r x 11c
2026-04-01 12:10:44,221 - INFO - Found 5 tables for KSBBL
2026-04-01 12:10:44,228 - INFO - Table 3 for KSBBL: 11r x 4c
2026-04-01 12:10:44,229 - INFO - Table 4 for KSBBL: 11r x 4c
2026-04-01 12:10:44,230 - INFO - Table 5 for KSBBL: 13r x 11c
2026-04-01 12:10:48,600 - INFO - Found 5 tables for LBBL
2026-04-01 12:10:48,607 - INFO - Table 3 for LBBL: 11r x 4c
2026-04-01 12:10:48,608 - INFO - Table 4 for LBBL: 11r x 4c
2026-04-01 12:10:48,609 - INFO - Table 5 for LBBL: 13r x 11c
2026-04-01 12:10:53,621 - INFO - Found 5 tables for LEC
2026-04-01 12:10:53,627 - INFO - Table 3 for LEC: 11r x 4c
2026-04-01 12:10:53,628 - INFO - Table 4 for LEC: 15r x 4c
2026-04-01 12:10:53,630 - INFO - Table 5 for LEC: 13r x 11c
2026-04-01 12:10:59,354 - INFO - Found 5 tables for LICN
2026-04-01 12:10:59,360 - INFO - Table 3 for LICN: 11r x 4c
2026-04-01 12:10:59,361 - INFO - Table 4 for LICN: 11r x 4c
2026-04-01 12:10:59,362 - INFO - Table 5 for LICN: 13r x 11c
2026-04-01 12:11:03,799 - INFO - Found 5 tables for LLBS
2026-04-01 12:11:03,806 - INFO - Table 3 for LLBS: 11r x 4c
2026-04-01 12:11:03,807 - INFO - Table 4 for LLBS: 11r x 4c
2026-04-01 12:11:03,808 - INFO - Table 5 for LLBS: 13r x 11c
2026-04-01 12:11:08,084 - INFO - Found 5 tables for LSL
2026-04-01 12:11:08,091 - INFO - Table 3 for LSL: 11r x 4c
2026-04-01 12:11:08,092 - INFO - Table 4 for LSL: 11r x 4c
2026-04-01 12:11:08,093 - INFO - Table 5 for LSL: 13r x 11c
2026-04-01 12:11:12,514 - INFO - Found 5 tables for MAKAR
2026-04-01 12:11:12,521 - INFO - Table 3 for MAKAR: 11r x 4c
2026-04-01 12:11:12,521 - INFO - Table 4 for MAKAR: 15r x 4c
2026-04-01 12:11:12,523 - INFO - Table 5 for MAKAR: 13r x 11c
2026-04-01 12:11:16,880 - INFO - Found 5 tables for MANDU
2026-04-01 12:11:16,886 - INFO - Table 3 for MANDU: 11r x 4c
2026-04-01 12:11:16,887 - INFO - Table 4 for MANDU: 15r x 4c
2026-04-01 12:11:16,889 - INFO - Table 5 for MANDU: 13r x 11c
2026-04-01 12:11:29,584 - INFO - Found 5 tables for MATRI
2026-04-01 12:11:29,591 - INFO - Table 3 for MATRI: 11r x 4c
2026-04-01 12:11:29,592 - INFO - Table 4 for MATRI: 11r x 4c
2026-04-01 12:11:29,593 - INFO - Table 5 for MATRI: 13r x 10c
2026-04-01 12:11:34,039 - INFO - Found 5 tables for MBJC
2026-04-01 12:11:34,045 - INFO - Table 3 for MBJC: 11r x 4c
2026-04-01 12:11:34,046 - INFO - Table 4 for MBJC: 15r x 4c
2026-04-01 12:11:34,048 - INFO - Table 5 for MBJC: 13r x 11c
2026-04-01 12:11:38,140 - INFO - Found 5 tables for MBL
2026-04-01 12:11:38,146 - INFO - Table 3 for MBL: 11r x 4c
2026-04-01 12:11:38,147 - INFO - Table 4 for MBL: 11r x 4c
2026-04-01 12:11:38,149 - INFO - Table 5 for MBL: 13r x 11c
2026-04-01 12:11:42,519 - INFO - Found 5 tables for MCHL
2026-04-01 12:11:42,526 - INFO - Table 3 for MCHL: 11r x 4c
2026-04-01 12:11:42,527 - INFO - Table 4 for MCHL: 15r x 4c
2026-04-01 12:11:42,528 - INFO - Table 5 for MCHL: 13r x 11c
2026-04-01 12:11:46,817 - INFO - Found 5 tables for MDB
2026-04-01 12:11:46,824 - INFO - Table 3 for MDB: 11r x 4c
2026-04-01 12:11:46,825 - INFO - Table 4 for MDB: 11r x 4c
2026-04-01 12:11:46,826 - INFO - Table 5 for MDB: 13r x 11c
2026-04-01 12:11:51,192 - INFO - Found 5 tables for MEHL
2026-04-01 12:11:51,198 - INFO - Table 3 for MEHL: 11r x 4c
2026-04-01 12:11:51,199 - INFO - Table 4 for MEHL: 15r x 4c
2026-04-01 12:11:51,200 - INFO - Table 5 for MEHL: 13r x 11c
2026-04-01 12:11:55,543 - INFO - Found 5 tables for MEL
2026-04-01 12:11:55,550 - INFO - Table 3 for MEL: 11r x 4c
2026-04-01 12:11:55,551 - INFO - Table 4 for MEL: 15r x 4c
2026-04-01 12:11:55,552 - INFO - Table 5 for MEL: 13r x 11c
2026-04-01 12:11:59,887 - INFO - Found 5 tables for MEN
2026-04-01 12:11:59,894 - INFO - Table 3 for MEN: 11r x 4c
2026-04-01 12:11:59,895 - INFO - Table 4 for MEN: 15r x 4c
2026-04-01 12:11:59,896 - INFO - Table 5 for MEN: 13r x 11c
2026-04-01 12:12:04,028 - INFO - Found 5 tables for MERO
2026-04-01 12:12:04,035 - INFO - Table 3 for MERO: 11r x 4c
2026-04-01 12:12:04,036 - INFO - Table 4 for MERO: 11r x 4c
2026-04-01 12:12:04,038 - INFO - Table 5 for MERO: 13r x 11c
2026-04-01 12:12:08,352 - INFO - Found 5 tables for MFIL
2026-04-01 12:12:08,359 - INFO - Table 3 for MFIL: 11r x 4c
2026-04-01 12:12:08,360 - INFO - Table 4 for MFIL: 11r x 4c
2026-04-01 12:12:08,361 - INFO - Table 5 for MFIL: 13r x 11c
2026-04-01 12:12:12,783 - INFO - Found 5 tables for MHCL
2026-04-01 12:12:12,790 - INFO - Table 3 for MHCL: 11r x 4c
2026-04-01 12:12:12,791 - INFO - Table 4 for MHCL: 15r x 4c
2026-04-01 12:12:12,793 - INFO - Table 5 for MHCL: 13r x 11c
2026-04-01 12:12:25,099 - INFO - Found 5 tables for MHL
2026-04-01 12:12:25,106 - INFO - Table 3 for MHL: 11r x 4c
2026-04-01 12:12:25,107 - INFO - Table 4 for MHL: 15r x 4c
2026-04-01 12:12:25,109 - INFO - Table 5 for MHL: 13r x 11c
2026-04-01 12:12:29,435 - INFO - Found 5 tables for MHNL
2026-04-01 12:12:29,441 - INFO - Table 3 for MHNL: 11r x 4c
2026-04-01 12:12:29,442 - INFO - Table 4 for MHNL: 15r x 4c
2026-04-01 12:12:29,444 - INFO - Table 5 for MHNL: 13r x 11c
2026-04-01 12:12:33,791 - INFO - Found 5 tables for MKCL
2026-04-01 12:12:33,797 - INFO - Table 3 for MKCL: 11r x 4c
2026-04-01 12:12:33,798 - INFO - Table 4 for MKCL: 11r x 4c
2026-04-01 12:12:33,800 - INFO - Table 5 for MKCL: 13r x 11c
2026-04-01 12:12:38,140 - INFO - Found 5 tables for MKHC
2026-04-01 12:12:38,147 - INFO - Table 3 for MKHC: 11r x 4c
2026-04-01 12:12:38,148 - INFO - Table 4 for MKHC: 15r x 4c
2026-04-01 12:12:38,149 - INFO - Table 5 for MKHC: 13r x 11c
2026-04-01 12:12:42,515 - INFO - Found 5 tables for MKHL
2026-04-01 12:12:42,522 - INFO - Table 3 for MKHL: 11r x 4c
2026-04-01 12:12:42,523 - INFO - Table 4 for MKHL: 15r x 4c
2026-04-01 12:12:42,524 - INFO - Table 5 for MKHL: 13r x 11c
2026-04-01 12:12:47,034 - INFO - Found 5 tables for MKJC
2026-04-01 12:12:47,041 - INFO - Table 3 for MKJC: 11r x 4c
2026-04-01 12:12:47,042 - INFO - Table 4 for MKJC: 15r x 4c
2026-04-01 12:12:47,044 - INFO - Table 5 for MKJC: 13r x 10c
2026-04-01 12:12:51,348 - INFO - Found 5 tables for MLBBL
2026-04-01 12:12:51,355 - INFO - Table 3 for MLBBL: 11r x 4c
2026-04-01 12:12:51,356 - INFO - Table 4 for MLBBL: 11r x 4c
2026-04-01 12:12:51,357 - INFO - Table 5 for MLBBL: 13r x 11c
2026-04-01 12:12:55,671 - INFO - Found 5 tables for MLBL
2026-04-01 12:12:55,677 - INFO - Table 3 for MLBL: 11r x 4c
2026-04-01 12:12:55,678 - INFO - Table 4 for MLBL: 11r x 4c
2026-04-01 12:12:55,680 - INFO - Table 5 for MLBL: 13r x 11c
2026-04-01 12:13:00,048 - INFO - Found 5 tables for MLBS
2026-04-01 12:13:00,054 - INFO - Table 3 for MLBS: 11r x 4c
2026-04-01 12:13:00,055 - INFO - Table 4 for MLBS: 11r x 4c
2026-04-01 12:13:00,057 - INFO - Table 5 for MLBS: 13r x 11c
2026-04-01 12:13:04,671 - INFO - Found 5 tables for MLBSL
2026-04-01 12:13:04,677 - INFO - Table 3 for MLBSL: 11r x 4c
2026-04-01 12:13:04,678 - INFO - Table 4 for MLBSL: 11r x 4c
2026-04-01 12:13:04,680 - INFO - Table 5 for MLBSL: 13r x 11c
2026-04-01 12:13:17,054 - INFO - Found 5 tables for MMKJL
2026-04-01 12:13:17,061 - INFO - Table 3 for MMKJL: 11r x 4c
2026-04-01 12:13:17,062 - INFO - Table 4 for MMKJL: 15r x 4c
2026-04-01 12:13:17,063 - INFO - Table 5 for MMKJL: 13r x 11c
2026-04-01 12:13:21,424 - INFO - Found 5 tables for MNBBL
2026-04-01 12:13:21,431 - INFO - Table 3 for MNBBL: 11r x 4c
2026-04-01 12:13:21,432 - INFO - Table 4 for MNBBL: 11r x 4c
2026-04-01 12:13:21,433 - INFO - Table 5 for MNBBL: 13r x 11c
2026-04-01 12:13:25,755 - INFO - Found 5 tables for MPFL
2026-04-01 12:13:25,762 - INFO - Table 3 for MPFL: 11r x 4c
2026-04-01 12:13:25,763 - INFO - Table 4 for MPFL: 11r x 4c
2026-04-01 12:13:25,764 - INFO - Table 5 for MPFL: 13r x 11c
2026-04-01 12:13:30,158 - INFO - Found 5 tables for MSHL
2026-04-01 12:13:30,165 - INFO - Table 3 for MSHL: 11r x 4c
2026-04-01 12:13:30,166 - INFO - Table 4 for MSHL: 15r x 4c
2026-04-01 12:13:30,167 - INFO - Table 5 for MSHL: 13r x 11c
2026-04-01 12:13:34,500 - INFO - Found 5 tables for MSLB
2026-04-01 12:13:34,506 - INFO - Table 3 for MSLB: 11r x 4c
2026-04-01 12:13:34,507 - INFO - Table 4 for MSLB: 11r x 4c
2026-04-01 12:13:34,509 - INFO - Table 5 for MSLB: 13r x 11c
2026-04-01 12:13:39,453 - INFO - Found 5 tables for NABBC
2026-04-01 12:13:39,459 - INFO - Table 3 for NABBC: 11r x 4c
2026-04-01 12:13:39,460 - INFO - Table 4 for NABBC: 11r x 4c
2026-04-01 12:13:39,461 - INFO - Table 5 for NABBC: 13r x 11c
2026-04-01 12:13:43,850 - INFO - Found 5 tables for NABIL
2026-04-01 12:13:43,857 - INFO - Table 3 for NABIL: 11r x 4c
2026-04-01 12:13:43,858 - INFO - Table 4 for NABIL: 11r x 4c
2026-04-01 12:13:43,860 - INFO - Table 5 for NABIL: 13r x 11c
2026-04-01 12:13:48,919 - INFO - Found 5 tables for NADEP
2026-04-01 12:13:48,926 - INFO - Table 3 for NADEP: 11r x 4c
2026-04-01 12:13:48,927 - INFO - Table 4 for NADEP: 11r x 4c
2026-04-01 12:13:48,928 - INFO - Table 5 for NADEP: 13r x 11c
2026-04-01 12:13:53,249 - INFO - Found 5 tables for NBL
2026-04-01 12:13:53,255 - INFO - Table 3 for NBL: 11r x 4c
2026-04-01 12:13:53,256 - INFO - Table 4 for NBL: 11r x 4c
2026-04-01 12:13:53,258 - INFO - Table 5 for NBL: 13r x 11c
2026-04-01 12:13:57,606 - INFO - Found 5 tables for NESDO
2026-04-01 12:13:57,613 - INFO - Table 3 for NESDO: 11r x 4c
2026-04-01 12:13:57,614 - INFO - Table 4 for NESDO: 11r x 4c
2026-04-01 12:13:57,615 - INFO - Table 5 for NESDO: 13r x 11c
2026-04-01 12:14:02,096 - INFO - Found 5 tables for NFS
2026-04-01 12:14:02,103 - INFO - Table 3 for NFS: 11r x 4c
2026-04-01 12:14:02,104 - INFO - Table 4 for NFS: 11r x 4c
2026-04-01 12:14:02,105 - INFO - Table 5 for NFS: 13r x 11c
2026-04-01 12:14:06,213 - INFO - Found 5 tables for NGPL
2026-04-01 12:14:06,220 - INFO - Table 3 for NGPL: 11r x 4c
2026-04-01 12:14:06,221 - INFO - Table 4 for NGPL: 15r x 4c
2026-04-01 12:14:06,223 - INFO - Table 5 for NGPL: 13r x 11c
2026-04-01 12:14:10,584 - INFO - Found 5 tables for NHDL
2026-04-01 12:14:10,591 - INFO - Table 3 for NHDL: 11r x 4c
2026-04-01 12:14:10,592 - INFO - Table 4 for NHDL: 15r x 4c
2026-04-01 12:14:10,593 - INFO - Table 5 for NHDL: 13r x 11c
2026-04-01 12:14:15,089 - INFO - Found 5 tables for NHPC
2026-04-01 12:14:15,095 - INFO - Table 3 for NHPC: 11r x 4c
2026-04-01 12:14:15,096 - INFO - Table 4 for NHPC: 15r x 4c
2026-04-01 12:14:15,098 - INFO - Table 5 for NHPC: 13r x 11c
2026-04-01 12:14:19,255 - INFO - Found 5 tables for NICA
2026-04-01 12:14:19,262 - INFO - Table 3 for NICA: 11r x 4c
2026-04-01 12:14:19,263 - INFO - Table 4 for NICA: 11r x 4c
2026-04-01 12:14:19,264 - INFO - Table 5 for NICA: 13r x 11c
2026-04-01 12:14:23,664 - INFO - Found 5 tables for NICL
2026-04-01 12:14:23,670 - INFO - Table 3 for NICL: 11r x 4c
2026-04-01 12:14:23,671 - INFO - Table 4 for NICL: 11r x 4c
2026-04-01 12:14:23,673 - INFO - Table 5 for NICL: 13r x 11c
2026-04-01 12:14:28,491 - INFO - Found 5 tables for NICLBSL
2026-04-01 12:14:28,498 - INFO - Table 3 for NICLBSL: 11r x 4c
2026-04-01 12:14:28,499 - INFO - Table 4 for NICLBSL: 11r x 4c
2026-04-01 12:14:28,500 - INFO - Table 5 for NICLBSL: 13r x 11c
2026-04-01 12:14:32,638 - INFO - Found 5 tables for NIFRA
2026-04-01 12:14:32,645 - INFO - Table 3 for NIFRA: 11r x 4c
2026-04-01 12:14:32,646 - INFO - Table 4 for NIFRA: 11r x 4c
2026-04-01 12:14:32,648 - INFO - Table 5 for NIFRA: 13r x 11c
2026-04-01 12:14:37,018 - INFO - Found 5 tables for NIL
2026-04-01 12:14:37,024 - INFO - Table 3 for NIL: 11r x 4c
2026-04-01 12:14:37,025 - INFO - Table 4 for NIL: 11r x 4c
2026-04-01 12:14:37,026 - INFO - Table 5 for NIL: 13r x 10c
2026-04-01 12:14:41,384 - INFO - Found 5 tables for NIMB
2026-04-01 12:14:41,390 - INFO - Table 3 for NIMB: 11r x 4c
2026-04-01 12:14:41,391 - INFO - Table 4 for NIMB: 11r x 4c
2026-04-01 12:14:41,393 - INFO - Table 5 for NIMB: 13r x 11c
2026-04-01 12:14:45,790 - INFO - Found 5 tables for NLG
2026-04-01 12:14:45,796 - INFO - Table 3 for NLG: 11r x 4c
2026-04-01 12:14:45,797 - INFO - Table 4 for NLG: 11r x 4c
2026-04-01 12:14:45,798 - INFO - Table 5 for NLG: 13r x 11c
2026-04-01 12:14:49,802 - INFO - Found 5 tables for NLIC
2026-04-01 12:14:49,809 - INFO - Table 3 for NLIC: 11r x 4c
2026-04-01 12:14:49,810 - INFO - Table 4 for NLIC: 11r x 4c
2026-04-01 12:14:49,811 - INFO - Table 5 for NLIC: 13r x 11c
2026-04-01 12:14:54,201 - INFO - Found 5 tables for NLICL
2026-04-01 12:14:54,207 - INFO - Table 3 for NLICL: 11r x 4c
2026-04-01 12:14:54,208 - INFO - Table 4 for NLICL: 11r x 4c
2026-04-01 12:14:54,210 - INFO - Table 5 for NLICL: 13r x 11c
2026-04-01 12:14:58,588 - INFO - Found 5 tables for NLO
2026-04-01 12:14:58,594 - INFO - Table 3 for NLO: 11r x 4c
2026-04-01 12:14:58,595 - INFO - Table 4 for NLO: 11r x 4c
2026-04-01 12:14:58,597 - INFO - Table 5 for NLO: 13r x 8c
2026-04-01 12:15:02,675 - INFO - Found 5 tables for NMB
2026-04-01 12:15:02,682 - INFO - Table 3 for NMB: 11r x 4c
2026-04-01 12:15:02,683 - INFO - Table 4 for NMB: 11r x 4c
2026-04-01 12:15:02,684 - INFO - Table 5 for NMB: 13r x 11c
2026-04-01 12:15:14,991 - INFO - Found 5 tables for NMBMF
2026-04-01 12:15:14,998 - INFO - Table 3 for NMBMF: 11r x 4c
2026-04-01 12:15:14,999 - INFO - Table 4 for NMBMF: 11r x 4c
2026-04-01 12:15:15,000 - INFO - Table 5 for NMBMF: 13r x 11c
2026-04-01 12:15:19,389 - INFO - Found 5 tables for NMFBS
2026-04-01 12:15:19,395 - INFO - Table 3 for NMFBS: 11r x 4c
2026-04-01 12:15:19,396 - INFO - Table 4 for NMFBS: 11r x 4c
2026-04-01 12:15:19,398 - INFO - Table 5 for NMFBS: 13r x 11c
2026-04-01 12:15:24,323 - INFO - Found 5 tables for NMIC
2026-04-01 12:15:24,329 - INFO - Table 3 for NMIC: 11r x 4c
2026-04-01 12:15:24,330 - INFO - Table 4 for NMIC: 11r x 4c
2026-04-01 12:15:24,331 - INFO - Table 5 for NMIC: 13r x 7c
2026-04-01 12:15:28,482 - INFO - Found 5 tables for NMLBBL
2026-04-01 12:15:28,488 - INFO - Table 3 for NMLBBL: 11r x 4c
2026-04-01 12:15:28,489 - INFO - Table 4 for NMLBBL: 11r x 4c
2026-04-01 12:15:28,491 - INFO - Table 5 for NMLBBL: 13r x 10c
2026-04-01 12:15:32,814 - INFO - Found 5 tables for NRIC
2026-04-01 12:15:32,820 - INFO - Table 3 for NRIC: 11r x 4c
2026-04-01 12:15:32,821 - INFO - Table 4 for NRIC: 11r x 4c
2026-04-01 12:15:32,822 - INFO - Table 5 for NRIC: 13r x 10c
2026-04-01 12:15:37,256 - INFO - Found 5 tables for NRM
2026-04-01 12:15:37,263 - INFO - Table 3 for NRM: 11r x 4c
2026-04-01 12:15:37,264 - INFO - Table 4 for NRM: 11r x 4c
2026-04-01 12:15:37,265 - INFO - Table 5 for NRM: 13r x 11c
2026-04-01 12:15:41,633 - INFO - Found 5 tables for NRN
2026-04-01 12:15:41,639 - INFO - Table 3 for NRN: 11r x 4c
2026-04-01 12:15:41,640 - INFO - Table 4 for NRN: 11r x 4c
2026-04-01 12:15:41,642 - INFO - Table 5 for NRN: 13r x 11c
2026-04-01 12:15:53,945 - INFO - Found 5 tables for NTC
2026-04-01 12:15:53,952 - INFO - Table 3 for NTC: 11r x 4c
2026-04-01 12:15:53,953 - INFO - Table 4 for NTC: 11r x 4c
2026-04-01 12:15:53,954 - INFO - Table 5 for NTC: 13r x 11c
2026-04-01 12:15:58,231 - INFO - Found 5 tables for NUBL
2026-04-01 12:15:58,238 - INFO - Table 3 for NUBL: 11r x 4c
2026-04-01 12:15:58,239 - INFO - Table 4 for NUBL: 11r x 4c
2026-04-01 12:15:58,240 - INFO - Table 5 for NUBL: 13r x 11c
2026-04-01 12:16:02,898 - INFO - Found 5 tables for NWCL
2026-04-01 12:16:02,905 - INFO - Table 3 for NWCL: 11r x 4c
2026-04-01 12:16:02,906 - INFO - Table 4 for NWCL: 11r x 4c
2026-04-01 12:16:02,907 - INFO - Table 5 for NWCL: 13r x 11c
2026-04-01 12:16:07,372 - INFO - Found 5 tables for NYADI
2026-04-01 12:16:07,378 - INFO - Table 3 for NYADI: 11r x 4c
2026-04-01 12:16:07,379 - INFO - Table 4 for NYADI: 15r x 4c
2026-04-01 12:16:07,381 - INFO - Table 5 for NYADI: 13r x 11c
2026-04-01 12:16:11,776 - INFO - Found 5 tables for OHL
2026-04-01 12:16:11,783 - INFO - Table 3 for OHL: 11r x 4c
2026-04-01 12:16:11,783 - INFO - Table 4 for OHL: 11r x 4c
2026-04-01 12:16:11,785 - INFO - Table 5 for OHL: 13r x 11c
2026-04-01 12:16:16,049 - INFO - Found 5 tables for OMPL
2026-04-01 12:16:16,055 - INFO - Table 3 for OMPL: 11r x 4c
2026-04-01 12:16:16,056 - INFO - Table 4 for OMPL: 11r x 4c
2026-04-01 12:16:16,057 - INFO - Table 5 for OMPL: 13r x 7c
2026-04-01 12:16:20,453 - INFO - Found 5 tables for PCBL
2026-04-01 12:16:20,460 - INFO - Table 3 for PCBL: 11r x 4c
2026-04-01 12:16:20,461 - INFO - Table 4 for PCBL: 11r x 4c
2026-04-01 12:16:20,463 - INFO - Table 5 for PCBL: 13r x 11c
2026-04-01 12:16:24,802 - INFO - Found 5 tables for PFL
2026-04-01 12:16:24,808 - INFO - Table 3 for PFL: 11r x 4c
2026-04-01 12:16:24,809 - INFO - Table 4 for PFL: 11r x 4c
2026-04-01 12:16:24,811 - INFO - Table 5 for PFL: 13r x 11c
2026-04-01 12:16:29,280 - INFO - Found 5 tables for PHCL
2026-04-01 12:16:29,287 - INFO - Table 3 for PHCL: 11r x 4c
2026-04-01 12:16:29,288 - INFO - Table 4 for PHCL: 15r x 4c
2026-04-01 12:16:29,290 - INFO - Table 5 for PHCL: 13r x 11c
2026-04-01 12:16:33,618 - INFO - Found 5 tables for PMHPL
2026-04-01 12:16:33,624 - INFO - Table 3 for PMHPL: 11r x 4c
2026-04-01 12:16:33,625 - INFO - Table 4 for PMHPL: 15r x 4c
2026-04-01 12:16:33,627 - INFO - Table 5 for PMHPL: 13r x 11c
2026-04-01 12:16:38,075 - INFO - Found 5 tables for PMLI
2026-04-01 12:16:38,082 - INFO - Table 3 for PMLI: 11r x 4c
2026-04-01 12:16:38,082 - INFO - Table 4 for PMLI: 11r x 4c
2026-04-01 12:16:38,084 - INFO - Table 5 for PMLI: 13r x 11c
2026-04-01 12:16:42,492 - INFO - Found 5 tables for PPCL
2026-04-01 12:16:42,499 - INFO - Table 3 for PPCL: 11r x 4c
2026-04-01 12:16:42,500 - INFO - Table 4 for PPCL: 15r x 4c
2026-04-01 12:16:42,501 - INFO - Table 5 for PPCL: 13r x 11c
2026-04-01 12:16:46,880 - INFO - Found 5 tables for PPL
2026-04-01 12:16:46,886 - INFO - Table 3 for PPL: 11r x 4c
2026-04-01 12:16:46,887 - INFO - Table 4 for PPL: 15r x 4c
2026-04-01 12:16:46,889 - INFO - Table 5 for PPL: 13r x 11c
2026-04-01 12:16:51,271 - INFO - Found 5 tables for PRIN
2026-04-01 12:16:51,278 - INFO - Table 3 for PRIN: 11r x 4c
2026-04-01 12:16:51,279 - INFO - Table 4 for PRIN: 11r x 4c
2026-04-01 12:16:51,280 - INFO - Table 5 for PRIN: 13r x 11c
2026-04-01 12:16:55,428 - INFO - Found 5 tables for PROFL
2026-04-01 12:16:55,435 - INFO - Table 3 for PROFL: 11r x 4c
2026-04-01 12:16:55,436 - INFO - Table 4 for PROFL: 11r x 4c
2026-04-01 12:16:55,438 - INFO - Table 5 for PROFL: 13r x 11c
2026-04-01 12:16:59,781 - INFO - Found 5 tables for PRVU
2026-04-01 12:16:59,787 - INFO - Table 3 for PRVU: 11r x 4c
2026-04-01 12:16:59,788 - INFO - Table 4 for PRVU: 11r x 4c
2026-04-01 12:16:59,790 - INFO - Table 5 for PRVU: 13r x 11c
2026-04-01 12:17:04,171 - INFO - Found 5 tables for PURE
2026-04-01 12:17:04,178 - INFO - Table 3 for PURE: 11r x 4c
2026-04-01 12:17:04,179 - INFO - Table 4 for PURE: 15r x 4c
2026-04-01 12:17:04,180 - INFO - Table 5 for PURE: 13r x 6c
2026-04-01 12:17:08,497 - INFO - Found 5 tables for RADHI
2026-04-01 12:17:08,504 - INFO - Table 3 for RADHI: 11r x 4c
2026-04-01 12:17:08,505 - INFO - Table 4 for RADHI: 15r x 4c
2026-04-01 12:17:08,506 - INFO - Table 5 for RADHI: 13r x 11c
2026-04-01 12:17:12,717 - INFO - Found 5 tables for RAWA
2026-04-01 12:17:12,724 - INFO - Table 3 for RAWA: 11r x 4c
2026-04-01 12:17:12,725 - INFO - Table 4 for RAWA: 15r x 4c
2026-04-01 12:17:12,727 - INFO - Table 5 for RAWA: 13r x 11c
2026-04-01 12:17:17,118 - INFO - Found 5 tables for RBCL
2026-04-01 12:17:17,125 - INFO - Table 3 for RBCL: 11r x 4c
2026-04-01 12:17:17,125 - INFO - Table 4 for RBCL: 11r x 4c
2026-04-01 12:17:17,127 - INFO - Table 5 for RBCL: 13r x 11c
2026-04-01 12:17:21,513 - INFO - Found 5 tables for RFPL
2026-04-01 12:17:21,520 - INFO - Table 3 for RFPL: 11r x 4c
2026-04-01 12:17:21,521 - INFO - Table 4 for RFPL: 15r x 4c
2026-04-01 12:17:21,522 - INFO - Table 5 for RFPL: 13r x 10c
2026-04-01 12:17:25,884 - INFO - Found 5 tables for RHGCL
2026-04-01 12:17:25,890 - INFO - Table 3 for RHGCL: 11r x 4c
2026-04-01 12:17:25,891 - INFO - Table 4 for RHGCL: 15r x 4c
2026-04-01 12:17:25,893 - INFO - Table 5 for RHGCL: 13r x 11c
2026-04-01 12:17:30,263 - INFO - Found 5 tables for RHPL
2026-04-01 12:17:30,269 - INFO - Table 3 for RHPL: 11r x 4c
2026-04-01 12:17:30,270 - INFO - Table 4 for RHPL: 15r x 4c
2026-04-01 12:17:30,272 - INFO - Table 5 for RHPL: 13r x 11c
2026-04-01 12:17:42,681 - INFO - Found 5 tables for RIDI
2026-04-01 12:17:42,688 - INFO - Table 3 for RIDI: 11r x 4c
2026-04-01 12:17:42,689 - INFO - Table 4 for RIDI: 15r x 4c
2026-04-01 12:17:42,691 - INFO - Table 5 for RIDI: 13r x 11c
2026-04-01 12:17:47,310 - INFO - Found 5 tables for RLFL
2026-04-01 12:17:47,317 - INFO - Table 3 for RLFL: 11r x 4c
2026-04-01 12:17:47,318 - INFO - Table 4 for RLFL: 11r x 4c
2026-04-01 12:17:47,319 - INFO - Table 5 for RLFL: 13r x 11c
2026-04-01 12:17:51,682 - INFO - Found 5 tables for RNLI
2026-04-01 12:17:51,688 - INFO - Table 3 for RNLI: 11r x 4c
2026-04-01 12:17:51,689 - INFO - Table 4 for RNLI: 11r x 4c
2026-04-01 12:17:51,691 - INFO - Table 5 for RNLI: 13r x 11c
2026-04-01 12:17:55,988 - INFO - Found 5 tables for RSDC
2026-04-01 12:17:55,994 - INFO - Table 3 for RSDC: 11r x 4c
2026-04-01 12:17:55,995 - INFO - Table 4 for RSDC: 11r x 4c
2026-04-01 12:17:55,996 - INFO - Table 5 for RSDC: 13r x 11c
2026-04-01 12:18:00,326 - INFO - Found 5 tables for RURU
2026-04-01 12:18:00,333 - INFO - Table 3 for RURU: 11r x 4c
2026-04-01 12:18:00,334 - INFO - Table 4 for RURU: 15r x 4c
2026-04-01 12:18:00,335 - INFO - Table 5 for RURU: 13r x 11c
2026-04-01 12:18:04,748 - INFO - Found 5 tables for SADBL
2026-04-01 12:18:04,754 - INFO - Table 3 for SADBL: 11r x 4c
2026-04-01 12:18:04,755 - INFO - Table 4 for SADBL: 11r x 4c
2026-04-01 12:18:04,757 - INFO - Table 5 for SADBL: 13r x 11c
2026-04-01 12:18:09,125 - INFO - Found 5 tables for SAHAS
2026-04-01 12:18:09,132 - INFO - Table 3 for SAHAS: 11r x 4c
2026-04-01 12:18:09,133 - INFO - Table 4 for SAHAS: 15r x 4c
2026-04-01 12:18:09,134 - INFO - Table 5 for SAHAS: 13r x 11c
2026-04-01 12:18:13,529 - INFO - Found 5 tables for SALICO
2026-04-01 12:18:13,536 - INFO - Table 3 for SALICO: 11r x 4c
2026-04-01 12:18:13,536 - INFO - Table 4 for SALICO: 11r x 4c
2026-04-01 12:18:13,538 - INFO - Table 5 for SALICO: 13r x 11c
2026-04-01 12:18:17,821 - INFO - Found 5 tables for SAMAJ
2026-04-01 12:18:17,827 - INFO - Table 3 for SAMAJ: 11r x 4c
2026-04-01 12:18:17,828 - INFO - Table 4 for SAMAJ: 11r x 4c
2026-04-01 12:18:17,829 - INFO - Table 5 for SAMAJ: 13r x 9c
2026-04-01 12:18:22,213 - INFO - Found 5 tables for SANIMA
2026-04-01 12:18:22,219 - INFO - Table 3 for SANIMA: 11r x 4c
2026-04-01 12:18:22,220 - INFO - Table 4 for SANIMA: 11r x 4c
2026-04-01 12:18:22,222 - INFO - Table 5 for SANIMA: 13r x 11c
2026-04-01 12:18:26,726 - INFO - Found 5 tables for SANVI
2026-04-01 12:18:26,732 - INFO - Table 3 for SANVI: 11r x 4c
2026-04-01 12:18:26,733 - INFO - Table 4 for SANVI: 15r x 4c
2026-04-01 12:18:26,734 - INFO - Table 5 for SANVI: 13r x 6c
2026-04-01 12:18:31,083 - INFO - Found 5 tables for SAPDBL
2026-04-01 12:18:31,089 - INFO - Table 3 for SAPDBL: 11r x 4c
2026-04-01 12:18:31,090 - INFO - Table 4 for SAPDBL: 11r x 4c
2026-04-01 12:18:31,091 - INFO - Table 5 for SAPDBL: 13r x 11c
2026-04-01 12:18:43,539 - INFO - Found 5 tables for SARBTM
2026-04-01 12:18:43,545 - INFO - Table 3 for SARBTM: 11r x 4c
2026-04-01 12:18:43,546 - INFO - Table 4 for SARBTM: 11r x 4c
2026-04-01 12:18:43,547 - INFO - Table 5 for SARBTM: 13r x 11c
2026-04-01 12:18:47,880 - INFO - Found 5 tables for SBI
2026-04-01 12:18:47,886 - INFO - Table 3 for SBI: 11r x 4c
2026-04-01 12:18:47,887 - INFO - Table 4 for SBI: 11r x 4c
2026-04-01 12:18:47,889 - INFO - Table 5 for SBI: 13r x 11c
2026-04-01 12:18:52,232 - INFO - Found 5 tables for SBL
2026-04-01 12:18:52,238 - INFO - Table 3 for SBL: 11r x 4c
2026-04-01 12:18:52,239 - INFO - Table 4 for SBL: 11r x 4c
2026-04-01 12:18:52,240 - INFO - Table 5 for SBL: 13r x 11c
2026-04-01 12:18:56,710 - INFO - Found 5 tables for SCB
2026-04-01 12:18:56,716 - INFO - Table 3 for SCB: 11r x 4c
2026-04-01 12:18:56,717 - INFO - Table 4 for SCB: 11r x 4c
2026-04-01 12:18:56,719 - INFO - Table 5 for SCB: 13r x 11c
2026-04-01 12:19:01,025 - INFO - Found 5 tables for SFCL
2026-04-01 12:19:01,032 - INFO - Table 3 for SFCL: 11r x 4c
2026-04-01 12:19:01,033 - INFO - Table 4 for SFCL: 11r x 4c
2026-04-01 12:19:01,034 - INFO - Table 5 for SFCL: 13r x 11c
2026-04-01 12:19:05,376 - INFO - Found 5 tables for SGHC
2026-04-01 12:19:05,382 - INFO - Table 3 for SGHC: 11r x 4c
2026-04-01 12:19:05,383 - INFO - Table 4 for SGHC: 15r x 4c
2026-04-01 12:19:05,385 - INFO - Table 5 for SGHC: 13r x 11c
2026-04-01 12:19:09,733 - INFO - Found 5 tables for SGIC
2026-04-01 12:19:09,740 - INFO - Table 3 for SGIC: 11r x 4c
2026-04-01 12:19:09,741 - INFO - Table 4 for SGIC: 11r x 4c
2026-04-01 12:19:09,742 - INFO - Table 5 for SGIC: 13r x 11c
2026-04-01 12:19:13,962 - INFO - Found 5 tables for SHEL
2026-04-01 12:19:13,969 - INFO - Table 3 for SHEL: 11r x 4c
2026-04-01 12:19:13,969 - INFO - Table 4 for SHEL: 15r x 4c
2026-04-01 12:19:13,971 - INFO - Table 5 for SHEL: 13r x 11c
2026-04-01 12:19:18,420 - INFO - Found 5 tables for SHINE
2026-04-01 12:19:18,426 - INFO - Table 3 for SHINE: 11r x 4c
2026-04-01 12:19:18,427 - INFO - Table 4 for SHINE: 11r x 4c
2026-04-01 12:19:18,428 - INFO - Table 5 for SHINE: 13r x 11c
2026-04-01 12:19:22,739 - INFO - Found 5 tables for SHIVM
2026-04-01 12:19:22,746 - INFO - Table 3 for SHIVM: 11r x 4c
2026-04-01 12:19:22,746 - INFO - Table 4 for SHIVM: 11r x 4c
2026-04-01 12:19:22,748 - INFO - Table 5 for SHIVM: 13r x 11c
2026-04-01 12:19:27,081 - INFO - Found 5 tables for SHL
2026-04-01 12:19:27,087 - INFO - Table 3 for SHL: 11r x 4c
2026-04-01 12:19:27,088 - INFO - Table 4 for SHL: 11r x 4c
2026-04-01 12:19:27,090 - INFO - Table 5 for SHL: 13r x 11c
2026-04-01 12:19:31,408 - INFO - Found 5 tables for SHLB
2026-04-01 12:19:31,414 - INFO - Table 3 for SHLB: 11r x 4c
2026-04-01 12:19:31,415 - INFO - Table 4 for SHLB: 11r x 4c
2026-04-01 12:19:31,416 - INFO - Table 5 for SHLB: 13r x 11c
2026-04-01 12:19:35,411 - INFO - Found 5 tables for SHPC
2026-04-01 12:19:35,418 - INFO - Table 3 for SHPC: 11r x 4c
2026-04-01 12:19:35,419 - INFO - Table 4 for SHPC: 15r x 4c
2026-04-01 12:19:35,420 - INFO - Table 5 for SHPC: 13r x 11c
2026-04-01 12:19:39,868 - INFO - Found 5 tables for SICL
2026-04-01 12:19:39,874 - INFO - Table 3 for SICL: 11r x 4c
2026-04-01 12:19:39,875 - INFO - Table 4 for SICL: 11r x 4c
2026-04-01 12:19:39,877 - INFO - Table 5 for SICL: 13r x 11c
2026-04-01 12:19:44,229 - INFO - Found 5 tables for SIFC
2026-04-01 12:19:44,236 - INFO - Table 3 for SIFC: 11r x 4c
2026-04-01 12:19:44,236 - INFO - Table 4 for SIFC: 11r x 4c
2026-04-01 12:19:44,238 - INFO - Table 5 for SIFC: 13r x 11c
2026-04-01 12:19:48,626 - INFO - Found 5 tables for SIKLES
2026-04-01 12:19:48,633 - INFO - Table 3 for SIKLES: 11r x 4c
2026-04-01 12:19:48,634 - INFO - Table 4 for SIKLES: 15r x 4c
2026-04-01 12:19:48,635 - INFO - Table 5 for SIKLES: 13r x 11c
2026-04-01 12:19:52,946 - INFO - Found 5 tables for SINDU
2026-04-01 12:19:52,952 - INFO - Table 3 for SINDU: 11r x 4c
2026-04-01 12:19:52,953 - INFO - Table 4 for SINDU: 11r x 4c
2026-04-01 12:19:52,954 - INFO - Table 5 for SINDU: 13r x 11c
2026-04-01 12:19:57,250 - INFO - Found 5 tables for SJCL
2026-04-01 12:19:57,257 - INFO - Table 3 for SJCL: 11r x 4c
2026-04-01 12:19:57,258 - INFO - Table 4 for SJCL: 15r x 4c
2026-04-01 12:19:57,259 - INFO - Table 5 for SJCL: 13r x 11c
2026-04-01 12:20:01,454 - INFO - Found 5 tables for SJLIC
2026-04-01 12:20:01,460 - INFO - Table 3 for SJLIC: 11r x 4c
2026-04-01 12:20:01,461 - INFO - Table 4 for SJLIC: 11r x 4c
2026-04-01 12:20:01,463 - INFO - Table 5 for SJLIC: 13r x 11c
2026-04-01 12:20:05,555 - INFO - Found 5 tables for SKBBL
2026-04-01 12:20:05,561 - INFO - Table 3 for SKBBL: 11r x 4c
2026-04-01 12:20:05,562 - INFO - Table 4 for SKBBL: 11r x 4c
2026-04-01 12:20:05,563 - INFO - Table 5 for SKBBL: 13r x 11c
2026-04-01 12:20:09,690 - INFO - Found 5 tables for SLBBL
2026-04-01 12:20:09,696 - INFO - Table 3 for SLBBL: 11r x 4c
2026-04-01 12:20:09,697 - INFO - Table 4 for SLBBL: 11r x 4c
2026-04-01 12:20:09,699 - INFO - Table 5 for SLBBL: 13r x 11c
2026-04-01 12:20:13,786 - INFO - Found 5 tables for SLBSL
2026-04-01 12:20:13,792 - INFO - Table 3 for SLBSL: 11r x 4c
2026-04-01 12:20:13,793 - INFO - Table 4 for SLBSL: 11r x 4c
2026-04-01 12:20:13,795 - INFO - Table 5 for SLBSL: 13r x 11c
2026-04-01 12:20:18,139 - INFO - Found 5 tables for SMATA
2026-04-01 12:20:18,146 - INFO - Table 3 for SMATA: 11r x 4c
2026-04-01 12:20:18,146 - INFO - Table 4 for SMATA: 11r x 4c
2026-04-01 12:20:18,148 - INFO - Table 5 for SMATA: 13r x 11c
2026-04-01 12:20:22,652 - INFO - Found 5 tables for SMB
2026-04-01 12:20:22,658 - INFO - Table 3 for SMB: 11r x 4c
2026-04-01 12:20:22,659 - INFO - Table 4 for SMB: 11r x 4c
2026-04-01 12:20:22,661 - INFO - Table 5 for SMB: 13r x 11c
2026-04-01 12:20:27,027 - INFO - Found 5 tables for SMFBS
2026-04-01 12:20:27,033 - INFO - Table 3 for SMFBS: 11r x 4c
2026-04-01 12:20:27,034 - INFO - Table 4 for SMFBS: 11r x 4c
2026-04-01 12:20:27,036 - INFO - Table 5 for SMFBS: 13r x 11c
2026-04-01 12:20:31,359 - INFO - Found 5 tables for SMH
2026-04-01 12:20:31,365 - INFO - Table 3 for SMH: 11r x 4c
2026-04-01 12:20:31,366 - INFO - Table 4 for SMH: 15r x 4c
2026-04-01 12:20:31,368 - INFO - Table 5 for SMH: 13r x 11c
2026-04-01 12:20:35,521 - INFO - Found 5 tables for SMHL
2026-04-01 12:20:35,527 - INFO - Table 3 for SMHL: 11r x 4c
2026-04-01 12:20:35,528 - INFO - Table 4 for SMHL: 15r x 4c
2026-04-01 12:20:35,530 - INFO - Table 5 for SMHL: 13r x 11c
2026-04-01 12:20:39,527 - INFO - Found 5 tables for SMJC
2026-04-01 12:20:39,534 - INFO - Table 3 for SMJC: 11r x 4c
2026-04-01 12:20:39,535 - INFO - Table 4 for SMJC: 15r x 4c
2026-04-01 12:20:39,536 - INFO - Table 5 for SMJC: 13r x 11c
2026-04-01 12:20:44,009 - INFO - Found 5 tables for SMPDA
2026-04-01 12:20:44,016 - INFO - Table 3 for SMPDA: 11r x 4c
2026-04-01 12:20:44,017 - INFO - Table 4 for SMPDA: 11r x 4c
2026-04-01 12:20:44,018 - INFO - Table 5 for SMPDA: 13r x 10c
2026-04-01 12:20:48,592 - INFO - Found 5 tables for SNLI
2026-04-01 12:20:48,599 - INFO - Table 3 for SNLI: 11r x 4c
2026-04-01 12:20:48,600 - INFO - Table 4 for SNLI: 11r x 4c
2026-04-01 12:20:48,601 - INFO - Table 5 for SNLI: 13r x 11c
2026-04-01 12:20:52,958 - INFO - Found 5 tables for SONA
2026-04-01 12:20:52,965 - INFO - Table 3 for SONA: 11r x 4c
2026-04-01 12:20:52,966 - INFO - Table 4 for SONA: 11r x 4c
2026-04-01 12:20:52,968 - INFO - Table 5 for SONA: 13r x 11c
2026-04-01 12:20:57,360 - INFO - Found 5 tables for SPC
2026-04-01 12:20:57,367 - INFO - Table 3 for SPC: 11r x 4c
2026-04-01 12:20:57,368 - INFO - Table 4 for SPC: 15r x 4c
2026-04-01 12:20:57,369 - INFO - Table 5 for SPC: 13r x 11c
2026-04-01 12:21:01,745 - INFO - Found 5 tables for SPDL
2026-04-01 12:21:01,751 - INFO - Table 3 for SPDL: 11r x 4c
2026-04-01 12:21:01,752 - INFO - Table 4 for SPDL: 15r x 4c
2026-04-01 12:21:01,754 - INFO - Table 5 for SPDL: 13r x 11c
2026-04-01 12:21:05,932 - INFO - Found 5 tables for SPHL
2026-04-01 12:21:05,939 - INFO - Table 3 for SPHL: 11r x 4c
2026-04-01 12:21:05,940 - INFO - Table 4 for SPHL: 15r x 4c
2026-04-01 12:21:05,941 - INFO - Table 5 for SPHL: 13r x 11c
2026-04-01 12:21:10,384 - INFO - Found 5 tables for SPIL
2026-04-01 12:21:10,390 - INFO - Table 3 for SPIL: 11r x 4c
2026-04-01 12:21:10,391 - INFO - Table 4 for SPIL: 11r x 4c
2026-04-01 12:21:10,393 - INFO - Table 5 for SPIL: 13r x 11c
2026-04-01 12:21:14,759 - INFO - Found 5 tables for SPL
2026-04-01 12:21:14,766 - INFO - Table 3 for SPL: 11r x 4c
2026-04-01 12:21:14,767 - INFO - Table 4 for SPL: 15r x 4c
2026-04-01 12:21:14,768 - INFO - Table 5 for SPL: 13r x 11c
2026-04-01 12:21:19,164 - INFO - Found 5 tables for SRLI
2026-04-01 12:21:19,171 - INFO - Table 3 for SRLI: 11r x 4c
2026-04-01 12:21:19,172 - INFO - Table 4 for SRLI: 11r x 4c
2026-04-01 12:21:19,173 - INFO - Table 5 for SRLI: 13r x 11c
2026-04-01 12:21:23,407 - INFO - Found 5 tables for SSHL
2026-04-01 12:21:23,414 - INFO - Table 3 for SSHL: 11r x 4c
2026-04-01 12:21:23,415 - INFO - Table 4 for SSHL: 15r x 4c
2026-04-01 12:21:23,416 - INFO - Table 5 for SSHL: 13r x 10c
2026-04-01 12:21:27,863 - INFO - Found 5 tables for STC
2026-04-01 12:21:27,870 - INFO - Table 3 for STC: 11r x 4c
2026-04-01 12:21:27,871 - INFO - Table 4 for STC: 11r x 4c
2026-04-01 12:21:27,873 - INFO - Table 5 for STC: 13r x 11c
2026-04-01 12:21:33,412 - INFO - Found 5 tables for SWBBL
2026-04-01 12:21:33,418 - INFO - Table 3 for SWBBL: 11r x 4c
2026-04-01 12:21:33,419 - INFO - Table 4 for SWBBL: 11r x 4c
2026-04-01 12:21:33,421 - INFO - Table 5 for SWBBL: 13r x 11c
2026-04-01 12:21:37,833 - INFO - Found 5 tables for SWMF
2026-04-01 12:21:37,840 - INFO - Table 3 for SWMF: 11r x 4c
2026-04-01 12:21:37,841 - INFO - Table 4 for SWMF: 11r x 4c
2026-04-01 12:21:37,842 - INFO - Table 5 for SWMF: 13r x 11c
2026-04-01 12:21:42,196 - INFO - Found 5 tables for TAMOR
2026-04-01 12:21:42,203 - INFO - Table 3 for TAMOR: 11r x 4c
2026-04-01 12:21:42,204 - INFO - Table 4 for TAMOR: 15r x 4c
2026-04-01 12:21:42,205 - INFO - Table 5 for TAMOR: 13r x 11c
2026-04-01 12:21:46,602 - INFO - Found 5 tables for TPC
2026-04-01 12:21:46,608 - INFO - Table 3 for TPC: 11r x 4c
2026-04-01 12:21:46,609 - INFO - Table 4 for TPC: 15r x 4c
2026-04-01 12:21:46,611 - INFO - Table 5 for TPC: 13r x 11c
2026-04-01 12:21:51,001 - INFO - Found 5 tables for TRH
2026-04-01 12:21:51,007 - INFO - Table 3 for TRH: 11r x 4c
2026-04-01 12:21:51,008 - INFO - Table 4 for TRH: 11r x 4c
2026-04-01 12:21:51,010 - INFO - Table 5 for TRH: 13r x 11c
2026-04-01 12:21:55,309 - INFO - Found 5 tables for TSHL
2026-04-01 12:21:55,315 - INFO - Table 3 for TSHL: 11r x 4c
2026-04-01 12:21:55,316 - INFO - Table 4 for TSHL: 15r x 4c
2026-04-01 12:21:55,318 - INFO - Table 5 for TSHL: 13r x 11c
2026-04-01 12:21:59,671 - INFO - Found 5 tables for TTL
2026-04-01 12:21:59,677 - INFO - Table 3 for TTL: 11r x 4c
2026-04-01 12:21:59,678 - INFO - Table 4 for TTL: 11r x 4c
2026-04-01 12:21:59,679 - INFO - Table 5 for TTL: 13r x 6c
2026-04-01 12:22:04,470 - INFO - Found 5 tables for TVCL
2026-04-01 12:22:04,477 - INFO - Table 3 for TVCL: 11r x 4c
2026-04-01 12:22:04,478 - INFO - Table 4 for TVCL: 15r x 4c
2026-04-01 12:22:04,479 - INFO - Table 5 for TVCL: 13r x 11c
2026-04-01 12:22:08,923 - INFO - Found 5 tables for UAIL
2026-04-01 12:22:08,930 - INFO - Table 3 for UAIL: 11r x 4c
2026-04-01 12:22:08,931 - INFO - Table 4 for UAIL: 11r x 4c
2026-04-01 12:22:08,932 - INFO - Table 5 for UAIL: 13r x 11c
2026-04-01 12:22:13,749 - INFO - Found 5 tables for UHEWA
2026-04-01 12:22:13,756 - INFO - Table 3 for UHEWA: 11r x 4c
2026-04-01 12:22:13,757 - INFO - Table 4 for UHEWA: 15r x 4c
2026-04-01 12:22:13,759 - INFO - Table 5 for UHEWA: 13r x 11c
2026-04-01 12:22:26,056 - INFO - Found 5 tables for ULBSL
2026-04-01 12:22:26,063 - INFO - Table 3 for ULBSL: 11r x 4c
2026-04-01 12:22:26,064 - INFO - Table 4 for ULBSL: 11r x 4c
2026-04-01 12:22:26,065 - INFO - Table 5 for ULBSL: 13r x 11c
2026-04-01 12:22:30,436 - INFO - Found 5 tables for ULHC
2026-04-01 12:22:30,443 - INFO - Table 3 for ULHC: 11r x 4c
2026-04-01 12:22:30,444 - INFO - Table 4 for ULHC: 15r x 4c
2026-04-01 12:22:30,445 - INFO - Table 5 for ULHC: 13r x 9c
2026-04-01 12:22:34,841 - INFO - Found 5 tables for UMHL
2026-04-01 12:22:34,847 - INFO - Table 3 for UMHL: 11r x 4c
2026-04-01 12:22:34,848 - INFO - Table 4 for UMHL: 15r x 4c
2026-04-01 12:22:34,850 - INFO - Table 5 for UMHL: 13r x 11c
2026-04-01 12:22:39,225 - INFO - Found 5 tables for UMRH
2026-04-01 12:22:39,232 - INFO - Table 3 for UMRH: 11r x 4c
2026-04-01 12:22:39,233 - INFO - Table 4 for UMRH: 15r x 4c
2026-04-01 12:22:39,235 - INFO - Table 5 for UMRH: 13r x 11c
2026-04-01 12:22:43,693 - INFO - Found 5 tables for UNHPL
2026-04-01 12:22:43,700 - INFO - Table 3 for UNHPL: 11r x 4c
2026-04-01 12:22:43,701 - INFO - Table 4 for UNHPL: 15r x 4c
2026-04-01 12:22:43,702 - INFO - Table 5 for UNHPL: 13r x 11c
2026-04-01 12:22:48,014 - INFO - Found 5 tables for UNL
2026-04-01 12:22:48,020 - INFO - Table 3 for UNL: 11r x 4c
2026-04-01 12:22:48,021 - INFO - Table 4 for UNL: 11r x 4c
2026-04-01 12:22:48,023 - INFO - Table 5 for UNL: 13r x 11c
2026-04-01 12:22:52,382 - INFO - Found 5 tables for UNLB
2026-04-01 12:22:52,389 - INFO - Table 3 for UNLB: 11r x 4c
2026-04-01 12:22:52,390 - INFO - Table 4 for UNLB: 11r x 4c
2026-04-01 12:22:52,391 - INFO - Table 5 for UNLB: 13r x 11c
2026-04-01 12:22:56,780 - INFO - Found 5 tables for UPCL
2026-04-01 12:22:56,786 - INFO - Table 3 for UPCL: 11r x 4c
2026-04-01 12:22:56,787 - INFO - Table 4 for UPCL: 15r x 4c
2026-04-01 12:22:56,789 - INFO - Table 5 for UPCL: 13r x 11c
2026-04-01 12:23:01,194 - INFO - Found 5 tables for UPPER
2026-04-01 12:23:01,201 - INFO - Table 3 for UPPER: 11r x 4c
2026-04-01 12:23:01,202 - INFO - Table 4 for UPPER: 15r x 4c
2026-04-01 12:23:01,203 - INFO - Table 5 for UPPER: 13r x 11c
2026-04-01 12:23:05,441 - INFO - Found 5 tables for USHEC
2026-04-01 12:23:05,447 - INFO - Table 3 for USHEC: 11r x 4c
2026-04-01 12:23:05,448 - INFO - Table 4 for USHEC: 15r x 4c
2026-04-01 12:23:05,450 - INFO - Table 5 for USHEC: 13r x 11c
2026-04-01 12:23:09,481 - INFO - Found 5 tables for USHL
2026-04-01 12:23:09,488 - INFO - Table 3 for USHL: 11r x 4c
2026-04-01 12:23:09,489 - INFO - Table 4 for USHL: 15r x 4c
2026-04-01 12:23:09,490 - INFO - Table 5 for USHL: 13r x 11c
2026-04-01 12:23:13,813 - INFO - Found 5 tables for USLB
2026-04-01 12:23:13,820 - INFO - Table 3 for USLB: 11r x 4c
2026-04-01 12:23:13,821 - INFO - Table 4 for USLB: 11r x 4c
2026-04-01 12:23:13,823 - INFO - Table 5 for USLB: 13r x 11c
2026-04-01 12:23:17,897 - INFO - Found 5 tables for VLBS
2026-04-01 12:23:17,904 - INFO - Table 3 for VLBS: 11r x 4c
2026-04-01 12:23:17,905 - INFO - Table 4 for VLBS: 11r x 4c
2026-04-01 12:23:17,906 - INFO - Table 5 for VLBS: 13r x 11c
2026-04-01 12:23:22,357 - INFO - Found 5 tables for VLUCL
2026-04-01 12:23:22,364 - INFO - Table 3 for VLUCL: 11r x 4c
2026-04-01 12:23:22,365 - INFO - Table 4 for VLUCL: 15r x 4c
2026-04-01 12:23:22,366 - INFO - Table 5 for VLUCL: 13r x 11c
2026-04-01 12:23:26,498 - INFO - Found 5 tables for WNLB
2026-04-01 12:23:26,504 - INFO - Table 3 for WNLB: 11r x 4c
2026-04-01 12:23:26,505 - INFO - Table 4 for WNLB: 11r x 4c
2026-04-01 12:23:26,507 - INFO - Table 5 for WNLB: 13r x 11c
2026-04-01 12:23:30,277 - INFO - CSV saved: Link_Attributes.csv
2026-04-01 12:23:30,336 - INFO - CSV saved: Link_Additional.csv
2026-04-01 12:23:31,864 - INFO - Dashboard saved: index.html
2026-04-02 11:58:26,261 - INFO - Found 251 URLs
2026-04-02 11:58:30,293 - INFO - Found 5 tables for ACLBSL
2026-04-02 11:58:30,301 - INFO - Table 3 for ACLBSL: 11r x 4c
2026-04-02 11:58:30,303 - INFO - Table 4 for ACLBSL: 11r x 4c
2026-04-02 11:58:30,304 - INFO - Table 5 for ACLBSL: 13r x 11c
2026-04-02 11:58:52,828 - INFO - Found 5 tables for ADBL
2026-04-02 11:58:52,838 - INFO - Table 3 for ADBL: 11r x 4c
2026-04-02 11:58:52,839 - INFO - Table 4 for ADBL: 11r x 4c
2026-04-02 11:58:52,841 - INFO - Table 5 for ADBL: 13r x 11c
2026-04-02 11:59:01,301 - INFO - Found 5 tables for AHL
2026-04-02 11:59:01,309 - INFO - Table 3 for AHL: 11r x 4c
2026-04-02 11:59:01,310 - INFO - Table 4 for AHL: 15r x 4c
2026-04-02 11:59:01,312 - INFO - Table 5 for AHL: 13r x 11c
2026-04-02 11:59:05,841 - INFO - Found 5 tables for AHPC
2026-04-02 11:59:05,849 - INFO - Table 3 for AHPC: 11r x 4c
2026-04-02 11:59:05,850 - INFO - Table 4 for AHPC: 15r x 4c
2026-04-02 11:59:05,851 - INFO - Table 5 for AHPC: 13r x 11c
2026-04-02 11:59:10,327 - INFO - Found 5 tables for AKJCL
2026-04-02 11:59:10,335 - INFO - Table 3 for AKJCL: 11r x 4c
2026-04-02 11:59:10,336 - INFO - Table 4 for AKJCL: 15r x 4c
2026-04-02 11:59:10,338 - INFO - Table 5 for AKJCL: 13r x 11c
2026-04-02 11:59:14,969 - INFO - Found 5 tables for AKPL
2026-04-02 11:59:14,978 - INFO - Table 3 for AKPL: 11r x 4c
2026-04-02 11:59:14,979 - INFO - Table 4 for AKPL: 15r x 4c
2026-04-02 11:59:14,980 - INFO - Table 5 for AKPL: 13r x 11c
2026-04-02 11:59:19,454 - INFO - Found 5 tables for ALBSL
2026-04-02 11:59:19,462 - INFO - Table 3 for ALBSL: 11r x 4c
2026-04-02 11:59:19,463 - INFO - Table 4 for ALBSL: 11r x 4c
2026-04-02 11:59:19,465 - INFO - Table 5 for ALBSL: 13r x 11c
2026-04-02 11:59:23,866 - INFO - Found 5 tables for ALICL
2026-04-02 11:59:23,874 - INFO - Table 3 for ALICL: 11r x 4c
2026-04-02 11:59:23,875 - INFO - Table 4 for ALICL: 11r x 4c
2026-04-02 11:59:23,877 - INFO - Table 5 for ALICL: 13r x 11c
2026-04-02 11:59:29,184 - INFO - Found 5 tables for ANLB
2026-04-02 11:59:29,191 - INFO - Table 3 for ANLB: 11r x 4c
2026-04-02 11:59:29,192 - INFO - Table 4 for ANLB: 11r x 4c
2026-04-02 11:59:29,194 - INFO - Table 5 for ANLB: 13r x 11c
2026-04-02 11:59:34,393 - INFO - Found 5 tables for API
2026-04-02 11:59:34,401 - INFO - Table 3 for API: 11r x 4c
2026-04-02 11:59:34,402 - INFO - Table 4 for API: 15r x 4c
2026-04-02 11:59:34,404 - INFO - Table 5 for API: 13r x 11c
2026-04-02 11:59:39,582 - INFO - Found 5 tables for AVYAN
2026-04-02 11:59:39,590 - INFO - Table 3 for AVYAN: 11r x 4c
2026-04-02 11:59:39,591 - INFO - Table 4 for AVYAN: 11r x 4c
2026-04-02 11:59:39,592 - INFO - Table 5 for AVYAN: 13r x 11c
2026-04-02 11:59:44,018 - INFO - Found 5 tables for BARUN
2026-04-02 11:59:44,026 - INFO - Table 3 for BARUN: 11r x 4c
2026-04-02 11:59:44,027 - INFO - Table 4 for BARUN: 15r x 4c
2026-04-02 11:59:44,028 - INFO - Table 5 for BARUN: 13r x 11c
2026-04-02 11:59:48,456 - INFO - Found 4 tables for BBC
2026-04-02 11:59:48,463 - INFO - Table 3 for BBC: 11r x 4c
2026-04-02 11:59:48,464 - INFO - Table 4 for BBC: 11r x 4c
2026-04-02 11:59:52,952 - INFO - Found 5 tables for BEDC
2026-04-02 11:59:52,960 - INFO - Table 3 for BEDC: 11r x 4c
2026-04-02 11:59:52,961 - INFO - Table 4 for BEDC: 15r x 4c
2026-04-02 11:59:52,963 - INFO - Table 5 for BEDC: 13r x 11c
2026-04-02 11:59:57,476 - INFO - Found 5 tables for BFC
2026-04-02 11:59:57,484 - INFO - Table 3 for BFC: 11r x 4c
2026-04-02 11:59:57,532 - INFO - Table 4 for BFC: 11r x 4c
2026-04-02 11:59:57,533 - INFO - Table 5 for BFC: 13r x 10c
2026-04-02 12:00:01,969 - INFO - Found 5 tables for BGWT
2026-04-02 12:00:01,977 - INFO - Table 3 for BGWT: 11r x 4c
2026-04-02 12:00:01,978 - INFO - Table 4 for BGWT: 15r x 4c
2026-04-02 12:00:01,979 - INFO - Table 5 for BGWT: 13r x 11c
2026-04-02 12:00:13,551 - INFO - Found 5 tables for BHDC
2026-04-02 12:00:13,558 - INFO - Table 3 for BHDC: 11r x 4c
2026-04-02 12:00:13,559 - INFO - Table 4 for BHDC: 15r x 4c
2026-04-02 12:00:13,561 - INFO - Table 5 for BHDC: 13r x 11c
2026-04-02 12:00:17,985 - INFO - Found 5 tables for BHL
2026-04-02 12:00:17,993 - INFO - Table 3 for BHL: 11r x 4c
2026-04-02 12:00:17,994 - INFO - Table 4 for BHL: 15r x 4c
2026-04-02 12:00:17,995 - INFO - Table 5 for BHL: 13r x 11c
2026-04-02 12:00:22,521 - INFO - Found 5 tables for BHPL
2026-04-02 12:00:22,529 - INFO - Table 3 for BHPL: 11r x 4c
2026-04-02 12:00:22,530 - INFO - Table 4 for BHPL: 15r x 4c
2026-04-02 12:00:22,531 - INFO - Table 5 for BHPL: 13r x 11c
2026-04-02 12:00:27,691 - INFO - Found 5 tables for BNHC
2026-04-02 12:00:27,699 - INFO - Table 3 for BNHC: 11r x 4c
2026-04-02 12:00:27,700 - INFO - Table 4 for BNHC: 15r x 4c
2026-04-02 12:00:27,702 - INFO - Table 5 for BNHC: 13r x 11c
2026-04-02 12:00:38,485 - INFO - Found 5 tables for BNL
2026-04-02 12:00:38,493 - INFO - Table 3 for BNL: 11r x 4c
2026-04-02 12:00:38,494 - INFO - Table 4 for BNL: 11r x 4c
2026-04-02 12:00:38,495 - INFO - Table 5 for BNL: 13r x 11c
2026-04-02 12:00:42,938 - INFO - Found 5 tables for BNT
2026-04-02 12:00:42,945 - INFO - Table 3 for BNT: 11r x 4c
2026-04-02 12:00:42,946 - INFO - Table 4 for BNT: 11r x 4c
2026-04-02 12:00:42,948 - INFO - Table 5 for BNT: 13r x 11c
2026-04-02 12:00:47,499 - INFO - Found 5 tables for BPCL
2026-04-02 12:00:47,507 - INFO - Table 3 for BPCL: 11r x 4c
2026-04-02 12:00:47,508 - INFO - Table 4 for BPCL: 15r x 4c
2026-04-02 12:00:47,509 - INFO - Table 5 for BPCL: 13r x 11c
2026-04-02 12:00:52,017 - INFO - Found 5 tables for CBBL
2026-04-02 12:00:52,025 - INFO - Table 3 for CBBL: 11r x 4c
2026-04-02 12:00:52,026 - INFO - Table 4 for CBBL: 11r x 4c
2026-04-02 12:00:52,028 - INFO - Table 5 for CBBL: 13r x 11c
2026-04-02 12:00:56,579 - INFO - Found 5 tables for CFCL
2026-04-02 12:00:56,587 - INFO - Table 3 for CFCL: 11r x 4c
2026-04-02 12:00:56,588 - INFO - Table 4 for CFCL: 11r x 4c
2026-04-02 12:00:56,589 - INFO - Table 5 for CFCL: 13r x 10c
2026-04-02 12:01:01,006 - INFO - Found 5 tables for CGH
2026-04-02 12:01:01,014 - INFO - Table 3 for CGH: 11r x 4c
2026-04-02 12:01:01,015 - INFO - Table 4 for CGH: 11r x 4c
2026-04-02 12:01:01,017 - INFO - Table 5 for CGH: 13r x 11c
2026-04-02 12:01:06,219 - INFO - Found 5 tables for CHCL
2026-04-02 12:01:06,227 - INFO - Table 3 for CHCL: 11r x 4c
2026-04-02 12:01:06,228 - INFO - Table 4 for CHCL: 15r x 4c
2026-04-02 12:01:06,229 - INFO - Table 5 for CHCL: 13r x 11c
2026-04-02 12:01:13,081 - INFO - Found 5 tables for CHDC
2026-04-02 12:01:13,090 - INFO - Table 3 for CHDC: 11r x 4c
2026-04-02 12:01:13,091 - INFO - Table 4 for CHDC: 11r x 4c
2026-04-02 12:01:13,092 - INFO - Table 5 for CHDC: 13r x 11c
2026-04-02 12:01:17,673 - INFO - Found 5 tables for CHL
2026-04-02 12:01:17,681 - INFO - Table 3 for CHL: 11r x 4c
2026-04-02 12:01:17,682 - INFO - Table 4 for CHL: 15r x 4c
2026-04-02 12:01:17,684 - INFO - Table 5 for CHL: 13r x 11c
2026-04-02 12:01:22,097 - INFO - Found 5 tables for CIT
2026-04-02 12:01:22,106 - INFO - Table 3 for CIT: 11r x 4c
2026-04-02 12:01:22,106 - INFO - Table 4 for CIT: 11r x 4c
2026-04-02 12:01:22,108 - INFO - Table 5 for CIT: 13r x 11c
2026-04-02 12:01:43,367 - INFO - Found 5 tables for CITY
2026-04-02 12:01:43,375 - INFO - Table 3 for CITY: 11r x 4c
2026-04-02 12:01:43,376 - INFO - Table 4 for CITY: 11r x 4c
2026-04-02 12:01:43,378 - INFO - Table 5 for CITY: 13r x 11c
2026-04-02 12:01:47,810 - INFO - Found 5 tables for CKHL
2026-04-02 12:01:47,818 - INFO - Table 3 for CKHL: 11r x 4c
2026-04-02 12:01:47,819 - INFO - Table 4 for CKHL: 15r x 4c
2026-04-02 12:01:47,820 - INFO - Table 5 for CKHL: 13r x 11c
2026-04-02 12:01:52,123 - INFO - Found 5 tables for CLI
2026-04-02 12:01:52,131 - INFO - Table 3 for CLI: 11r x 4c
2026-04-02 12:01:52,132 - INFO - Table 4 for CLI: 11r x 4c
2026-04-02 12:01:52,133 - INFO - Table 5 for CLI: 13r x 11c
2026-04-02 12:01:56,601 - INFO - Found 5 tables for CORBL
2026-04-02 12:01:56,609 - INFO - Table 3 for CORBL: 11r x 4c
2026-04-02 12:01:56,610 - INFO - Table 4 for CORBL: 11r x 4c
2026-04-02 12:01:56,611 - INFO - Table 5 for CORBL: 13r x 11c
2026-04-02 12:02:01,222 - INFO - Found 5 tables for CREST
2026-04-02 12:02:01,230 - INFO - Table 3 for CREST: 11r x 4c
2026-04-02 12:02:01,231 - INFO - Table 4 for CREST: 11r x 4c
2026-04-02 12:02:01,232 - INFO - Table 5 for CREST: 13r x 7c
2026-04-02 12:02:14,498 - INFO - Found 5 tables for CYCL
2026-04-02 12:02:14,506 - INFO - Table 3 for CYCL: 11r x 4c
2026-04-02 12:02:14,507 - INFO - Table 4 for CYCL: 11r x 4c
2026-04-02 12:02:14,508 - INFO - Table 5 for CYCL: 13r x 11c
2026-04-02 12:02:18,994 - INFO - Found 5 tables for CZBIL
2026-04-02 12:02:19,002 - INFO - Table 3 for CZBIL: 11r x 4c
2026-04-02 12:02:19,003 - INFO - Table 4 for CZBIL: 11r x 4c
2026-04-02 12:02:19,004 - INFO - Table 5 for CZBIL: 13r x 11c
2026-04-02 12:03:09,147 - INFO - Found 5 tables for DDBL
2026-04-02 12:03:09,155 - INFO - Table 3 for DDBL: 11r x 4c
2026-04-02 12:03:09,156 - INFO - Table 4 for DDBL: 11r x 4c
2026-04-02 12:03:09,157 - INFO - Table 5 for DDBL: 13r x 11c
2026-04-02 12:03:15,993 - INFO - Found 5 tables for DHPL
2026-04-02 12:03:16,001 - INFO - Table 3 for DHPL: 11r x 4c
2026-04-02 12:03:16,002 - INFO - Table 4 for DHPL: 15r x 4c
2026-04-02 12:03:16,004 - INFO - Table 5 for DHPL: 13r x 11c
2026-04-02 12:03:20,700 - INFO - Found 5 tables for DLBS
2026-04-02 12:03:20,708 - INFO - Table 3 for DLBS: 11r x 4c
2026-04-02 12:03:20,709 - INFO - Table 4 for DLBS: 11r x 4c
2026-04-02 12:03:20,710 - INFO - Table 5 for DLBS: 13r x 10c
2026-04-02 12:03:25,135 - INFO - Found 5 tables for DOLTI
2026-04-02 12:03:25,143 - INFO - Table 3 for DOLTI: 11r x 4c
2026-04-02 12:03:25,144 - INFO - Table 4 for DOLTI: 15r x 4c
2026-04-02 12:03:25,146 - INFO - Table 5 for DOLTI: 13r x 11c
2026-04-02 12:04:15,434 - INFO - Found 5 tables for DORDI
2026-04-02 12:04:15,442 - INFO - Table 3 for DORDI: 11r x 4c
2026-04-02 12:04:15,443 - INFO - Table 4 for DORDI: 15r x 4c
2026-04-02 12:04:15,445 - INFO - Table 5 for DORDI: 13r x 11c
2026-04-02 12:04:20,066 - INFO - Found 5 tables for EBL
2026-04-02 12:04:20,074 - INFO - Table 3 for EBL: 11r x 4c
2026-04-02 12:04:20,075 - INFO - Table 4 for EBL: 11r x 4c
2026-04-02 12:04:20,076 - INFO - Table 5 for EBL: 13r x 11c
2026-04-02 12:04:24,542 - INFO - Found 5 tables for EDBL
2026-04-02 12:04:24,550 - INFO - Table 3 for EDBL: 11r x 4c
2026-04-02 12:04:24,551 - INFO - Table 4 for EDBL: 11r x 4c
2026-04-02 12:04:24,553 - INFO - Table 5 for EDBL: 13r x 11c
2026-04-02 12:05:14,604 - INFO - Found 5 tables for EHPL
2026-04-02 12:05:14,612 - INFO - Table 3 for EHPL: 11r x 4c
2026-04-02 12:05:14,613 - INFO - Table 4 for EHPL: 15r x 4c
2026-04-02 12:05:14,614 - INFO - Table 5 for EHPL: 13r x 11c
2026-04-02 12:05:19,126 - INFO - Found 5 tables for ENL
2026-04-02 12:05:19,134 - INFO - Table 3 for ENL: 11r x 4c
2026-04-02 12:05:19,135 - INFO - Table 4 for ENL: 11r x 4c
2026-04-02 12:05:19,136 - INFO - Table 5 for ENL: 13r x 11c
2026-04-02 12:05:23,567 - INFO - Found 5 tables for FMDBL
2026-04-02 12:05:23,575 - INFO - Table 3 for FMDBL: 11r x 4c
2026-04-02 12:05:23,576 - INFO - Table 4 for FMDBL: 11r x 4c
2026-04-02 12:05:23,577 - INFO - Table 5 for FMDBL: 13r x 11c
2026-04-02 12:05:28,054 - INFO - Found 5 tables for FOWAD
2026-04-02 12:05:28,062 - INFO - Table 3 for FOWAD: 11r x 4c
2026-04-02 12:05:28,063 - INFO - Table 4 for FOWAD: 11r x 4c
2026-04-02 12:05:28,065 - INFO - Table 5 for FOWAD: 13r x 11c
2026-04-02 12:05:32,484 - INFO - Found 5 tables for GBBL
2026-04-02 12:05:32,491 - INFO - Table 3 for GBBL: 11r x 4c
2026-04-02 12:05:32,492 - INFO - Table 4 for GBBL: 11r x 4c
2026-04-02 12:05:32,494 - INFO - Table 5 for GBBL: 13r x 11c
2026-04-02 12:05:37,021 - INFO - Found 5 tables for GBIME
2026-04-02 12:05:37,029 - INFO - Table 3 for GBIME: 11r x 4c
2026-04-02 12:05:37,030 - INFO - Table 4 for GBIME: 11r x 4c
2026-04-02 12:05:37,032 - INFO - Table 5 for GBIME: 13r x 11c
2026-04-02 12:05:41,592 - INFO - Found 5 tables for GBLBS
2026-04-02 12:05:41,600 - INFO - Table 3 for GBLBS: 11r x 4c
2026-04-02 12:05:41,601 - INFO - Table 4 for GBLBS: 11r x 4c
2026-04-02 12:05:41,602 - INFO - Table 5 for GBLBS: 13r x 10c
2026-04-02 12:05:46,133 - INFO - Found 5 tables for GCIL
2026-04-02 12:05:46,141 - INFO - Table 3 for GCIL: 11r x 4c
2026-04-02 12:05:46,142 - INFO - Table 4 for GCIL: 11r x 4c
2026-04-02 12:05:46,143 - INFO - Table 5 for GCIL: 13r x 11c
2026-04-02 12:05:50,590 - INFO - Found 5 tables for GFCL
2026-04-02 12:05:50,598 - INFO - Table 3 for GFCL: 11r x 4c
2026-04-02 12:05:50,599 - INFO - Table 4 for GFCL: 11r x 4c
2026-04-02 12:05:50,600 - INFO - Table 5 for GFCL: 13r x 11c
2026-04-02 12:05:54,985 - INFO - Found 5 tables for GHL
2026-04-02 12:05:54,993 - INFO - Table 3 for GHL: 11r x 4c
2026-04-02 12:05:54,994 - INFO - Table 4 for GHL: 15r x 4c
2026-04-02 12:05:54,996 - INFO - Table 5 for GHL: 13r x 11c
2026-04-02 12:05:59,491 - INFO - Found 5 tables for GILB
2026-04-02 12:05:59,499 - INFO - Table 3 for GILB: 11r x 4c
2026-04-02 12:05:59,500 - INFO - Table 4 for GILB: 11r x 4c
2026-04-02 12:05:59,501 - INFO - Table 5 for GILB: 13r x 11c
2026-04-02 12:06:03,940 - INFO - Found 5 tables for GLBSL
2026-04-02 12:06:03,948 - INFO - Table 3 for GLBSL: 11r x 4c
2026-04-02 12:06:03,949 - INFO - Table 4 for GLBSL: 11r x 4c
2026-04-02 12:06:03,951 - INFO - Table 5 for GLBSL: 13r x 11c
2026-04-02 12:06:08,385 - INFO - Found 5 tables for GLH
2026-04-02 12:06:08,393 - INFO - Table 3 for GLH: 11r x 4c
2026-04-02 12:06:08,394 - INFO - Table 4 for GLH: 15r x 4c
2026-04-02 12:06:08,395 - INFO - Table 5 for GLH: 13r x 10c
2026-04-02 12:06:12,879 - INFO - Found 5 tables for GMFBS
2026-04-02 12:06:12,888 - INFO - Table 3 for GMFBS: 11r x 4c
2026-04-02 12:06:12,889 - INFO - Table 4 for GMFBS: 11r x 4c
2026-04-02 12:06:12,890 - INFO - Table 5 for GMFBS: 13r x 11c
2026-04-02 12:06:17,308 - INFO - Found 5 tables for GMFIL
2026-04-02 12:06:17,316 - INFO - Table 3 for GMFIL: 11r x 4c
2026-04-02 12:06:17,317 - INFO - Table 4 for GMFIL: 11r x 4c
2026-04-02 12:06:17,319 - INFO - Table 5 for GMFIL: 13r x 11c
2026-04-02 12:06:22,470 - INFO - Found 5 tables for GMLI
2026-04-02 12:06:22,478 - INFO - Table 3 for GMLI: 11r x 4c
2026-04-02 12:06:22,479 - INFO - Table 4 for GMLI: 11r x 4c
2026-04-02 12:06:22,480 - INFO - Table 5 for GMLI: 13r x 8c
2026-04-02 12:06:26,923 - INFO - Found 5 tables for GRDBL
2026-04-02 12:06:26,931 - INFO - Table 3 for GRDBL: 11r x 4c
2026-04-02 12:06:26,932 - INFO - Table 4 for GRDBL: 11r x 4c
2026-04-02 12:06:26,934 - INFO - Table 5 for GRDBL: 13r x 11c
2026-04-02 12:06:40,800 - INFO - Found 5 tables for GUFL
2026-04-02 12:06:40,808 - INFO - Table 3 for GUFL: 11r x 4c
2026-04-02 12:06:40,809 - INFO - Table 4 for GUFL: 11r x 4c
2026-04-02 12:06:40,810 - INFO - Table 5 for GUFL: 13r x 11c
2026-04-02 12:06:45,880 - INFO - Found 5 tables for GVL
2026-04-02 12:06:45,888 - INFO - Table 3 for GVL: 11r x 4c
2026-04-02 12:06:45,889 - INFO - Table 4 for GVL: 15r x 4c
2026-04-02 12:06:45,891 - INFO - Table 5 for GVL: 13r x 11c
2026-04-02 12:06:50,374 - INFO - Found 5 tables for HATHY
2026-04-02 12:06:50,382 - INFO - Table 3 for HATHY: 11r x 4c
2026-04-02 12:06:50,383 - INFO - Table 4 for HATHY: 11r x 4c
2026-04-02 12:06:50,384 - INFO - Table 5 for HATHY: 13r x 11c
2026-04-02 12:06:54,893 - INFO - Found 5 tables for HBL
2026-04-02 12:06:54,900 - INFO - Table 3 for HBL: 11r x 4c
2026-04-02 12:06:54,901 - INFO - Table 4 for HBL: 11r x 4c
2026-04-02 12:06:54,903 - INFO - Table 5 for HBL: 13r x 11c
2026-04-02 12:06:59,449 - INFO - Found 5 tables for HDHPC
2026-04-02 12:06:59,457 - INFO - Table 3 for HDHPC: 11r x 4c
2026-04-02 12:06:59,458 - INFO - Table 4 for HDHPC: 15r x 4c
2026-04-02 12:06:59,459 - INFO - Table 5 for HDHPC: 13r x 10c
2026-04-02 12:07:03,937 - INFO - Found 5 tables for HDL
2026-04-02 12:07:03,945 - INFO - Table 3 for HDL: 11r x 4c
2026-04-02 12:07:03,946 - INFO - Table 4 for HDL: 11r x 4c
2026-04-02 12:07:03,947 - INFO - Table 5 for HDL: 13r x 11c
2026-04-02 12:07:08,347 - INFO - Found 5 tables for HEI
2026-04-02 12:07:08,355 - INFO - Table 3 for HEI: 11r x 4c
2026-04-02 12:07:08,356 - INFO - Table 4 for HEI: 11r x 4c
2026-04-02 12:07:08,357 - INFO - Table 5 for HEI: 13r x 10c
2026-04-02 12:07:21,191 - INFO - Found 5 tables for HHL
2026-04-02 12:07:21,198 - INFO - Table 3 for HHL: 11r x 4c
2026-04-02 12:07:21,199 - INFO - Table 4 for HHL: 15r x 4c
2026-04-02 12:07:21,201 - INFO - Table 5 for HHL: 13r x 11c
2026-04-02 12:07:25,636 - INFO - Found 5 tables for HIDCL
2026-04-02 12:07:25,644 - INFO - Table 3 for HIDCL: 11r x 4c
2026-04-02 12:07:25,645 - INFO - Table 4 for HIDCL: 11r x 4c
2026-04-02 12:07:25,646 - INFO - Table 5 for HIDCL: 13r x 11c
2026-04-02 12:07:30,193 - INFO - Found 5 tables for HLBSL
2026-04-02 12:07:30,201 - INFO - Table 3 for HLBSL: 11r x 4c
2026-04-02 12:07:30,202 - INFO - Table 4 for HLBSL: 11r x 4c
2026-04-02 12:07:30,203 - INFO - Table 5 for HLBSL: 13r x 11c
2026-04-02 12:07:34,668 - INFO - Found 5 tables for HLI
2026-04-02 12:07:34,676 - INFO - Table 3 for HLI: 11r x 4c
2026-04-02 12:07:34,677 - INFO - Table 4 for HLI: 11r x 4c
2026-04-02 12:07:34,678 - INFO - Table 5 for HLI: 13r x 11c
2026-04-02 12:07:39,183 - INFO - Found 5 tables for HPPL
2026-04-02 12:07:39,191 - INFO - Table 3 for HPPL: 11r x 4c
2026-04-02 12:07:39,192 - INFO - Table 4 for HPPL: 15r x 4c
2026-04-02 12:07:39,193 - INFO - Table 5 for HPPL: 13r x 11c
2026-04-02 12:07:43,715 - INFO - Found 5 tables for HRL
2026-04-02 12:07:43,723 - INFO - Table 3 for HRL: 11r x 4c
2026-04-02 12:07:43,724 - INFO - Table 4 for HRL: 11r x 4c
2026-04-02 12:07:43,726 - INFO - Table 5 for HRL: 13r x 11c
2026-04-02 12:07:48,184 - INFO - Found 5 tables for HURJA
2026-04-02 12:07:48,192 - INFO - Table 3 for HURJA: 11r x 4c
2026-04-02 12:07:48,193 - INFO - Table 4 for HURJA: 15r x 4c
2026-04-02 12:07:48,194 - INFO - Table 5 for HURJA: 13r x 11c
2026-04-02 12:07:52,622 - INFO - Found 5 tables for ICFC
2026-04-02 12:07:52,629 - INFO - Table 3 for ICFC: 11r x 4c
2026-04-02 12:07:52,630 - INFO - Table 4 for ICFC: 11r x 4c
2026-04-02 12:07:52,632 - INFO - Table 5 for ICFC: 13r x 11c
2026-04-02 12:07:57,045 - INFO - Found 5 tables for IGI
2026-04-02 12:07:57,053 - INFO - Table 3 for IGI: 11r x 4c
2026-04-02 12:07:57,054 - INFO - Table 4 for IGI: 11r x 4c
2026-04-02 12:07:57,055 - INFO - Table 5 for IGI: 13r x 11c
2026-04-02 12:08:01,629 - INFO - Found 5 tables for IHL
2026-04-02 12:08:01,637 - INFO - Table 3 for IHL: 11r x 4c
2026-04-02 12:08:01,638 - INFO - Table 4 for IHL: 15r x 4c
2026-04-02 12:08:01,640 - INFO - Table 5 for IHL: 13r x 11c
2026-04-02 12:08:06,159 - INFO - Found 5 tables for ILBS
2026-04-02 12:08:06,167 - INFO - Table 3 for ILBS: 11r x 4c
2026-04-02 12:08:06,168 - INFO - Table 4 for ILBS: 11r x 4c
2026-04-02 12:08:06,169 - INFO - Table 5 for ILBS: 13r x 11c
2026-04-02 12:08:10,647 - INFO - Found 5 tables for ILI
2026-04-02 12:08:10,655 - INFO - Table 3 for ILI: 11r x 4c
2026-04-02 12:08:10,656 - INFO - Table 4 for ILI: 11r x 4c
2026-04-02 12:08:10,657 - INFO - Table 5 for ILI: 13r x 11c
2026-04-02 12:08:15,093 - INFO - Found 5 tables for JBBL
2026-04-02 12:08:15,101 - INFO - Table 3 for JBBL: 11r x 4c
2026-04-02 12:08:15,102 - INFO - Table 4 for JBBL: 11r x 4c
2026-04-02 12:08:15,104 - INFO - Table 5 for JBBL: 13r x 11c
2026-04-02 12:08:27,808 - INFO - Found 5 tables for JBLB
2026-04-02 12:08:27,816 - INFO - Table 3 for JBLB: 11r x 4c
2026-04-02 12:08:27,817 - INFO - Table 4 for JBLB: 11r x 4c
2026-04-02 12:08:27,818 - INFO - Table 5 for JBLB: 13r x 11c
2026-04-02 12:08:32,413 - INFO - Found 5 tables for JFL
2026-04-02 12:08:32,421 - INFO - Table 3 for JFL: 11r x 4c
2026-04-02 12:08:32,422 - INFO - Table 4 for JFL: 11r x 4c
2026-04-02 12:08:32,423 - INFO - Table 5 for JFL: 13r x 11c
2026-04-02 12:08:36,837 - INFO - Found 5 tables for JOSHI
2026-04-02 12:08:36,845 - INFO - Table 3 for JOSHI: 11r x 4c
2026-04-02 12:08:36,846 - INFO - Table 4 for JOSHI: 15r x 4c
2026-04-02 12:08:36,847 - INFO - Table 5 for JOSHI: 13r x 10c
2026-04-02 12:08:41,380 - INFO - Found 5 tables for JSLBB
2026-04-02 12:08:41,388 - INFO - Table 3 for JSLBB: 11r x 4c
2026-04-02 12:08:41,389 - INFO - Table 4 for JSLBB: 11r x 4c
2026-04-02 12:08:41,390 - INFO - Table 5 for JSLBB: 13r x 11c
2026-04-02 12:08:45,744 - INFO - Found 5 tables for KBL
2026-04-02 12:08:45,752 - INFO - Table 3 for KBL: 11r x 4c
2026-04-02 12:08:45,753 - INFO - Table 4 for KBL: 11r x 4c
2026-04-02 12:08:45,754 - INFO - Table 5 for KBL: 13r x 11c
2026-04-02 12:08:50,171 - INFO - Found 5 tables for KBSH
2026-04-02 12:08:50,179 - INFO - Table 3 for KBSH: 11r x 4c
2026-04-02 12:08:50,180 - INFO - Table 4 for KBSH: 15r x 4c
2026-04-02 12:08:50,181 - INFO - Table 5 for KBSH: 13r x 11c
2026-04-02 12:08:54,684 - INFO - Found 5 tables for KDL
2026-04-02 12:08:54,692 - INFO - Table 3 for KDL: 11r x 4c
2026-04-02 12:08:54,693 - INFO - Table 4 for KDL: 11r x 4c
2026-04-02 12:08:54,694 - INFO - Table 5 for KDL: 13r x 11c
2026-04-02 12:08:59,181 - INFO - Found 5 tables for KKHC
2026-04-02 12:08:59,189 - INFO - Table 3 for KKHC: 11r x 4c
2026-04-02 12:08:59,190 - INFO - Table 4 for KKHC: 15r x 4c
2026-04-02 12:08:59,192 - INFO - Table 5 for KKHC: 13r x 11c
2026-04-02 12:09:03,641 - INFO - Found 5 tables for KMCDB
2026-04-02 12:09:03,649 - INFO - Table 3 for KMCDB: 11r x 4c
2026-04-02 12:09:03,650 - INFO - Table 4 for KMCDB: 11r x 4c
2026-04-02 12:09:03,652 - INFO - Table 5 for KMCDB: 13r x 11c
2026-04-02 12:09:08,078 - INFO - Found 5 tables for KPCL
2026-04-02 12:09:08,086 - INFO - Table 3 for KPCL: 11r x 4c
2026-04-02 12:09:08,087 - INFO - Table 4 for KPCL: 15r x 4c
2026-04-02 12:09:08,089 - INFO - Table 5 for KPCL: 13r x 11c
2026-04-02 12:09:12,603 - INFO - Found 5 tables for KSBBL
2026-04-02 12:09:12,611 - INFO - Table 3 for KSBBL: 11r x 4c
2026-04-02 12:09:12,612 - INFO - Table 4 for KSBBL: 11r x 4c
2026-04-02 12:09:12,614 - INFO - Table 5 for KSBBL: 13r x 11c
2026-04-02 12:09:17,047 - INFO - Found 5 tables for LBBL
2026-04-02 12:09:17,054 - INFO - Table 3 for LBBL: 11r x 4c
2026-04-02 12:09:17,055 - INFO - Table 4 for LBBL: 11r x 4c
2026-04-02 12:09:17,057 - INFO - Table 5 for LBBL: 13r x 11c
2026-04-02 12:09:22,119 - INFO - Found 5 tables for LEC
2026-04-02 12:09:22,126 - INFO - Table 3 for LEC: 11r x 4c
2026-04-02 12:09:22,127 - INFO - Table 4 for LEC: 15r x 4c
2026-04-02 12:09:22,129 - INFO - Table 5 for LEC: 13r x 11c
2026-04-02 12:09:26,563 - INFO - Found 5 tables for LICN
2026-04-02 12:09:26,571 - INFO - Table 3 for LICN: 11r x 4c
2026-04-02 12:09:26,572 - INFO - Table 4 for LICN: 11r x 4c
2026-04-02 12:09:26,574 - INFO - Table 5 for LICN: 13r x 11c
2026-04-02 12:09:30,969 - INFO - Found 5 tables for LLBS
2026-04-02 12:09:30,977 - INFO - Table 3 for LLBS: 11r x 4c
2026-04-02 12:09:30,978 - INFO - Table 4 for LLBS: 11r x 4c
2026-04-02 12:09:30,980 - INFO - Table 5 for LLBS: 13r x 11c
2026-04-02 12:09:35,435 - INFO - Found 5 tables for LSL
2026-04-02 12:09:35,443 - INFO - Table 3 for LSL: 11r x 4c
2026-04-02 12:09:35,444 - INFO - Table 4 for LSL: 11r x 4c
2026-04-02 12:09:35,445 - INFO - Table 5 for LSL: 13r x 11c
2026-04-02 12:09:39,938 - INFO - Found 5 tables for MAKAR
2026-04-02 12:09:39,946 - INFO - Table 3 for MAKAR: 11r x 4c
2026-04-02 12:09:39,947 - INFO - Table 4 for MAKAR: 15r x 4c
2026-04-02 12:09:39,948 - INFO - Table 5 for MAKAR: 13r x 11c
2026-04-02 12:09:44,504 - INFO - Found 5 tables for MANDU
2026-04-02 12:09:44,512 - INFO - Table 3 for MANDU: 11r x 4c
2026-04-02 12:09:44,512 - INFO - Table 4 for MANDU: 15r x 4c
2026-04-02 12:09:44,514 - INFO - Table 5 for MANDU: 13r x 11c
2026-04-02 12:09:49,624 - INFO - Found 5 tables for MATRI
2026-04-02 12:09:49,632 - INFO - Table 3 for MATRI: 11r x 4c
2026-04-02 12:09:49,633 - INFO - Table 4 for MATRI: 11r x 4c
2026-04-02 12:09:49,634 - INFO - Table 5 for MATRI: 13r x 10c
2026-04-02 12:09:54,111 - INFO - Found 5 tables for MBJC
2026-04-02 12:09:54,119 - INFO - Table 3 for MBJC: 11r x 4c
2026-04-02 12:09:54,120 - INFO - Table 4 for MBJC: 15r x 4c
2026-04-02 12:09:54,121 - INFO - Table 5 for MBJC: 13r x 11c
2026-04-02 12:09:58,563 - INFO - Found 5 tables for MBL
2026-04-02 12:09:58,571 - INFO - Table 3 for MBL: 11r x 4c
2026-04-02 12:09:58,572 - INFO - Table 4 for MBL: 11r x 4c
2026-04-02 12:09:58,573 - INFO - Table 5 for MBL: 13r x 11c
2026-04-02 12:10:03,042 - INFO - Found 5 tables for MCHL
2026-04-02 12:10:03,050 - INFO - Table 3 for MCHL: 11r x 4c
2026-04-02 12:10:03,051 - INFO - Table 4 for MCHL: 15r x 4c
2026-04-02 12:10:03,053 - INFO - Table 5 for MCHL: 13r x 11c
2026-04-02 12:10:08,202 - INFO - Found 5 tables for MDB
2026-04-02 12:10:08,210 - INFO - Table 3 for MDB: 11r x 4c
2026-04-02 12:10:08,211 - INFO - Table 4 for MDB: 11r x 4c
2026-04-02 12:10:08,212 - INFO - Table 5 for MDB: 13r x 11c
2026-04-02 12:10:58,386 - INFO - Found 5 tables for MEHL
2026-04-02 12:10:58,394 - INFO - Table 3 for MEHL: 11r x 4c
2026-04-02 12:10:58,395 - INFO - Table 4 for MEHL: 15r x 4c
2026-04-02 12:10:58,396 - INFO - Table 5 for MEHL: 13r x 11c
2026-04-02 12:11:02,910 - INFO - Found 5 tables for MEL
2026-04-02 12:11:02,918 - INFO - Table 3 for MEL: 11r x 4c
2026-04-02 12:11:02,919 - INFO - Table 4 for MEL: 15r x 4c
2026-04-02 12:11:02,920 - INFO - Table 5 for MEL: 13r x 11c
2026-04-02 12:11:07,522 - INFO - Found 5 tables for MEN
2026-04-02 12:11:07,530 - INFO - Table 3 for MEN: 11r x 4c
2026-04-02 12:11:07,531 - INFO - Table 4 for MEN: 15r x 4c
2026-04-02 12:11:07,533 - INFO - Table 5 for MEN: 13r x 11c
2026-04-02 12:11:12,102 - INFO - Found 5 tables for MERO
2026-04-02 12:11:12,110 - INFO - Table 3 for MERO: 11r x 4c
2026-04-02 12:11:12,110 - INFO - Table 4 for MERO: 11r x 4c
2026-04-02 12:11:12,112 - INFO - Table 5 for MERO: 13r x 11c
2026-04-02 12:11:16,631 - INFO - Found 5 tables for MFIL
2026-04-02 12:11:16,639 - INFO - Table 3 for MFIL: 11r x 4c
2026-04-02 12:11:16,640 - INFO - Table 4 for MFIL: 11r x 4c
2026-04-02 12:11:16,642 - INFO - Table 5 for MFIL: 13r x 11c
2026-04-02 12:11:21,140 - INFO - Found 5 tables for MHCL
2026-04-02 12:11:21,148 - INFO - Table 3 for MHCL: 11r x 4c
2026-04-02 12:11:21,149 - INFO - Table 4 for MHCL: 15r x 4c
2026-04-02 12:11:21,150 - INFO - Table 5 for MHCL: 13r x 11c
2026-04-02 12:11:25,647 - INFO - Found 5 tables for MHL
2026-04-02 12:11:25,655 - INFO - Table 3 for MHL: 11r x 4c
2026-04-02 12:11:25,656 - INFO - Table 4 for MHL: 15r x 4c
2026-04-02 12:11:25,658 - INFO - Table 5 for MHL: 13r x 11c
2026-04-02 12:11:30,161 - INFO - Found 5 tables for MHNL
2026-04-02 12:11:30,170 - INFO - Table 3 for MHNL: 11r x 4c
2026-04-02 12:11:30,171 - INFO - Table 4 for MHNL: 15r x 4c
2026-04-02 12:11:30,172 - INFO - Table 5 for MHNL: 13r x 11c
2026-04-02 12:11:34,677 - INFO - Found 5 tables for MKCL
2026-04-02 12:11:34,685 - INFO - Table 3 for MKCL: 11r x 4c
2026-04-02 12:11:34,686 - INFO - Table 4 for MKCL: 11r x 4c
2026-04-02 12:11:34,688 - INFO - Table 5 for MKCL: 13r x 11c
2026-04-02 12:11:39,167 - INFO - Found 5 tables for MKHC
2026-04-02 12:11:39,175 - INFO - Table 3 for MKHC: 11r x 4c
2026-04-02 12:11:39,176 - INFO - Table 4 for MKHC: 15r x 4c
2026-04-02 12:11:39,178 - INFO - Table 5 for MKHC: 13r x 11c
2026-04-02 12:11:43,608 - INFO - Found 5 tables for MKHL
2026-04-02 12:11:43,616 - INFO - Table 3 for MKHL: 11r x 4c
2026-04-02 12:11:43,617 - INFO - Table 4 for MKHL: 15r x 4c
2026-04-02 12:11:43,619 - INFO - Table 5 for MKHL: 13r x 11c
2026-04-02 12:11:48,144 - INFO - Found 5 tables for MKJC
2026-04-02 12:11:48,152 - INFO - Table 3 for MKJC: 11r x 4c
2026-04-02 12:11:48,152 - INFO - Table 4 for MKJC: 15r x 4c
2026-04-02 12:11:48,154 - INFO - Table 5 for MKJC: 13r x 10c
2026-04-02 12:11:52,637 - INFO - Found 5 tables for MLBBL
2026-04-02 12:11:52,645 - INFO - Table 3 for MLBBL: 11r x 4c
2026-04-02 12:11:52,646 - INFO - Table 4 for MLBBL: 11r x 4c
2026-04-02 12:11:52,648 - INFO - Table 5 for MLBBL: 13r x 11c
2026-04-02 12:11:57,024 - INFO - Found 5 tables for MLBL
2026-04-02 12:11:57,032 - INFO - Table 3 for MLBL: 11r x 4c
2026-04-02 12:11:57,032 - INFO - Table 4 for MLBL: 11r x 4c
2026-04-02 12:11:57,034 - INFO - Table 5 for MLBL: 13r x 11c
2026-04-02 12:12:01,576 - INFO - Found 5 tables for MLBS
2026-04-02 12:12:01,584 - INFO - Table 3 for MLBS: 11r x 4c
2026-04-02 12:12:01,585 - INFO - Table 4 for MLBS: 11r x 4c
2026-04-02 12:12:01,587 - INFO - Table 5 for MLBS: 13r x 11c
2026-04-02 12:12:06,121 - INFO - Found 5 tables for MLBSL
2026-04-02 12:12:06,129 - INFO - Table 3 for MLBSL: 11r x 4c
2026-04-02 12:12:06,130 - INFO - Table 4 for MLBSL: 11r x 4c
2026-04-02 12:12:06,131 - INFO - Table 5 for MLBSL: 13r x 11c
2026-04-02 12:12:10,757 - INFO - Found 5 tables for MMKJL
2026-04-02 12:12:10,765 - INFO - Table 3 for MMKJL: 11r x 4c
2026-04-02 12:12:10,766 - INFO - Table 4 for MMKJL: 15r x 4c
2026-04-02 12:12:10,767 - INFO - Table 5 for MMKJL: 13r x 11c
2026-04-02 12:12:15,351 - INFO - Found 5 tables for MNBBL
2026-04-02 12:12:15,359 - INFO - Table 3 for MNBBL: 11r x 4c
2026-04-02 12:12:15,360 - INFO - Table 4 for MNBBL: 11r x 4c
2026-04-02 12:12:15,361 - INFO - Table 5 for MNBBL: 13r x 11c
2026-04-02 12:12:19,867 - INFO - Found 5 tables for MPFL
2026-04-02 12:12:19,875 - INFO - Table 3 for MPFL: 11r x 4c
2026-04-02 12:12:19,876 - INFO - Table 4 for MPFL: 11r x 4c
2026-04-02 12:12:19,878 - INFO - Table 5 for MPFL: 13r x 11c
2026-04-02 12:12:24,370 - INFO - Found 5 tables for MSHL
2026-04-02 12:12:24,378 - INFO - Table 3 for MSHL: 11r x 4c
2026-04-02 12:12:24,379 - INFO - Table 4 for MSHL: 15r x 4c
2026-04-02 12:12:24,381 - INFO - Table 5 for MSHL: 13r x 11c
2026-04-02 12:12:28,895 - INFO - Found 5 tables for MSLB
2026-04-02 12:12:28,902 - INFO - Table 3 for MSLB: 11r x 4c
2026-04-02 12:12:28,903 - INFO - Table 4 for MSLB: 11r x 4c
2026-04-02 12:12:28,905 - INFO - Table 5 for MSLB: 13r x 11c
2026-04-02 12:12:33,834 - INFO - Found 5 tables for NABBC
2026-04-02 12:12:33,841 - INFO - Table 3 for NABBC: 11r x 4c
2026-04-02 12:12:33,842 - INFO - Table 4 for NABBC: 11r x 4c
2026-04-02 12:12:33,844 - INFO - Table 5 for NABBC: 13r x 11c
2026-04-02 12:12:38,320 - INFO - Found 5 tables for NABIL
2026-04-02 12:12:38,329 - INFO - Table 3 for NABIL: 11r x 4c
2026-04-02 12:12:38,330 - INFO - Table 4 for NABIL: 11r x 4c
2026-04-02 12:12:38,332 - INFO - Table 5 for NABIL: 13r x 11c
2026-04-02 12:12:42,838 - INFO - Found 5 tables for NADEP
2026-04-02 12:12:42,846 - INFO - Table 3 for NADEP: 11r x 4c
2026-04-02 12:12:42,847 - INFO - Table 4 for NADEP: 11r x 4c
2026-04-02 12:12:42,849 - INFO - Table 5 for NADEP: 13r x 11c
2026-04-02 12:12:47,346 - INFO - Found 5 tables for NBL
2026-04-02 12:12:47,354 - INFO - Table 3 for NBL: 11r x 4c
2026-04-02 12:12:47,355 - INFO - Table 4 for NBL: 11r x 4c
2026-04-02 12:12:47,357 - INFO - Table 5 for NBL: 13r x 11c
2026-04-02 12:12:51,843 - INFO - Found 5 tables for NESDO
2026-04-02 12:12:51,850 - INFO - Table 3 for NESDO: 11r x 4c
2026-04-02 12:12:51,851 - INFO - Table 4 for NESDO: 11r x 4c
2026-04-02 12:12:51,853 - INFO - Table 5 for NESDO: 13r x 11c
2026-04-02 12:12:56,318 - INFO - Found 5 tables for NFS
2026-04-02 12:12:56,326 - INFO - Table 3 for NFS: 11r x 4c
2026-04-02 12:12:56,327 - INFO - Table 4 for NFS: 11r x 4c
2026-04-02 12:12:56,328 - INFO - Table 5 for NFS: 13r x 11c
2026-04-02 12:13:00,835 - INFO - Found 5 tables for NGPL
2026-04-02 12:13:00,843 - INFO - Table 3 for NGPL: 11r x 4c
2026-04-02 12:13:00,845 - INFO - Table 4 for NGPL: 15r x 4c
2026-04-02 12:13:00,846 - INFO - Table 5 for NGPL: 13r x 11c
2026-04-02 12:13:05,358 - INFO - Found 5 tables for NHDL
2026-04-02 12:13:05,366 - INFO - Table 3 for NHDL: 11r x 4c
2026-04-02 12:13:05,367 - INFO - Table 4 for NHDL: 15r x 4c
2026-04-02 12:13:05,369 - INFO - Table 5 for NHDL: 13r x 11c
2026-04-02 12:13:09,888 - INFO - Found 5 tables for NHPC
2026-04-02 12:13:09,896 - INFO - Table 3 for NHPC: 11r x 4c
2026-04-02 12:13:09,897 - INFO - Table 4 for NHPC: 15r x 4c
2026-04-02 12:13:09,898 - INFO - Table 5 for NHPC: 13r x 11c
2026-04-02 12:13:14,333 - INFO - Found 5 tables for NICA
2026-04-02 12:13:14,340 - INFO - Table 3 for NICA: 11r x 4c
2026-04-02 12:13:14,341 - INFO - Table 4 for NICA: 11r x 4c
2026-04-02 12:13:14,343 - INFO - Table 5 for NICA: 13r x 11c
2026-04-02 12:13:19,530 - INFO - Found 5 tables for NICL
2026-04-02 12:13:19,538 - INFO - Table 3 for NICL: 11r x 4c
2026-04-02 12:13:19,539 - INFO - Table 4 for NICL: 11r x 4c
2026-04-02 12:13:19,541 - INFO - Table 5 for NICL: 13r x 11c
2026-04-02 12:13:24,009 - INFO - Found 5 tables for NICLBSL
2026-04-02 12:13:24,018 - INFO - Table 3 for NICLBSL: 11r x 4c
2026-04-02 12:13:24,018 - INFO - Table 4 for NICLBSL: 11r x 4c
2026-04-02 12:13:24,020 - INFO - Table 5 for NICLBSL: 13r x 11c
2026-04-02 12:13:37,219 - INFO - Found 5 tables for NIFRA
2026-04-02 12:13:37,227 - INFO - Table 3 for NIFRA: 11r x 4c
2026-04-02 12:13:37,228 - INFO - Table 4 for NIFRA: 11r x 4c
2026-04-02 12:13:37,230 - INFO - Table 5 for NIFRA: 13r x 11c
2026-04-02 12:13:41,783 - INFO - Found 5 tables for NIL
2026-04-02 12:13:41,790 - INFO - Table 3 for NIL: 11r x 4c
2026-04-02 12:13:41,791 - INFO - Table 4 for NIL: 11r x 4c
2026-04-02 12:13:41,793 - INFO - Table 5 for NIL: 13r x 10c
2026-04-02 12:13:55,026 - INFO - Found 5 tables for NIMB
2026-04-02 12:13:55,034 - INFO - Table 3 for NIMB: 11r x 4c
2026-04-02 12:13:55,035 - INFO - Table 4 for NIMB: 11r x 4c
2026-04-02 12:13:55,036 - INFO - Table 5 for NIMB: 13r x 11c
2026-04-02 12:13:59,601 - INFO - Found 5 tables for NLG
2026-04-02 12:13:59,610 - INFO - Table 3 for NLG: 11r x 4c
2026-04-02 12:13:59,611 - INFO - Table 4 for NLG: 11r x 4c
2026-04-02 12:13:59,613 - INFO - Table 5 for NLG: 13r x 11c
2026-04-02 12:14:04,126 - INFO - Found 5 tables for NLIC
2026-04-02 12:14:04,134 - INFO - Table 3 for NLIC: 11r x 4c
2026-04-02 12:14:04,135 - INFO - Table 4 for NLIC: 11r x 4c
2026-04-02 12:14:04,136 - INFO - Table 5 for NLIC: 13r x 11c
2026-04-02 12:14:17,237 - INFO - Found 5 tables for NLICL
2026-04-02 12:14:17,245 - INFO - Table 3 for NLICL: 11r x 4c
2026-04-02 12:14:17,246 - INFO - Table 4 for NLICL: 11r x 4c
2026-04-02 12:14:17,247 - INFO - Table 5 for NLICL: 13r x 11c
2026-04-02 12:14:29,917 - INFO - Found 5 tables for NLO
2026-04-02 12:14:29,925 - INFO - Table 3 for NLO: 11r x 4c
2026-04-02 12:14:29,926 - INFO - Table 4 for NLO: 11r x 4c
2026-04-02 12:14:29,927 - INFO - Table 5 for NLO: 13r x 8c
2026-04-02 12:14:34,425 - INFO - Found 5 tables for NMB
2026-04-02 12:14:34,433 - INFO - Table 3 for NMB: 11r x 4c
2026-04-02 12:14:34,434 - INFO - Table 4 for NMB: 11r x 4c
2026-04-02 12:14:34,435 - INFO - Table 5 for NMB: 13r x 11c
2026-04-02 12:14:38,954 - INFO - Found 5 tables for NMBMF
2026-04-02 12:14:38,962 - INFO - Table 3 for NMBMF: 11r x 4c
2026-04-02 12:14:38,963 - INFO - Table 4 for NMBMF: 11r x 4c
2026-04-02 12:14:38,965 - INFO - Table 5 for NMBMF: 13r x 11c
2026-04-02 12:14:43,586 - INFO - Found 5 tables for NMFBS
2026-04-02 12:14:43,594 - INFO - Table 3 for NMFBS: 11r x 4c
2026-04-02 12:14:43,594 - INFO - Table 4 for NMFBS: 11r x 4c
2026-04-02 12:14:43,596 - INFO - Table 5 for NMFBS: 13r x 11c
2026-04-02 12:14:48,087 - INFO - Found 5 tables for NMIC
2026-04-02 12:14:48,095 - INFO - Table 3 for NMIC: 11r x 4c
2026-04-02 12:14:48,096 - INFO - Table 4 for NMIC: 11r x 4c
2026-04-02 12:14:48,097 - INFO - Table 5 for NMIC: 13r x 7c
2026-04-02 12:14:53,251 - INFO - Found 5 tables for NMLBBL
2026-04-02 12:14:53,259 - INFO - Table 3 for NMLBBL: 11r x 4c
2026-04-02 12:14:53,260 - INFO - Table 4 for NMLBBL: 11r x 4c
2026-04-02 12:14:53,261 - INFO - Table 5 for NMLBBL: 13r x 10c
2026-04-02 12:14:57,799 - INFO - Found 5 tables for NRIC
2026-04-02 12:14:57,807 - INFO - Table 3 for NRIC: 11r x 4c
2026-04-02 12:14:57,808 - INFO - Table 4 for NRIC: 11r x 4c
2026-04-02 12:14:57,809 - INFO - Table 5 for NRIC: 13r x 10c
2026-04-02 12:15:02,236 - INFO - Found 5 tables for NRM
2026-04-02 12:15:02,244 - INFO - Table 3 for NRM: 11r x 4c
2026-04-02 12:15:02,245 - INFO - Table 4 for NRM: 11r x 4c
2026-04-02 12:15:02,246 - INFO - Table 5 for NRM: 13r x 11c
2026-04-02 12:15:06,787 - INFO - Found 5 tables for NRN
2026-04-02 12:15:06,795 - INFO - Table 3 for NRN: 11r x 4c
2026-04-02 12:15:06,796 - INFO - Table 4 for NRN: 11r x 4c
2026-04-02 12:15:06,798 - INFO - Table 5 for NRN: 13r x 11c
2026-04-02 12:15:11,289 - INFO - Found 5 tables for NTC
2026-04-02 12:15:11,297 - INFO - Table 3 for NTC: 11r x 4c
2026-04-02 12:15:11,298 - INFO - Table 4 for NTC: 11r x 4c
2026-04-02 12:15:11,300 - INFO - Table 5 for NTC: 13r x 11c
2026-04-02 12:15:15,733 - INFO - Found 5 tables for NUBL
2026-04-02 12:15:15,801 - INFO - Table 3 for NUBL: 11r x 4c
2026-04-02 12:15:15,802 - INFO - Table 4 for NUBL: 11r x 4c
2026-04-02 12:15:15,803 - INFO - Table 5 for NUBL: 13r x 11c
2026-04-02 12:15:20,257 - INFO - Found 5 tables for NWCL
2026-04-02 12:15:20,265 - INFO - Table 3 for NWCL: 11r x 4c
2026-04-02 12:15:20,266 - INFO - Table 4 for NWCL: 11r x 4c
2026-04-02 12:15:20,267 - INFO - Table 5 for NWCL: 13r x 11c
2026-04-02 12:15:24,827 - INFO - Found 5 tables for NYADI
2026-04-02 12:15:24,835 - INFO - Table 3 for NYADI: 11r x 4c
2026-04-02 12:15:24,836 - INFO - Table 4 for NYADI: 15r x 4c
2026-04-02 12:15:24,838 - INFO - Table 5 for NYADI: 13r x 11c
2026-04-02 12:15:29,310 - INFO - Found 5 tables for OHL
2026-04-02 12:15:29,318 - INFO - Table 3 for OHL: 11r x 4c
2026-04-02 12:15:29,319 - INFO - Table 4 for OHL: 11r x 4c
2026-04-02 12:15:29,321 - INFO - Table 5 for OHL: 13r x 11c
2026-04-02 12:15:33,775 - INFO - Found 5 tables for OMPL
2026-04-02 12:15:33,783 - INFO - Table 3 for OMPL: 11r x 4c
2026-04-02 12:15:33,784 - INFO - Table 4 for OMPL: 11r x 4c
2026-04-02 12:15:33,785 - INFO - Table 5 for OMPL: 13r x 7c
2026-04-02 12:15:38,276 - INFO - Found 5 tables for PCBL
2026-04-02 12:15:38,284 - INFO - Table 3 for PCBL: 11r x 4c
2026-04-02 12:15:38,285 - INFO - Table 4 for PCBL: 11r x 4c
2026-04-02 12:15:38,286 - INFO - Table 5 for PCBL: 13r x 11c
2026-04-02 12:16:28,396 - INFO - Found 5 tables for PFL
2026-04-02 12:16:28,405 - INFO - Table 3 for PFL: 11r x 4c
2026-04-02 12:16:28,406 - INFO - Table 4 for PFL: 11r x 4c
2026-04-02 12:16:28,407 - INFO - Table 5 for PFL: 13r x 11c
2026-04-02 12:16:33,556 - INFO - Found 5 tables for PHCL
2026-04-02 12:16:33,564 - INFO - Table 3 for PHCL: 11r x 4c
2026-04-02 12:16:33,565 - INFO - Table 4 for PHCL: 15r x 4c
2026-04-02 12:16:33,566 - INFO - Table 5 for PHCL: 13r x 11c
2026-04-02 12:16:38,009 - INFO - Found 5 tables for PMHPL
2026-04-02 12:16:38,017 - INFO - Table 3 for PMHPL: 11r x 4c
2026-04-02 12:16:38,018 - INFO - Table 4 for PMHPL: 15r x 4c
2026-04-02 12:16:38,020 - INFO - Table 5 for PMHPL: 13r x 11c
2026-04-02 12:16:42,524 - INFO - Found 5 tables for PMLI
2026-04-02 12:16:42,532 - INFO - Table 3 for PMLI: 11r x 4c
2026-04-02 12:16:42,533 - INFO - Table 4 for PMLI: 11r x 4c
2026-04-02 12:16:42,535 - INFO - Table 5 for PMLI: 13r x 11c
2026-04-02 12:16:47,148 - INFO - Found 5 tables for PPCL
2026-04-02 12:16:47,156 - INFO - Table 3 for PPCL: 11r x 4c
2026-04-02 12:16:47,157 - INFO - Table 4 for PPCL: 15r x 4c
2026-04-02 12:16:47,158 - INFO - Table 5 for PPCL: 13r x 11c
2026-04-02 12:16:52,785 - INFO - Found 5 tables for PPL
2026-04-02 12:16:52,794 - INFO - Table 3 for PPL: 11r x 4c
2026-04-02 12:16:52,795 - INFO - Table 4 for PPL: 15r x 4c
2026-04-02 12:16:52,797 - INFO - Table 5 for PPL: 13r x 11c
2026-04-02 12:16:57,328 - INFO - Found 5 tables for PRIN
2026-04-02 12:16:57,336 - INFO - Table 3 for PRIN: 11r x 4c
2026-04-02 12:16:57,337 - INFO - Table 4 for PRIN: 11r x 4c
2026-04-02 12:16:57,338 - INFO - Table 5 for PRIN: 13r x 11c
2026-04-02 12:17:01,845 - INFO - Found 5 tables for PROFL
2026-04-02 12:17:01,853 - INFO - Table 3 for PROFL: 11r x 4c
2026-04-02 12:17:01,854 - INFO - Table 4 for PROFL: 11r x 4c
2026-04-02 12:17:01,855 - INFO - Table 5 for PROFL: 13r x 11c
2026-04-02 12:17:06,396 - INFO - Found 5 tables for PRVU
2026-04-02 12:17:06,404 - INFO - Table 3 for PRVU: 11r x 4c
2026-04-02 12:17:06,405 - INFO - Table 4 for PRVU: 11r x 4c
2026-04-02 12:17:06,406 - INFO - Table 5 for PRVU: 13r x 11c
2026-04-02 12:17:10,906 - INFO - Found 5 tables for PURE
2026-04-02 12:17:10,914 - INFO - Table 3 for PURE: 11r x 4c
2026-04-02 12:17:10,915 - INFO - Table 4 for PURE: 15r x 4c
2026-04-02 12:17:10,916 - INFO - Table 5 for PURE: 13r x 6c
2026-04-02 12:17:15,455 - INFO - Found 5 tables for RADHI
2026-04-02 12:17:15,463 - INFO - Table 3 for RADHI: 11r x 4c
2026-04-02 12:17:15,464 - INFO - Table 4 for RADHI: 15r x 4c
2026-04-02 12:17:15,465 - INFO - Table 5 for RADHI: 13r x 11c
2026-04-02 12:17:19,956 - INFO - Found 5 tables for RAWA
2026-04-02 12:17:19,964 - INFO - Table 3 for RAWA: 11r x 4c
2026-04-02 12:17:19,965 - INFO - Table 4 for RAWA: 15r x 4c
2026-04-02 12:17:19,967 - INFO - Table 5 for RAWA: 13r x 11c
2026-04-02 12:17:24,517 - INFO - Found 5 tables for RBCL
2026-04-02 12:17:24,525 - INFO - Table 3 for RBCL: 11r x 4c
2026-04-02 12:17:24,526 - INFO - Table 4 for RBCL: 11r x 4c
2026-04-02 12:17:24,527 - INFO - Table 5 for RBCL: 13r x 11c
2026-04-02 12:17:29,103 - INFO - Found 5 tables for RFPL
2026-04-02 12:17:29,110 - INFO - Table 3 for RFPL: 11r x 4c
2026-04-02 12:17:29,111 - INFO - Table 4 for RFPL: 15r x 4c
2026-04-02 12:17:29,113 - INFO - Table 5 for RFPL: 13r x 10c
2026-04-02 12:17:42,482 - INFO - Found 5 tables for RHGCL
2026-04-02 12:17:42,490 - INFO - Table 3 for RHGCL: 11r x 4c
2026-04-02 12:17:42,491 - INFO - Table 4 for RHGCL: 15r x 4c
2026-04-02 12:17:42,493 - INFO - Table 5 for RHGCL: 13r x 11c
2026-04-02 12:17:47,004 - INFO - Found 5 tables for RHPL
2026-04-02 12:17:47,012 - INFO - Table 3 for RHPL: 11r x 4c
2026-04-02 12:17:47,013 - INFO - Table 4 for RHPL: 15r x 4c
2026-04-02 12:17:47,015 - INFO - Table 5 for RHPL: 13r x 11c
2026-04-02 12:17:59,714 - INFO - Found 5 tables for RIDI
2026-04-02 12:17:59,722 - INFO - Table 3 for RIDI: 11r x 4c
2026-04-02 12:17:59,723 - INFO - Table 4 for RIDI: 15r x 4c
2026-04-02 12:17:59,724 - INFO - Table 5 for RIDI: 13r x 11c
2026-04-02 12:18:04,227 - INFO - Found 5 tables for RLFL
2026-04-02 12:18:04,235 - INFO - Table 3 for RLFL: 11r x 4c
2026-04-02 12:18:04,236 - INFO - Table 4 for RLFL: 11r x 4c
2026-04-02 12:18:04,237 - INFO - Table 5 for RLFL: 13r x 11c
2026-04-02 12:18:09,486 - INFO - Found 5 tables for RNLI
2026-04-02 12:18:09,494 - INFO - Table 3 for RNLI: 11r x 4c
2026-04-02 12:18:09,495 - INFO - Table 4 for RNLI: 11r x 4c
2026-04-02 12:18:09,497 - INFO - Table 5 for RNLI: 13r x 11c
2026-04-02 12:18:22,703 - INFO - Found 5 tables for RSDC
2026-04-02 12:18:22,711 - INFO - Table 3 for RSDC: 11r x 4c
2026-04-02 12:18:22,712 - INFO - Table 4 for RSDC: 11r x 4c
2026-04-02 12:18:22,713 - INFO - Table 5 for RSDC: 13r x 11c
2026-04-02 12:18:27,162 - INFO - Found 5 tables for RURU
2026-04-02 12:18:27,170 - INFO - Table 3 for RURU: 11r x 4c
2026-04-02 12:18:27,171 - INFO - Table 4 for RURU: 15r x 4c
2026-04-02 12:18:27,172 - INFO - Table 5 for RURU: 13r x 11c
2026-04-02 12:18:31,682 - INFO - Found 5 tables for SADBL
2026-04-02 12:18:31,691 - INFO - Table 3 for SADBL: 11r x 4c
2026-04-02 12:18:31,692 - INFO - Table 4 for SADBL: 11r x 4c
2026-04-02 12:18:31,693 - INFO - Table 5 for SADBL: 13r x 11c
2026-04-02 12:18:36,254 - INFO - Found 5 tables for SAHAS
2026-04-02 12:18:36,262 - INFO - Table 3 for SAHAS: 11r x 4c
2026-04-02 12:18:36,263 - INFO - Table 4 for SAHAS: 15r x 4c
2026-04-02 12:18:36,264 - INFO - Table 5 for SAHAS: 13r x 11c
2026-04-02 12:18:40,787 - INFO - Found 5 tables for SALICO
2026-04-02 12:18:40,795 - INFO - Table 3 for SALICO: 11r x 4c
2026-04-02 12:18:40,796 - INFO - Table 4 for SALICO: 11r x 4c
2026-04-02 12:18:40,797 - INFO - Table 5 for SALICO: 13r x 11c
2026-04-02 12:18:45,930 - INFO - Found 5 tables for SAMAJ
2026-04-02 12:18:45,938 - INFO - Table 3 for SAMAJ: 11r x 4c
2026-04-02 12:18:45,939 - INFO - Table 4 for SAMAJ: 11r x 4c
2026-04-02 12:18:45,940 - INFO - Table 5 for SAMAJ: 13r x 9c
2026-04-02 12:18:50,531 - INFO - Found 5 tables for SANIMA
2026-04-02 12:18:50,539 - INFO - Table 3 for SANIMA: 11r x 4c
2026-04-02 12:18:50,540 - INFO - Table 4 for SANIMA: 11r x 4c
2026-04-02 12:18:50,541 - INFO - Table 5 for SANIMA: 13r x 11c
2026-04-02 12:18:55,671 - INFO - Found 5 tables for SANVI
2026-04-02 12:18:55,678 - INFO - Table 3 for SANVI: 11r x 4c
2026-04-02 12:18:55,679 - INFO - Table 4 for SANVI: 15r x 4c
2026-04-02 12:18:55,680 - INFO - Table 5 for SANVI: 13r x 6c
2026-04-02 12:19:00,249 - INFO - Found 5 tables for SAPDBL
2026-04-02 12:19:00,257 - INFO - Table 3 for SAPDBL: 11r x 4c
2026-04-02 12:19:00,258 - INFO - Table 4 for SAPDBL: 11r x 4c
2026-04-02 12:19:00,260 - INFO - Table 5 for SAPDBL: 13r x 11c
2026-04-02 12:19:13,087 - INFO - Found 5 tables for SARBTM
2026-04-02 12:19:13,095 - INFO - Table 3 for SARBTM: 11r x 4c
2026-04-02 12:19:13,096 - INFO - Table 4 for SARBTM: 11r x 4c
2026-04-02 12:19:13,098 - INFO - Table 5 for SARBTM: 13r x 11c
2026-04-02 12:19:26,085 - INFO - Found 5 tables for SBI
2026-04-02 12:19:26,094 - INFO - Table 3 for SBI: 11r x 4c
2026-04-02 12:19:26,094 - INFO - Table 4 for SBI: 11r x 4c
2026-04-02 12:19:26,096 - INFO - Table 5 for SBI: 13r x 11c
2026-04-02 12:19:30,611 - INFO - Found 5 tables for SBL
2026-04-02 12:19:30,619 - INFO - Table 3 for SBL: 11r x 4c
2026-04-02 12:19:30,620 - INFO - Table 4 for SBL: 11r x 4c
2026-04-02 12:19:30,621 - INFO - Table 5 for SBL: 13r x 11c
2026-04-02 12:19:35,815 - INFO - Found 5 tables for SCB
2026-04-02 12:19:35,823 - INFO - Table 3 for SCB: 11r x 4c
2026-04-02 12:19:35,824 - INFO - Table 4 for SCB: 11r x 4c
2026-04-02 12:19:35,825 - INFO - Table 5 for SCB: 13r x 11c
2026-04-02 12:19:49,041 - INFO - Found 5 tables for SFCL
2026-04-02 12:19:49,049 - INFO - Table 3 for SFCL: 11r x 4c
2026-04-02 12:19:49,050 - INFO - Table 4 for SFCL: 11r x 4c
2026-04-02 12:19:49,051 - INFO - Table 5 for SFCL: 13r x 11c
2026-04-02 12:19:53,551 - INFO - Found 5 tables for SGHC
2026-04-02 12:19:53,559 - INFO - Table 3 for SGHC: 11r x 4c
2026-04-02 12:19:53,560 - INFO - Table 4 for SGHC: 15r x 4c
2026-04-02 12:19:53,562 - INFO - Table 5 for SGHC: 13r x 11c
2026-04-02 12:19:57,979 - INFO - Found 5 tables for SGIC
2026-04-02 12:19:57,987 - INFO - Table 3 for SGIC: 11r x 4c
2026-04-02 12:19:57,988 - INFO - Table 4 for SGIC: 11r x 4c
2026-04-02 12:19:57,990 - INFO - Table 5 for SGIC: 13r x 11c
2026-04-02 12:20:02,536 - INFO - Found 5 tables for SHEL
2026-04-02 12:20:02,544 - INFO - Table 3 for SHEL: 11r x 4c
2026-04-02 12:20:02,545 - INFO - Table 4 for SHEL: 15r x 4c
2026-04-02 12:20:02,546 - INFO - Table 5 for SHEL: 13r x 11c
2026-04-02 12:20:07,723 - INFO - Found 5 tables for SHINE
2026-04-02 12:20:07,731 - INFO - Table 3 for SHINE: 11r x 4c
2026-04-02 12:20:07,732 - INFO - Table 4 for SHINE: 11r x 4c
2026-04-02 12:20:07,733 - INFO - Table 5 for SHINE: 13r x 11c
2026-04-02 12:20:12,237 - INFO - Found 5 tables for SHIVM
2026-04-02 12:20:12,245 - INFO - Table 3 for SHIVM: 11r x 4c
2026-04-02 12:20:12,246 - INFO - Table 4 for SHIVM: 11r x 4c
2026-04-02 12:20:12,248 - INFO - Table 5 for SHIVM: 13r x 11c
2026-04-02 12:20:16,637 - INFO - Found 5 tables for SHL
2026-04-02 12:20:16,645 - INFO - Table 3 for SHL: 11r x 4c
2026-04-02 12:20:16,646 - INFO - Table 4 for SHL: 11r x 4c
2026-04-02 12:20:16,647 - INFO - Table 5 for SHL: 13r x 11c
2026-04-02 12:20:21,157 - INFO - Found 5 tables for SHLB
2026-04-02 12:20:21,165 - INFO - Table 3 for SHLB: 11r x 4c
2026-04-02 12:20:21,166 - INFO - Table 4 for SHLB: 11r x 4c
2026-04-02 12:20:21,167 - INFO - Table 5 for SHLB: 13r x 11c
2026-04-02 12:20:25,531 - INFO - Found 5 tables for SHPC
2026-04-02 12:20:25,539 - INFO - Table 3 for SHPC: 11r x 4c
2026-04-02 12:20:25,540 - INFO - Table 4 for SHPC: 15r x 4c
2026-04-02 12:20:25,542 - INFO - Table 5 for SHPC: 13r x 11c
2026-04-02 12:20:30,092 - INFO - Found 5 tables for SICL
2026-04-02 12:20:30,100 - INFO - Table 3 for SICL: 11r x 4c
2026-04-02 12:20:30,101 - INFO - Table 4 for SICL: 11r x 4c
2026-04-02 12:20:30,102 - INFO - Table 5 for SICL: 13r x 11c
2026-04-02 12:20:34,603 - INFO - Found 5 tables for SIFC
2026-04-02 12:20:34,611 - INFO - Table 3 for SIFC: 11r x 4c
2026-04-02 12:20:34,612 - INFO - Table 4 for SIFC: 11r x 4c
2026-04-02 12:20:34,614 - INFO - Table 5 for SIFC: 13r x 11c
2026-04-02 12:20:39,052 - INFO - Found 5 tables for SIKLES
2026-04-02 12:20:39,061 - INFO - Table 3 for SIKLES: 11r x 4c
2026-04-02 12:20:39,062 - INFO - Table 4 for SIKLES: 15r x 4c
2026-04-02 12:20:39,063 - INFO - Table 5 for SIKLES: 13r x 11c
2026-04-02 12:20:43,542 - INFO - Found 5 tables for SINDU
2026-04-02 12:20:43,550 - INFO - Table 3 for SINDU: 11r x 4c
2026-04-02 12:20:43,551 - INFO - Table 4 for SINDU: 11r x 4c
2026-04-02 12:20:43,552 - INFO - Table 5 for SINDU: 13r x 11c
2026-04-02 12:20:48,090 - INFO - Found 5 tables for SJCL
2026-04-02 12:20:48,098 - INFO - Table 3 for SJCL: 11r x 4c
2026-04-02 12:20:48,099 - INFO - Table 4 for SJCL: 15r x 4c
2026-04-02 12:20:48,100 - INFO - Table 5 for SJCL: 13r x 11c
2026-04-02 12:20:52,579 - INFO - Found 5 tables for SJLIC
2026-04-02 12:20:52,587 - INFO - Table 3 for SJLIC: 11r x 4c
2026-04-02 12:20:52,588 - INFO - Table 4 for SJLIC: 11r x 4c
2026-04-02 12:20:52,590 - INFO - Table 5 for SJLIC: 13r x 11c
2026-04-02 12:21:05,994 - INFO - Found 5 tables for SKBBL
2026-04-02 12:21:06,002 - INFO - Table 3 for SKBBL: 11r x 4c
2026-04-02 12:21:06,003 - INFO - Table 4 for SKBBL: 11r x 4c
2026-04-02 12:21:06,005 - INFO - Table 5 for SKBBL: 13r x 11c
2026-04-02 12:21:10,401 - INFO - Found 5 tables for SLBBL
2026-04-02 12:21:10,409 - INFO - Table 3 for SLBBL: 11r x 4c
2026-04-02 12:21:10,410 - INFO - Table 4 for SLBBL: 11r x 4c
2026-04-02 12:21:10,411 - INFO - Table 5 for SLBBL: 13r x 11c
2026-04-02 12:21:14,920 - INFO - Found 5 tables for SLBSL
2026-04-02 12:21:14,928 - INFO - Table 3 for SLBSL: 11r x 4c
2026-04-02 12:21:14,929 - INFO - Table 4 for SLBSL: 11r x 4c
2026-04-02 12:21:14,930 - INFO - Table 5 for SLBSL: 13r x 11c
2026-04-02 12:21:19,562 - INFO - Found 5 tables for SMATA
2026-04-02 12:21:19,570 - INFO - Table 3 for SMATA: 11r x 4c
2026-04-02 12:21:19,571 - INFO - Table 4 for SMATA: 11r x 4c
2026-04-02 12:21:19,572 - INFO - Table 5 for SMATA: 13r x 11c
2026-04-02 12:21:23,985 - INFO - Found 5 tables for SMB
2026-04-02 12:21:23,993 - INFO - Table 3 for SMB: 11r x 4c
2026-04-02 12:21:23,994 - INFO - Table 4 for SMB: 11r x 4c
2026-04-02 12:21:23,996 - INFO - Table 5 for SMB: 13r x 11c
2026-04-02 12:21:28,522 - INFO - Found 5 tables for SMFBS
2026-04-02 12:21:28,530 - INFO - Table 3 for SMFBS: 11r x 4c
2026-04-02 12:21:28,531 - INFO - Table 4 for SMFBS: 11r x 4c
2026-04-02 12:21:28,532 - INFO - Table 5 for SMFBS: 13r x 11c
2026-04-02 12:21:41,896 - INFO - Found 5 tables for SMH
2026-04-02 12:21:41,904 - INFO - Table 3 for SMH: 11r x 4c
2026-04-02 12:21:41,905 - INFO - Table 4 for SMH: 15r x 4c
2026-04-02 12:21:41,906 - INFO - Table 5 for SMH: 13r x 11c
2026-04-02 12:21:46,405 - INFO - Found 5 tables for SMHL
2026-04-02 12:21:46,412 - INFO - Table 3 for SMHL: 11r x 4c
2026-04-02 12:21:46,413 - INFO - Table 4 for SMHL: 15r x 4c
2026-04-02 12:21:46,415 - INFO - Table 5 for SMHL: 13r x 11c
2026-04-02 12:21:59,741 - INFO - Found 5 tables for SMJC
2026-04-02 12:21:59,749 - INFO - Table 3 for SMJC: 11r x 4c
2026-04-02 12:21:59,750 - INFO - Table 4 for SMJC: 15r x 4c
2026-04-02 12:21:59,751 - INFO - Table 5 for SMJC: 13r x 11c
2026-04-02 12:22:04,174 - INFO - Found 5 tables for SMPDA
2026-04-02 12:22:04,182 - INFO - Table 3 for SMPDA: 11r x 4c
2026-04-02 12:22:04,183 - INFO - Table 4 for SMPDA: 11r x 4c
2026-04-02 12:22:04,184 - INFO - Table 5 for SMPDA: 13r x 10c
2026-04-02 12:22:08,693 - INFO - Found 5 tables for SNLI
2026-04-02 12:22:08,700 - INFO - Table 3 for SNLI: 11r x 4c
2026-04-02 12:22:08,701 - INFO - Table 4 for SNLI: 11r x 4c
2026-04-02 12:22:08,703 - INFO - Table 5 for SNLI: 13r x 11c
2026-04-02 12:22:13,860 - INFO - Found 5 tables for SONA
2026-04-02 12:22:13,868 - INFO - Table 3 for SONA: 11r x 4c
2026-04-02 12:22:13,869 - INFO - Table 4 for SONA: 11r x 4c
2026-04-02 12:22:13,870 - INFO - Table 5 for SONA: 13r x 11c
2026-04-02 12:22:18,461 - INFO - Found 5 tables for SPC
2026-04-02 12:22:18,469 - INFO - Table 3 for SPC: 11r x 4c
2026-04-02 12:22:18,470 - INFO - Table 4 for SPC: 15r x 4c
2026-04-02 12:22:18,472 - INFO - Table 5 for SPC: 13r x 11c
2026-04-02 12:22:22,926 - INFO - Found 5 tables for SPDL
2026-04-02 12:22:22,934 - INFO - Table 3 for SPDL: 11r x 4c
2026-04-02 12:22:22,935 - INFO - Table 4 for SPDL: 15r x 4c
2026-04-02 12:22:22,937 - INFO - Table 5 for SPDL: 13r x 11c
2026-04-02 12:22:27,454 - INFO - Found 5 tables for SPHL
2026-04-02 12:22:27,462 - INFO - Table 3 for SPHL: 11r x 4c
2026-04-02 12:22:27,463 - INFO - Table 4 for SPHL: 15r x 4c
2026-04-02 12:22:27,465 - INFO - Table 5 for SPHL: 13r x 11c
2026-04-02 12:22:31,942 - INFO - Found 5 tables for SPIL
2026-04-02 12:22:31,949 - INFO - Table 3 for SPIL: 11r x 4c
2026-04-02 12:22:31,950 - INFO - Table 4 for SPIL: 11r x 4c
2026-04-02 12:22:31,952 - INFO - Table 5 for SPIL: 13r x 11c
2026-04-02 12:22:36,940 - INFO - Found 5 tables for SPL
2026-04-02 12:22:36,948 - INFO - Table 3 for SPL: 11r x 4c
2026-04-02 12:22:36,949 - INFO - Table 4 for SPL: 15r x 4c
2026-04-02 12:22:36,950 - INFO - Table 5 for SPL: 13r x 11c
2026-04-02 12:22:41,553 - INFO - Found 5 tables for SRLI
2026-04-02 12:22:41,561 - INFO - Table 3 for SRLI: 11r x 4c
2026-04-02 12:22:41,562 - INFO - Table 4 for SRLI: 11r x 4c
2026-04-02 12:22:41,563 - INFO - Table 5 for SRLI: 13r x 11c
2026-04-02 12:22:46,091 - INFO - Found 5 tables for SSHL
2026-04-02 12:22:46,099 - INFO - Table 3 for SSHL: 11r x 4c
2026-04-02 12:22:46,100 - INFO - Table 4 for SSHL: 15r x 4c
2026-04-02 12:22:46,101 - INFO - Table 5 for SSHL: 13r x 10c
2026-04-02 12:22:58,947 - INFO - Found 5 tables for STC
2026-04-02 12:22:58,955 - INFO - Table 3 for STC: 11r x 4c
2026-04-02 12:22:58,956 - INFO - Table 4 for STC: 11r x 4c
2026-04-02 12:22:58,957 - INFO - Table 5 for STC: 13r x 11c
2026-04-02 12:23:03,507 - INFO - Found 5 tables for SWBBL
2026-04-02 12:23:03,515 - INFO - Table 3 for SWBBL: 11r x 4c
2026-04-02 12:23:03,516 - INFO - Table 4 for SWBBL: 11r x 4c
2026-04-02 12:23:03,517 - INFO - Table 5 for SWBBL: 13r x 11c
2026-04-02 12:23:07,866 - INFO - Found 5 tables for SWMF
2026-04-02 12:23:07,873 - INFO - Table 3 for SWMF: 11r x 4c
2026-04-02 12:23:07,874 - INFO - Table 4 for SWMF: 11r x 4c
2026-04-02 12:23:07,876 - INFO - Table 5 for SWMF: 13r x 11c
2026-04-02 12:23:12,452 - INFO - Found 5 tables for TAMOR
2026-04-02 12:23:12,460 - INFO - Table 3 for TAMOR: 11r x 4c
2026-04-02 12:23:12,461 - INFO - Table 4 for TAMOR: 15r x 4c
2026-04-02 12:23:12,462 - INFO - Table 5 for TAMOR: 13r x 11c
2026-04-02 12:23:17,212 - INFO - Found 5 tables for TPC
2026-04-02 12:23:17,220 - INFO - Table 3 for TPC: 11r x 4c
2026-04-02 12:23:17,221 - INFO - Table 4 for TPC: 15r x 4c
2026-04-02 12:23:17,222 - INFO - Table 5 for TPC: 13r x 11c
2026-04-02 12:23:21,639 - INFO - Found 5 tables for TRH
2026-04-02 12:23:21,647 - INFO - Table 3 for TRH: 11r x 4c
2026-04-02 12:23:21,648 - INFO - Table 4 for TRH: 11r x 4c
2026-04-02 12:23:21,649 - INFO - Table 5 for TRH: 13r x 11c
2026-04-02 12:23:26,149 - INFO - Found 5 tables for TSHL
2026-04-02 12:23:26,158 - INFO - Table 3 for TSHL: 11r x 4c
2026-04-02 12:23:26,159 - INFO - Table 4 for TSHL: 15r x 4c
2026-04-02 12:23:26,161 - INFO - Table 5 for TSHL: 13r x 11c
2026-04-02 12:23:31,356 - INFO - Found 5 tables for TTL
2026-04-02 12:23:31,364 - INFO - Table 3 for TTL: 11r x 4c
2026-04-02 12:23:31,365 - INFO - Table 4 for TTL: 11r x 4c
2026-04-02 12:23:31,366 - INFO - Table 5 for TTL: 13r x 6c
2026-04-02 12:23:35,933 - INFO - Found 5 tables for TVCL
2026-04-02 12:23:35,942 - INFO - Table 3 for TVCL: 11r x 4c
2026-04-02 12:23:35,943 - INFO - Table 4 for TVCL: 15r x 4c
2026-04-02 12:23:35,944 - INFO - Table 5 for TVCL: 13r x 11c
2026-04-02 12:23:40,436 - INFO - Found 5 tables for UAIL
2026-04-02 12:23:40,444 - INFO - Table 3 for UAIL: 11r x 4c
2026-04-02 12:23:40,444 - INFO - Table 4 for UAIL: 11r x 4c
2026-04-02 12:23:40,446 - INFO - Table 5 for UAIL: 13r x 11c
2026-04-02 12:23:44,963 - INFO - Found 5 tables for UHEWA
2026-04-02 12:23:44,971 - INFO - Table 3 for UHEWA: 11r x 4c
2026-04-02 12:23:44,972 - INFO - Table 4 for UHEWA: 15r x 4c
2026-04-02 12:23:44,973 - INFO - Table 5 for UHEWA: 13r x 11c
2026-04-02 12:23:49,412 - INFO - Found 5 tables for ULBSL
2026-04-02 12:23:49,420 - INFO - Table 3 for ULBSL: 11r x 4c
2026-04-02 12:23:49,421 - INFO - Table 4 for ULBSL: 11r x 4c
2026-04-02 12:23:49,423 - INFO - Table 5 for ULBSL: 13r x 11c
2026-04-02 12:23:53,935 - INFO - Found 5 tables for ULHC
2026-04-02 12:23:53,943 - INFO - Table 3 for ULHC: 11r x 4c
2026-04-02 12:23:53,944 - INFO - Table 4 for ULHC: 15r x 4c
2026-04-02 12:23:53,945 - INFO - Table 5 for ULHC: 13r x 9c
2026-04-02 12:23:58,441 - INFO - Found 5 tables for UMHL
2026-04-02 12:23:58,449 - INFO - Table 3 for UMHL: 11r x 4c
2026-04-02 12:23:58,450 - INFO - Table 4 for UMHL: 15r x 4c
2026-04-02 12:23:58,452 - INFO - Table 5 for UMHL: 13r x 11c
2026-04-02 12:24:03,010 - INFO - Found 5 tables for UMRH
2026-04-02 12:24:03,019 - INFO - Table 3 for UMRH: 11r x 4c
2026-04-02 12:24:03,020 - INFO - Table 4 for UMRH: 15r x 4c
2026-04-02 12:24:03,022 - INFO - Table 5 for UMRH: 13r x 11c
2026-04-02 12:24:07,476 - INFO - Found 5 tables for UNHPL
2026-04-02 12:24:07,484 - INFO - Table 3 for UNHPL: 11r x 4c
2026-04-02 12:24:07,484 - INFO - Table 4 for UNHPL: 15r x 4c
2026-04-02 12:24:07,486 - INFO - Table 5 for UNHPL: 13r x 11c
2026-04-02 12:24:11,988 - INFO - Found 5 tables for UNL
2026-04-02 12:24:11,996 - INFO - Table 3 for UNL: 11r x 4c
2026-04-02 12:24:11,997 - INFO - Table 4 for UNL: 11r x 4c
2026-04-02 12:24:11,998 - INFO - Table 5 for UNL: 13r x 11c
2026-04-02 12:24:16,549 - INFO - Found 5 tables for UNLB
2026-04-02 12:24:16,557 - INFO - Table 3 for UNLB: 11r x 4c
2026-04-02 12:24:16,558 - INFO - Table 4 for UNLB: 11r x 4c
2026-04-02 12:24:16,559 - INFO - Table 5 for UNLB: 13r x 11c
2026-04-02 12:24:21,167 - INFO - Found 5 tables for UPCL
2026-04-02 12:24:21,175 - INFO - Table 3 for UPCL: 11r x 4c
2026-04-02 12:24:21,176 - INFO - Table 4 for UPCL: 15r x 4c
2026-04-02 12:24:21,177 - INFO - Table 5 for UPCL: 13r x 11c
2026-04-02 12:24:25,556 - INFO - Found 5 tables for UPPER
2026-04-02 12:24:25,564 - INFO - Table 3 for UPPER: 11r x 4c
2026-04-02 12:24:25,565 - INFO - Table 4 for UPPER: 15r x 4c
2026-04-02 12:24:25,566 - INFO - Table 5 for UPPER: 13r x 11c
2026-04-02 12:24:30,079 - INFO - Found 5 tables for USHEC
2026-04-02 12:24:30,087 - INFO - Table 3 for USHEC: 11r x 4c
2026-04-02 12:24:30,088 - INFO - Table 4 for USHEC: 15r x 4c
2026-04-02 12:24:30,090 - INFO - Table 5 for USHEC: 13r x 11c
2026-04-02 12:24:34,697 - INFO - Found 5 tables for USHL
2026-04-02 12:24:34,705 - INFO - Table 3 for USHL: 11r x 4c
2026-04-02 12:24:34,706 - INFO - Table 4 for USHL: 15r x 4c
2026-04-02 12:24:34,707 - INFO - Table 5 for USHL: 13r x 11c
2026-04-02 12:24:39,259 - INFO - Found 5 tables for USLB
2026-04-02 12:24:39,267 - INFO - Table 3 for USLB: 11r x 4c
2026-04-02 12:24:39,267 - INFO - Table 4 for USLB: 11r x 4c
2026-04-02 12:24:39,269 - INFO - Table 5 for USLB: 13r x 11c
2026-04-02 12:24:43,662 - INFO - Found 5 tables for VLBS
2026-04-02 12:24:43,670 - INFO - Table 3 for VLBS: 11r x 4c
2026-04-02 12:24:43,671 - INFO - Table 4 for VLBS: 11r x 4c
2026-04-02 12:24:43,672 - INFO - Table 5 for VLBS: 13r x 11c
2026-04-02 12:24:48,225 - INFO - Found 5 tables for VLUCL
2026-04-02 12:24:48,233 - INFO - Table 3 for VLUCL: 11r x 4c
2026-04-02 12:24:48,234 - INFO - Table 4 for VLUCL: 15r x 4c
2026-04-02 12:24:48,235 - INFO - Table 5 for VLUCL: 13r x 11c
2026-04-02 12:24:52,628 - INFO - Found 5 tables for WNLB
2026-04-02 12:24:52,636 - INFO - Table 3 for WNLB: 11r x 4c
2026-04-02 12:24:52,637 - INFO - Table 4 for WNLB: 11r x 4c
2026-04-02 12:24:52,638 - INFO - Table 5 for WNLB: 13r x 11c
2026-04-02 12:24:56,407 - INFO - CSV saved: Link_Attributes.csv
2026-04-02 12:24:56,467 - INFO - CSV saved: Link_Additional.csv
2026-04-02 12:24:57,917 - INFO - Dashboard saved: index.html
2026-04-03 11:54:05,448 - INFO - Found 251 URLs
2026-04-03 11:54:09,849 - INFO - Found 5 tables for ACLBSL
2026-04-03 11:54:09,857 - INFO - Table 3 for ACLBSL: 11r x 4c
2026-04-03 11:54:09,858 - INFO - Table 4 for ACLBSL: 11r x 4c
2026-04-03 11:54:09,860 - INFO - Table 5 for ACLBSL: 13r x 11c
2026-04-03 11:54:14,785 - INFO - Found 5 tables for ADBL
2026-04-03 11:54:14,793 - INFO - Table 3 for ADBL: 11r x 4c
2026-04-03 11:54:14,794 - INFO - Table 4 for ADBL: 11r x 4c
2026-04-03 11:54:14,796 - INFO - Table 5 for ADBL: 13r x 11c
2026-04-03 11:54:19,781 - INFO - Found 5 tables for AHL
2026-04-03 11:54:19,788 - INFO - Table 3 for AHL: 11r x 4c
2026-04-03 11:54:19,789 - INFO - Table 4 for AHL: 15r x 4c
2026-04-03 11:54:19,791 - INFO - Table 5 for AHL: 13r x 11c
2026-04-03 11:54:24,109 - INFO - Found 5 tables for AHPC
2026-04-03 11:54:24,117 - INFO - Table 3 for AHPC: 11r x 4c
2026-04-03 11:54:24,118 - INFO - Table 4 for AHPC: 15r x 4c
2026-04-03 11:54:24,119 - INFO - Table 5 for AHPC: 13r x 11c
2026-04-03 11:54:28,740 - INFO - Found 5 tables for AKJCL
2026-04-03 11:54:28,748 - INFO - Table 3 for AKJCL: 11r x 4c
2026-04-03 11:54:28,749 - INFO - Table 4 for AKJCL: 15r x 4c
2026-04-03 11:54:28,751 - INFO - Table 5 for AKJCL: 13r x 11c
2026-04-03 11:54:33,116 - INFO - Found 5 tables for AKPL
2026-04-03 11:54:33,124 - INFO - Table 3 for AKPL: 11r x 4c
2026-04-03 11:54:33,125 - INFO - Table 4 for AKPL: 15r x 4c
2026-04-03 11:54:33,126 - INFO - Table 5 for AKPL: 13r x 11c
2026-04-03 11:54:47,276 - INFO - Found 5 tables for ALBSL
2026-04-03 11:54:47,284 - INFO - Table 3 for ALBSL: 11r x 4c
2026-04-03 11:54:47,285 - INFO - Table 4 for ALBSL: 11r x 4c
2026-04-03 11:54:47,286 - INFO - Table 5 for ALBSL: 13r x 11c
2026-04-03 11:54:51,582 - INFO - Found 5 tables for ALICL
2026-04-03 11:54:51,590 - INFO - Table 3 for ALICL: 11r x 4c
2026-04-03 11:54:51,591 - INFO - Table 4 for ALICL: 11r x 4c
2026-04-03 11:54:51,593 - INFO - Table 5 for ALICL: 13r x 11c
2026-04-03 11:54:55,920 - INFO - Found 5 tables for ANLB
2026-04-03 11:54:55,928 - INFO - Table 3 for ANLB: 11r x 4c
2026-04-03 11:54:55,929 - INFO - Table 4 for ANLB: 11r x 4c
2026-04-03 11:54:55,930 - INFO - Table 5 for ANLB: 13r x 11c
2026-04-03 11:55:00,242 - INFO - Found 5 tables for API
2026-04-03 11:55:00,250 - INFO - Table 3 for API: 11r x 4c
2026-04-03 11:55:00,251 - INFO - Table 4 for API: 15r x 4c
2026-04-03 11:55:00,252 - INFO - Table 5 for API: 13r x 11c
2026-04-03 11:55:04,675 - INFO - Found 5 tables for AVYAN
2026-04-03 11:55:04,683 - INFO - Table 3 for AVYAN: 11r x 4c
2026-04-03 11:55:04,684 - INFO - Table 4 for AVYAN: 11r x 4c
2026-04-03 11:55:04,685 - INFO - Table 5 for AVYAN: 13r x 11c
2026-04-03 11:55:08,930 - INFO - Found 5 tables for BARUN
2026-04-03 11:55:08,938 - INFO - Table 3 for BARUN: 11r x 4c
2026-04-03 11:55:08,939 - INFO - Table 4 for BARUN: 15r x 4c
2026-04-03 11:55:08,940 - INFO - Table 5 for BARUN: 13r x 11c
2026-04-03 11:55:13,182 - INFO - Found 4 tables for BBC
2026-04-03 11:55:13,190 - INFO - Table 3 for BBC: 11r x 4c
2026-04-03 11:55:13,191 - INFO - Table 4 for BBC: 11r x 4c
2026-04-03 11:55:17,508 - INFO - Found 5 tables for BEDC
2026-04-03 11:55:17,516 - INFO - Table 3 for BEDC: 11r x 4c
2026-04-03 11:55:17,517 - INFO - Table 4 for BEDC: 15r x 4c
2026-04-03 11:55:17,519 - INFO - Table 5 for BEDC: 13r x 11c
2026-04-03 11:55:21,788 - INFO - Found 5 tables for BFC
2026-04-03 11:55:21,796 - INFO - Table 3 for BFC: 11r x 4c
2026-04-03 11:55:21,797 - INFO - Table 4 for BFC: 11r x 4c
2026-04-03 11:55:21,798 - INFO - Table 5 for BFC: 13r x 10c
2026-04-03 11:55:26,143 - INFO - Found 5 tables for BGWT
2026-04-03 11:55:26,151 - INFO - Table 3 for BGWT: 11r x 4c
2026-04-03 11:55:26,152 - INFO - Table 4 for BGWT: 15r x 4c
2026-04-03 11:55:26,154 - INFO - Table 5 for BGWT: 13r x 11c
2026-04-03 11:55:30,469 - INFO - Found 5 tables for BHDC
2026-04-03 11:55:30,477 - INFO - Table 3 for BHDC: 11r x 4c
2026-04-03 11:55:30,478 - INFO - Table 4 for BHDC: 15r x 4c
2026-04-03 11:55:30,480 - INFO - Table 5 for BHDC: 13r x 11c
2026-04-03 11:55:34,765 - INFO - Found 5 tables for BHL
2026-04-03 11:55:34,773 - INFO - Table 3 for BHL: 11r x 4c
2026-04-03 11:55:34,774 - INFO - Table 4 for BHL: 15r x 4c
2026-04-03 11:55:34,776 - INFO - Table 5 for BHL: 13r x 11c
2026-04-03 11:55:39,095 - INFO - Found 5 tables for BHPL
2026-04-03 11:55:39,103 - INFO - Table 3 for BHPL: 11r x 4c
2026-04-03 11:55:39,104 - INFO - Table 4 for BHPL: 15r x 4c
2026-04-03 11:55:39,105 - INFO - Table 5 for BHPL: 13r x 11c
2026-04-03 11:55:43,449 - INFO - Found 5 tables for BNHC
2026-04-03 11:55:43,457 - INFO - Table 3 for BNHC: 11r x 4c
2026-04-03 11:55:43,458 - INFO - Table 4 for BNHC: 15r x 4c
2026-04-03 11:55:43,459 - INFO - Table 5 for BNHC: 13r x 11c
2026-04-03 11:55:47,753 - INFO - Found 5 tables for BNL
2026-04-03 11:55:47,761 - INFO - Table 3 for BNL: 11r x 4c
2026-04-03 11:55:47,762 - INFO - Table 4 for BNL: 11r x 4c
2026-04-03 11:55:47,763 - INFO - Table 5 for BNL: 13r x 11c
2026-04-03 11:55:52,062 - INFO - Found 5 tables for BNT
2026-04-03 11:55:52,069 - INFO - Table 3 for BNT: 11r x 4c
2026-04-03 11:55:52,070 - INFO - Table 4 for BNT: 11r x 4c
2026-04-03 11:55:52,072 - INFO - Table 5 for BNT: 13r x 11c
2026-04-03 11:55:56,393 - INFO - Found 5 tables for BPCL
2026-04-03 11:55:56,401 - INFO - Table 3 for BPCL: 11r x 4c
2026-04-03 11:55:56,402 - INFO - Table 4 for BPCL: 15r x 4c
2026-04-03 11:55:56,404 - INFO - Table 5 for BPCL: 13r x 11c
2026-04-03 11:56:00,698 - INFO - Found 5 tables for CBBL
2026-04-03 11:56:00,706 - INFO - Table 3 for CBBL: 11r x 4c
2026-04-03 11:56:00,707 - INFO - Table 4 for CBBL: 11r x 4c
2026-04-03 11:56:00,708 - INFO - Table 5 for CBBL: 13r x 11c
2026-04-03 11:56:05,736 - INFO - Found 5 tables for CFCL
2026-04-03 11:56:05,743 - INFO - Table 3 for CFCL: 11r x 4c
2026-04-03 11:56:05,744 - INFO - Table 4 for CFCL: 11r x 4c
2026-04-03 11:56:05,746 - INFO - Table 5 for CFCL: 13r x 10c
2026-04-03 11:56:10,059 - INFO - Found 5 tables for CGH
2026-04-03 11:56:10,067 - INFO - Table 3 for CGH: 11r x 4c
2026-04-03 11:56:10,068 - INFO - Table 4 for CGH: 11r x 4c
2026-04-03 11:56:10,070 - INFO - Table 5 for CGH: 13r x 11c
2026-04-03 11:56:14,382 - INFO - Found 5 tables for CHCL
2026-04-03 11:56:14,390 - INFO - Table 3 for CHCL: 11r x 4c
2026-04-03 11:56:14,391 - INFO - Table 4 for CHCL: 15r x 4c
2026-04-03 11:56:14,392 - INFO - Table 5 for CHCL: 13r x 11c
2026-04-03 11:56:18,699 - INFO - Found 5 tables for CHDC
2026-04-03 11:56:18,707 - INFO - Table 3 for CHDC: 11r x 4c
2026-04-03 11:56:18,708 - INFO - Table 4 for CHDC: 11r x 4c
2026-04-03 11:56:18,709 - INFO - Table 5 for CHDC: 13r x 11c
2026-04-03 11:56:23,025 - INFO - Found 5 tables for CHL
2026-04-03 11:56:23,033 - INFO - Table 3 for CHL: 11r x 4c
2026-04-03 11:56:23,034 - INFO - Table 4 for CHL: 15r x 4c
2026-04-03 11:56:23,035 - INFO - Table 5 for CHL: 13r x 11c
2026-04-03 11:56:36,566 - INFO - Found 5 tables for CIT
2026-04-03 11:56:36,574 - INFO - Table 3 for CIT: 11r x 4c
2026-04-03 11:56:36,575 - INFO - Table 4 for CIT: 11r x 4c
2026-04-03 11:56:36,577 - INFO - Table 5 for CIT: 13r x 11c
2026-04-03 11:56:49,918 - INFO - Found 5 tables for CITY
2026-04-03 11:56:49,925 - INFO - Table 3 for CITY: 11r x 4c
2026-04-03 11:56:49,926 - INFO - Table 4 for CITY: 11r x 4c
2026-04-03 11:56:49,928 - INFO - Table 5 for CITY: 13r x 11c
2026-04-03 11:56:54,243 - INFO - Found 5 tables for CKHL
2026-04-03 11:56:54,250 - INFO - Table 3 for CKHL: 11r x 4c
2026-04-03 11:56:54,251 - INFO - Table 4 for CKHL: 15r x 4c
2026-04-03 11:56:54,253 - INFO - Table 5 for CKHL: 13r x 11c
2026-04-03 11:56:58,515 - INFO - Found 5 tables for CLI
2026-04-03 11:56:58,523 - INFO - Table 3 for CLI: 11r x 4c
2026-04-03 11:56:58,524 - INFO - Table 4 for CLI: 11r x 4c
2026-04-03 11:56:58,525 - INFO - Table 5 for CLI: 13r x 11c
2026-04-03 11:57:02,869 - INFO - Found 5 tables for CORBL
2026-04-03 11:57:02,877 - INFO - Table 3 for CORBL: 11r x 4c
2026-04-03 11:57:02,878 - INFO - Table 4 for CORBL: 11r x 4c
2026-04-03 11:57:02,879 - INFO - Table 5 for CORBL: 13r x 11c
2026-04-03 11:57:07,206 - INFO - Found 5 tables for CREST
2026-04-03 11:57:07,216 - INFO - Table 3 for CREST: 11r x 4c
2026-04-03 11:57:07,216 - INFO - Table 4 for CREST: 11r x 4c
2026-04-03 11:57:07,218 - INFO - Table 5 for CREST: 13r x 7c
2026-04-03 11:57:11,503 - INFO - Found 5 tables for CYCL
2026-04-03 11:57:11,510 - INFO - Table 3 for CYCL: 11r x 4c
2026-04-03 11:57:11,511 - INFO - Table 4 for CYCL: 11r x 4c
2026-04-03 11:57:11,513 - INFO - Table 5 for CYCL: 13r x 11c
2026-04-03 11:57:15,830 - INFO - Found 5 tables for CZBIL
2026-04-03 11:57:15,838 - INFO - Table 3 for CZBIL: 11r x 4c
2026-04-03 11:57:15,839 - INFO - Table 4 for CZBIL: 11r x 4c
2026-04-03 11:57:15,840 - INFO - Table 5 for CZBIL: 13r x 11c
2026-04-03 11:57:20,137 - INFO - Found 5 tables for DDBL
2026-04-03 11:57:20,145 - INFO - Table 3 for DDBL: 11r x 4c
2026-04-03 11:57:20,146 - INFO - Table 4 for DDBL: 11r x 4c
2026-04-03 11:57:20,147 - INFO - Table 5 for DDBL: 13r x 11c
2026-04-03 11:57:24,501 - INFO - Found 5 tables for DHPL
2026-04-03 11:57:24,509 - INFO - Table 3 for DHPL: 11r x 4c
2026-04-03 11:57:24,510 - INFO - Table 4 for DHPL: 15r x 4c
2026-04-03 11:57:24,511 - INFO - Table 5 for DHPL: 13r x 11c
2026-04-03 11:57:29,121 - INFO - Found 5 tables for DLBS
2026-04-03 11:57:29,129 - INFO - Table 3 for DLBS: 11r x 4c
2026-04-03 11:57:29,130 - INFO - Table 4 for DLBS: 11r x 4c
2026-04-03 11:57:29,131 - INFO - Table 5 for DLBS: 13r x 10c
2026-04-03 11:57:33,512 - INFO - Found 5 tables for DOLTI
2026-04-03 11:57:33,520 - INFO - Table 3 for DOLTI: 11r x 4c
2026-04-03 11:57:33,521 - INFO - Table 4 for DOLTI: 15r x 4c
2026-04-03 11:57:33,523 - INFO - Table 5 for DOLTI: 13r x 11c
2026-04-03 11:57:37,793 - INFO - Found 5 tables for DORDI
2026-04-03 11:57:37,800 - INFO - Table 3 for DORDI: 11r x 4c
2026-04-03 11:57:37,801 - INFO - Table 4 for DORDI: 15r x 4c
2026-04-03 11:57:37,803 - INFO - Table 5 for DORDI: 13r x 11c
2026-04-03 11:57:42,184 - INFO - Found 5 tables for EBL
2026-04-03 11:57:42,192 - INFO - Table 3 for EBL: 11r x 4c
2026-04-03 11:57:42,193 - INFO - Table 4 for EBL: 11r x 4c
2026-04-03 11:57:42,194 - INFO - Table 5 for EBL: 13r x 11c
2026-04-03 11:57:46,496 - INFO - Found 5 tables for EDBL
2026-04-03 11:57:46,504 - INFO - Table 3 for EDBL: 11r x 4c
2026-04-03 11:57:46,504 - INFO - Table 4 for EDBL: 11r x 4c
2026-04-03 11:57:46,506 - INFO - Table 5 for EDBL: 13r x 11c
2026-04-03 11:57:50,768 - INFO - Found 5 tables for EHPL
2026-04-03 11:57:50,776 - INFO - Table 3 for EHPL: 11r x 4c
2026-04-03 11:57:50,777 - INFO - Table 4 for EHPL: 15r x 4c
2026-04-03 11:57:50,778 - INFO - Table 5 for EHPL: 13r x 11c
2026-04-03 11:57:55,100 - INFO - Found 5 tables for ENL
2026-04-03 11:57:55,108 - INFO - Table 3 for ENL: 11r x 4c
2026-04-03 11:57:55,108 - INFO - Table 4 for ENL: 11r x 4c
2026-04-03 11:57:55,110 - INFO - Table 5 for ENL: 13r x 11c
2026-04-03 11:57:59,431 - INFO - Found 5 tables for FMDBL
2026-04-03 11:57:59,439 - INFO - Table 3 for FMDBL: 11r x 4c
2026-04-03 11:57:59,440 - INFO - Table 4 for FMDBL: 11r x 4c
2026-04-03 11:57:59,441 - INFO - Table 5 for FMDBL: 13r x 11c
2026-04-03 11:58:03,778 - INFO - Found 5 tables for FOWAD
2026-04-03 11:58:03,786 - INFO - Table 3 for FOWAD: 11r x 4c
2026-04-03 11:58:03,786 - INFO - Table 4 for FOWAD: 11r x 4c
2026-04-03 11:58:03,788 - INFO - Table 5 for FOWAD: 13r x 11c
2026-04-03 11:58:08,079 - INFO - Found 5 tables for GBBL
2026-04-03 11:58:08,087 - INFO - Table 3 for GBBL: 11r x 4c
2026-04-03 11:58:08,088 - INFO - Table 4 for GBBL: 11r x 4c
2026-04-03 11:58:08,089 - INFO - Table 5 for GBBL: 13r x 11c
2026-04-03 11:58:12,560 - INFO - Found 5 tables for GBIME
2026-04-03 11:58:12,568 - INFO - Table 3 for GBIME: 11r x 4c
2026-04-03 11:58:12,569 - INFO - Table 4 for GBIME: 11r x 4c
2026-04-03 11:58:12,570 - INFO - Table 5 for GBIME: 13r x 11c
2026-04-03 11:58:16,879 - INFO - Found 5 tables for GBLBS
2026-04-03 11:58:16,886 - INFO - Table 3 for GBLBS: 11r x 4c
2026-04-03 11:58:16,887 - INFO - Table 4 for GBLBS: 11r x 4c
2026-04-03 11:58:16,889 - INFO - Table 5 for GBLBS: 13r x 10c
2026-04-03 11:58:21,217 - INFO - Found 5 tables for GCIL
2026-04-03 11:58:21,225 - INFO - Table 3 for GCIL: 11r x 4c
2026-04-03 11:58:21,226 - INFO - Table 4 for GCIL: 11r x 4c
2026-04-03 11:58:21,227 - INFO - Table 5 for GCIL: 13r x 11c
2026-04-03 11:58:25,579 - INFO - Found 5 tables for GFCL
2026-04-03 11:58:25,587 - INFO - Table 3 for GFCL: 11r x 4c
2026-04-03 11:58:25,588 - INFO - Table 4 for GFCL: 11r x 4c
2026-04-03 11:58:25,589 - INFO - Table 5 for GFCL: 13r x 11c
2026-04-03 11:58:29,876 - INFO - Found 5 tables for GHL
2026-04-03 11:58:29,884 - INFO - Table 3 for GHL: 11r x 4c
2026-04-03 11:58:29,885 - INFO - Table 4 for GHL: 15r x 4c
2026-04-03 11:58:29,887 - INFO - Table 5 for GHL: 13r x 11c
2026-04-03 11:58:34,206 - INFO - Found 5 tables for GILB
2026-04-03 11:58:34,214 - INFO - Table 3 for GILB: 11r x 4c
2026-04-03 11:58:34,215 - INFO - Table 4 for GILB: 11r x 4c
2026-04-03 11:58:34,216 - INFO - Table 5 for GILB: 13r x 11c
2026-04-03 11:58:38,495 - INFO - Found 5 tables for GLBSL
2026-04-03 11:58:38,502 - INFO - Table 3 for GLBSL: 11r x 4c
2026-04-03 11:58:38,503 - INFO - Table 4 for GLBSL: 11r x 4c
2026-04-03 11:58:38,505 - INFO - Table 5 for GLBSL: 13r x 11c
2026-04-03 11:58:42,825 - INFO - Found 5 tables for GLH
2026-04-03 11:58:42,833 - INFO - Table 3 for GLH: 11r x 4c
2026-04-03 11:58:42,834 - INFO - Table 4 for GLH: 15r x 4c
2026-04-03 11:58:42,835 - INFO - Table 5 for GLH: 13r x 10c
2026-04-03 11:58:47,099 - INFO - Found 5 tables for GMFBS
2026-04-03 11:58:47,107 - INFO - Table 3 for GMFBS: 11r x 4c
2026-04-03 11:58:47,108 - INFO - Table 4 for GMFBS: 11r x 4c
2026-04-03 11:58:47,109 - INFO - Table 5 for GMFBS: 13r x 11c
2026-04-03 11:58:51,397 - INFO - Found 5 tables for GMFIL
2026-04-03 11:58:51,405 - INFO - Table 3 for GMFIL: 11r x 4c
2026-04-03 11:58:51,405 - INFO - Table 4 for GMFIL: 11r x 4c
2026-04-03 11:58:51,407 - INFO - Table 5 for GMFIL: 13r x 11c
2026-04-03 11:58:55,697 - INFO - Found 5 tables for GMLI
2026-04-03 11:58:55,705 - INFO - Table 3 for GMLI: 11r x 4c
2026-04-03 11:58:55,706 - INFO - Table 4 for GMLI: 11r x 4c
2026-04-03 11:58:55,707 - INFO - Table 5 for GMLI: 13r x 8c
2026-04-03 11:59:00,017 - INFO - Found 5 tables for GRDBL
2026-04-03 11:59:00,025 - INFO - Table 3 for GRDBL: 11r x 4c
2026-04-03 11:59:00,026 - INFO - Table 4 for GRDBL: 11r x 4c
2026-04-03 11:59:00,027 - INFO - Table 5 for GRDBL: 13r x 11c
2026-04-03 11:59:13,329 - INFO - Found 5 tables for GUFL
2026-04-03 11:59:13,337 - INFO - Table 3 for GUFL: 11r x 4c
2026-04-03 11:59:13,338 - INFO - Table 4 for GUFL: 11r x 4c
2026-04-03 11:59:13,339 - INFO - Table 5 for GUFL: 13r x 11c
2026-04-03 11:59:17,660 - INFO - Found 5 tables for GVL
2026-04-03 11:59:17,668 - INFO - Table 3 for GVL: 11r x 4c
2026-04-03 11:59:17,669 - INFO - Table 4 for GVL: 15r x 4c
2026-04-03 11:59:17,670 - INFO - Table 5 for GVL: 13r x 11c
2026-04-03 11:59:21,959 - INFO - Found 5 tables for HATHY
2026-04-03 11:59:21,967 - INFO - Table 3 for HATHY: 11r x 4c
2026-04-03 11:59:21,968 - INFO - Table 4 for HATHY: 11r x 4c
2026-04-03 11:59:21,969 - INFO - Table 5 for HATHY: 13r x 11c
2026-04-03 11:59:26,239 - INFO - Found 5 tables for HBL
2026-04-03 11:59:26,247 - INFO - Table 3 for HBL: 11r x 4c
2026-04-03 11:59:26,248 - INFO - Table 4 for HBL: 11r x 4c
2026-04-03 11:59:26,250 - INFO - Table 5 for HBL: 13r x 11c
2026-04-03 11:59:39,448 - INFO - Found 5 tables for HDHPC
2026-04-03 11:59:39,456 - INFO - Table 3 for HDHPC: 11r x 4c
2026-04-03 11:59:39,457 - INFO - Table 4 for HDHPC: 15r x 4c
2026-04-03 11:59:39,458 - INFO - Table 5 for HDHPC: 13r x 10c
2026-04-03 11:59:43,772 - INFO - Found 5 tables for HDL
2026-04-03 11:59:43,779 - INFO - Table 3 for HDL: 11r x 4c
2026-04-03 11:59:43,780 - INFO - Table 4 for HDL: 11r x 4c
2026-04-03 11:59:43,782 - INFO - Table 5 for HDL: 13r x 11c
2026-04-03 11:59:48,104 - INFO - Found 5 tables for HEI
2026-04-03 11:59:48,112 - INFO - Table 3 for HEI: 11r x 4c
2026-04-03 11:59:48,112 - INFO - Table 4 for HEI: 11r x 4c
2026-04-03 11:59:48,114 - INFO - Table 5 for HEI: 13r x 10c
2026-04-03 11:59:52,438 - INFO - Found 5 tables for HHL
2026-04-03 11:59:52,446 - INFO - Table 3 for HHL: 11r x 4c
2026-04-03 11:59:52,447 - INFO - Table 4 for HHL: 15r x 4c
2026-04-03 11:59:52,448 - INFO - Table 5 for HHL: 13r x 11c
2026-04-03 11:59:56,769 - INFO - Found 5 tables for HIDCL
2026-04-03 11:59:56,777 - INFO - Table 3 for HIDCL: 11r x 4c
2026-04-03 11:59:56,778 - INFO - Table 4 for HIDCL: 11r x 4c
2026-04-03 11:59:56,779 - INFO - Table 5 for HIDCL: 13r x 11c
2026-04-03 12:00:01,160 - INFO - Found 5 tables for HLBSL
2026-04-03 12:00:01,167 - INFO - Table 3 for HLBSL: 11r x 4c
2026-04-03 12:00:01,168 - INFO - Table 4 for HLBSL: 11r x 4c
2026-04-03 12:00:01,170 - INFO - Table 5 for HLBSL: 13r x 11c
2026-04-03 12:00:05,446 - INFO - Found 5 tables for HLI
2026-04-03 12:00:05,453 - INFO - Table 3 for HLI: 11r x 4c
2026-04-03 12:00:05,454 - INFO - Table 4 for HLI: 11r x 4c
2026-04-03 12:00:05,456 - INFO - Table 5 for HLI: 13r x 11c
2026-04-03 12:00:09,736 - INFO - Found 5 tables for HPPL
2026-04-03 12:00:09,744 - INFO - Table 3 for HPPL: 11r x 4c
2026-04-03 12:00:09,745 - INFO - Table 4 for HPPL: 15r x 4c
2026-04-03 12:00:09,746 - INFO - Table 5 for HPPL: 13r x 11c
2026-04-03 12:00:14,056 - INFO - Found 5 tables for HRL
2026-04-03 12:00:14,064 - INFO - Table 3 for HRL: 11r x 4c
2026-04-03 12:00:14,064 - INFO - Table 4 for HRL: 11r x 4c
2026-04-03 12:00:14,066 - INFO - Table 5 for HRL: 13r x 11c
2026-04-03 12:00:18,379 - INFO - Found 5 tables for HURJA
2026-04-03 12:00:18,386 - INFO - Table 3 for HURJA: 11r x 4c
2026-04-03 12:00:18,387 - INFO - Table 4 for HURJA: 15r x 4c
2026-04-03 12:00:18,389 - INFO - Table 5 for HURJA: 13r x 11c
2026-04-03 12:00:22,764 - INFO - Found 5 tables for ICFC
2026-04-03 12:00:22,772 - INFO - Table 3 for ICFC: 11r x 4c
2026-04-03 12:00:22,772 - INFO - Table 4 for ICFC: 11r x 4c
2026-04-03 12:00:22,774 - INFO - Table 5 for ICFC: 13r x 11c
2026-04-03 12:00:36,585 - INFO - Found 5 tables for IGI
2026-04-03 12:00:36,593 - INFO - Table 3 for IGI: 11r x 4c
2026-04-03 12:00:36,594 - INFO - Table 4 for IGI: 11r x 4c
2026-04-03 12:00:36,595 - INFO - Table 5 for IGI: 13r x 11c
2026-04-03 12:00:40,912 - INFO - Found 5 tables for IHL
2026-04-03 12:00:40,920 - INFO - Table 3 for IHL: 11r x 4c
2026-04-03 12:00:40,921 - INFO - Table 4 for IHL: 15r x 4c
2026-04-03 12:00:40,923 - INFO - Table 5 for IHL: 13r x 11c
2026-04-03 12:00:45,209 - INFO - Found 5 tables for ILBS
2026-04-03 12:00:45,216 - INFO - Table 3 for ILBS: 11r x 4c
2026-04-03 12:00:45,217 - INFO - Table 4 for ILBS: 11r x 4c
2026-04-03 12:00:45,218 - INFO - Table 5 for ILBS: 13r x 11c
2026-04-03 12:00:49,477 - INFO - Found 5 tables for ILI
2026-04-03 12:00:49,486 - INFO - Table 3 for ILI: 11r x 4c
2026-04-03 12:00:49,487 - INFO - Table 4 for ILI: 11r x 4c
2026-04-03 12:00:49,488 - INFO - Table 5 for ILI: 13r x 11c
2026-04-03 12:00:53,809 - INFO - Found 5 tables for JBBL
2026-04-03 12:00:53,817 - INFO - Table 3 for JBBL: 11r x 4c
2026-04-03 12:00:53,818 - INFO - Table 4 for JBBL: 11r x 4c
2026-04-03 12:00:53,819 - INFO - Table 5 for JBBL: 13r x 11c
2026-04-03 12:00:58,122 - INFO - Found 5 tables for JBLB
2026-04-03 12:00:58,130 - INFO - Table 3 for JBLB: 11r x 4c
2026-04-03 12:00:58,131 - INFO - Table 4 for JBLB: 11r x 4c
2026-04-03 12:00:58,133 - INFO - Table 5 for JBLB: 13r x 11c
2026-04-03 12:01:03,816 - INFO - Found 5 tables for JFL
2026-04-03 12:01:03,824 - INFO - Table 3 for JFL: 11r x 4c
2026-04-03 12:01:03,825 - INFO - Table 4 for JFL: 11r x 4c
2026-04-03 12:01:03,826 - INFO - Table 5 for JFL: 13r x 11c
2026-04-03 12:01:08,102 - INFO - Found 5 tables for JOSHI
2026-04-03 12:01:08,110 - INFO - Table 3 for JOSHI: 11r x 4c
2026-04-03 12:01:08,111 - INFO - Table 4 for JOSHI: 15r x 4c
2026-04-03 12:01:08,113 - INFO - Table 5 for JOSHI: 13r x 10c
2026-04-03 12:01:12,463 - INFO - Found 5 tables for JSLBB
2026-04-03 12:01:12,471 - INFO - Table 3 for JSLBB: 11r x 4c
2026-04-03 12:01:12,472 - INFO - Table 4 for JSLBB: 11r x 4c
2026-04-03 12:01:12,473 - INFO - Table 5 for JSLBB: 13r x 11c
2026-04-03 12:01:16,787 - INFO - Found 5 tables for KBL
2026-04-03 12:01:16,795 - INFO - Table 3 for KBL: 11r x 4c
2026-04-03 12:01:16,796 - INFO - Table 4 for KBL: 11r x 4c
2026-04-03 12:01:16,797 - INFO - Table 5 for KBL: 13r x 11c
2026-04-03 12:01:21,096 - INFO - Found 5 tables for KBSH
2026-04-03 12:01:21,104 - INFO - Table 3 for KBSH: 11r x 4c
2026-04-03 12:01:21,105 - INFO - Table 4 for KBSH: 15r x 4c
2026-04-03 12:01:21,107 - INFO - Table 5 for KBSH: 13r x 11c
2026-04-03 12:01:25,400 - INFO - Found 5 tables for KDL
2026-04-03 12:01:25,407 - INFO - Table 3 for KDL: 11r x 4c
2026-04-03 12:01:25,408 - INFO - Table 4 for KDL: 11r x 4c
2026-04-03 12:01:25,410 - INFO - Table 5 for KDL: 13r x 11c
2026-04-03 12:01:29,705 - INFO - Found 5 tables for KKHC
2026-04-03 12:01:29,713 - INFO - Table 3 for KKHC: 11r x 4c
2026-04-03 12:01:29,714 - INFO - Table 4 for KKHC: 15r x 4c
2026-04-03 12:01:29,715 - INFO - Table 5 for KKHC: 13r x 11c
2026-04-03 12:01:34,077 - INFO - Found 5 tables for KMCDB
2026-04-03 12:01:34,085 - INFO - Table 3 for KMCDB: 11r x 4c
2026-04-03 12:01:34,086 - INFO - Table 4 for KMCDB: 11r x 4c
2026-04-03 12:01:34,087 - INFO - Table 5 for KMCDB: 13r x 11c
2026-04-03 12:01:38,424 - INFO - Found 5 tables for KPCL
2026-04-03 12:01:38,432 - INFO - Table 3 for KPCL: 11r x 4c
2026-04-03 12:01:38,433 - INFO - Table 4 for KPCL: 15r x 4c
2026-04-03 12:01:38,435 - INFO - Table 5 for KPCL: 13r x 11c
2026-04-03 12:01:42,720 - INFO - Found 5 tables for KSBBL
2026-04-03 12:01:42,728 - INFO - Table 3 for KSBBL: 11r x 4c
2026-04-03 12:01:42,729 - INFO - Table 4 for KSBBL: 11r x 4c
2026-04-03 12:01:42,730 - INFO - Table 5 for KSBBL: 13r x 11c
2026-04-03 12:01:46,873 - INFO - Found 5 tables for LBBL
2026-04-03 12:01:46,881 - INFO - Table 3 for LBBL: 11r x 4c
2026-04-03 12:01:46,882 - INFO - Table 4 for LBBL: 11r x 4c
2026-04-03 12:01:46,883 - INFO - Table 5 for LBBL: 13r x 11c
2026-04-03 12:01:51,230 - INFO - Found 5 tables for LEC
2026-04-03 12:01:51,237 - INFO - Table 3 for LEC: 11r x 4c
2026-04-03 12:01:51,238 - INFO - Table 4 for LEC: 15r x 4c
2026-04-03 12:01:51,240 - INFO - Table 5 for LEC: 13r x 11c
2026-04-03 12:01:55,586 - INFO - Found 5 tables for LICN
2026-04-03 12:01:55,594 - INFO - Table 3 for LICN: 11r x 4c
2026-04-03 12:01:55,595 - INFO - Table 4 for LICN: 11r x 4c
2026-04-03 12:01:55,597 - INFO - Table 5 for LICN: 13r x 11c
2026-04-03 12:01:59,898 - INFO - Found 5 tables for LLBS
2026-04-03 12:01:59,905 - INFO - Table 3 for LLBS: 11r x 4c
2026-04-03 12:01:59,906 - INFO - Table 4 for LLBS: 11r x 4c
2026-04-03 12:01:59,908 - INFO - Table 5 for LLBS: 13r x 11c
2026-04-03 12:02:04,224 - INFO - Found 5 tables for LSL
2026-04-03 12:02:04,232 - INFO - Table 3 for LSL: 11r x 4c
2026-04-03 12:02:04,233 - INFO - Table 4 for LSL: 11r x 4c
2026-04-03 12:02:04,234 - INFO - Table 5 for LSL: 13r x 11c
2026-04-03 12:02:08,507 - INFO - Found 5 tables for MAKAR
2026-04-03 12:02:08,515 - INFO - Table 3 for MAKAR: 11r x 4c
2026-04-03 12:02:08,516 - INFO - Table 4 for MAKAR: 15r x 4c
2026-04-03 12:02:08,517 - INFO - Table 5 for MAKAR: 13r x 11c
2026-04-03 12:02:12,846 - INFO - Found 5 tables for MANDU
2026-04-03 12:02:12,853 - INFO - Table 3 for MANDU: 11r x 4c
2026-04-03 12:02:12,854 - INFO - Table 4 for MANDU: 15r x 4c
2026-04-03 12:02:12,855 - INFO - Table 5 for MANDU: 13r x 11c
2026-04-03 12:02:17,222 - INFO - Found 5 tables for MATRI
2026-04-03 12:02:17,230 - INFO - Table 3 for MATRI: 11r x 4c
2026-04-03 12:02:17,231 - INFO - Table 4 for MATRI: 11r x 4c
2026-04-03 12:02:17,232 - INFO - Table 5 for MATRI: 13r x 10c
2026-04-03 12:02:21,531 - INFO - Found 5 tables for MBJC
2026-04-03 12:02:21,539 - INFO - Table 3 for MBJC: 11r x 4c
2026-04-03 12:02:21,540 - INFO - Table 4 for MBJC: 15r x 4c
2026-04-03 12:02:21,541 - INFO - Table 5 for MBJC: 13r x 11c
2026-04-03 12:02:34,986 - INFO - Found 5 tables for MBL
2026-04-03 12:02:34,994 - INFO - Table 3 for MBL: 11r x 4c
2026-04-03 12:02:34,995 - INFO - Table 4 for MBL: 11r x 4c
2026-04-03 12:02:34,997 - INFO - Table 5 for MBL: 13r x 11c
2026-04-03 12:02:39,294 - INFO - Found 5 tables for MCHL
2026-04-03 12:02:39,302 - INFO - Table 3 for MCHL: 11r x 4c
2026-04-03 12:02:39,303 - INFO - Table 4 for MCHL: 15r x 4c
2026-04-03 12:02:39,304 - INFO - Table 5 for MCHL: 13r x 11c
2026-04-03 12:02:52,660 - INFO - Found 5 tables for MDB
2026-04-03 12:02:52,668 - INFO - Table 3 for MDB: 11r x 4c
2026-04-03 12:02:52,669 - INFO - Table 4 for MDB: 11r x 4c
2026-04-03 12:02:52,670 - INFO - Table 5 for MDB: 13r x 11c
2026-04-03 12:02:56,997 - INFO - Found 5 tables for MEHL
2026-04-03 12:02:57,005 - INFO - Table 3 for MEHL: 11r x 4c
2026-04-03 12:02:57,006 - INFO - Table 4 for MEHL: 15r x 4c
2026-04-03 12:02:57,007 - INFO - Table 5 for MEHL: 13r x 11c
2026-04-03 12:03:02,648 - INFO - Found 5 tables for MEL
2026-04-03 12:03:02,656 - INFO - Table 3 for MEL: 11r x 4c
2026-04-03 12:03:02,657 - INFO - Table 4 for MEL: 15r x 4c
2026-04-03 12:03:02,658 - INFO - Table 5 for MEL: 13r x 11c
2026-04-03 12:03:06,970 - INFO - Found 5 tables for MEN
2026-04-03 12:03:06,978 - INFO - Table 3 for MEN: 11r x 4c
2026-04-03 12:03:06,979 - INFO - Table 4 for MEN: 15r x 4c
2026-04-03 12:03:06,981 - INFO - Table 5 for MEN: 13r x 11c
2026-04-03 12:03:11,400 - INFO - Found 5 tables for MERO
2026-04-03 12:03:11,408 - INFO - Table 3 for MERO: 11r x 4c
2026-04-03 12:03:11,409 - INFO - Table 4 for MERO: 11r x 4c
2026-04-03 12:03:11,410 - INFO - Table 5 for MERO: 13r x 11c
2026-04-03 12:03:25,388 - INFO - Found 5 tables for MFIL
2026-04-03 12:03:25,396 - INFO - Table 3 for MFIL: 11r x 4c
2026-04-03 12:03:25,397 - INFO - Table 4 for MFIL: 11r x 4c
2026-04-03 12:03:25,398 - INFO - Table 5 for MFIL: 13r x 11c
2026-04-03 12:03:29,732 - INFO - Found 5 tables for MHCL
2026-04-03 12:03:29,740 - INFO - Table 3 for MHCL: 11r x 4c
2026-04-03 12:03:29,741 - INFO - Table 4 for MHCL: 15r x 4c
2026-04-03 12:03:29,742 - INFO - Table 5 for MHCL: 13r x 11c
2026-04-03 12:03:34,063 - INFO - Found 5 tables for MHL
2026-04-03 12:03:34,071 - INFO - Table 3 for MHL: 11r x 4c
2026-04-03 12:03:34,072 - INFO - Table 4 for MHL: 15r x 4c
2026-04-03 12:03:34,073 - INFO - Table 5 for MHL: 13r x 11c
2026-04-03 12:03:38,397 - INFO - Found 5 tables for MHNL
2026-04-03 12:03:38,405 - INFO - Table 3 for MHNL: 11r x 4c
2026-04-03 12:03:38,406 - INFO - Table 4 for MHNL: 15r x 4c
2026-04-03 12:03:38,408 - INFO - Table 5 for MHNL: 13r x 11c
2026-04-03 12:03:42,842 - INFO - Found 5 tables for MKCL
2026-04-03 12:03:42,850 - INFO - Table 3 for MKCL: 11r x 4c
2026-04-03 12:03:42,851 - INFO - Table 4 for MKCL: 11r x 4c
2026-04-03 12:03:42,853 - INFO - Table 5 for MKCL: 13r x 11c
2026-04-03 12:03:47,145 - INFO - Found 5 tables for MKHC
2026-04-03 12:03:47,153 - INFO - Table 3 for MKHC: 11r x 4c
2026-04-03 12:03:47,154 - INFO - Table 4 for MKHC: 15r x 4c
2026-04-03 12:03:47,155 - INFO - Table 5 for MKHC: 13r x 11c
2026-04-03 12:03:51,434 - INFO - Found 5 tables for MKHL
2026-04-03 12:03:51,442 - INFO - Table 3 for MKHL: 11r x 4c
2026-04-03 12:03:51,443 - INFO - Table 4 for MKHL: 15r x 4c
2026-04-03 12:03:51,444 - INFO - Table 5 for MKHL: 13r x 11c
2026-04-03 12:03:55,752 - INFO - Found 5 tables for MKJC
2026-04-03 12:03:55,759 - INFO - Table 3 for MKJC: 11r x 4c
2026-04-03 12:03:55,760 - INFO - Table 4 for MKJC: 15r x 4c
2026-04-03 12:03:55,762 - INFO - Table 5 for MKJC: 13r x 10c
2026-04-03 12:04:00,104 - INFO - Found 5 tables for MLBBL
2026-04-03 12:04:00,114 - INFO - Table 3 for MLBBL: 11r x 4c
2026-04-03 12:04:00,115 - INFO - Table 4 for MLBBL: 11r x 4c
2026-04-03 12:04:00,116 - INFO - Table 5 for MLBBL: 13r x 11c
2026-04-03 12:04:04,469 - INFO - Found 5 tables for MLBL
2026-04-03 12:04:04,477 - INFO - Table 3 for MLBL: 11r x 4c
2026-04-03 12:04:04,478 - INFO - Table 4 for MLBL: 11r x 4c
2026-04-03 12:04:04,479 - INFO - Table 5 for MLBL: 13r x 11c
2026-04-03 12:04:08,805 - INFO - Found 5 tables for MLBS
2026-04-03 12:04:08,813 - INFO - Table 3 for MLBS: 11r x 4c
2026-04-03 12:04:08,814 - INFO - Table 4 for MLBS: 11r x 4c
2026-04-03 12:04:08,816 - INFO - Table 5 for MLBS: 13r x 11c
2026-04-03 12:04:13,163 - INFO - Found 5 tables for MLBSL
2026-04-03 12:04:13,171 - INFO - Table 3 for MLBSL: 11r x 4c
2026-04-03 12:04:13,172 - INFO - Table 4 for MLBSL: 11r x 4c
2026-04-03 12:04:13,174 - INFO - Table 5 for MLBSL: 13r x 11c
2026-04-03 12:04:17,442 - INFO - Found 5 tables for MMKJL
2026-04-03 12:04:17,450 - INFO - Table 3 for MMKJL: 11r x 4c
2026-04-03 12:04:17,451 - INFO - Table 4 for MMKJL: 15r x 4c
2026-04-03 12:04:17,452 - INFO - Table 5 for MMKJL: 13r x 11c
2026-04-03 12:04:21,885 - INFO - Found 5 tables for MNBBL
2026-04-03 12:04:21,893 - INFO - Table 3 for MNBBL: 11r x 4c
2026-04-03 12:04:21,894 - INFO - Table 4 for MNBBL: 11r x 4c
2026-04-03 12:04:21,895 - INFO - Table 5 for MNBBL: 13r x 11c
2026-04-03 12:04:26,255 - INFO - Found 5 tables for MPFL
2026-04-03 12:04:26,263 - INFO - Table 3 for MPFL: 11r x 4c
2026-04-03 12:04:26,264 - INFO - Table 4 for MPFL: 11r x 4c
2026-04-03 12:04:26,265 - INFO - Table 5 for MPFL: 13r x 11c
2026-04-03 12:04:30,577 - INFO - Found 5 tables for MSHL
2026-04-03 12:04:30,585 - INFO - Table 3 for MSHL: 11r x 4c
2026-04-03 12:04:30,586 - INFO - Table 4 for MSHL: 15r x 4c
2026-04-03 12:04:30,588 - INFO - Table 5 for MSHL: 13r x 11c
2026-04-03 12:04:35,035 - INFO - Found 5 tables for MSLB
2026-04-03 12:04:35,043 - INFO - Table 3 for MSLB: 11r x 4c
2026-04-03 12:04:35,044 - INFO - Table 4 for MSLB: 11r x 4c
2026-04-03 12:04:35,045 - INFO - Table 5 for MSLB: 13r x 11c
2026-04-03 12:04:48,138 - INFO - Found 5 tables for NABBC
2026-04-03 12:04:48,146 - INFO - Table 3 for NABBC: 11r x 4c
2026-04-03 12:04:48,147 - INFO - Table 4 for NABBC: 11r x 4c
2026-04-03 12:04:48,148 - INFO - Table 5 for NABBC: 13r x 11c
2026-04-03 12:04:52,502 - INFO - Found 5 tables for NABIL
2026-04-03 12:04:52,509 - INFO - Table 3 for NABIL: 11r x 4c
2026-04-03 12:04:52,510 - INFO - Table 4 for NABIL: 11r x 4c
2026-04-03 12:04:52,512 - INFO - Table 5 for NABIL: 13r x 11c
2026-04-03 12:04:56,884 - INFO - Found 5 tables for NADEP
2026-04-03 12:04:56,892 - INFO - Table 3 for NADEP: 11r x 4c
2026-04-03 12:04:56,893 - INFO - Table 4 for NADEP: 11r x 4c
2026-04-03 12:04:56,894 - INFO - Table 5 for NADEP: 13r x 11c
2026-04-03 12:05:01,498 - INFO - Found 5 tables for NBL
2026-04-03 12:05:01,506 - INFO - Table 3 for NBL: 11r x 4c
2026-04-03 12:05:01,507 - INFO - Table 4 for NBL: 11r x 4c
2026-04-03 12:05:01,508 - INFO - Table 5 for NBL: 13r x 11c
2026-04-03 12:05:05,844 - INFO - Found 5 tables for NESDO
2026-04-03 12:05:05,852 - INFO - Table 3 for NESDO: 11r x 4c
2026-04-03 12:05:05,853 - INFO - Table 4 for NESDO: 11r x 4c
2026-04-03 12:05:05,855 - INFO - Table 5 for NESDO: 13r x 11c
2026-04-03 12:05:10,167 - INFO - Found 5 tables for NFS
2026-04-03 12:05:10,175 - INFO - Table 3 for NFS: 11r x 4c
2026-04-03 12:05:10,176 - INFO - Table 4 for NFS: 11r x 4c
2026-04-03 12:05:10,177 - INFO - Table 5 for NFS: 13r x 11c
2026-04-03 12:05:14,580 - INFO - Found 5 tables for NGPL
2026-04-03 12:05:14,588 - INFO - Table 3 for NGPL: 11r x 4c
2026-04-03 12:05:14,589 - INFO - Table 4 for NGPL: 15r x 4c
2026-04-03 12:05:14,591 - INFO - Table 5 for NGPL: 13r x 11c
2026-04-03 12:05:18,924 - INFO - Found 5 tables for NHDL
2026-04-03 12:05:18,932 - INFO - Table 3 for NHDL: 11r x 4c
2026-04-03 12:05:18,933 - INFO - Table 4 for NHDL: 15r x 4c
2026-04-03 12:05:18,935 - INFO - Table 5 for NHDL: 13r x 11c
2026-04-03 12:05:23,279 - INFO - Found 5 tables for NHPC
2026-04-03 12:05:23,287 - INFO - Table 3 for NHPC: 11r x 4c
2026-04-03 12:05:23,288 - INFO - Table 4 for NHPC: 15r x 4c
2026-04-03 12:05:23,290 - INFO - Table 5 for NHPC: 13r x 11c
2026-04-03 12:05:27,702 - INFO - Found 5 tables for NICA
2026-04-03 12:05:27,710 - INFO - Table 3 for NICA: 11r x 4c
2026-04-03 12:05:27,711 - INFO - Table 4 for NICA: 11r x 4c
2026-04-03 12:05:27,713 - INFO - Table 5 for NICA: 13r x 11c
2026-04-03 12:05:32,099 - INFO - Found 5 tables for NICL
2026-04-03 12:05:32,107 - INFO - Table 3 for NICL: 11r x 4c
2026-04-03 12:05:32,108 - INFO - Table 4 for NICL: 11r x 4c
2026-04-03 12:05:32,109 - INFO - Table 5 for NICL: 13r x 11c
2026-04-03 12:05:36,428 - INFO - Found 5 tables for NICLBSL
2026-04-03 12:05:36,436 - INFO - Table 3 for NICLBSL: 11r x 4c
2026-04-03 12:05:36,437 - INFO - Table 4 for NICLBSL: 11r x 4c
2026-04-03 12:05:36,438 - INFO - Table 5 for NICLBSL: 13r x 11c
2026-04-03 12:05:40,728 - INFO - Found 5 tables for NIFRA
2026-04-03 12:05:40,736 - INFO - Table 3 for NIFRA: 11r x 4c
2026-04-03 12:05:40,737 - INFO - Table 4 for NIFRA: 11r x 4c
2026-04-03 12:05:40,738 - INFO - Table 5 for NIFRA: 13r x 11c
2026-04-03 12:05:45,067 - INFO - Found 5 tables for NIL
2026-04-03 12:05:45,074 - INFO - Table 3 for NIL: 11r x 4c
2026-04-03 12:05:45,075 - INFO - Table 4 for NIL: 11r x 4c
2026-04-03 12:05:45,077 - INFO - Table 5 for NIL: 13r x 10c
2026-04-03 12:05:49,374 - INFO - Found 5 tables for NIMB
2026-04-03 12:05:49,382 - INFO - Table 3 for NIMB: 11r x 4c
2026-04-03 12:05:49,382 - INFO - Table 4 for NIMB: 11r x 4c
2026-04-03 12:05:49,384 - INFO - Table 5 for NIMB: 13r x 11c
2026-04-03 12:05:53,758 - INFO - Found 5 tables for NLG
2026-04-03 12:05:53,766 - INFO - Table 3 for NLG: 11r x 4c
2026-04-03 12:05:53,766 - INFO - Table 4 for NLG: 11r x 4c
2026-04-03 12:05:53,768 - INFO - Table 5 for NLG: 13r x 11c
2026-04-03 12:05:58,100 - INFO - Found 5 tables for NLIC
2026-04-03 12:05:58,107 - INFO - Table 3 for NLIC: 11r x 4c
2026-04-03 12:05:58,108 - INFO - Table 4 for NLIC: 11r x 4c
2026-04-03 12:05:58,110 - INFO - Table 5 for NLIC: 13r x 11c
2026-04-03 12:06:02,492 - INFO - Found 5 tables for NLICL
2026-04-03 12:06:02,499 - INFO - Table 3 for NLICL: 11r x 4c
2026-04-03 12:06:02,500 - INFO - Table 4 for NLICL: 11r x 4c
2026-04-03 12:06:02,502 - INFO - Table 5 for NLICL: 13r x 11c
2026-04-03 12:06:06,790 - INFO - Found 5 tables for NLO
2026-04-03 12:06:06,798 - INFO - Table 3 for NLO: 11r x 4c
2026-04-03 12:06:06,799 - INFO - Table 4 for NLO: 11r x 4c
2026-04-03 12:06:06,800 - INFO - Table 5 for NLO: 13r x 8c
2026-04-03 12:06:11,156 - INFO - Found 5 tables for NMB
2026-04-03 12:06:11,163 - INFO - Table 3 for NMB: 11r x 4c
2026-04-03 12:06:11,164 - INFO - Table 4 for NMB: 11r x 4c
2026-04-03 12:06:11,166 - INFO - Table 5 for NMB: 13r x 11c
2026-04-03 12:06:15,469 - INFO - Found 5 tables for NMBMF
2026-04-03 12:06:15,477 - INFO - Table 3 for NMBMF: 11r x 4c
2026-04-03 12:06:15,477 - INFO - Table 4 for NMBMF: 11r x 4c
2026-04-03 12:06:15,479 - INFO - Table 5 for NMBMF: 13r x 11c
2026-04-03 12:06:19,822 - INFO - Found 5 tables for NMFBS
2026-04-03 12:06:19,829 - INFO - Table 3 for NMFBS: 11r x 4c
2026-04-03 12:06:19,830 - INFO - Table 4 for NMFBS: 11r x 4c
2026-04-03 12:06:19,832 - INFO - Table 5 for NMFBS: 13r x 11c
2026-04-03 12:06:24,197 - INFO - Found 5 tables for NMIC
2026-04-03 12:06:24,205 - INFO - Table 3 for NMIC: 11r x 4c
2026-04-03 12:06:24,206 - INFO - Table 4 for NMIC: 11r x 4c
2026-04-03 12:06:24,207 - INFO - Table 5 for NMIC: 13r x 7c
2026-04-03 12:06:28,523 - INFO - Found 5 tables for NMLBBL
2026-04-03 12:06:28,531 - INFO - Table 3 for NMLBBL: 11r x 4c
2026-04-03 12:06:28,532 - INFO - Table 4 for NMLBBL: 11r x 4c
2026-04-03 12:06:28,533 - INFO - Table 5 for NMLBBL: 13r x 10c
2026-04-03 12:06:32,880 - INFO - Found 5 tables for NRIC
2026-04-03 12:06:32,888 - INFO - Table 3 for NRIC: 11r x 4c
2026-04-03 12:06:32,889 - INFO - Table 4 for NRIC: 11r x 4c
2026-04-03 12:06:32,891 - INFO - Table 5 for NRIC: 13r x 10c
2026-04-03 12:06:37,227 - INFO - Found 5 tables for NRM
2026-04-03 12:06:37,235 - INFO - Table 3 for NRM: 11r x 4c
2026-04-03 12:06:37,236 - INFO - Table 4 for NRM: 11r x 4c
2026-04-03 12:06:37,238 - INFO - Table 5 for NRM: 13r x 11c
2026-04-03 12:06:41,541 - INFO - Found 5 tables for NRN
2026-04-03 12:06:41,548 - INFO - Table 3 for NRN: 11r x 4c
2026-04-03 12:06:41,549 - INFO - Table 4 for NRN: 11r x 4c
2026-04-03 12:06:41,551 - INFO - Table 5 for NRN: 13r x 11c
2026-04-03 12:06:45,927 - INFO - Found 5 tables for NTC
2026-04-03 12:06:45,934 - INFO - Table 3 for NTC: 11r x 4c
2026-04-03 12:06:45,935 - INFO - Table 4 for NTC: 11r x 4c
2026-04-03 12:06:45,937 - INFO - Table 5 for NTC: 13r x 11c
2026-04-03 12:06:59,398 - INFO - Found 5 tables for NUBL
2026-04-03 12:06:59,405 - INFO - Table 3 for NUBL: 11r x 4c
2026-04-03 12:06:59,406 - INFO - Table 4 for NUBL: 11r x 4c
2026-04-03 12:06:59,408 - INFO - Table 5 for NUBL: 13r x 11c
2026-04-03 12:07:03,820 - INFO - Found 5 tables for NWCL
2026-04-03 12:07:03,827 - INFO - Table 3 for NWCL: 11r x 4c
2026-04-03 12:07:03,828 - INFO - Table 4 for NWCL: 11r x 4c
2026-04-03 12:07:03,830 - INFO - Table 5 for NWCL: 13r x 11c
2026-04-03 12:07:08,164 - INFO - Found 5 tables for NYADI
2026-04-03 12:07:08,171 - INFO - Table 3 for NYADI: 11r x 4c
2026-04-03 12:07:08,172 - INFO - Table 4 for NYADI: 15r x 4c
2026-04-03 12:07:08,174 - INFO - Table 5 for NYADI: 13r x 11c
2026-04-03 12:07:12,462 - INFO - Found 5 tables for OHL
2026-04-03 12:07:12,470 - INFO - Table 3 for OHL: 11r x 4c
2026-04-03 12:07:12,471 - INFO - Table 4 for OHL: 11r x 4c
2026-04-03 12:07:12,472 - INFO - Table 5 for OHL: 13r x 11c
2026-04-03 12:07:16,808 - INFO - Found 5 tables for OMPL
2026-04-03 12:07:16,816 - INFO - Table 3 for OMPL: 11r x 4c
2026-04-03 12:07:16,817 - INFO - Table 4 for OMPL: 11r x 4c
2026-04-03 12:07:16,818 - INFO - Table 5 for OMPL: 13r x 7c
2026-04-03 12:07:21,174 - INFO - Found 5 tables for PCBL
2026-04-03 12:07:21,182 - INFO - Table 3 for PCBL: 11r x 4c
2026-04-03 12:07:21,183 - INFO - Table 4 for PCBL: 11r x 4c
2026-04-03 12:07:21,184 - INFO - Table 5 for PCBL: 13r x 11c
2026-04-03 12:07:25,518 - INFO - Found 5 tables for PFL
2026-04-03 12:07:25,525 - INFO - Table 3 for PFL: 11r x 4c
2026-04-03 12:07:25,526 - INFO - Table 4 for PFL: 11r x 4c
2026-04-03 12:07:25,528 - INFO - Table 5 for PFL: 13r x 11c
2026-04-03 12:07:29,839 - INFO - Found 5 tables for PHCL
2026-04-03 12:07:29,847 - INFO - Table 3 for PHCL: 11r x 4c
2026-04-03 12:07:29,848 - INFO - Table 4 for PHCL: 15r x 4c
2026-04-03 12:07:29,850 - INFO - Table 5 for PHCL: 13r x 11c
2026-04-03 12:07:34,219 - INFO - Found 5 tables for PMHPL
2026-04-03 12:07:34,227 - INFO - Table 3 for PMHPL: 11r x 4c
2026-04-03 12:07:34,227 - INFO - Table 4 for PMHPL: 15r x 4c
2026-04-03 12:07:34,229 - INFO - Table 5 for PMHPL: 13r x 11c
2026-04-03 12:07:47,666 - INFO - Found 5 tables for PMLI
2026-04-03 12:07:47,673 - INFO - Table 3 for PMLI: 11r x 4c
2026-04-03 12:07:47,674 - INFO - Table 4 for PMLI: 11r x 4c
2026-04-03 12:07:47,676 - INFO - Table 5 for PMLI: 13r x 11c
2026-04-03 12:07:53,828 - INFO - Found 5 tables for PPCL
2026-04-03 12:07:53,835 - INFO - Table 3 for PPCL: 11r x 4c
2026-04-03 12:07:53,836 - INFO - Table 4 for PPCL: 15r x 4c
2026-04-03 12:07:53,838 - INFO - Table 5 for PPCL: 13r x 11c
2026-04-03 12:07:58,148 - INFO - Found 5 tables for PPL
2026-04-03 12:07:58,155 - INFO - Table 3 for PPL: 11r x 4c
2026-04-03 12:07:58,156 - INFO - Table 4 for PPL: 15r x 4c
2026-04-03 12:07:58,158 - INFO - Table 5 for PPL: 13r x 11c
2026-04-03 12:08:02,475 - INFO - Found 5 tables for PRIN
2026-04-03 12:08:02,483 - INFO - Table 3 for PRIN: 11r x 4c
2026-04-03 12:08:02,484 - INFO - Table 4 for PRIN: 11r x 4c
2026-04-03 12:08:02,485 - INFO - Table 5 for PRIN: 13r x 11c
2026-04-03 12:08:06,805 - INFO - Found 5 tables for PROFL
2026-04-03 12:08:06,813 - INFO - Table 3 for PROFL: 11r x 4c
2026-04-03 12:08:06,814 - INFO - Table 4 for PROFL: 11r x 4c
2026-04-03 12:08:06,815 - INFO - Table 5 for PROFL: 13r x 11c
2026-04-03 12:08:11,156 - INFO - Found 5 tables for PRVU
2026-04-03 12:08:11,164 - INFO - Table 3 for PRVU: 11r x 4c
2026-04-03 12:08:11,165 - INFO - Table 4 for PRVU: 11r x 4c
2026-04-03 12:08:11,166 - INFO - Table 5 for PRVU: 13r x 11c
2026-04-03 12:08:15,519 - INFO - Found 5 tables for PURE
2026-04-03 12:08:15,527 - INFO - Table 3 for PURE: 11r x 4c
2026-04-03 12:08:15,528 - INFO - Table 4 for PURE: 15r x 4c
2026-04-03 12:08:15,529 - INFO - Table 5 for PURE: 13r x 6c
2026-04-03 12:08:19,846 - INFO - Found 5 tables for RADHI
2026-04-03 12:08:19,854 - INFO - Table 3 for RADHI: 11r x 4c
2026-04-03 12:08:19,855 - INFO - Table 4 for RADHI: 15r x 4c
2026-04-03 12:08:19,856 - INFO - Table 5 for RADHI: 13r x 11c
2026-04-03 12:08:24,168 - INFO - Found 5 tables for RAWA
2026-04-03 12:08:24,176 - INFO - Table 3 for RAWA: 11r x 4c
2026-04-03 12:08:24,177 - INFO - Table 4 for RAWA: 15r x 4c
2026-04-03 12:08:24,178 - INFO - Table 5 for RAWA: 13r x 11c
2026-04-03 12:08:28,491 - INFO - Found 5 tables for RBCL
2026-04-03 12:08:28,498 - INFO - Table 3 for RBCL: 11r x 4c
2026-04-03 12:08:28,499 - INFO - Table 4 for RBCL: 11r x 4c
2026-04-03 12:08:28,501 - INFO - Table 5 for RBCL: 13r x 11c
2026-04-03 12:08:32,884 - INFO - Found 5 tables for RFPL
2026-04-03 12:08:32,892 - INFO - Table 3 for RFPL: 11r x 4c
2026-04-03 12:08:32,893 - INFO - Table 4 for RFPL: 15r x 4c
2026-04-03 12:08:32,894 - INFO - Table 5 for RFPL: 13r x 10c
2026-04-03 12:08:37,884 - INFO - Found 5 tables for RHGCL
2026-04-03 12:08:37,891 - INFO - Table 3 for RHGCL: 11r x 4c
2026-04-03 12:08:37,892 - INFO - Table 4 for RHGCL: 15r x 4c
2026-04-03 12:08:37,894 - INFO - Table 5 for RHGCL: 13r x 11c
2026-04-03 12:08:42,227 - INFO - Found 5 tables for RHPL
2026-04-03 12:08:42,235 - INFO - Table 3 for RHPL: 11r x 4c
2026-04-03 12:08:42,235 - INFO - Table 4 for RHPL: 15r x 4c
2026-04-03 12:08:42,237 - INFO - Table 5 for RHPL: 13r x 11c
2026-04-03 12:08:46,565 - INFO - Found 5 tables for RIDI
2026-04-03 12:08:46,573 - INFO - Table 3 for RIDI: 11r x 4c
2026-04-03 12:08:46,574 - INFO - Table 4 for RIDI: 15r x 4c
2026-04-03 12:08:46,575 - INFO - Table 5 for RIDI: 13r x 11c
2026-04-03 12:08:50,906 - INFO - Found 5 tables for RLFL
2026-04-03 12:08:50,913 - INFO - Table 3 for RLFL: 11r x 4c
2026-04-03 12:08:50,914 - INFO - Table 4 for RLFL: 11r x 4c
2026-04-03 12:08:50,916 - INFO - Table 5 for RLFL: 13r x 11c
2026-04-03 12:08:55,296 - INFO - Found 5 tables for RNLI
2026-04-03 12:08:55,304 - INFO - Table 3 for RNLI: 11r x 4c
2026-04-03 12:08:55,305 - INFO - Table 4 for RNLI: 11r x 4c
2026-04-03 12:08:55,306 - INFO - Table 5 for RNLI: 13r x 11c
2026-04-03 12:08:59,654 - INFO - Found 5 tables for RSDC
2026-04-03 12:08:59,662 - INFO - Table 3 for RSDC: 11r x 4c
2026-04-03 12:08:59,663 - INFO - Table 4 for RSDC: 11r x 4c
2026-04-03 12:08:59,665 - INFO - Table 5 for RSDC: 13r x 11c
2026-04-03 12:09:03,977 - INFO - Found 5 tables for RURU
2026-04-03 12:09:03,985 - INFO - Table 3 for RURU: 11r x 4c
2026-04-03 12:09:03,986 - INFO - Table 4 for RURU: 15r x 4c
2026-04-03 12:09:03,987 - INFO - Table 5 for RURU: 13r x 11c
2026-04-03 12:09:08,297 - INFO - Found 5 tables for SADBL
2026-04-03 12:09:08,305 - INFO - Table 3 for SADBL: 11r x 4c
2026-04-03 12:09:08,306 - INFO - Table 4 for SADBL: 11r x 4c
2026-04-03 12:09:08,307 - INFO - Table 5 for SADBL: 13r x 11c
2026-04-03 12:09:12,584 - INFO - Found 5 tables for SAHAS
2026-04-03 12:09:12,592 - INFO - Table 3 for SAHAS: 11r x 4c
2026-04-03 12:09:12,593 - INFO - Table 4 for SAHAS: 15r x 4c
2026-04-03 12:09:12,594 - INFO - Table 5 for SAHAS: 13r x 11c
2026-04-03 12:09:17,119 - INFO - Found 5 tables for SALICO
2026-04-03 12:09:17,127 - INFO - Table 3 for SALICO: 11r x 4c
2026-04-03 12:09:17,128 - INFO - Table 4 for SALICO: 11r x 4c
2026-04-03 12:09:17,129 - INFO - Table 5 for SALICO: 13r x 11c
2026-04-03 12:09:21,378 - INFO - Found 5 tables for SAMAJ
2026-04-03 12:09:21,386 - INFO - Table 3 for SAMAJ: 11r x 4c
2026-04-03 12:09:21,387 - INFO - Table 4 for SAMAJ: 11r x 4c
2026-04-03 12:09:21,388 - INFO - Table 5 for SAMAJ: 13r x 9c
2026-04-03 12:09:25,930 - INFO - Found 5 tables for SANIMA
2026-04-03 12:09:25,938 - INFO - Table 3 for SANIMA: 11r x 4c
2026-04-03 12:09:25,939 - INFO - Table 4 for SANIMA: 11r x 4c
2026-04-03 12:09:25,940 - INFO - Table 5 for SANIMA: 13r x 11c
2026-04-03 12:09:30,264 - INFO - Found 5 tables for SANVI
2026-04-03 12:09:30,271 - INFO - Table 3 for SANVI: 11r x 4c
2026-04-03 12:09:30,272 - INFO - Table 4 for SANVI: 15r x 4c
2026-04-03 12:09:30,273 - INFO - Table 5 for SANVI: 13r x 6c
2026-04-03 12:09:34,624 - INFO - Found 5 tables for SAPDBL
2026-04-03 12:09:34,632 - INFO - Table 3 for SAPDBL: 11r x 4c
2026-04-03 12:09:34,633 - INFO - Table 4 for SAPDBL: 11r x 4c
2026-04-03 12:09:34,634 - INFO - Table 5 for SAPDBL: 13r x 11c
2026-04-03 12:09:38,920 - INFO - Found 5 tables for SARBTM
2026-04-03 12:09:38,928 - INFO - Table 3 for SARBTM: 11r x 4c
2026-04-03 12:09:38,929 - INFO - Table 4 for SARBTM: 11r x 4c
2026-04-03 12:09:38,931 - INFO - Table 5 for SARBTM: 13r x 11c
2026-04-03 12:09:43,337 - INFO - Found 5 tables for SBI
2026-04-03 12:09:43,345 - INFO - Table 3 for SBI: 11r x 4c
2026-04-03 12:09:43,346 - INFO - Table 4 for SBI: 11r x 4c
2026-04-03 12:09:43,347 - INFO - Table 5 for SBI: 13r x 11c
2026-04-03 12:09:47,669 - INFO - Found 5 tables for SBL
2026-04-03 12:09:47,677 - INFO - Table 3 for SBL: 11r x 4c
2026-04-03 12:09:47,678 - INFO - Table 4 for SBL: 11r x 4c
2026-04-03 12:09:47,680 - INFO - Table 5 for SBL: 13r x 11c
2026-04-03 12:09:51,963 - INFO - Found 5 tables for SCB
2026-04-03 12:09:51,971 - INFO - Table 3 for SCB: 11r x 4c
2026-04-03 12:09:51,972 - INFO - Table 4 for SCB: 11r x 4c
2026-04-03 12:09:51,973 - INFO - Table 5 for SCB: 13r x 11c
2026-04-03 12:09:56,351 - INFO - Found 5 tables for SFCL
2026-04-03 12:09:56,358 - INFO - Table 3 for SFCL: 11r x 4c
2026-04-03 12:09:56,359 - INFO - Table 4 for SFCL: 11r x 4c
2026-04-03 12:09:56,361 - INFO - Table 5 for SFCL: 13r x 11c
2026-04-03 12:10:00,671 - INFO - Found 5 tables for SGHC
2026-04-03 12:10:00,679 - INFO - Table 3 for SGHC: 11r x 4c
2026-04-03 12:10:00,680 - INFO - Table 4 for SGHC: 15r x 4c
2026-04-03 12:10:00,681 - INFO - Table 5 for SGHC: 13r x 11c
2026-04-03 12:10:05,254 - INFO - Found 5 tables for SGIC
2026-04-03 12:10:05,262 - INFO - Table 3 for SGIC: 11r x 4c
2026-04-03 12:10:05,263 - INFO - Table 4 for SGIC: 11r x 4c
2026-04-03 12:10:05,265 - INFO - Table 5 for SGIC: 13r x 11c
2026-04-03 12:10:09,563 - INFO - Found 5 tables for SHEL
2026-04-03 12:10:09,571 - INFO - Table 3 for SHEL: 11r x 4c
2026-04-03 12:10:09,572 - INFO - Table 4 for SHEL: 15r x 4c
2026-04-03 12:10:09,574 - INFO - Table 5 for SHEL: 13r x 11c
2026-04-03 12:10:14,603 - INFO - Found 5 tables for SHINE
2026-04-03 12:10:14,610 - INFO - Table 3 for SHINE: 11r x 4c
2026-04-03 12:10:14,611 - INFO - Table 4 for SHINE: 11r x 4c
2026-04-03 12:10:14,613 - INFO - Table 5 for SHINE: 13r x 11c
2026-04-03 12:10:18,962 - INFO - Found 5 tables for SHIVM
2026-04-03 12:10:18,969 - INFO - Table 3 for SHIVM: 11r x 4c
2026-04-03 12:10:18,970 - INFO - Table 4 for SHIVM: 11r x 4c
2026-04-03 12:10:18,972 - INFO - Table 5 for SHIVM: 13r x 11c
2026-04-03 12:10:23,290 - INFO - Found 5 tables for SHL
2026-04-03 12:10:23,298 - INFO - Table 3 for SHL: 11r x 4c
2026-04-03 12:10:23,299 - INFO - Table 4 for SHL: 11r x 4c
2026-04-03 12:10:23,300 - INFO - Table 5 for SHL: 13r x 11c
2026-04-03 12:10:27,624 - INFO - Found 5 tables for SHLB
2026-04-03 12:10:27,632 - INFO - Table 3 for SHLB: 11r x 4c
2026-04-03 12:10:27,633 - INFO - Table 4 for SHLB: 11r x 4c
2026-04-03 12:10:27,635 - INFO - Table 5 for SHLB: 13r x 11c
2026-04-03 12:10:31,983 - INFO - Found 5 tables for SHPC
2026-04-03 12:10:31,991 - INFO - Table 3 for SHPC: 11r x 4c
2026-04-03 12:10:31,992 - INFO - Table 4 for SHPC: 15r x 4c
2026-04-03 12:10:31,993 - INFO - Table 5 for SHPC: 13r x 11c
2026-04-03 12:10:36,357 - INFO - Found 5 tables for SICL
2026-04-03 12:10:36,365 - INFO - Table 3 for SICL: 11r x 4c
2026-04-03 12:10:36,366 - INFO - Table 4 for SICL: 11r x 4c
2026-04-03 12:10:36,368 - INFO - Table 5 for SICL: 13r x 11c
2026-04-03 12:10:40,704 - INFO - Found 5 tables for SIFC
2026-04-03 12:10:40,712 - INFO - Table 3 for SIFC: 11r x 4c
2026-04-03 12:10:40,713 - INFO - Table 4 for SIFC: 11r x 4c
2026-04-03 12:10:40,715 - INFO - Table 5 for SIFC: 13r x 11c
2026-04-03 12:10:46,052 - INFO - Found 5 tables for SIKLES
2026-04-03 12:10:46,060 - INFO - Table 3 for SIKLES: 11r x 4c
2026-04-03 12:10:46,061 - INFO - Table 4 for SIKLES: 15r x 4c
2026-04-03 12:10:46,062 - INFO - Table 5 for SIKLES: 13r x 11c
2026-04-03 12:10:50,369 - INFO - Found 5 tables for SINDU
2026-04-03 12:10:50,377 - INFO - Table 3 for SINDU: 11r x 4c
2026-04-03 12:10:50,377 - INFO - Table 4 for SINDU: 11r x 4c
2026-04-03 12:10:50,379 - INFO - Table 5 for SINDU: 13r x 11c
2026-04-03 12:10:54,680 - INFO - Found 5 tables for SJCL
2026-04-03 12:10:54,688 - INFO - Table 3 for SJCL: 11r x 4c
2026-04-03 12:10:54,689 - INFO - Table 4 for SJCL: 15r x 4c
2026-04-03 12:10:54,690 - INFO - Table 5 for SJCL: 13r x 11c
2026-04-03 12:10:59,065 - INFO - Found 5 tables for SJLIC
2026-04-03 12:10:59,073 - INFO - Table 3 for SJLIC: 11r x 4c
2026-04-03 12:10:59,074 - INFO - Table 4 for SJLIC: 11r x 4c
2026-04-03 12:10:59,075 - INFO - Table 5 for SJLIC: 13r x 11c
2026-04-03 12:11:03,436 - INFO - Found 5 tables for SKBBL
2026-04-03 12:11:03,444 - INFO - Table 3 for SKBBL: 11r x 4c
2026-04-03 12:11:03,445 - INFO - Table 4 for SKBBL: 11r x 4c
2026-04-03 12:11:03,447 - INFO - Table 5 for SKBBL: 13r x 11c
2026-04-03 12:11:07,769 - INFO - Found 5 tables for SLBBL
2026-04-03 12:11:07,777 - INFO - Table 3 for SLBBL: 11r x 4c
2026-04-03 12:11:07,778 - INFO - Table 4 for SLBBL: 11r x 4c
2026-04-03 12:11:07,779 - INFO - Table 5 for SLBBL: 13r x 11c
2026-04-03 12:11:12,080 - INFO - Found 5 tables for SLBSL
2026-04-03 12:11:12,087 - INFO - Table 3 for SLBSL: 11r x 4c
2026-04-03 12:11:12,088 - INFO - Table 4 for SLBSL: 11r x 4c
2026-04-03 12:11:12,090 - INFO - Table 5 for SLBSL: 13r x 11c
2026-04-03 12:11:16,391 - INFO - Found 5 tables for SMATA
2026-04-03 12:11:16,399 - INFO - Table 3 for SMATA: 11r x 4c
2026-04-03 12:11:16,400 - INFO - Table 4 for SMATA: 11r x 4c
2026-04-03 12:11:16,401 - INFO - Table 5 for SMATA: 13r x 11c
2026-04-03 12:11:20,787 - INFO - Found 5 tables for SMB
2026-04-03 12:11:20,794 - INFO - Table 3 for SMB: 11r x 4c
2026-04-03 12:11:20,795 - INFO - Table 4 for SMB: 11r x 4c
2026-04-03 12:11:20,797 - INFO - Table 5 for SMB: 13r x 11c
2026-04-03 12:11:25,117 - INFO - Found 5 tables for SMFBS
2026-04-03 12:11:25,125 - INFO - Table 3 for SMFBS: 11r x 4c
2026-04-03 12:11:25,126 - INFO - Table 4 for SMFBS: 11r x 4c
2026-04-03 12:11:25,127 - INFO - Table 5 for SMFBS: 13r x 11c
2026-04-03 12:11:29,474 - INFO - Found 5 tables for SMH
2026-04-03 12:11:29,482 - INFO - Table 3 for SMH: 11r x 4c
2026-04-03 12:11:29,483 - INFO - Table 4 for SMH: 15r x 4c
2026-04-03 12:11:29,484 - INFO - Table 5 for SMH: 13r x 11c
2026-04-03 12:11:33,760 - INFO - Found 5 tables for SMHL
2026-04-03 12:11:33,768 - INFO - Table 3 for SMHL: 11r x 4c
2026-04-03 12:11:33,769 - INFO - Table 4 for SMHL: 15r x 4c
2026-04-03 12:11:33,770 - INFO - Table 5 for SMHL: 13r x 11c
2026-04-03 12:11:39,084 - INFO - Found 5 tables for SMJC
2026-04-03 12:11:39,092 - INFO - Table 3 for SMJC: 11r x 4c
2026-04-03 12:11:39,093 - INFO - Table 4 for SMJC: 15r x 4c
2026-04-03 12:11:39,094 - INFO - Table 5 for SMJC: 13r x 11c
2026-04-03 12:11:43,369 - INFO - Found 5 tables for SMPDA
2026-04-03 12:11:43,376 - INFO - Table 3 for SMPDA: 11r x 4c
2026-04-03 12:11:43,377 - INFO - Table 4 for SMPDA: 11r x 4c
2026-04-03 12:11:43,379 - INFO - Table 5 for SMPDA: 13r x 10c
2026-04-03 12:11:47,678 - INFO - Found 5 tables for SNLI
2026-04-03 12:11:47,685 - INFO - Table 3 for SNLI: 11r x 4c
2026-04-03 12:11:47,686 - INFO - Table 4 for SNLI: 11r x 4c
2026-04-03 12:11:47,688 - INFO - Table 5 for SNLI: 13r x 11c
2026-04-03 12:11:51,987 - INFO - Found 5 tables for SONA
2026-04-03 12:11:51,995 - INFO - Table 3 for SONA: 11r x 4c
2026-04-03 12:11:51,996 - INFO - Table 4 for SONA: 11r x 4c
2026-04-03 12:11:51,997 - INFO - Table 5 for SONA: 13r x 11c
2026-04-03 12:12:05,524 - INFO - Found 5 tables for SPC
2026-04-03 12:12:05,532 - INFO - Table 3 for SPC: 11r x 4c
2026-04-03 12:12:05,533 - INFO - Table 4 for SPC: 15r x 4c
2026-04-03 12:12:05,535 - INFO - Table 5 for SPC: 13r x 11c
2026-04-03 12:12:09,891 - INFO - Found 5 tables for SPDL
2026-04-03 12:12:09,899 - INFO - Table 3 for SPDL: 11r x 4c
2026-04-03 12:12:09,900 - INFO - Table 4 for SPDL: 15r x 4c
2026-04-03 12:12:09,902 - INFO - Table 5 for SPDL: 13r x 11c
2026-04-03 12:12:14,237 - INFO - Found 5 tables for SPHL
2026-04-03 12:12:14,245 - INFO - Table 3 for SPHL: 11r x 4c
2026-04-03 12:12:14,246 - INFO - Table 4 for SPHL: 15r x 4c
2026-04-03 12:12:14,247 - INFO - Table 5 for SPHL: 13r x 11c
2026-04-03 12:12:18,547 - INFO - Found 5 tables for SPIL
2026-04-03 12:12:18,558 - INFO - Table 3 for SPIL: 11r x 4c
2026-04-03 12:12:18,559 - INFO - Table 4 for SPIL: 11r x 4c
2026-04-03 12:12:18,560 - INFO - Table 5 for SPIL: 13r x 11c
2026-04-03 12:12:22,886 - INFO - Found 5 tables for SPL
2026-04-03 12:12:22,894 - INFO - Table 3 for SPL: 11r x 4c
2026-04-03 12:12:22,895 - INFO - Table 4 for SPL: 15r x 4c
2026-04-03 12:12:22,896 - INFO - Table 5 for SPL: 13r x 11c
2026-04-03 12:12:36,115 - INFO - Found 5 tables for SRLI
2026-04-03 12:12:36,123 - INFO - Table 3 for SRLI: 11r x 4c
2026-04-03 12:12:36,123 - INFO - Table 4 for SRLI: 11r x 4c
2026-04-03 12:12:36,125 - INFO - Table 5 for SRLI: 13r x 11c
2026-04-03 12:12:40,472 - INFO - Found 5 tables for SSHL
2026-04-03 12:12:40,480 - INFO - Table 3 for SSHL: 11r x 4c
2026-04-03 12:12:40,481 - INFO - Table 4 for SSHL: 15r x 4c
2026-04-03 12:12:40,482 - INFO - Table 5 for SSHL: 13r x 10c
2026-04-03 12:12:44,798 - INFO - Found 5 tables for STC
2026-04-03 12:12:44,806 - INFO - Table 3 for STC: 11r x 4c
2026-04-03 12:12:44,806 - INFO - Table 4 for STC: 11r x 4c
2026-04-03 12:12:44,808 - INFO - Table 5 for STC: 13r x 11c
2026-04-03 12:12:49,174 - INFO - Found 5 tables for SWBBL
2026-04-03 12:12:49,182 - INFO - Table 3 for SWBBL: 11r x 4c
2026-04-03 12:12:49,182 - INFO - Table 4 for SWBBL: 11r x 4c
2026-04-03 12:12:49,184 - INFO - Table 5 for SWBBL: 13r x 11c
2026-04-03 12:12:53,500 - INFO - Found 5 tables for SWMF
2026-04-03 12:12:53,507 - INFO - Table 3 for SWMF: 11r x 4c
2026-04-03 12:12:53,508 - INFO - Table 4 for SWMF: 11r x 4c
2026-04-03 12:12:53,510 - INFO - Table 5 for SWMF: 13r x 11c
2026-04-03 12:12:58,243 - INFO - Found 5 tables for TAMOR
2026-04-03 12:12:58,251 - INFO - Table 3 for TAMOR: 11r x 4c
2026-04-03 12:12:58,253 - INFO - Table 4 for TAMOR: 15r x 4c
2026-04-03 12:12:58,254 - INFO - Table 5 for TAMOR: 13r x 11c
2026-04-03 12:13:02,569 - INFO - Found 5 tables for TPC
2026-04-03 12:13:02,577 - INFO - Table 3 for TPC: 11r x 4c
2026-04-03 12:13:02,578 - INFO - Table 4 for TPC: 15r x 4c
2026-04-03 12:13:02,579 - INFO - Table 5 for TPC: 13r x 11c
2026-04-03 12:13:06,909 - INFO - Found 5 tables for TRH
2026-04-03 12:13:06,916 - INFO - Table 3 for TRH: 11r x 4c
2026-04-03 12:13:06,917 - INFO - Table 4 for TRH: 11r x 4c
2026-04-03 12:13:06,919 - INFO - Table 5 for TRH: 13r x 11c
2026-04-03 12:13:11,244 - INFO - Found 5 tables for TSHL
2026-04-03 12:13:11,252 - INFO - Table 3 for TSHL: 11r x 4c
2026-04-03 12:13:11,253 - INFO - Table 4 for TSHL: 15r x 4c
2026-04-03 12:13:11,255 - INFO - Table 5 for TSHL: 13r x 11c
2026-04-03 12:13:15,546 - INFO - Found 5 tables for TTL
2026-04-03 12:13:15,554 - INFO - Table 3 for TTL: 11r x 4c
2026-04-03 12:13:15,555 - INFO - Table 4 for TTL: 11r x 4c
2026-04-03 12:13:15,556 - INFO - Table 5 for TTL: 13r x 6c
2026-04-03 12:13:19,970 - INFO - Found 5 tables for TVCL
2026-04-03 12:13:19,978 - INFO - Table 3 for TVCL: 11r x 4c
2026-04-03 12:13:19,979 - INFO - Table 4 for TVCL: 15r x 4c
2026-04-03 12:13:19,980 - INFO - Table 5 for TVCL: 13r x 11c
2026-04-03 12:13:24,310 - INFO - Found 5 tables for UAIL
2026-04-03 12:13:24,318 - INFO - Table 3 for UAIL: 11r x 4c
2026-04-03 12:13:24,319 - INFO - Table 4 for UAIL: 11r x 4c
2026-04-03 12:13:24,320 - INFO - Table 5 for UAIL: 13r x 11c
2026-04-03 12:13:28,652 - INFO - Found 5 tables for UHEWA
2026-04-03 12:13:28,660 - INFO - Table 3 for UHEWA: 11r x 4c
2026-04-03 12:13:28,661 - INFO - Table 4 for UHEWA: 15r x 4c
2026-04-03 12:13:28,662 - INFO - Table 5 for UHEWA: 13r x 11c
2026-04-03 12:13:33,918 - INFO - Found 5 tables for ULBSL
2026-04-03 12:13:33,926 - INFO - Table 3 for ULBSL: 11r x 4c
2026-04-03 12:13:33,927 - INFO - Table 4 for ULBSL: 11r x 4c
2026-04-03 12:13:33,929 - INFO - Table 5 for ULBSL: 13r x 11c
2026-04-03 12:13:38,338 - INFO - Found 5 tables for ULHC
2026-04-03 12:13:38,346 - INFO - Table 3 for ULHC: 11r x 4c
2026-04-03 12:13:38,347 - INFO - Table 4 for ULHC: 15r x 4c
2026-04-03 12:13:38,348 - INFO - Table 5 for ULHC: 13r x 9c
2026-04-03 12:13:42,657 - INFO - Found 5 tables for UMHL
2026-04-03 12:13:42,665 - INFO - Table 3 for UMHL: 11r x 4c
2026-04-03 12:13:42,666 - INFO - Table 4 for UMHL: 15r x 4c
2026-04-03 12:13:42,667 - INFO - Table 5 for UMHL: 13r x 11c
2026-04-03 12:13:46,969 - INFO - Found 5 tables for UMRH
2026-04-03 12:13:46,977 - INFO - Table 3 for UMRH: 11r x 4c
2026-04-03 12:13:46,978 - INFO - Table 4 for UMRH: 15r x 4c
2026-04-03 12:13:46,980 - INFO - Table 5 for UMRH: 13r x 11c
2026-04-03 12:13:51,285 - INFO - Found 5 tables for UNHPL
2026-04-03 12:13:51,293 - INFO - Table 3 for UNHPL: 11r x 4c
2026-04-03 12:13:51,294 - INFO - Table 4 for UNHPL: 15r x 4c
2026-04-03 12:13:51,295 - INFO - Table 5 for UNHPL: 13r x 11c
2026-04-03 12:13:55,650 - INFO - Found 5 tables for UNL
2026-04-03 12:13:55,658 - INFO - Table 3 for UNL: 11r x 4c
2026-04-03 12:13:55,659 - INFO - Table 4 for UNL: 11r x 4c
2026-04-03 12:13:55,660 - INFO - Table 5 for UNL: 13r x 11c
2026-04-03 12:13:59,735 - INFO - Found 5 tables for UNLB
2026-04-03 12:13:59,742 - INFO - Table 3 for UNLB: 11r x 4c
2026-04-03 12:13:59,743 - INFO - Table 4 for UNLB: 11r x 4c
2026-04-03 12:13:59,745 - INFO - Table 5 for UNLB: 13r x 11c
2026-04-03 12:14:13,375 - INFO - Found 5 tables for UPCL
2026-04-03 12:14:13,383 - INFO - Table 3 for UPCL: 11r x 4c
2026-04-03 12:14:13,384 - INFO - Table 4 for UPCL: 15r x 4c
2026-04-03 12:14:13,385 - INFO - Table 5 for UPCL: 13r x 11c
2026-04-03 12:14:17,707 - INFO - Found 5 tables for UPPER
2026-04-03 12:14:17,714 - INFO - Table 3 for UPPER: 11r x 4c
2026-04-03 12:14:17,715 - INFO - Table 4 for UPPER: 15r x 4c
2026-04-03 12:14:17,717 - INFO - Table 5 for UPPER: 13r x 11c
2026-04-03 12:14:22,072 - INFO - Found 5 tables for USHEC
2026-04-03 12:14:22,079 - INFO - Table 3 for USHEC: 11r x 4c
2026-04-03 12:14:22,080 - INFO - Table 4 for USHEC: 15r x 4c
2026-04-03 12:14:22,082 - INFO - Table 5 for USHEC: 13r x 11c
2026-04-03 12:14:26,456 - INFO - Found 5 tables for USHL
2026-04-03 12:14:26,464 - INFO - Table 3 for USHL: 11r x 4c
2026-04-03 12:14:26,465 - INFO - Table 4 for USHL: 15r x 4c
2026-04-03 12:14:26,467 - INFO - Table 5 for USHL: 13r x 11c
2026-04-03 12:14:30,858 - INFO - Found 5 tables for USLB
2026-04-03 12:14:30,866 - INFO - Table 3 for USLB: 11r x 4c
2026-04-03 12:14:30,867 - INFO - Table 4 for USLB: 11r x 4c
2026-04-03 12:14:30,868 - INFO - Table 5 for USLB: 13r x 11c
2026-04-03 12:14:35,141 - INFO - Found 5 tables for VLBS
2026-04-03 12:14:35,148 - INFO - Table 3 for VLBS: 11r x 4c
2026-04-03 12:14:35,149 - INFO - Table 4 for VLBS: 11r x 4c
2026-04-03 12:14:35,151 - INFO - Table 5 for VLBS: 13r x 11c
2026-04-03 12:14:39,435 - INFO - Found 5 tables for VLUCL
2026-04-03 12:14:39,443 - INFO - Table 3 for VLUCL: 11r x 4c
2026-04-03 12:14:39,444 - INFO - Table 4 for VLUCL: 15r x 4c
2026-04-03 12:14:39,446 - INFO - Table 5 for VLUCL: 13r x 11c
2026-04-03 12:14:43,753 - INFO - Found 5 tables for WNLB
2026-04-03 12:14:43,761 - INFO - Table 3 for WNLB: 11r x 4c
2026-04-03 12:14:43,762 - INFO - Table 4 for WNLB: 11r x 4c
2026-04-03 12:14:43,763 - INFO - Table 5 for WNLB: 13r x 11c
2026-04-03 12:14:47,386 - INFO - CSV saved: Link_Attributes.csv
2026-04-03 12:14:47,465 - INFO - CSV saved: Link_Additional.csv
2026-04-03 12:14:48,897 - INFO - Dashboard saved: index.html
2026-04-04 11:44:35,781 - INFO - Found 251 URLs
2026-04-04 11:44:40,498 - INFO - Found 5 tables for ACLBSL
2026-04-04 11:44:40,506 - INFO - Table 3 for ACLBSL: 11r x 4c
2026-04-04 11:44:40,507 - INFO - Table 4 for ACLBSL: 11r x 4c
2026-04-04 11:44:40,509 - INFO - Table 5 for ACLBSL: 13r x 11c
2026-04-04 11:44:45,907 - INFO - Found 5 tables for ADBL
2026-04-04 11:44:45,915 - INFO - Table 3 for ADBL: 11r x 4c
2026-04-04 11:44:45,916 - INFO - Table 4 for ADBL: 11r x 4c
2026-04-04 11:44:45,918 - INFO - Table 5 for ADBL: 13r x 11c
2026-04-04 11:44:50,195 - INFO - Found 5 tables for AHL
2026-04-04 11:44:50,203 - INFO - Table 3 for AHL: 11r x 4c
2026-04-04 11:44:50,204 - INFO - Table 4 for AHL: 15r x 4c
2026-04-04 11:44:50,206 - INFO - Table 5 for AHL: 13r x 11c
2026-04-04 11:44:54,149 - INFO - Found 5 tables for AHPC
2026-04-04 11:44:54,157 - INFO - Table 3 for AHPC: 11r x 4c
2026-04-04 11:44:54,158 - INFO - Table 4 for AHPC: 15r x 4c
2026-04-04 11:44:54,160 - INFO - Table 5 for AHPC: 13r x 11c
2026-04-04 11:44:58,892 - INFO - Found 5 tables for AKJCL
2026-04-04 11:44:58,900 - INFO - Table 3 for AKJCL: 11r x 4c
2026-04-04 11:44:58,901 - INFO - Table 4 for AKJCL: 15r x 4c
2026-04-04 11:44:58,902 - INFO - Table 5 for AKJCL: 13r x 11c
2026-04-04 11:45:13,836 - INFO - Found 5 tables for AKPL
2026-04-04 11:45:13,844 - INFO - Table 3 for AKPL: 11r x 4c
2026-04-04 11:45:13,845 - INFO - Table 4 for AKPL: 15r x 4c
2026-04-04 11:45:13,847 - INFO - Table 5 for AKPL: 13r x 11c
2026-04-04 11:45:17,790 - INFO - Found 5 tables for ALBSL
2026-04-04 11:45:17,798 - INFO - Table 3 for ALBSL: 11r x 4c
2026-04-04 11:45:17,799 - INFO - Table 4 for ALBSL: 11r x 4c
2026-04-04 11:45:17,801 - INFO - Table 5 for ALBSL: 13r x 11c
2026-04-04 11:45:22,226 - INFO - Found 5 tables for ALICL
2026-04-04 11:45:22,234 - INFO - Table 3 for ALICL: 11r x 4c
2026-04-04 11:45:22,235 - INFO - Table 4 for ALICL: 11r x 4c
2026-04-04 11:45:22,236 - INFO - Table 5 for ALICL: 13r x 11c
2026-04-04 11:45:26,469 - INFO - Found 5 tables for ANLB
2026-04-04 11:45:26,477 - INFO - Table 3 for ANLB: 11r x 4c
2026-04-04 11:45:26,478 - INFO - Table 4 for ANLB: 11r x 4c
2026-04-04 11:45:26,479 - INFO - Table 5 for ANLB: 13r x 11c
2026-04-04 11:45:30,401 - INFO - Found 5 tables for API
2026-04-04 11:45:30,410 - INFO - Table 3 for API: 11r x 4c
2026-04-04 11:45:30,411 - INFO - Table 4 for API: 15r x 4c
2026-04-04 11:45:30,412 - INFO - Table 5 for API: 13r x 11c
2026-04-04 11:45:35,196 - INFO - Found 5 tables for AVYAN
2026-04-04 11:45:35,204 - INFO - Table 3 for AVYAN: 11r x 4c
2026-04-04 11:45:35,205 - INFO - Table 4 for AVYAN: 11r x 4c
2026-04-04 11:45:35,206 - INFO - Table 5 for AVYAN: 13r x 11c
2026-04-04 11:45:39,160 - INFO - Found 5 tables for BARUN
2026-04-04 11:45:39,169 - INFO - Table 3 for BARUN: 11r x 4c
2026-04-04 11:45:39,170 - INFO - Table 4 for BARUN: 15r x 4c
2026-04-04 11:45:39,171 - INFO - Table 5 for BARUN: 13r x 11c
2026-04-04 11:45:43,401 - INFO - Found 4 tables for BBC
2026-04-04 11:45:43,409 - INFO - Table 3 for BBC: 11r x 4c
2026-04-04 11:45:43,410 - INFO - Table 4 for BBC: 11r x 4c
2026-04-04 11:45:47,666 - INFO - Found 5 tables for BEDC
2026-04-04 11:45:47,674 - INFO - Table 3 for BEDC: 11r x 4c
2026-04-04 11:45:47,675 - INFO - Table 4 for BEDC: 15r x 4c
2026-04-04 11:45:47,677 - INFO - Table 5 for BEDC: 13r x 11c
2026-04-04 11:45:51,929 - INFO - Found 5 tables for BFC
2026-04-04 11:45:51,937 - INFO - Table 3 for BFC: 11r x 4c
2026-04-04 11:45:51,938 - INFO - Table 4 for BFC: 11r x 4c
2026-04-04 11:45:51,940 - INFO - Table 5 for BFC: 13r x 10c
2026-04-04 11:45:56,146 - INFO - Found 5 tables for BGWT
2026-04-04 11:45:56,153 - INFO - Table 3 for BGWT: 11r x 4c
2026-04-04 11:45:56,154 - INFO - Table 4 for BGWT: 15r x 4c
2026-04-04 11:45:56,156 - INFO - Table 5 for BGWT: 13r x 11c
2026-04-04 11:46:00,440 - INFO - Found 5 tables for BHDC
2026-04-04 11:46:00,448 - INFO - Table 3 for BHDC: 11r x 4c
2026-04-04 11:46:00,449 - INFO - Table 4 for BHDC: 15r x 4c
2026-04-04 11:46:00,451 - INFO - Table 5 for BHDC: 13r x 11c
2026-04-04 11:46:04,727 - INFO - Found 5 tables for BHL
2026-04-04 11:46:04,735 - INFO - Table 3 for BHL: 11r x 4c
2026-04-04 11:46:04,736 - INFO - Table 4 for BHL: 15r x 4c
2026-04-04 11:46:04,738 - INFO - Table 5 for BHL: 13r x 11c
2026-04-04 11:46:08,984 - INFO - Found 5 tables for BHPL
2026-04-04 11:46:08,991 - INFO - Table 3 for BHPL: 11r x 4c
2026-04-04 11:46:08,992 - INFO - Table 4 for BHPL: 15r x 4c
2026-04-04 11:46:08,994 - INFO - Table 5 for BHPL: 13r x 11c
2026-04-04 11:46:13,307 - INFO - Found 5 tables for BNHC
2026-04-04 11:46:13,315 - INFO - Table 3 for BNHC: 11r x 4c
2026-04-04 11:46:13,316 - INFO - Table 4 for BNHC: 15r x 4c
2026-04-04 11:46:13,317 - INFO - Table 5 for BNHC: 13r x 11c
2026-04-04 11:46:17,588 - INFO - Found 5 tables for BNL
2026-04-04 11:46:17,596 - INFO - Table 3 for BNL: 11r x 4c
2026-04-04 11:46:17,597 - INFO - Table 4 for BNL: 11r x 4c
2026-04-04 11:46:17,599 - INFO - Table 5 for BNL: 13r x 11c
2026-04-04 11:46:21,862 - INFO - Found 5 tables for BNT
2026-04-04 11:46:21,870 - INFO - Table 3 for BNT: 11r x 4c
2026-04-04 11:46:21,871 - INFO - Table 4 for BNT: 11r x 4c
2026-04-04 11:46:21,872 - INFO - Table 5 for BNT: 13r x 11c
2026-04-04 11:46:25,908 - INFO - Found 5 tables for BPCL
2026-04-04 11:46:25,916 - INFO - Table 3 for BPCL: 11r x 4c
2026-04-04 11:46:25,917 - INFO - Table 4 for BPCL: 15r x 4c
2026-04-04 11:46:25,919 - INFO - Table 5 for BPCL: 13r x 11c
2026-04-04 11:46:30,440 - INFO - Found 5 tables for CBBL
2026-04-04 11:46:30,448 - INFO - Table 3 for CBBL: 11r x 4c
2026-04-04 11:46:30,449 - INFO - Table 4 for CBBL: 11r x 4c
2026-04-04 11:46:30,451 - INFO - Table 5 for CBBL: 13r x 11c
2026-04-04 11:46:34,441 - INFO - Found 5 tables for CFCL
2026-04-04 11:46:34,449 - INFO - Table 3 for CFCL: 11r x 4c
2026-04-04 11:46:34,450 - INFO - Table 4 for CFCL: 11r x 4c
2026-04-04 11:46:34,451 - INFO - Table 5 for CFCL: 13r x 10c
2026-04-04 11:46:38,704 - INFO - Found 5 tables for CGH
2026-04-04 11:46:38,712 - INFO - Table 3 for CGH: 11r x 4c
2026-04-04 11:46:38,713 - INFO - Table 4 for CGH: 11r x 4c
2026-04-04 11:46:38,714 - INFO - Table 5 for CGH: 13r x 11c
2026-04-04 11:46:42,945 - INFO - Found 5 tables for CHCL
2026-04-04 11:46:42,953 - INFO - Table 3 for CHCL: 11r x 4c
2026-04-04 11:46:42,954 - INFO - Table 4 for CHCL: 15r x 4c
2026-04-04 11:46:42,955 - INFO - Table 5 for CHCL: 13r x 11c
2026-04-04 11:46:47,144 - INFO - Found 5 tables for CHDC
2026-04-04 11:46:47,152 - INFO - Table 3 for CHDC: 11r x 4c
2026-04-04 11:46:47,153 - INFO - Table 4 for CHDC: 11r x 4c
2026-04-04 11:46:47,154 - INFO - Table 5 for CHDC: 13r x 11c
2026-04-04 11:47:00,308 - INFO - Found 5 tables for CHL
2026-04-04 11:47:00,316 - INFO - Table 3 for CHL: 11r x 4c
2026-04-04 11:47:00,317 - INFO - Table 4 for CHL: 15r x 4c
2026-04-04 11:47:00,319 - INFO - Table 5 for CHL: 13r x 11c
2026-04-04 11:47:04,262 - INFO - Found 5 tables for CIT
2026-04-04 11:47:04,270 - INFO - Table 3 for CIT: 11r x 4c
2026-04-04 11:47:04,271 - INFO - Table 4 for CIT: 11r x 4c
2026-04-04 11:47:04,273 - INFO - Table 5 for CIT: 13r x 11c
2026-04-04 11:47:08,528 - INFO - Found 5 tables for CITY
2026-04-04 11:47:08,536 - INFO - Table 3 for CITY: 11r x 4c
2026-04-04 11:47:08,537 - INFO - Table 4 for CITY: 11r x 4c
2026-04-04 11:47:08,538 - INFO - Table 5 for CITY: 13r x 11c
2026-04-04 11:47:12,804 - INFO - Found 5 tables for CKHL
2026-04-04 11:47:12,812 - INFO - Table 3 for CKHL: 11r x 4c
2026-04-04 11:47:12,813 - INFO - Table 4 for CKHL: 15r x 4c
2026-04-04 11:47:12,815 - INFO - Table 5 for CKHL: 13r x 11c
2026-04-04 11:47:17,054 - INFO - Found 5 tables for CLI
2026-04-04 11:47:17,062 - INFO - Table 3 for CLI: 11r x 4c
2026-04-04 11:47:17,063 - INFO - Table 4 for CLI: 11r x 4c
2026-04-04 11:47:17,065 - INFO - Table 5 for CLI: 13r x 11c
2026-04-04 11:47:30,834 - INFO - Found 5 tables for CORBL
2026-04-04 11:47:30,841 - INFO - Table 3 for CORBL: 11r x 4c
2026-04-04 11:47:30,842 - INFO - Table 4 for CORBL: 11r x 4c
2026-04-04 11:47:30,844 - INFO - Table 5 for CORBL: 13r x 11c
2026-04-04 11:47:35,136 - INFO - Found 5 tables for CREST
2026-04-04 11:47:35,144 - INFO - Table 3 for CREST: 11r x 4c
2026-04-04 11:47:35,145 - INFO - Table 4 for CREST: 11r x 4c
2026-04-04 11:47:35,146 - INFO - Table 5 for CREST: 13r x 7c
2026-04-04 11:47:39,102 - INFO - Found 5 tables for CYCL
2026-04-04 11:47:39,110 - INFO - Table 3 for CYCL: 11r x 4c
2026-04-04 11:47:39,111 - INFO - Table 4 for CYCL: 11r x 4c
2026-04-04 11:47:39,112 - INFO - Table 5 for CYCL: 13r x 11c
2026-04-04 11:47:43,896 - INFO - Found 5 tables for CZBIL
2026-04-04 11:47:43,904 - INFO - Table 3 for CZBIL: 11r x 4c
2026-04-04 11:47:43,905 - INFO - Table 4 for CZBIL: 11r x 4c
2026-04-04 11:47:43,906 - INFO - Table 5 for CZBIL: 13r x 11c
2026-04-04 11:47:48,162 - INFO - Found 5 tables for DDBL
2026-04-04 11:47:48,170 - INFO - Table 3 for DDBL: 11r x 4c
2026-04-04 11:47:48,171 - INFO - Table 4 for DDBL: 11r x 4c
2026-04-04 11:47:48,172 - INFO - Table 5 for DDBL: 13r x 11c
2026-04-04 11:47:52,506 - INFO - Found 5 tables for DHPL
2026-04-04 11:47:52,514 - INFO - Table 3 for DHPL: 11r x 4c
2026-04-04 11:47:52,515 - INFO - Table 4 for DHPL: 15r x 4c
2026-04-04 11:47:52,517 - INFO - Table 5 for DHPL: 13r x 11c
2026-04-04 11:47:56,895 - INFO - Found 5 tables for DLBS
2026-04-04 11:47:56,903 - INFO - Table 3 for DLBS: 11r x 4c
2026-04-04 11:47:56,904 - INFO - Table 4 for DLBS: 11r x 4c
2026-04-04 11:47:56,906 - INFO - Table 5 for DLBS: 13r x 10c
2026-04-04 11:48:01,196 - INFO - Found 5 tables for DOLTI
2026-04-04 11:48:01,204 - INFO - Table 3 for DOLTI: 11r x 4c
2026-04-04 11:48:01,205 - INFO - Table 4 for DOLTI: 15r x 4c
2026-04-04 11:48:01,206 - INFO - Table 5 for DOLTI: 13r x 11c
2026-04-04 11:48:05,376 - INFO - Found 5 tables for DORDI
2026-04-04 11:48:05,384 - INFO - Table 3 for DORDI: 11r x 4c
2026-04-04 11:48:05,385 - INFO - Table 4 for DORDI: 15r x 4c
2026-04-04 11:48:05,386 - INFO - Table 5 for DORDI: 13r x 11c
2026-04-04 11:48:09,690 - INFO - Found 5 tables for EBL
2026-04-04 11:48:09,698 - INFO - Table 3 for EBL: 11r x 4c
2026-04-04 11:48:09,699 - INFO - Table 4 for EBL: 11r x 4c
2026-04-04 11:48:09,701 - INFO - Table 5 for EBL: 13r x 11c
2026-04-04 11:48:13,686 - INFO - Found 5 tables for EDBL
2026-04-04 11:48:13,694 - INFO - Table 3 for EDBL: 11r x 4c
2026-04-04 11:48:13,695 - INFO - Table 4 for EDBL: 11r x 4c
2026-04-04 11:48:13,696 - INFO - Table 5 for EDBL: 13r x 11c
2026-04-04 11:48:17,950 - INFO - Found 5 tables for EHPL
2026-04-04 11:48:17,957 - INFO - Table 3 for EHPL: 11r x 4c
2026-04-04 11:48:17,958 - INFO - Table 4 for EHPL: 15r x 4c
2026-04-04 11:48:17,960 - INFO - Table 5 for EHPL: 13r x 11c
2026-04-04 11:48:22,225 - INFO - Found 5 tables for ENL
2026-04-04 11:48:22,233 - INFO - Table 3 for ENL: 11r x 4c
2026-04-04 11:48:22,234 - INFO - Table 4 for ENL: 11r x 4c
2026-04-04 11:48:22,235 - INFO - Table 5 for ENL: 13r x 11c
2026-04-04 11:48:26,196 - INFO - Found 5 tables for FMDBL
2026-04-04 11:48:26,204 - INFO - Table 3 for FMDBL: 11r x 4c
2026-04-04 11:48:26,205 - INFO - Table 4 for FMDBL: 11r x 4c
2026-04-04 11:48:26,207 - INFO - Table 5 for FMDBL: 13r x 11c
2026-04-04 11:48:30,519 - INFO - Found 5 tables for FOWAD
2026-04-04 11:48:30,527 - INFO - Table 3 for FOWAD: 11r x 4c
2026-04-04 11:48:30,528 - INFO - Table 4 for FOWAD: 11r x 4c
2026-04-04 11:48:30,529 - INFO - Table 5 for FOWAD: 13r x 11c
2026-04-04 11:48:34,781 - INFO - Found 5 tables for GBBL
2026-04-04 11:48:34,789 - INFO - Table 3 for GBBL: 11r x 4c
2026-04-04 11:48:34,790 - INFO - Table 4 for GBBL: 11r x 4c
2026-04-04 11:48:34,792 - INFO - Table 5 for GBBL: 13r x 11c
2026-04-04 11:48:39,039 - INFO - Found 5 tables for GBIME
2026-04-04 11:48:39,047 - INFO - Table 3 for GBIME: 11r x 4c
2026-04-04 11:48:39,048 - INFO - Table 4 for GBIME: 11r x 4c
2026-04-04 11:48:39,049 - INFO - Table 5 for GBIME: 13r x 11c
2026-04-04 11:48:43,299 - INFO - Found 5 tables for GBLBS
2026-04-04 11:48:43,307 - INFO - Table 3 for GBLBS: 11r x 4c
2026-04-04 11:48:43,308 - INFO - Table 4 for GBLBS: 11r x 4c
2026-04-04 11:48:43,310 - INFO - Table 5 for GBLBS: 13r x 10c
2026-04-04 11:48:47,492 - INFO - Found 5 tables for GCIL
2026-04-04 11:48:47,500 - INFO - Table 3 for GCIL: 11r x 4c
2026-04-04 11:48:47,501 - INFO - Table 4 for GCIL: 11r x 4c
2026-04-04 11:48:47,502 - INFO - Table 5 for GCIL: 13r x 11c
2026-04-04 11:49:00,477 - INFO - Found 5 tables for GFCL
2026-04-04 11:49:00,485 - INFO - Table 3 for GFCL: 11r x 4c
2026-04-04 11:49:00,486 - INFO - Table 4 for GFCL: 11r x 4c
2026-04-04 11:49:00,488 - INFO - Table 5 for GFCL: 13r x 11c
2026-04-04 11:49:04,671 - INFO - Found 5 tables for GHL
2026-04-04 11:49:04,679 - INFO - Table 3 for GHL: 11r x 4c
2026-04-04 11:49:04,680 - INFO - Table 4 for GHL: 15r x 4c
2026-04-04 11:49:04,681 - INFO - Table 5 for GHL: 13r x 11c
2026-04-04 11:49:08,918 - INFO - Found 5 tables for GILB
2026-04-04 11:49:08,926 - INFO - Table 3 for GILB: 11r x 4c
2026-04-04 11:49:08,927 - INFO - Table 4 for GILB: 11r x 4c
2026-04-04 11:49:08,928 - INFO - Table 5 for GILB: 13r x 11c
2026-04-04 11:49:13,113 - INFO - Found 5 tables for GLBSL
2026-04-04 11:49:13,121 - INFO - Table 3 for GLBSL: 11r x 4c
2026-04-04 11:49:13,122 - INFO - Table 4 for GLBSL: 11r x 4c
2026-04-04 11:49:13,123 - INFO - Table 5 for GLBSL: 13r x 11c
2026-04-04 11:49:17,421 - INFO - Found 5 tables for GLH
2026-04-04 11:49:17,429 - INFO - Table 3 for GLH: 11r x 4c
2026-04-04 11:49:17,430 - INFO - Table 4 for GLH: 15r x 4c
2026-04-04 11:49:17,431 - INFO - Table 5 for GLH: 13r x 10c
2026-04-04 11:49:21,386 - INFO - Found 5 tables for GMFBS
2026-04-04 11:49:21,394 - INFO - Table 3 for GMFBS: 11r x 4c
2026-04-04 11:49:21,395 - INFO - Table 4 for GMFBS: 11r x 4c
2026-04-04 11:49:21,397 - INFO - Table 5 for GMFBS: 13r x 11c
2026-04-04 11:49:25,642 - INFO - Found 5 tables for GMFIL
2026-04-04 11:49:25,650 - INFO - Table 3 for GMFIL: 11r x 4c
2026-04-04 11:49:25,651 - INFO - Table 4 for GMFIL: 11r x 4c
2026-04-04 11:49:25,652 - INFO - Table 5 for GMFIL: 13r x 11c
2026-04-04 11:49:30,176 - INFO - Found 5 tables for GMLI
2026-04-04 11:49:30,184 - INFO - Table 3 for GMLI: 11r x 4c
2026-04-04 11:49:30,185 - INFO - Table 4 for GMLI: 11r x 4c
2026-04-04 11:49:30,186 - INFO - Table 5 for GMLI: 13r x 8c
2026-04-04 11:49:34,365 - INFO - Found 5 tables for GRDBL
2026-04-04 11:49:34,373 - INFO - Table 3 for GRDBL: 11r x 4c
2026-04-04 11:49:34,373 - INFO - Table 4 for GRDBL: 11r x 4c
2026-04-04 11:49:34,375 - INFO - Table 5 for GRDBL: 13r x 11c
2026-04-04 11:49:38,457 - INFO - Found 5 tables for GUFL
2026-04-04 11:49:38,465 - INFO - Table 3 for GUFL: 11r x 4c
2026-04-04 11:49:38,465 - INFO - Table 4 for GUFL: 11r x 4c
2026-04-04 11:49:38,467 - INFO - Table 5 for GUFL: 13r x 11c
2026-04-04 11:49:42,785 - INFO - Found 5 tables for GVL
2026-04-04 11:49:42,793 - INFO - Table 3 for GVL: 11r x 4c
2026-04-04 11:49:42,794 - INFO - Table 4 for GVL: 15r x 4c
2026-04-04 11:49:42,795 - INFO - Table 5 for GVL: 13r x 11c
2026-04-04 11:49:47,042 - INFO - Found 5 tables for HATHY
2026-04-04 11:49:47,050 - INFO - Table 3 for HATHY: 11r x 4c
2026-04-04 11:49:47,051 - INFO - Table 4 for HATHY: 11r x 4c
2026-04-04 11:49:47,053 - INFO - Table 5 for HATHY: 13r x 11c
2026-04-04 11:49:51,320 - INFO - Found 5 tables for HBL
2026-04-04 11:49:51,328 - INFO - Table 3 for HBL: 11r x 4c
2026-04-04 11:49:51,329 - INFO - Table 4 for HBL: 11r x 4c
2026-04-04 11:49:51,330 - INFO - Table 5 for HBL: 13r x 11c
2026-04-04 11:49:55,573 - INFO - Found 5 tables for HDHPC
2026-04-04 11:49:55,581 - INFO - Table 3 for HDHPC: 11r x 4c
2026-04-04 11:49:55,582 - INFO - Table 4 for HDHPC: 15r x 4c
2026-04-04 11:49:55,583 - INFO - Table 5 for HDHPC: 13r x 10c
2026-04-04 11:49:59,888 - INFO - Found 5 tables for HDL
2026-04-04 11:49:59,896 - INFO - Table 3 for HDL: 11r x 4c
2026-04-04 11:49:59,897 - INFO - Table 4 for HDL: 11r x 4c
2026-04-04 11:49:59,898 - INFO - Table 5 for HDL: 13r x 11c
2026-04-04 11:50:04,153 - INFO - Found 5 tables for HEI
2026-04-04 11:50:04,161 - INFO - Table 3 for HEI: 11r x 4c
2026-04-04 11:50:04,162 - INFO - Table 4 for HEI: 11r x 4c
2026-04-04 11:50:04,163 - INFO - Table 5 for HEI: 13r x 10c
2026-04-04 11:50:08,398 - INFO - Found 5 tables for HHL
2026-04-04 11:50:08,406 - INFO - Table 3 for HHL: 11r x 4c
2026-04-04 11:50:08,407 - INFO - Table 4 for HHL: 15r x 4c
2026-04-04 11:50:08,408 - INFO - Table 5 for HHL: 13r x 11c
2026-04-04 11:50:12,674 - INFO - Found 5 tables for HIDCL
2026-04-04 11:50:12,682 - INFO - Table 3 for HIDCL: 11r x 4c
2026-04-04 11:50:12,683 - INFO - Table 4 for HIDCL: 11r x 4c
2026-04-04 11:50:12,684 - INFO - Table 5 for HIDCL: 13r x 11c
2026-04-04 11:50:16,991 - INFO - Found 5 tables for HLBSL
2026-04-04 11:50:16,999 - INFO - Table 3 for HLBSL: 11r x 4c
2026-04-04 11:50:17,000 - INFO - Table 4 for HLBSL: 11r x 4c
2026-04-04 11:50:17,001 - INFO - Table 5 for HLBSL: 13r x 11c
2026-04-04 11:50:21,273 - INFO - Found 5 tables for HLI
2026-04-04 11:50:21,281 - INFO - Table 3 for HLI: 11r x 4c
2026-04-04 11:50:21,282 - INFO - Table 4 for HLI: 11r x 4c
2026-04-04 11:50:21,283 - INFO - Table 5 for HLI: 13r x 11c
2026-04-04 11:50:25,548 - INFO - Found 5 tables for HPPL
2026-04-04 11:50:25,556 - INFO - Table 3 for HPPL: 11r x 4c
2026-04-04 11:50:25,557 - INFO - Table 4 for HPPL: 15r x 4c
2026-04-04 11:50:25,559 - INFO - Table 5 for HPPL: 13r x 11c
2026-04-04 11:50:29,813 - INFO - Found 5 tables for HRL
2026-04-04 11:50:29,821 - INFO - Table 3 for HRL: 11r x 4c
2026-04-04 11:50:29,822 - INFO - Table 4 for HRL: 11r x 4c
2026-04-04 11:50:29,823 - INFO - Table 5 for HRL: 13r x 11c
2026-04-04 11:50:34,020 - INFO - Found 5 tables for HURJA
2026-04-04 11:50:34,028 - INFO - Table 3 for HURJA: 11r x 4c
2026-04-04 11:50:34,029 - INFO - Table 4 for HURJA: 15r x 4c
2026-04-04 11:50:34,030 - INFO - Table 5 for HURJA: 13r x 11c
2026-04-04 11:50:38,342 - INFO - Found 5 tables for ICFC
2026-04-04 11:50:38,350 - INFO - Table 3 for ICFC: 11r x 4c
2026-04-04 11:50:38,351 - INFO - Table 4 for ICFC: 11r x 4c
2026-04-04 11:50:38,353 - INFO - Table 5 for ICFC: 13r x 11c
2026-04-04 11:50:42,593 - INFO - Found 5 tables for IGI
2026-04-04 11:50:42,601 - INFO - Table 3 for IGI: 11r x 4c
2026-04-04 11:50:42,602 - INFO - Table 4 for IGI: 11r x 4c
2026-04-04 11:50:42,604 - INFO - Table 5 for IGI: 13r x 11c
2026-04-04 11:50:46,831 - INFO - Found 5 tables for IHL
2026-04-04 11:50:46,839 - INFO - Table 3 for IHL: 11r x 4c
2026-04-04 11:50:46,840 - INFO - Table 4 for IHL: 15r x 4c
2026-04-04 11:50:46,841 - INFO - Table 5 for IHL: 13r x 11c
2026-04-04 11:50:50,993 - INFO - Found 5 tables for ILBS
2026-04-04 11:50:51,001 - INFO - Table 3 for ILBS: 11r x 4c
2026-04-04 11:50:51,002 - INFO - Table 4 for ILBS: 11r x 4c
2026-04-04 11:50:51,003 - INFO - Table 5 for ILBS: 13r x 11c
2026-04-04 11:50:54,967 - INFO - Found 5 tables for ILI
2026-04-04 11:50:54,976 - INFO - Table 3 for ILI: 11r x 4c
2026-04-04 11:50:54,977 - INFO - Table 4 for ILI: 11r x 4c
2026-04-04 11:50:54,978 - INFO - Table 5 for ILI: 13r x 11c
2026-04-04 11:50:59,239 - INFO - Found 5 tables for JBBL
2026-04-04 11:50:59,247 - INFO - Table 3 for JBBL: 11r x 4c
2026-04-04 11:50:59,248 - INFO - Table 4 for JBBL: 11r x 4c
2026-04-04 11:50:59,250 - INFO - Table 5 for JBBL: 13r x 11c
2026-04-04 11:51:03,513 - INFO - Found 5 tables for JBLB
2026-04-04 11:51:03,520 - INFO - Table 3 for JBLB: 11r x 4c
2026-04-04 11:51:03,521 - INFO - Table 4 for JBLB: 11r x 4c
2026-04-04 11:51:03,523 - INFO - Table 5 for JBLB: 13r x 11c
2026-04-04 11:51:07,768 - INFO - Found 5 tables for JFL
2026-04-04 11:51:07,776 - INFO - Table 3 for JFL: 11r x 4c
2026-04-04 11:51:07,777 - INFO - Table 4 for JFL: 11r x 4c
2026-04-04 11:51:07,778 - INFO - Table 5 for JFL: 13r x 11c
2026-04-04 11:51:12,005 - INFO - Found 5 tables for JOSHI
2026-04-04 11:51:12,013 - INFO - Table 3 for JOSHI: 11r x 4c
2026-04-04 11:51:12,014 - INFO - Table 4 for JOSHI: 15r x 4c
2026-04-04 11:51:12,016 - INFO - Table 5 for JOSHI: 13r x 10c
2026-04-04 11:51:16,054 - INFO - Found 5 tables for JSLBB
2026-04-04 11:51:16,062 - INFO - Table 3 for JSLBB: 11r x 4c
2026-04-04 11:51:16,063 - INFO - Table 4 for JSLBB: 11r x 4c
2026-04-04 11:51:16,065 - INFO - Table 5 for JSLBB: 13r x 11c
2026-04-04 11:51:20,316 - INFO - Found 5 tables for KBL
2026-04-04 11:51:20,324 - INFO - Table 3 for KBL: 11r x 4c
2026-04-04 11:51:20,325 - INFO - Table 4 for KBL: 11r x 4c
2026-04-04 11:51:20,327 - INFO - Table 5 for KBL: 13r x 11c
2026-04-04 11:51:35,040 - INFO - Found 5 tables for KBSH
2026-04-04 11:51:35,048 - INFO - Table 3 for KBSH: 11r x 4c
2026-04-04 11:51:35,049 - INFO - Table 4 for KBSH: 15r x 4c
2026-04-04 11:51:35,051 - INFO - Table 5 for KBSH: 13r x 11c
2026-04-04 11:51:39,316 - INFO - Found 5 tables for KDL
2026-04-04 11:51:39,323 - INFO - Table 3 for KDL: 11r x 4c
2026-04-04 11:51:39,324 - INFO - Table 4 for KDL: 11r x 4c
2026-04-04 11:51:39,326 - INFO - Table 5 for KDL: 13r x 11c
2026-04-04 11:51:43,617 - INFO - Found 5 tables for KKHC
2026-04-04 11:51:43,625 - INFO - Table 3 for KKHC: 11r x 4c
2026-04-04 11:51:43,626 - INFO - Table 4 for KKHC: 15r x 4c
2026-04-04 11:51:43,627 - INFO - Table 5 for KKHC: 13r x 11c
2026-04-04 11:51:47,991 - INFO - Found 5 tables for KMCDB
2026-04-04 11:51:47,999 - INFO - Table 3 for KMCDB: 11r x 4c
2026-04-04 11:51:48,000 - INFO - Table 4 for KMCDB: 11r x 4c
2026-04-04 11:51:48,001 - INFO - Table 5 for KMCDB: 13r x 11c
2026-04-04 11:51:52,270 - INFO - Found 5 tables for KPCL
2026-04-04 11:51:52,278 - INFO - Table 3 for KPCL: 11r x 4c
2026-04-04 11:51:52,279 - INFO - Table 4 for KPCL: 15r x 4c
2026-04-04 11:51:52,280 - INFO - Table 5 for KPCL: 13r x 11c
2026-04-04 11:51:56,552 - INFO - Found 5 tables for KSBBL
2026-04-04 11:51:56,560 - INFO - Table 3 for KSBBL: 11r x 4c
2026-04-04 11:51:56,561 - INFO - Table 4 for KSBBL: 11r x 4c
2026-04-04 11:51:56,563 - INFO - Table 5 for KSBBL: 13r x 11c
2026-04-04 11:52:00,825 - INFO - Found 5 tables for LBBL
2026-04-04 11:52:00,833 - INFO - Table 3 for LBBL: 11r x 4c
2026-04-04 11:52:00,834 - INFO - Table 4 for LBBL: 11r x 4c
2026-04-04 11:52:00,835 - INFO - Table 5 for LBBL: 13r x 11c
2026-04-04 11:52:05,120 - INFO - Found 5 tables for LEC
2026-04-04 11:52:05,127 - INFO - Table 3 for LEC: 11r x 4c
2026-04-04 11:52:05,128 - INFO - Table 4 for LEC: 15r x 4c
2026-04-04 11:52:05,130 - INFO - Table 5 for LEC: 13r x 11c
2026-04-04 11:52:09,370 - INFO - Found 5 tables for LICN
2026-04-04 11:52:09,378 - INFO - Table 3 for LICN: 11r x 4c
2026-04-04 11:52:09,379 - INFO - Table 4 for LICN: 11r x 4c
2026-04-04 11:52:09,381 - INFO - Table 5 for LICN: 13r x 11c
2026-04-04 11:52:13,335 - INFO - Found 5 tables for LLBS
2026-04-04 11:52:13,343 - INFO - Table 3 for LLBS: 11r x 4c
2026-04-04 11:52:13,344 - INFO - Table 4 for LLBS: 11r x 4c
2026-04-04 11:52:13,345 - INFO - Table 5 for LLBS: 13r x 11c
2026-04-04 11:52:17,591 - INFO - Found 5 tables for LSL
2026-04-04 11:52:17,599 - INFO - Table 3 for LSL: 11r x 4c
2026-04-04 11:52:17,600 - INFO - Table 4 for LSL: 11r x 4c
2026-04-04 11:52:17,602 - INFO - Table 5 for LSL: 13r x 11c
2026-04-04 11:52:21,881 - INFO - Found 5 tables for MAKAR
2026-04-04 11:52:21,889 - INFO - Table 3 for MAKAR: 11r x 4c
2026-04-04 11:52:21,889 - INFO - Table 4 for MAKAR: 15r x 4c
2026-04-04 11:52:21,891 - INFO - Table 5 for MAKAR: 13r x 11c
2026-04-04 11:52:26,219 - INFO - Found 5 tables for MANDU
2026-04-04 11:52:26,227 - INFO - Table 3 for MANDU: 11r x 4c
2026-04-04 11:52:26,228 - INFO - Table 4 for MANDU: 15r x 4c
2026-04-04 11:52:26,230 - INFO - Table 5 for MANDU: 13r x 11c
2026-04-04 11:52:30,441 - INFO - Found 5 tables for MATRI
2026-04-04 11:52:30,449 - INFO - Table 3 for MATRI: 11r x 4c
2026-04-04 11:52:30,450 - INFO - Table 4 for MATRI: 11r x 4c
2026-04-04 11:52:30,451 - INFO - Table 5 for MATRI: 13r x 10c
2026-04-04 11:52:34,715 - INFO - Found 5 tables for MBJC
2026-04-04 11:52:34,722 - INFO - Table 3 for MBJC: 11r x 4c
2026-04-04 11:52:34,724 - INFO - Table 4 for MBJC: 15r x 4c
2026-04-04 11:52:34,725 - INFO - Table 5 for MBJC: 13r x 11c
2026-04-04 11:52:38,985 - INFO - Found 5 tables for MBL
2026-04-04 11:52:38,993 - INFO - Table 3 for MBL: 11r x 4c
2026-04-04 11:52:38,994 - INFO - Table 4 for MBL: 11r x 4c
2026-04-04 11:52:38,995 - INFO - Table 5 for MBL: 13r x 11c
2026-04-04 11:52:43,247 - INFO - Found 5 tables for MCHL
2026-04-04 11:52:43,255 - INFO - Table 3 for MCHL: 11r x 4c
2026-04-04 11:52:43,256 - INFO - Table 4 for MCHL: 15r x 4c
2026-04-04 11:52:43,258 - INFO - Table 5 for MCHL: 13r x 11c
2026-04-04 11:52:47,579 - INFO - Found 5 tables for MDB
2026-04-04 11:52:47,587 - INFO - Table 3 for MDB: 11r x 4c
2026-04-04 11:52:47,588 - INFO - Table 4 for MDB: 11r x 4c
2026-04-04 11:52:47,590 - INFO - Table 5 for MDB: 13r x 11c
2026-04-04 11:52:51,849 - INFO - Found 5 tables for MEHL
2026-04-04 11:52:51,857 - INFO - Table 3 for MEHL: 11r x 4c
2026-04-04 11:52:51,858 - INFO - Table 4 for MEHL: 15r x 4c
2026-04-04 11:52:51,860 - INFO - Table 5 for MEHL: 13r x 11c
2026-04-04 11:52:56,081 - INFO - Found 5 tables for MEL
2026-04-04 11:52:56,089 - INFO - Table 3 for MEL: 11r x 4c
2026-04-04 11:52:56,090 - INFO - Table 4 for MEL: 15r x 4c
2026-04-04 11:52:56,091 - INFO - Table 5 for MEL: 13r x 11c
2026-04-04 11:53:00,055 - INFO - Found 5 tables for MEN
2026-04-04 11:53:00,063 - INFO - Table 3 for MEN: 11r x 4c
2026-04-04 11:53:00,064 - INFO - Table 4 for MEN: 15r x 4c
2026-04-04 11:53:00,065 - INFO - Table 5 for MEN: 13r x 11c
2026-04-04 11:53:13,526 - INFO - Found 5 tables for MERO
2026-04-04 11:53:13,534 - INFO - Table 3 for MERO: 11r x 4c
2026-04-04 11:53:13,535 - INFO - Table 4 for MERO: 11r x 4c
2026-04-04 11:53:13,536 - INFO - Table 5 for MERO: 13r x 11c
2026-04-04 11:53:17,759 - INFO - Found 5 tables for MFIL
2026-04-04 11:53:17,767 - INFO - Table 3 for MFIL: 11r x 4c
2026-04-04 11:53:17,768 - INFO - Table 4 for MFIL: 11r x 4c
2026-04-04 11:53:17,770 - INFO - Table 5 for MFIL: 13r x 11c
2026-04-04 11:53:22,028 - INFO - Found 5 tables for MHCL
2026-04-04 11:53:22,036 - INFO - Table 3 for MHCL: 11r x 4c
2026-04-04 11:53:22,037 - INFO - Table 4 for MHCL: 15r x 4c
2026-04-04 11:53:22,038 - INFO - Table 5 for MHCL: 13r x 11c
2026-04-04 11:53:26,313 - INFO - Found 5 tables for MHL
2026-04-04 11:53:26,320 - INFO - Table 3 for MHL: 11r x 4c
2026-04-04 11:53:26,321 - INFO - Table 4 for MHL: 15r x 4c
2026-04-04 11:53:26,323 - INFO - Table 5 for MHL: 13r x 11c
2026-04-04 11:53:30,541 - INFO - Found 5 tables for MHNL
2026-04-04 11:53:30,549 - INFO - Table 3 for MHNL: 11r x 4c
2026-04-04 11:53:30,550 - INFO - Table 4 for MHNL: 15r x 4c
2026-04-04 11:53:30,551 - INFO - Table 5 for MHNL: 13r x 11c
2026-04-04 11:53:34,896 - INFO - Found 5 tables for MKCL
2026-04-04 11:53:34,904 - INFO - Table 3 for MKCL: 11r x 4c
2026-04-04 11:53:34,905 - INFO - Table 4 for MKCL: 11r x 4c
2026-04-04 11:53:34,906 - INFO - Table 5 for MKCL: 13r x 11c
2026-04-04 11:53:39,150 - INFO - Found 5 tables for MKHC
2026-04-04 11:53:39,158 - INFO - Table 3 for MKHC: 11r x 4c
2026-04-04 11:53:39,159 - INFO - Table 4 for MKHC: 15r x 4c
2026-04-04 11:53:39,160 - INFO - Table 5 for MKHC: 13r x 11c
2026-04-04 11:53:43,414 - INFO - Found 5 tables for MKHL
2026-04-04 11:53:43,422 - INFO - Table 3 for MKHL: 11r x 4c
2026-04-04 11:53:43,423 - INFO - Table 4 for MKHL: 15r x 4c
2026-04-04 11:53:43,425 - INFO - Table 5 for MKHL: 13r x 11c
2026-04-04 11:53:47,699 - INFO - Found 5 tables for MKJC
2026-04-04 11:53:47,707 - INFO - Table 3 for MKJC: 11r x 4c
2026-04-04 11:53:47,708 - INFO - Table 4 for MKJC: 15r x 4c
2026-04-04 11:53:47,710 - INFO - Table 5 for MKJC: 13r x 10c
2026-04-04 11:53:51,923 - INFO - Found 5 tables for MLBBL
2026-04-04 11:53:51,931 - INFO - Table 3 for MLBBL: 11r x 4c
2026-04-04 11:53:51,932 - INFO - Table 4 for MLBBL: 11r x 4c
2026-04-04 11:53:51,933 - INFO - Table 5 for MLBBL: 13r x 11c
2026-04-04 11:53:56,270 - INFO - Found 5 tables for MLBL
2026-04-04 11:53:56,278 - INFO - Table 3 for MLBL: 11r x 4c
2026-04-04 11:53:56,279 - INFO - Table 4 for MLBL: 11r x 4c
2026-04-04 11:53:56,281 - INFO - Table 5 for MLBL: 13r x 11c
2026-04-04 11:54:10,797 - INFO - Found 5 tables for MLBS
2026-04-04 11:54:10,805 - INFO - Table 3 for MLBS: 11r x 4c
2026-04-04 11:54:10,806 - INFO - Table 4 for MLBS: 11r x 4c
2026-04-04 11:54:10,807 - INFO - Table 5 for MLBS: 13r x 11c
2026-04-04 11:54:15,091 - INFO - Found 5 tables for MLBSL
2026-04-04 11:54:15,099 - INFO - Table 3 for MLBSL: 11r x 4c
2026-04-04 11:54:15,100 - INFO - Table 4 for MLBSL: 11r x 4c
2026-04-04 11:54:15,101 - INFO - Table 5 for MLBSL: 13r x 11c
2026-04-04 11:54:19,352 - INFO - Found 5 tables for MMKJL
2026-04-04 11:54:19,360 - INFO - Table 3 for MMKJL: 11r x 4c
2026-04-04 11:54:19,361 - INFO - Table 4 for MMKJL: 15r x 4c
2026-04-04 11:54:19,362 - INFO - Table 5 for MMKJL: 13r x 11c
2026-04-04 11:54:23,567 - INFO - Found 5 tables for MNBBL
2026-04-04 11:54:23,575 - INFO - Table 3 for MNBBL: 11r x 4c
2026-04-04 11:54:23,576 - INFO - Table 4 for MNBBL: 11r x 4c
2026-04-04 11:54:23,577 - INFO - Table 5 for MNBBL: 13r x 11c
2026-04-04 11:54:27,841 - INFO - Found 5 tables for MPFL
2026-04-04 11:54:27,849 - INFO - Table 3 for MPFL: 11r x 4c
2026-04-04 11:54:27,850 - INFO - Table 4 for MPFL: 11r x 4c
2026-04-04 11:54:27,851 - INFO - Table 5 for MPFL: 13r x 11c
2026-04-04 11:54:42,177 - INFO - Found 5 tables for MSHL
2026-04-04 11:54:42,185 - INFO - Table 3 for MSHL: 11r x 4c
2026-04-04 11:54:42,186 - INFO - Table 4 for MSHL: 15r x 4c
2026-04-04 11:54:42,187 - INFO - Table 5 for MSHL: 13r x 11c
2026-04-04 11:54:46,471 - INFO - Found 5 tables for MSLB
2026-04-04 11:54:46,479 - INFO - Table 3 for MSLB: 11r x 4c
2026-04-04 11:54:46,480 - INFO - Table 4 for MSLB: 11r x 4c
2026-04-04 11:54:46,481 - INFO - Table 5 for MSLB: 13r x 11c
2026-04-04 11:54:50,736 - INFO - Found 5 tables for NABBC
2026-04-04 11:54:50,744 - INFO - Table 3 for NABBC: 11r x 4c
2026-04-04 11:54:50,745 - INFO - Table 4 for NABBC: 11r x 4c
2026-04-04 11:54:50,746 - INFO - Table 5 for NABBC: 13r x 11c
2026-04-04 11:54:55,072 - INFO - Found 5 tables for NABIL
2026-04-04 11:54:55,080 - INFO - Table 3 for NABIL: 11r x 4c
2026-04-04 11:54:55,081 - INFO - Table 4 for NABIL: 11r x 4c
2026-04-04 11:54:55,083 - INFO - Table 5 for NABIL: 13r x 11c
2026-04-04 11:54:59,031 - INFO - Found 5 tables for NADEP
2026-04-04 11:54:59,039 - INFO - Table 3 for NADEP: 11r x 4c
2026-04-04 11:54:59,040 - INFO - Table 4 for NADEP: 11r x 4c
2026-04-04 11:54:59,042 - INFO - Table 5 for NADEP: 13r x 11c
2026-04-04 11:55:03,316 - INFO - Found 5 tables for NBL
2026-04-04 11:55:03,324 - INFO - Table 3 for NBL: 11r x 4c
2026-04-04 11:55:03,325 - INFO - Table 4 for NBL: 11r x 4c
2026-04-04 11:55:03,326 - INFO - Table 5 for NBL: 13r x 11c
2026-04-04 11:55:07,584 - INFO - Found 5 tables for NESDO
2026-04-04 11:55:07,592 - INFO - Table 3 for NESDO: 11r x 4c
2026-04-04 11:55:07,593 - INFO - Table 4 for NESDO: 11r x 4c
2026-04-04 11:55:07,595 - INFO - Table 5 for NESDO: 13r x 11c
2026-04-04 11:55:11,849 - INFO - Found 5 tables for NFS
2026-04-04 11:55:11,856 - INFO - Table 3 for NFS: 11r x 4c
2026-04-04 11:55:11,857 - INFO - Table 4 for NFS: 11r x 4c
2026-04-04 11:55:11,859 - INFO - Table 5 for NFS: 13r x 11c
2026-04-04 11:55:16,122 - INFO - Found 5 tables for NGPL
2026-04-04 11:55:16,130 - INFO - Table 3 for NGPL: 11r x 4c
2026-04-04 11:55:16,131 - INFO - Table 4 for NGPL: 15r x 4c
2026-04-04 11:55:16,133 - INFO - Table 5 for NGPL: 13r x 11c
2026-04-04 11:55:20,377 - INFO - Found 5 tables for NHDL
2026-04-04 11:55:20,385 - INFO - Table 3 for NHDL: 11r x 4c
2026-04-04 11:55:20,386 - INFO - Table 4 for NHDL: 15r x 4c
2026-04-04 11:55:20,388 - INFO - Table 5 for NHDL: 13r x 11c
2026-04-04 11:55:24,626 - INFO - Found 5 tables for NHPC
2026-04-04 11:55:24,634 - INFO - Table 3 for NHPC: 11r x 4c
2026-04-04 11:55:24,634 - INFO - Table 4 for NHPC: 15r x 4c
2026-04-04 11:55:24,636 - INFO - Table 5 for NHPC: 13r x 11c
2026-04-04 11:55:28,904 - INFO - Found 5 tables for NICA
2026-04-04 11:55:28,912 - INFO - Table 3 for NICA: 11r x 4c
2026-04-04 11:55:28,913 - INFO - Table 4 for NICA: 11r x 4c
2026-04-04 11:55:28,914 - INFO - Table 5 for NICA: 13r x 11c
2026-04-04 11:55:33,233 - INFO - Found 5 tables for NICL
2026-04-04 11:55:33,241 - INFO - Table 3 for NICL: 11r x 4c
2026-04-04 11:55:33,241 - INFO - Table 4 for NICL: 11r x 4c
2026-04-04 11:55:33,243 - INFO - Table 5 for NICL: 13r x 11c
2026-04-04 11:55:37,199 - INFO - Found 5 tables for NICLBSL
2026-04-04 11:55:37,207 - INFO - Table 3 for NICLBSL: 11r x 4c
2026-04-04 11:55:37,207 - INFO - Table 4 for NICLBSL: 11r x 4c
2026-04-04 11:55:37,209 - INFO - Table 5 for NICLBSL: 13r x 11c
2026-04-04 11:55:41,178 - INFO - Found 5 tables for NIFRA
2026-04-04 11:55:41,186 - INFO - Table 3 for NIFRA: 11r x 4c
2026-04-04 11:55:41,187 - INFO - Table 4 for NIFRA: 11r x 4c
2026-04-04 11:55:41,188 - INFO - Table 5 for NIFRA: 13r x 11c
2026-04-04 11:55:45,397 - INFO - Found 5 tables for NIL
2026-04-04 11:55:45,405 - INFO - Table 3 for NIL: 11r x 4c
2026-04-04 11:55:45,405 - INFO - Table 4 for NIL: 11r x 4c
2026-04-04 11:55:45,407 - INFO - Table 5 for NIL: 13r x 10c
2026-04-04 11:55:49,337 - INFO - Found 5 tables for NIMB
2026-04-04 11:55:49,345 - INFO - Table 3 for NIMB: 11r x 4c
2026-04-04 11:55:49,346 - INFO - Table 4 for NIMB: 11r x 4c
2026-04-04 11:55:49,348 - INFO - Table 5 for NIMB: 13r x 11c
2026-04-04 11:55:53,361 - INFO - Found 5 tables for NLG
2026-04-04 11:55:53,369 - INFO - Table 3 for NLG: 11r x 4c
2026-04-04 11:55:53,370 - INFO - Table 4 for NLG: 11r x 4c
2026-04-04 11:55:53,371 - INFO - Table 5 for NLG: 13r x 11c
2026-04-04 11:55:57,660 - INFO - Found 5 tables for NLIC
2026-04-04 11:55:57,668 - INFO - Table 3 for NLIC: 11r x 4c
2026-04-04 11:55:57,669 - INFO - Table 4 for NLIC: 11r x 4c
2026-04-04 11:55:57,671 - INFO - Table 5 for NLIC: 13r x 11c
2026-04-04 11:56:01,898 - INFO - Found 5 tables for NLICL
2026-04-04 11:56:01,906 - INFO - Table 3 for NLICL: 11r x 4c
2026-04-04 11:56:01,907 - INFO - Table 4 for NLICL: 11r x 4c
2026-04-04 11:56:01,909 - INFO - Table 5 for NLICL: 13r x 11c
2026-04-04 11:56:06,170 - INFO - Found 5 tables for NLO
2026-04-04 11:56:06,178 - INFO - Table 3 for NLO: 11r x 4c
2026-04-04 11:56:06,179 - INFO - Table 4 for NLO: 11r x 4c
2026-04-04 11:56:06,180 - INFO - Table 5 for NLO: 13r x 8c
2026-04-04 11:56:10,487 - INFO - Found 5 tables for NMB
2026-04-04 11:56:10,495 - INFO - Table 3 for NMB: 11r x 4c
2026-04-04 11:56:10,495 - INFO - Table 4 for NMB: 11r x 4c
2026-04-04 11:56:10,497 - INFO - Table 5 for NMB: 13r x 11c
2026-04-04 11:56:14,768 - INFO - Found 5 tables for NMBMF
2026-04-04 11:56:14,776 - INFO - Table 3 for NMBMF: 11r x 4c
2026-04-04 11:56:14,777 - INFO - Table 4 for NMBMF: 11r x 4c
2026-04-04 11:56:14,779 - INFO - Table 5 for NMBMF: 13r x 11c
2026-04-04 11:56:19,031 - INFO - Found 5 tables for NMFBS
2026-04-04 11:56:19,039 - INFO - Table 3 for NMFBS: 11r x 4c
2026-04-04 11:56:19,040 - INFO - Table 4 for NMFBS: 11r x 4c
2026-04-04 11:56:19,042 - INFO - Table 5 for NMFBS: 13r x 11c
2026-04-04 11:56:32,455 - INFO - Found 5 tables for NMIC
2026-04-04 11:56:32,463 - INFO - Table 3 for NMIC: 11r x 4c
2026-04-04 11:56:32,464 - INFO - Table 4 for NMIC: 11r x 4c
2026-04-04 11:56:32,465 - INFO - Table 5 for NMIC: 13r x 7c
2026-04-04 11:56:36,396 - INFO - Found 5 tables for NMLBBL
2026-04-04 11:56:36,404 - INFO - Table 3 for NMLBBL: 11r x 4c
2026-04-04 11:56:36,405 - INFO - Table 4 for NMLBBL: 11r x 4c
2026-04-04 11:56:36,406 - INFO - Table 5 for NMLBBL: 13r x 10c
2026-04-04 11:56:40,725 - INFO - Found 5 tables for NRIC
2026-04-04 11:56:40,733 - INFO - Table 3 for NRIC: 11r x 4c
2026-04-04 11:56:40,734 - INFO - Table 4 for NRIC: 11r x 4c
2026-04-04 11:56:40,735 - INFO - Table 5 for NRIC: 13r x 10c
2026-04-04 11:56:44,989 - INFO - Found 5 tables for NRM
2026-04-04 11:56:44,997 - INFO - Table 3 for NRM: 11r x 4c
2026-04-04 11:56:44,998 - INFO - Table 4 for NRM: 11r x 4c
2026-04-04 11:56:44,999 - INFO - Table 5 for NRM: 13r x 11c
2026-04-04 11:56:49,291 - INFO - Found 5 tables for NRN
2026-04-04 11:56:49,299 - INFO - Table 3 for NRN: 11r x 4c
2026-04-04 11:56:49,300 - INFO - Table 4 for NRN: 11r x 4c
2026-04-04 11:56:49,302 - INFO - Table 5 for NRN: 13r x 11c
2026-04-04 11:56:53,535 - INFO - Found 5 tables for NTC
2026-04-04 11:56:53,543 - INFO - Table 3 for NTC: 11r x 4c
2026-04-04 11:56:53,544 - INFO - Table 4 for NTC: 11r x 4c
2026-04-04 11:56:53,545 - INFO - Table 5 for NTC: 13r x 11c
2026-04-04 11:56:57,800 - INFO - Found 5 tables for NUBL
2026-04-04 11:56:57,808 - INFO - Table 3 for NUBL: 11r x 4c
2026-04-04 11:56:57,808 - INFO - Table 4 for NUBL: 11r x 4c
2026-04-04 11:56:57,810 - INFO - Table 5 for NUBL: 13r x 11c
2026-04-04 11:57:10,802 - INFO - Found 5 tables for NWCL
2026-04-04 11:57:10,810 - INFO - Table 3 for NWCL: 11r x 4c
2026-04-04 11:57:10,811 - INFO - Table 4 for NWCL: 11r x 4c
2026-04-04 11:57:10,812 - INFO - Table 5 for NWCL: 13r x 11c
2026-04-04 11:57:15,628 - INFO - Found 5 tables for NYADI
2026-04-04 11:57:15,636 - INFO - Table 3 for NYADI: 11r x 4c
2026-04-04 11:57:15,637 - INFO - Table 4 for NYADI: 15r x 4c
2026-04-04 11:57:15,639 - INFO - Table 5 for NYADI: 13r x 11c
2026-04-04 11:57:19,885 - INFO - Found 5 tables for OHL
2026-04-04 11:57:19,893 - INFO - Table 3 for OHL: 11r x 4c
2026-04-04 11:57:19,894 - INFO - Table 4 for OHL: 11r x 4c
2026-04-04 11:57:19,896 - INFO - Table 5 for OHL: 13r x 11c
2026-04-04 11:57:24,113 - INFO - Found 5 tables for OMPL
2026-04-04 11:57:24,121 - INFO - Table 3 for OMPL: 11r x 4c
2026-04-04 11:57:24,122 - INFO - Table 4 for OMPL: 11r x 4c
2026-04-04 11:57:24,123 - INFO - Table 5 for OMPL: 13r x 7c
2026-04-04 11:57:28,410 - INFO - Found 5 tables for PCBL
2026-04-04 11:57:28,418 - INFO - Table 3 for PCBL: 11r x 4c
2026-04-04 11:57:28,419 - INFO - Table 4 for PCBL: 11r x 4c
2026-04-04 11:57:28,421 - INFO - Table 5 for PCBL: 13r x 11c
2026-04-04 11:57:32,687 - INFO - Found 5 tables for PFL
2026-04-04 11:57:32,695 - INFO - Table 3 for PFL: 11r x 4c
2026-04-04 11:57:32,696 - INFO - Table 4 for PFL: 11r x 4c
2026-04-04 11:57:32,697 - INFO - Table 5 for PFL: 13r x 11c
2026-04-04 11:57:36,950 - INFO - Found 5 tables for PHCL
2026-04-04 11:57:36,958 - INFO - Table 3 for PHCL: 11r x 4c
2026-04-04 11:57:36,959 - INFO - Table 4 for PHCL: 15r x 4c
2026-04-04 11:57:36,960 - INFO - Table 5 for PHCL: 13r x 11c
2026-04-04 11:57:40,901 - INFO - Found 5 tables for PMHPL
2026-04-04 11:57:40,909 - INFO - Table 3 for PMHPL: 11r x 4c
2026-04-04 11:57:40,910 - INFO - Table 4 for PMHPL: 15r x 4c
2026-04-04 11:57:40,912 - INFO - Table 5 for PMHPL: 13r x 11c
2026-04-04 11:57:45,161 - INFO - Found 5 tables for PMLI
2026-04-04 11:57:45,169 - INFO - Table 3 for PMLI: 11r x 4c
2026-04-04 11:57:45,170 - INFO - Table 4 for PMLI: 11r x 4c
2026-04-04 11:57:45,172 - INFO - Table 5 for PMLI: 13r x 11c
2026-04-04 11:57:49,486 - INFO - Found 5 tables for PPCL
2026-04-04 11:57:49,494 - INFO - Table 3 for PPCL: 11r x 4c
2026-04-04 11:57:49,495 - INFO - Table 4 for PPCL: 15r x 4c
2026-04-04 11:57:49,497 - INFO - Table 5 for PPCL: 13r x 11c
2026-04-04 11:57:53,749 - INFO - Found 5 tables for PPL
2026-04-04 11:57:53,756 - INFO - Table 3 for PPL: 11r x 4c
2026-04-04 11:57:53,757 - INFO - Table 4 for PPL: 15r x 4c
2026-04-04 11:57:53,759 - INFO - Table 5 for PPL: 13r x 11c
2026-04-04 11:57:57,972 - INFO - Found 5 tables for PRIN
2026-04-04 11:57:57,980 - INFO - Table 3 for PRIN: 11r x 4c
2026-04-04 11:57:57,981 - INFO - Table 4 for PRIN: 11r x 4c
2026-04-04 11:57:57,983 - INFO - Table 5 for PRIN: 13r x 11c
2026-04-04 11:58:02,257 - INFO - Found 5 tables for PROFL
2026-04-04 11:58:02,265 - INFO - Table 3 for PROFL: 11r x 4c
2026-04-04 11:58:02,266 - INFO - Table 4 for PROFL: 11r x 4c
2026-04-04 11:58:02,267 - INFO - Table 5 for PROFL: 13r x 11c
2026-04-04 11:58:06,508 - INFO - Found 5 tables for PRVU
2026-04-04 11:58:06,516 - INFO - Table 3 for PRVU: 11r x 4c
2026-04-04 11:58:06,517 - INFO - Table 4 for PRVU: 11r x 4c
2026-04-04 11:58:06,519 - INFO - Table 5 for PRVU: 13r x 11c
2026-04-04 11:58:10,824 - INFO - Found 5 tables for PURE
2026-04-04 11:58:10,832 - INFO - Table 3 for PURE: 11r x 4c
2026-04-04 11:58:10,833 - INFO - Table 4 for PURE: 15r x 4c
2026-04-04 11:58:10,834 - INFO - Table 5 for PURE: 13r x 6c
2026-04-04 11:58:14,808 - INFO - Found 5 tables for RADHI
2026-04-04 11:58:14,816 - INFO - Table 3 for RADHI: 11r x 4c
2026-04-04 11:58:14,817 - INFO - Table 4 for RADHI: 15r x 4c
2026-04-04 11:58:14,819 - INFO - Table 5 for RADHI: 13r x 11c
2026-04-04 11:58:18,827 - INFO - Found 5 tables for RAWA
2026-04-04 11:58:18,835 - INFO - Table 3 for RAWA: 11r x 4c
2026-04-04 11:58:18,836 - INFO - Table 4 for RAWA: 15r x 4c
2026-04-04 11:58:18,838 - INFO - Table 5 for RAWA: 13r x 11c
2026-04-04 11:58:23,096 - INFO - Found 5 tables for RBCL
2026-04-04 11:58:23,105 - INFO - Table 3 for RBCL: 11r x 4c
2026-04-04 11:58:23,106 - INFO - Table 4 for RBCL: 11r x 4c
2026-04-04 11:58:23,108 - INFO - Table 5 for RBCL: 13r x 11c
2026-04-04 11:58:27,414 - INFO - Found 5 tables for RFPL
2026-04-04 11:58:27,422 - INFO - Table 3 for RFPL: 11r x 4c
2026-04-04 11:58:27,423 - INFO - Table 4 for RFPL: 15r x 4c
2026-04-04 11:58:27,425 - INFO - Table 5 for RFPL: 13r x 10c
2026-04-04 11:58:31,664 - INFO - Found 5 tables for RHGCL
2026-04-04 11:58:31,672 - INFO - Table 3 for RHGCL: 11r x 4c
2026-04-04 11:58:31,673 - INFO - Table 4 for RHGCL: 15r x 4c
2026-04-04 11:58:31,675 - INFO - Table 5 for RHGCL: 13r x 11c
2026-04-04 11:58:35,932 - INFO - Found 5 tables for RHPL
2026-04-04 11:58:35,940 - INFO - Table 3 for RHPL: 11r x 4c
2026-04-04 11:58:35,941 - INFO - Table 4 for RHPL: 15r x 4c
2026-04-04 11:58:35,943 - INFO - Table 5 for RHPL: 13r x 11c
2026-04-04 11:58:40,169 - INFO - Found 5 tables for RIDI
2026-04-04 11:58:40,177 - INFO - Table 3 for RIDI: 11r x 4c
2026-04-04 11:58:40,178 - INFO - Table 4 for RIDI: 15r x 4c
2026-04-04 11:58:40,180 - INFO - Table 5 for RIDI: 13r x 11c
2026-04-04 11:58:44,449 - INFO - Found 5 tables for RLFL
2026-04-04 11:58:44,456 - INFO - Table 3 for RLFL: 11r x 4c
2026-04-04 11:58:44,457 - INFO - Table 4 for RLFL: 11r x 4c
2026-04-04 11:58:44,459 - INFO - Table 5 for RLFL: 13r x 11c
2026-04-04 11:58:48,801 - INFO - Found 5 tables for RNLI
2026-04-04 11:58:48,809 - INFO - Table 3 for RNLI: 11r x 4c
2026-04-04 11:58:48,810 - INFO - Table 4 for RNLI: 11r x 4c
2026-04-04 11:58:48,812 - INFO - Table 5 for RNLI: 13r x 11c
2026-04-04 11:59:02,663 - INFO - Found 5 tables for RSDC
2026-04-04 11:59:02,671 - INFO - Table 3 for RSDC: 11r x 4c
2026-04-04 11:59:02,672 - INFO - Table 4 for RSDC: 11r x 4c
2026-04-04 11:59:02,673 - INFO - Table 5 for RSDC: 13r x 11c
2026-04-04 11:59:06,945 - INFO - Found 5 tables for RURU
2026-04-04 11:59:06,953 - INFO - Table 3 for RURU: 11r x 4c
2026-04-04 11:59:06,954 - INFO - Table 4 for RURU: 15r x 4c
2026-04-04 11:59:06,955 - INFO - Table 5 for RURU: 13r x 11c
2026-04-04 11:59:11,201 - INFO - Found 5 tables for SADBL
2026-04-04 11:59:11,208 - INFO - Table 3 for SADBL: 11r x 4c
2026-04-04 11:59:11,209 - INFO - Table 4 for SADBL: 11r x 4c
2026-04-04 11:59:11,211 - INFO - Table 5 for SADBL: 13r x 11c
2026-04-04 11:59:15,373 - INFO - Found 5 tables for SAHAS
2026-04-04 11:59:15,380 - INFO - Table 3 for SAHAS: 11r x 4c
2026-04-04 11:59:15,382 - INFO - Table 4 for SAHAS: 15r x 4c
2026-04-04 11:59:15,383 - INFO - Table 5 for SAHAS: 13r x 11c
2026-04-04 11:59:28,926 - INFO - Found 5 tables for SALICO
2026-04-04 11:59:28,934 - INFO - Table 3 for SALICO: 11r x 4c
2026-04-04 11:59:28,935 - INFO - Table 4 for SALICO: 11r x 4c
2026-04-04 11:59:28,937 - INFO - Table 5 for SALICO: 13r x 11c
2026-04-04 11:59:33,121 - INFO - Found 5 tables for SAMAJ
2026-04-04 11:59:33,129 - INFO - Table 3 for SAMAJ: 11r x 4c
2026-04-04 11:59:33,130 - INFO - Table 4 for SAMAJ: 11r x 4c
2026-04-04 11:59:33,131 - INFO - Table 5 for SAMAJ: 13r x 9c
2026-04-04 11:59:37,400 - INFO - Found 5 tables for SANIMA
2026-04-04 11:59:37,408 - INFO - Table 3 for SANIMA: 11r x 4c
2026-04-04 11:59:37,409 - INFO - Table 4 for SANIMA: 11r x 4c
2026-04-04 11:59:37,410 - INFO - Table 5 for SANIMA: 13r x 11c
2026-04-04 11:59:41,581 - INFO - Found 5 tables for SANVI
2026-04-04 11:59:41,589 - INFO - Table 3 for SANVI: 11r x 4c
2026-04-04 11:59:41,591 - INFO - Table 4 for SANVI: 15r x 4c
2026-04-04 11:59:41,592 - INFO - Table 5 for SANVI: 13r x 6c
2026-04-04 11:59:55,076 - INFO - Found 5 tables for SAPDBL
2026-04-04 11:59:55,084 - INFO - Table 3 for SAPDBL: 11r x 4c
2026-04-04 11:59:55,085 - INFO - Table 4 for SAPDBL: 11r x 4c
2026-04-04 11:59:55,086 - INFO - Table 5 for SAPDBL: 13r x 11c
2026-04-04 11:59:59,342 - INFO - Found 5 tables for SARBTM
2026-04-04 11:59:59,350 - INFO - Table 3 for SARBTM: 11r x 4c
2026-04-04 11:59:59,351 - INFO - Table 4 for SARBTM: 11r x 4c
2026-04-04 11:59:59,352 - INFO - Table 5 for SARBTM: 13r x 11c
2026-04-04 12:00:03,643 - INFO - Found 5 tables for SBI
2026-04-04 12:00:03,651 - INFO - Table 3 for SBI: 11r x 4c
2026-04-04 12:00:03,652 - INFO - Table 4 for SBI: 11r x 4c
2026-04-04 12:00:03,654 - INFO - Table 5 for SBI: 13r x 11c
2026-04-04 12:00:07,804 - INFO - Found 5 tables for SBL
2026-04-04 12:00:07,812 - INFO - Table 3 for SBL: 11r x 4c
2026-04-04 12:00:07,813 - INFO - Table 4 for SBL: 11r x 4c
2026-04-04 12:00:07,815 - INFO - Table 5 for SBL: 13r x 11c
2026-04-04 12:00:12,037 - INFO - Found 5 tables for SCB
2026-04-04 12:00:12,045 - INFO - Table 3 for SCB: 11r x 4c
2026-04-04 12:00:12,045 - INFO - Table 4 for SCB: 11r x 4c
2026-04-04 12:00:12,047 - INFO - Table 5 for SCB: 13r x 11c
2026-04-04 12:00:16,366 - INFO - Found 5 tables for SFCL
2026-04-04 12:00:16,374 - INFO - Table 3 for SFCL: 11r x 4c
2026-04-04 12:00:16,375 - INFO - Table 4 for SFCL: 11r x 4c
2026-04-04 12:00:16,376 - INFO - Table 5 for SFCL: 13r x 11c
2026-04-04 12:00:20,321 - INFO - Found 5 tables for SGHC
2026-04-04 12:00:20,329 - INFO - Table 3 for SGHC: 11r x 4c
2026-04-04 12:00:20,330 - INFO - Table 4 for SGHC: 15r x 4c
2026-04-04 12:00:20,332 - INFO - Table 5 for SGHC: 13r x 11c
2026-04-04 12:00:24,591 - INFO - Found 5 tables for SGIC
2026-04-04 12:00:24,599 - INFO - Table 3 for SGIC: 11r x 4c
2026-04-04 12:00:24,600 - INFO - Table 4 for SGIC: 11r x 4c
2026-04-04 12:00:24,601 - INFO - Table 5 for SGIC: 13r x 11c
2026-04-04 12:00:28,517 - INFO - Found 5 tables for SHEL
2026-04-04 12:00:28,525 - INFO - Table 3 for SHEL: 11r x 4c
2026-04-04 12:00:28,526 - INFO - Table 4 for SHEL: 15r x 4c
2026-04-04 12:00:28,527 - INFO - Table 5 for SHEL: 13r x 11c
2026-04-04 12:00:41,707 - INFO - Found 5 tables for SHINE
2026-04-04 12:00:41,715 - INFO - Table 3 for SHINE: 11r x 4c
2026-04-04 12:00:41,716 - INFO - Table 4 for SHINE: 11r x 4c
2026-04-04 12:00:41,717 - INFO - Table 5 for SHINE: 13r x 11c
2026-04-04 12:00:46,046 - INFO - Found 5 tables for SHIVM
2026-04-04 12:00:46,054 - INFO - Table 3 for SHIVM: 11r x 4c
2026-04-04 12:00:46,055 - INFO - Table 4 for SHIVM: 11r x 4c
2026-04-04 12:00:46,057 - INFO - Table 5 for SHIVM: 13r x 11c
2026-04-04 12:00:50,312 - INFO - Found 5 tables for SHL
2026-04-04 12:00:50,320 - INFO - Table 3 for SHL: 11r x 4c
2026-04-04 12:00:50,321 - INFO - Table 4 for SHL: 11r x 4c
2026-04-04 12:00:50,322 - INFO - Table 5 for SHL: 13r x 11c
2026-04-04 12:00:54,572 - INFO - Found 5 tables for SHLB
2026-04-04 12:00:54,580 - INFO - Table 3 for SHLB: 11r x 4c
2026-04-04 12:00:54,581 - INFO - Table 4 for SHLB: 11r x 4c
2026-04-04 12:00:54,582 - INFO - Table 5 for SHLB: 13r x 11c
2026-04-04 12:00:58,542 - INFO - Found 5 tables for SHPC
2026-04-04 12:00:58,550 - INFO - Table 3 for SHPC: 11r x 4c
2026-04-04 12:00:58,551 - INFO - Table 4 for SHPC: 15r x 4c
2026-04-04 12:00:58,553 - INFO - Table 5 for SHPC: 13r x 11c
2026-04-04 12:01:12,488 - INFO - Found 5 tables for SICL
2026-04-04 12:01:12,496 - INFO - Table 3 for SICL: 11r x 4c
2026-04-04 12:01:12,497 - INFO - Table 4 for SICL: 11r x 4c
2026-04-04 12:01:12,499 - INFO - Table 5 for SICL: 13r x 11c
2026-04-04 12:01:16,728 - INFO - Found 5 tables for SIFC
2026-04-04 12:01:16,736 - INFO - Table 3 for SIFC: 11r x 4c
2026-04-04 12:01:16,737 - INFO - Table 4 for SIFC: 11r x 4c
2026-04-04 12:01:16,739 - INFO - Table 5 for SIFC: 13r x 11c
2026-04-04 12:01:21,006 - INFO - Found 5 tables for SIKLES
2026-04-04 12:01:21,015 - INFO - Table 3 for SIKLES: 11r x 4c
2026-04-04 12:01:21,016 - INFO - Table 4 for SIKLES: 15r x 4c
2026-04-04 12:01:21,017 - INFO - Table 5 for SIKLES: 13r x 11c
2026-04-04 12:01:25,245 - INFO - Found 5 tables for SINDU
2026-04-04 12:01:25,253 - INFO - Table 3 for SINDU: 11r x 4c
2026-04-04 12:01:25,253 - INFO - Table 4 for SINDU: 11r x 4c
2026-04-04 12:01:25,255 - INFO - Table 5 for SINDU: 13r x 11c
2026-04-04 12:01:29,492 - INFO - Found 5 tables for SJCL
2026-04-04 12:01:29,500 - INFO - Table 3 for SJCL: 11r x 4c
2026-04-04 12:01:29,501 - INFO - Table 4 for SJCL: 15r x 4c
2026-04-04 12:01:29,502 - INFO - Table 5 for SJCL: 13r x 11c
2026-04-04 12:01:33,833 - INFO - Found 5 tables for SJLIC
2026-04-04 12:01:33,841 - INFO - Table 3 for SJLIC: 11r x 4c
2026-04-04 12:01:33,842 - INFO - Table 4 for SJLIC: 11r x 4c
2026-04-04 12:01:33,843 - INFO - Table 5 for SJLIC: 13r x 11c
2026-04-04 12:01:48,069 - INFO - Found 5 tables for SKBBL
2026-04-04 12:01:48,077 - INFO - Table 3 for SKBBL: 11r x 4c
2026-04-04 12:01:48,078 - INFO - Table 4 for SKBBL: 11r x 4c
2026-04-04 12:01:48,079 - INFO - Table 5 for SKBBL: 13r x 11c
2026-04-04 12:01:52,036 - INFO - Found 5 tables for SLBBL
2026-04-04 12:01:52,043 - INFO - Table 3 for SLBBL: 11r x 4c
2026-04-04 12:01:52,044 - INFO - Table 4 for SLBBL: 11r x 4c
2026-04-04 12:01:52,046 - INFO - Table 5 for SLBBL: 13r x 11c
2026-04-04 12:01:56,275 - INFO - Found 5 tables for SLBSL
2026-04-04 12:01:56,283 - INFO - Table 3 for SLBSL: 11r x 4c
2026-04-04 12:01:56,284 - INFO - Table 4 for SLBSL: 11r x 4c
2026-04-04 12:01:56,286 - INFO - Table 5 for SLBSL: 13r x 11c
2026-04-04 12:02:00,545 - INFO - Found 5 tables for SMATA
2026-04-04 12:02:00,553 - INFO - Table 3 for SMATA: 11r x 4c
2026-04-04 12:02:00,554 - INFO - Table 4 for SMATA: 11r x 4c
2026-04-04 12:02:00,556 - INFO - Table 5 for SMATA: 13r x 11c
2026-04-04 12:02:04,581 - INFO - Found 5 tables for SMB
2026-04-04 12:02:04,589 - INFO - Table 3 for SMB: 11r x 4c
2026-04-04 12:02:04,590 - INFO - Table 4 for SMB: 11r x 4c
2026-04-04 12:02:04,592 - INFO - Table 5 for SMB: 13r x 11c
2026-04-04 12:02:08,855 - INFO - Found 5 tables for SMFBS
2026-04-04 12:02:08,863 - INFO - Table 3 for SMFBS: 11r x 4c
2026-04-04 12:02:08,864 - INFO - Table 4 for SMFBS: 11r x 4c
2026-04-04 12:02:08,866 - INFO - Table 5 for SMFBS: 13r x 11c
2026-04-04 12:02:13,092 - INFO - Found 5 tables for SMH
2026-04-04 12:02:13,100 - INFO - Table 3 for SMH: 11r x 4c
2026-04-04 12:02:13,101 - INFO - Table 4 for SMH: 15r x 4c
2026-04-04 12:02:13,102 - INFO - Table 5 for SMH: 13r x 11c
2026-04-04 12:02:17,334 - INFO - Found 5 tables for SMHL
2026-04-04 12:02:17,342 - INFO - Table 3 for SMHL: 11r x 4c
2026-04-04 12:02:17,343 - INFO - Table 4 for SMHL: 15r x 4c
2026-04-04 12:02:17,344 - INFO - Table 5 for SMHL: 13r x 11c
2026-04-04 12:02:21,364 - INFO - Found 5 tables for SMJC
2026-04-04 12:02:21,372 - INFO - Table 3 for SMJC: 11r x 4c
2026-04-04 12:02:21,373 - INFO - Table 4 for SMJC: 15r x 4c
2026-04-04 12:02:21,374 - INFO - Table 5 for SMJC: 13r x 11c
2026-04-04 12:02:25,423 - INFO - Found 5 tables for SMPDA
2026-04-04 12:02:25,431 - INFO - Table 3 for SMPDA: 11r x 4c
2026-04-04 12:02:25,432 - INFO - Table 4 for SMPDA: 11r x 4c
2026-04-04 12:02:25,434 - INFO - Table 5 for SMPDA: 13r x 10c
2026-04-04 12:02:29,702 - INFO - Found 5 tables for SNLI
2026-04-04 12:02:29,710 - INFO - Table 3 for SNLI: 11r x 4c
2026-04-04 12:02:29,711 - INFO - Table 4 for SNLI: 11r x 4c
2026-04-04 12:02:29,712 - INFO - Table 5 for SNLI: 13r x 11c
2026-04-04 12:02:33,960 - INFO - Found 5 tables for SONA
2026-04-04 12:02:33,968 - INFO - Table 3 for SONA: 11r x 4c
2026-04-04 12:02:33,969 - INFO - Table 4 for SONA: 11r x 4c
2026-04-04 12:02:33,970 - INFO - Table 5 for SONA: 13r x 11c
2026-04-04 12:02:38,217 - INFO - Found 5 tables for SPC
2026-04-04 12:02:38,225 - INFO - Table 3 for SPC: 11r x 4c
2026-04-04 12:02:38,226 - INFO - Table 4 for SPC: 15r x 4c
2026-04-04 12:02:38,227 - INFO - Table 5 for SPC: 13r x 11c
2026-04-04 12:02:42,524 - INFO - Found 5 tables for SPDL
2026-04-04 12:02:42,532 - INFO - Table 3 for SPDL: 11r x 4c
2026-04-04 12:02:42,533 - INFO - Table 4 for SPDL: 15r x 4c
2026-04-04 12:02:42,535 - INFO - Table 5 for SPDL: 13r x 11c
2026-04-04 12:02:46,796 - INFO - Found 5 tables for SPHL
2026-04-04 12:02:46,804 - INFO - Table 3 for SPHL: 11r x 4c
2026-04-04 12:02:46,805 - INFO - Table 4 for SPHL: 15r x 4c
2026-04-04 12:02:46,807 - INFO - Table 5 for SPHL: 13r x 11c
2026-04-04 12:02:51,049 - INFO - Found 5 tables for SPIL
2026-04-04 12:02:51,057 - INFO - Table 3 for SPIL: 11r x 4c
2026-04-04 12:02:51,058 - INFO - Table 4 for SPIL: 11r x 4c
2026-04-04 12:02:51,060 - INFO - Table 5 for SPIL: 13r x 11c
2026-04-04 12:02:55,752 - INFO - Found 5 tables for SPL
2026-04-04 12:02:55,760 - INFO - Table 3 for SPL: 11r x 4c
2026-04-04 12:02:55,761 - INFO - Table 4 for SPL: 15r x 4c
2026-04-04 12:02:55,762 - INFO - Table 5 for SPL: 13r x 11c
2026-04-04 12:03:00,122 - INFO - Found 5 tables for SRLI
2026-04-04 12:03:00,130 - INFO - Table 3 for SRLI: 11r x 4c
2026-04-04 12:03:00,130 - INFO - Table 4 for SRLI: 11r x 4c
2026-04-04 12:03:00,132 - INFO - Table 5 for SRLI: 13r x 11c
2026-04-04 12:03:04,384 - INFO - Found 5 tables for SSHL
2026-04-04 12:03:04,392 - INFO - Table 3 for SSHL: 11r x 4c
2026-04-04 12:03:04,394 - INFO - Table 4 for SSHL: 15r x 4c
2026-04-04 12:03:04,395 - INFO - Table 5 for SSHL: 13r x 10c
2026-04-04 12:03:08,637 - INFO - Found 5 tables for STC
2026-04-04 12:03:08,645 - INFO - Table 3 for STC: 11r x 4c
2026-04-04 12:03:08,646 - INFO - Table 4 for STC: 11r x 4c
2026-04-04 12:03:08,648 - INFO - Table 5 for STC: 13r x 11c
2026-04-04 12:03:12,920 - INFO - Found 5 tables for SWBBL
2026-04-04 12:03:12,928 - INFO - Table 3 for SWBBL: 11r x 4c
2026-04-04 12:03:12,929 - INFO - Table 4 for SWBBL: 11r x 4c
2026-04-04 12:03:12,930 - INFO - Table 5 for SWBBL: 13r x 11c
2026-04-04 12:03:17,204 - INFO - Found 5 tables for SWMF
2026-04-04 12:03:17,212 - INFO - Table 3 for SWMF: 11r x 4c
2026-04-04 12:03:17,213 - INFO - Table 4 for SWMF: 11r x 4c
2026-04-04 12:03:17,214 - INFO - Table 5 for SWMF: 13r x 11c
2026-04-04 12:03:21,502 - INFO - Found 5 tables for TAMOR
2026-04-04 12:03:21,510 - INFO - Table 3 for TAMOR: 11r x 4c
2026-04-04 12:03:21,512 - INFO - Table 4 for TAMOR: 15r x 4c
2026-04-04 12:03:21,513 - INFO - Table 5 for TAMOR: 13r x 11c
2026-04-04 12:03:25,768 - INFO - Found 5 tables for TPC
2026-04-04 12:03:25,776 - INFO - Table 3 for TPC: 11r x 4c
2026-04-04 12:03:25,777 - INFO - Table 4 for TPC: 15r x 4c
2026-04-04 12:03:25,778 - INFO - Table 5 for TPC: 13r x 11c
2026-04-04 12:03:30,026 - INFO - Found 5 tables for TRH
2026-04-04 12:03:30,034 - INFO - Table 3 for TRH: 11r x 4c
2026-04-04 12:03:30,035 - INFO - Table 4 for TRH: 11r x 4c
2026-04-04 12:03:30,036 - INFO - Table 5 for TRH: 13r x 11c
2026-04-04 12:03:34,207 - INFO - Found 5 tables for TSHL
2026-04-04 12:03:34,215 - INFO - Table 3 for TSHL: 11r x 4c
2026-04-04 12:03:34,216 - INFO - Table 4 for TSHL: 15r x 4c
2026-04-04 12:03:34,217 - INFO - Table 5 for TSHL: 13r x 11c
2026-04-04 12:03:38,456 - INFO - Found 5 tables for TTL
2026-04-04 12:03:38,464 - INFO - Table 3 for TTL: 11r x 4c
2026-04-04 12:03:38,465 - INFO - Table 4 for TTL: 11r x 4c
2026-04-04 12:03:38,466 - INFO - Table 5 for TTL: 13r x 6c
2026-04-04 12:03:42,767 - INFO - Found 5 tables for TVCL
2026-04-04 12:03:42,775 - INFO - Table 3 for TVCL: 11r x 4c
2026-04-04 12:03:42,776 - INFO - Table 4 for TVCL: 15r x 4c
2026-04-04 12:03:42,777 - INFO - Table 5 for TVCL: 13r x 11c
2026-04-04 12:03:46,965 - INFO - Found 5 tables for UAIL
2026-04-04 12:03:46,973 - INFO - Table 3 for UAIL: 11r x 4c
2026-04-04 12:03:46,974 - INFO - Table 4 for UAIL: 11r x 4c
2026-04-04 12:03:46,976 - INFO - Table 5 for UAIL: 13r x 11c
2026-04-04 12:03:51,223 - INFO - Found 5 tables for UHEWA
2026-04-04 12:03:51,231 - INFO - Table 3 for UHEWA: 11r x 4c
2026-04-04 12:03:51,232 - INFO - Table 4 for UHEWA: 15r x 4c
2026-04-04 12:03:51,234 - INFO - Table 5 for UHEWA: 13r x 11c
2026-04-04 12:03:55,487 - INFO - Found 5 tables for ULBSL
2026-04-04 12:03:55,495 - INFO - Table 3 for ULBSL: 11r x 4c
2026-04-04 12:03:55,496 - INFO - Table 4 for ULBSL: 11r x 4c
2026-04-04 12:03:55,498 - INFO - Table 5 for ULBSL: 13r x 11c
2026-04-04 12:03:59,782 - INFO - Found 5 tables for ULHC
2026-04-04 12:03:59,790 - INFO - Table 3 for ULHC: 11r x 4c
2026-04-04 12:03:59,791 - INFO - Table 4 for ULHC: 15r x 4c
2026-04-04 12:03:59,792 - INFO - Table 5 for ULHC: 13r x 9c
2026-04-04 12:04:04,061 - INFO - Found 5 tables for UMHL
2026-04-04 12:04:04,070 - INFO - Table 3 for UMHL: 11r x 4c
2026-04-04 12:04:04,071 - INFO - Table 4 for UMHL: 15r x 4c
2026-04-04 12:04:04,073 - INFO - Table 5 for UMHL: 13r x 11c
2026-04-04 12:04:18,586 - INFO - Found 5 tables for UMRH
2026-04-04 12:04:18,594 - INFO - Table 3 for UMRH: 11r x 4c
2026-04-04 12:04:18,595 - INFO - Table 4 for UMRH: 15r x 4c
2026-04-04 12:04:18,597 - INFO - Table 5 for UMRH: 13r x 11c
2026-04-04 12:04:22,791 - INFO - Found 5 tables for UNHPL
2026-04-04 12:04:22,799 - INFO - Table 3 for UNHPL: 11r x 4c
2026-04-04 12:04:22,800 - INFO - Table 4 for UNHPL: 15r x 4c
2026-04-04 12:04:22,802 - INFO - Table 5 for UNHPL: 13r x 11c
2026-04-04 12:04:27,090 - INFO - Found 5 tables for UNL
2026-04-04 12:04:27,098 - INFO - Table 3 for UNL: 11r x 4c
2026-04-04 12:04:27,099 - INFO - Table 4 for UNL: 11r x 4c
2026-04-04 12:04:27,101 - INFO - Table 5 for UNL: 13r x 11c
2026-04-04 12:04:31,440 - INFO - Found 5 tables for UNLB
2026-04-04 12:04:31,448 - INFO - Table 3 for UNLB: 11r x 4c
2026-04-04 12:04:31,449 - INFO - Table 4 for UNLB: 11r x 4c
2026-04-04 12:04:31,450 - INFO - Table 5 for UNLB: 13r x 11c
2026-04-04 12:04:35,686 - INFO - Found 5 tables for UPCL
2026-04-04 12:04:35,694 - INFO - Table 3 for UPCL: 11r x 4c
2026-04-04 12:04:35,695 - INFO - Table 4 for UPCL: 15r x 4c
2026-04-04 12:04:35,697 - INFO - Table 5 for UPCL: 13r x 11c
2026-04-04 12:04:50,497 - INFO - Found 5 tables for UPPER
2026-04-04 12:04:50,505 - INFO - Table 3 for UPPER: 11r x 4c
2026-04-04 12:04:50,506 - INFO - Table 4 for UPPER: 15r x 4c
2026-04-04 12:04:50,508 - INFO - Table 5 for UPPER: 13r x 11c
2026-04-04 12:04:54,529 - INFO - Found 5 tables for USHEC
2026-04-04 12:04:54,537 - INFO - Table 3 for USHEC: 11r x 4c
2026-04-04 12:04:54,538 - INFO - Table 4 for USHEC: 15r x 4c
2026-04-04 12:04:54,539 - INFO - Table 5 for USHEC: 13r x 11c
2026-04-04 12:04:58,787 - INFO - Found 5 tables for USHL
2026-04-04 12:04:58,795 - INFO - Table 3 for USHL: 11r x 4c
2026-04-04 12:04:58,796 - INFO - Table 4 for USHL: 15r x 4c
2026-04-04 12:04:58,797 - INFO - Table 5 for USHL: 13r x 11c
2026-04-04 12:05:03,109 - INFO - Found 5 tables for USLB
2026-04-04 12:05:03,117 - INFO - Table 3 for USLB: 11r x 4c
2026-04-04 12:05:03,118 - INFO - Table 4 for USLB: 11r x 4c
2026-04-04 12:05:03,119 - INFO - Table 5 for USLB: 13r x 11c
2026-04-04 12:05:07,364 - INFO - Found 5 tables for VLBS
2026-04-04 12:05:07,372 - INFO - Table 3 for VLBS: 11r x 4c
2026-04-04 12:05:07,373 - INFO - Table 4 for VLBS: 11r x 4c
2026-04-04 12:05:07,374 - INFO - Table 5 for VLBS: 13r x 11c
2026-04-04 12:05:11,588 - INFO - Found 5 tables for VLUCL
2026-04-04 12:05:11,596 - INFO - Table 3 for VLUCL: 11r x 4c
2026-04-04 12:05:11,597 - INFO - Table 4 for VLUCL: 15r x 4c
2026-04-04 12:05:11,598 - INFO - Table 5 for VLUCL: 13r x 11c
2026-04-04 12:05:15,842 - INFO - Found 5 tables for WNLB
2026-04-04 12:05:15,850 - INFO - Table 3 for WNLB: 11r x 4c
2026-04-04 12:05:15,851 - INFO - Table 4 for WNLB: 11r x 4c
2026-04-04 12:05:15,852 - INFO - Table 5 for WNLB: 13r x 11c
2026-04-04 12:05:19,555 - INFO - CSV saved: Link_Attributes.csv
2026-04-04 12:05:19,639 - INFO - CSV saved: Link_Additional.csv
2026-04-04 12:05:21,113 - INFO - Dashboard saved: index.html
2026-04-05 11:45:56,941 - INFO - Found 251 URLs
2026-04-05 11:46:01,097 - INFO - Found 5 tables for ACLBSL
2026-04-05 11:46:01,104 - INFO - Table 3 for ACLBSL: 11r x 4c
2026-04-05 11:46:01,105 - INFO - Table 4 for ACLBSL: 11r x 4c
2026-04-05 11:46:01,107 - INFO - Table 5 for ACLBSL: 13r x 11c
2026-04-05 11:46:07,040 - INFO - Found 5 tables for ADBL
2026-04-05 11:46:07,046 - INFO - Table 3 for ADBL: 11r x 4c
2026-04-05 11:46:07,047 - INFO - Table 4 for ADBL: 11r x 4c
2026-04-05 11:46:07,049 - INFO - Table 5 for ADBL: 13r x 11c
2026-04-05 11:46:11,491 - INFO - Found 5 tables for AHL
2026-04-05 11:46:11,498 - INFO - Table 3 for AHL: 11r x 4c
2026-04-05 11:46:11,499 - INFO - Table 4 for AHL: 15r x 4c
2026-04-05 11:46:11,500 - INFO - Table 5 for AHL: 13r x 11c
2026-04-05 11:46:28,007 - INFO - Found 5 tables for AHPC
2026-04-05 11:46:28,013 - INFO - Table 3 for AHPC: 11r x 4c
2026-04-05 11:46:28,014 - INFO - Table 4 for AHPC: 15r x 4c
2026-04-05 11:46:28,016 - INFO - Table 5 for AHPC: 13r x 11c
2026-04-05 11:46:32,424 - INFO - Found 5 tables for AKJCL
2026-04-05 11:46:32,430 - INFO - Table 3 for AKJCL: 11r x 4c
2026-04-05 11:46:32,431 - INFO - Table 4 for AKJCL: 15r x 4c
2026-04-05 11:46:32,432 - INFO - Table 5 for AKJCL: 13r x 11c
2026-04-05 11:46:36,807 - INFO - Found 5 tables for AKPL
2026-04-05 11:46:36,813 - INFO - Table 3 for AKPL: 11r x 4c
2026-04-05 11:46:36,814 - INFO - Table 4 for AKPL: 15r x 4c
2026-04-05 11:46:36,816 - INFO - Table 5 for AKPL: 13r x 11c
2026-04-05 11:46:41,916 - INFO - Found 5 tables for ALBSL
2026-04-05 11:46:41,923 - INFO - Table 3 for ALBSL: 11r x 4c
2026-04-05 11:46:41,924 - INFO - Table 4 for ALBSL: 11r x 4c
2026-04-05 11:46:41,925 - INFO - Table 5 for ALBSL: 13r x 11c
2026-04-05 11:46:46,020 - INFO - Found 5 tables for ALICL
2026-04-05 11:46:46,027 - INFO - Table 3 for ALICL: 11r x 4c
2026-04-05 11:46:46,028 - INFO - Table 4 for ALICL: 11r x 4c
2026-04-05 11:46:46,029 - INFO - Table 5 for ALICL: 13r x 11c
2026-04-05 11:46:50,452 - INFO - Found 5 tables for ANLB
2026-04-05 11:46:50,458 - INFO - Table 3 for ANLB: 11r x 4c
2026-04-05 11:46:50,459 - INFO - Table 4 for ANLB: 11r x 4c
2026-04-05 11:46:50,460 - INFO - Table 5 for ANLB: 13r x 11c
2026-04-05 11:46:55,280 - INFO - Found 5 tables for API
2026-04-05 11:46:55,286 - INFO - Table 3 for API: 11r x 4c
2026-04-05 11:46:55,287 - INFO - Table 4 for API: 15r x 4c
2026-04-05 11:46:55,289 - INFO - Table 5 for API: 13r x 11c
2026-04-05 11:46:59,705 - INFO - Found 5 tables for AVYAN
2026-04-05 11:46:59,711 - INFO - Table 3 for AVYAN: 11r x 4c
2026-04-05 11:46:59,712 - INFO - Table 4 for AVYAN: 11r x 4c
2026-04-05 11:46:59,714 - INFO - Table 5 for AVYAN: 13r x 11c
2026-04-05 11:47:04,130 - INFO - Found 5 tables for BARUN
2026-04-05 11:47:04,137 - INFO - Table 3 for BARUN: 11r x 4c
2026-04-05 11:47:04,138 - INFO - Table 4 for BARUN: 15r x 4c
2026-04-05 11:47:04,139 - INFO - Table 5 for BARUN: 13r x 11c
2026-04-05 11:47:08,495 - INFO - Found 4 tables for BBC
2026-04-05 11:47:08,501 - INFO - Table 3 for BBC: 11r x 4c
2026-04-05 11:47:08,502 - INFO - Table 4 for BBC: 11r x 4c
2026-04-05 11:47:12,944 - INFO - Found 5 tables for BEDC
2026-04-05 11:47:12,951 - INFO - Table 3 for BEDC: 11r x 4c
2026-04-05 11:47:12,951 - INFO - Table 4 for BEDC: 15r x 4c
2026-04-05 11:47:12,953 - INFO - Table 5 for BEDC: 13r x 11c
2026-04-05 11:47:17,830 - INFO - Found 5 tables for BFC
2026-04-05 11:47:17,836 - INFO - Table 3 for BFC: 11r x 4c
2026-04-05 11:47:17,837 - INFO - Table 4 for BFC: 11r x 4c
2026-04-05 11:47:17,839 - INFO - Table 5 for BFC: 13r x 10c
2026-04-05 11:47:22,358 - INFO - Found 5 tables for BGWT
2026-04-05 11:47:22,364 - INFO - Table 3 for BGWT: 11r x 4c
2026-04-05 11:47:22,365 - INFO - Table 4 for BGWT: 15r x 4c
2026-04-05 11:47:22,367 - INFO - Table 5 for BGWT: 13r x 11c
2026-04-05 11:47:26,794 - INFO - Found 5 tables for BHDC
2026-04-05 11:47:26,800 - INFO - Table 3 for BHDC: 11r x 4c
2026-04-05 11:47:26,801 - INFO - Table 4 for BHDC: 15r x 4c
2026-04-05 11:47:26,803 - INFO - Table 5 for BHDC: 13r x 11c
2026-04-05 11:47:31,217 - INFO - Found 5 tables for BHL
2026-04-05 11:47:31,223 - INFO - Table 3 for BHL: 11r x 4c
2026-04-05 11:47:31,224 - INFO - Table 4 for BHL: 15r x 4c
2026-04-05 11:47:31,226 - INFO - Table 5 for BHL: 13r x 11c
2026-04-05 11:47:35,654 - INFO - Found 5 tables for BHPL
2026-04-05 11:47:35,660 - INFO - Table 3 for BHPL: 11r x 4c
2026-04-05 11:47:35,661 - INFO - Table 4 for BHPL: 15r x 4c
2026-04-05 11:47:35,663 - INFO - Table 5 for BHPL: 13r x 11c
2026-04-05 11:47:39,757 - INFO - Found 5 tables for BNHC
2026-04-05 11:47:39,764 - INFO - Table 3 for BNHC: 11r x 4c
2026-04-05 11:47:39,765 - INFO - Table 4 for BNHC: 15r x 4c
2026-04-05 11:47:39,766 - INFO - Table 5 for BNHC: 13r x 11c
2026-04-05 11:47:44,215 - INFO - Found 5 tables for BNL
2026-04-05 11:47:44,221 - INFO - Table 3 for BNL: 11r x 4c
2026-04-05 11:47:44,222 - INFO - Table 4 for BNL: 11r x 4c
2026-04-05 11:47:44,224 - INFO - Table 5 for BNL: 13r x 11c
2026-04-05 11:47:48,682 - INFO - Found 5 tables for BNT
2026-04-05 11:47:48,689 - INFO - Table 3 for BNT: 11r x 4c
2026-04-05 11:47:48,690 - INFO - Table 4 for BNT: 11r x 4c
2026-04-05 11:47:48,691 - INFO - Table 5 for BNT: 13r x 11c
2026-04-05 11:47:53,129 - INFO - Found 5 tables for BPCL
2026-04-05 11:47:53,135 - INFO - Table 3 for BPCL: 11r x 4c
2026-04-05 11:47:53,136 - INFO - Table 4 for BPCL: 15r x 4c
2026-04-05 11:47:53,137 - INFO - Table 5 for BPCL: 13r x 11c
2026-04-05 11:47:57,538 - INFO - Found 5 tables for CBBL
2026-04-05 11:47:57,544 - INFO - Table 3 for CBBL: 11r x 4c
2026-04-05 11:47:57,545 - INFO - Table 4 for CBBL: 11r x 4c
2026-04-05 11:47:57,546 - INFO - Table 5 for CBBL: 13r x 11c
2026-04-05 11:48:01,986 - INFO - Found 5 tables for CFCL
2026-04-05 11:48:01,992 - INFO - Table 3 for CFCL: 11r x 4c
2026-04-05 11:48:01,993 - INFO - Table 4 for CFCL: 11r x 4c
2026-04-05 11:48:01,994 - INFO - Table 5 for CFCL: 13r x 10c
2026-04-05 11:48:06,482 - INFO - Found 5 tables for CGH
2026-04-05 11:48:06,488 - INFO - Table 3 for CGH: 11r x 4c
2026-04-05 11:48:06,489 - INFO - Table 4 for CGH: 11r x 4c
2026-04-05 11:48:06,491 - INFO - Table 5 for CGH: 13r x 11c
2026-04-05 11:48:10,960 - INFO - Found 5 tables for CHCL
2026-04-05 11:48:10,966 - INFO - Table 3 for CHCL: 11r x 4c
2026-04-05 11:48:10,967 - INFO - Table 4 for CHCL: 15r x 4c
2026-04-05 11:48:10,969 - INFO - Table 5 for CHCL: 13r x 11c
2026-04-05 11:48:15,371 - INFO - Found 5 tables for CHDC
2026-04-05 11:48:15,377 - INFO - Table 3 for CHDC: 11r x 4c
2026-04-05 11:48:15,378 - INFO - Table 4 for CHDC: 11r x 4c
2026-04-05 11:48:15,380 - INFO - Table 5 for CHDC: 13r x 11c
2026-04-05 11:48:19,792 - INFO - Found 5 tables for CHL
2026-04-05 11:48:19,798 - INFO - Table 3 for CHL: 11r x 4c
2026-04-05 11:48:19,799 - INFO - Table 4 for CHL: 15r x 4c
2026-04-05 11:48:19,801 - INFO - Table 5 for CHL: 13r x 11c
2026-04-05 11:48:24,002 - INFO - Found 5 tables for CIT
2026-04-05 11:48:24,008 - INFO - Table 3 for CIT: 11r x 4c
2026-04-05 11:48:24,009 - INFO - Table 4 for CIT: 11r x 4c
2026-04-05 11:48:24,010 - INFO - Table 5 for CIT: 13r x 11c
2026-04-05 11:48:28,446 - INFO - Found 5 tables for CITY
2026-04-05 11:48:28,452 - INFO - Table 3 for CITY: 11r x 4c
2026-04-05 11:48:28,453 - INFO - Table 4 for CITY: 11r x 4c
2026-04-05 11:48:28,455 - INFO - Table 5 for CITY: 13r x 11c
2026-04-05 11:48:32,897 - INFO - Found 5 tables for CKHL
2026-04-05 11:48:32,903 - INFO - Table 3 for CKHL: 11r x 4c
2026-04-05 11:48:32,904 - INFO - Table 4 for CKHL: 15r x 4c
2026-04-05 11:48:32,905 - INFO - Table 5 for CKHL: 13r x 11c
2026-04-05 11:48:37,357 - INFO - Found 5 tables for CLI
2026-04-05 11:48:37,363 - INFO - Table 3 for CLI: 11r x 4c
2026-04-05 11:48:37,364 - INFO - Table 4 for CLI: 11r x 4c
2026-04-05 11:48:37,366 - INFO - Table 5 for CLI: 13r x 11c
2026-04-05 11:48:41,787 - INFO - Found 5 tables for CORBL
2026-04-05 11:48:41,793 - INFO - Table 3 for CORBL: 11r x 4c
2026-04-05 11:48:41,794 - INFO - Table 4 for CORBL: 11r x 4c
2026-04-05 11:48:41,795 - INFO - Table 5 for CORBL: 13r x 11c
2026-04-05 11:48:46,165 - INFO - Found 5 tables for CREST
2026-04-05 11:48:46,171 - INFO - Table 3 for CREST: 11r x 4c
2026-04-05 11:48:46,172 - INFO - Table 4 for CREST: 11r x 4c
2026-04-05 11:48:46,173 - INFO - Table 5 for CREST: 13r x 7c
2026-04-05 11:48:50,605 - INFO - Found 5 tables for CYCL
2026-04-05 11:48:50,611 - INFO - Table 3 for CYCL: 11r x 4c
2026-04-05 11:48:50,612 - INFO - Table 4 for CYCL: 11r x 4c
2026-04-05 11:48:50,613 - INFO - Table 5 for CYCL: 13r x 11c
2026-04-05 11:48:55,086 - INFO - Found 5 tables for CZBIL
2026-04-05 11:48:55,092 - INFO - Table 3 for CZBIL: 11r x 4c
2026-04-05 11:48:55,093 - INFO - Table 4 for CZBIL: 11r x 4c
2026-04-05 11:48:55,094 - INFO - Table 5 for CZBIL: 13r x 11c
2026-04-05 11:49:00,123 - INFO - Found 5 tables for DDBL
2026-04-05 11:49:00,129 - INFO - Table 3 for DDBL: 11r x 4c
2026-04-05 11:49:00,130 - INFO - Table 4 for DDBL: 11r x 4c
2026-04-05 11:49:00,131 - INFO - Table 5 for DDBL: 13r x 11c
2026-04-05 11:49:16,618 - INFO - Found 5 tables for DHPL
2026-04-05 11:49:16,624 - INFO - Table 3 for DHPL: 11r x 4c
2026-04-05 11:49:16,625 - INFO - Table 4 for DHPL: 15r x 4c
2026-04-05 11:49:16,626 - INFO - Table 5 for DHPL: 13r x 11c
2026-04-05 11:49:21,037 - INFO - Found 5 tables for DLBS
2026-04-05 11:49:21,043 - INFO - Table 3 for DLBS: 11r x 4c
2026-04-05 11:49:21,044 - INFO - Table 4 for DLBS: 11r x 4c
2026-04-05 11:49:21,045 - INFO - Table 5 for DLBS: 13r x 10c
2026-04-05 11:49:25,450 - INFO - Found 5 tables for DOLTI
2026-04-05 11:49:25,457 - INFO - Table 3 for DOLTI: 11r x 4c
2026-04-05 11:49:25,458 - INFO - Table 4 for DOLTI: 15r x 4c
2026-04-05 11:49:25,459 - INFO - Table 5 for DOLTI: 13r x 11c
2026-04-05 11:49:29,963 - INFO - Found 5 tables for DORDI
2026-04-05 11:49:29,969 - INFO - Table 3 for DORDI: 11r x 4c
2026-04-05 11:49:29,970 - INFO - Table 4 for DORDI: 15r x 4c
2026-04-05 11:49:29,971 - INFO - Table 5 for DORDI: 13r x 11c
2026-04-05 11:49:34,361 - INFO - Found 5 tables for EBL
2026-04-05 11:49:34,368 - INFO - Table 3 for EBL: 11r x 4c
2026-04-05 11:49:34,368 - INFO - Table 4 for EBL: 11r x 4c
2026-04-05 11:49:34,370 - INFO - Table 5 for EBL: 13r x 11c
2026-04-05 11:49:39,077 - INFO - Found 5 tables for EDBL
2026-04-05 11:49:39,083 - INFO - Table 3 for EDBL: 11r x 4c
2026-04-05 11:49:39,084 - INFO - Table 4 for EDBL: 11r x 4c
2026-04-05 11:49:39,085 - INFO - Table 5 for EDBL: 13r x 11c
2026-04-05 11:49:43,510 - INFO - Found 5 tables for EHPL
2026-04-05 11:49:43,516 - INFO - Table 3 for EHPL: 11r x 4c
2026-04-05 11:49:43,517 - INFO - Table 4 for EHPL: 15r x 4c
2026-04-05 11:49:43,519 - INFO - Table 5 for EHPL: 13r x 11c
2026-04-05 11:49:47,693 - INFO - Found 5 tables for ENL
2026-04-05 11:49:47,699 - INFO - Table 3 for ENL: 11r x 4c
2026-04-05 11:49:47,700 - INFO - Table 4 for ENL: 11r x 4c
2026-04-05 11:49:47,702 - INFO - Table 5 for ENL: 13r x 11c
2026-04-05 11:49:51,941 - INFO - Found 5 tables for FMDBL
2026-04-05 11:49:51,947 - INFO - Table 3 for FMDBL: 11r x 4c
2026-04-05 11:49:51,948 - INFO - Table 4 for FMDBL: 11r x 4c
2026-04-05 11:49:51,949 - INFO - Table 5 for FMDBL: 13r x 11c
2026-04-05 11:50:06,949 - INFO - Found 5 tables for FOWAD
2026-04-05 11:50:06,955 - INFO - Table 3 for FOWAD: 11r x 4c
2026-04-05 11:50:06,956 - INFO - Table 4 for FOWAD: 11r x 4c
2026-04-05 11:50:06,958 - INFO - Table 5 for FOWAD: 13r x 11c
2026-04-05 11:50:11,441 - INFO - Found 5 tables for GBBL
2026-04-05 11:50:11,448 - INFO - Table 3 for GBBL: 11r x 4c
2026-04-05 11:50:11,448 - INFO - Table 4 for GBBL: 11r x 4c
2026-04-05 11:50:11,450 - INFO - Table 5 for GBBL: 13r x 11c
2026-04-05 11:50:15,901 - INFO - Found 5 tables for GBIME
2026-04-05 11:50:15,907 - INFO - Table 3 for GBIME: 11r x 4c
2026-04-05 11:50:15,908 - INFO - Table 4 for GBIME: 11r x 4c
2026-04-05 11:50:15,909 - INFO - Table 5 for GBIME: 13r x 11c
2026-04-05 11:50:20,346 - INFO - Found 5 tables for GBLBS
2026-04-05 11:50:20,352 - INFO - Table 3 for GBLBS: 11r x 4c
2026-04-05 11:50:20,353 - INFO - Table 4 for GBLBS: 11r x 4c
2026-04-05 11:50:20,354 - INFO - Table 5 for GBLBS: 13r x 10c
2026-04-05 11:50:24,820 - INFO - Found 5 tables for GCIL
2026-04-05 11:50:24,827 - INFO - Table 3 for GCIL: 11r x 4c
2026-04-05 11:50:24,828 - INFO - Table 4 for GCIL: 11r x 4c
2026-04-05 11:50:24,829 - INFO - Table 5 for GCIL: 13r x 11c
2026-04-05 11:50:29,246 - INFO - Found 5 tables for GFCL
2026-04-05 11:50:29,253 - INFO - Table 3 for GFCL: 11r x 4c
2026-04-05 11:50:29,253 - INFO - Table 4 for GFCL: 11r x 4c
2026-04-05 11:50:29,255 - INFO - Table 5 for GFCL: 13r x 11c
2026-04-05 11:50:33,482 - INFO - Found 5 tables for GHL
2026-04-05 11:50:33,489 - INFO - Table 3 for GHL: 11r x 4c
2026-04-05 11:50:33,491 - INFO - Table 4 for GHL: 15r x 4c
2026-04-05 11:50:33,492 - INFO - Table 5 for GHL: 13r x 11c
2026-04-05 11:50:37,972 - INFO - Found 5 tables for GILB
2026-04-05 11:50:37,978 - INFO - Table 3 for GILB: 11r x 4c
2026-04-05 11:50:37,979 - INFO - Table 4 for GILB: 11r x 4c
2026-04-05 11:50:37,981 - INFO - Table 5 for GILB: 13r x 11c
2026-04-05 11:50:42,422 - INFO - Found 5 tables for GLBSL
2026-04-05 11:50:42,428 - INFO - Table 3 for GLBSL: 11r x 4c
2026-04-05 11:50:42,429 - INFO - Table 4 for GLBSL: 11r x 4c
2026-04-05 11:50:42,431 - INFO - Table 5 for GLBSL: 13r x 11c
2026-04-05 11:50:47,125 - INFO - Found 5 tables for GLH
2026-04-05 11:50:47,131 - INFO - Table 3 for GLH: 11r x 4c
2026-04-05 11:50:47,132 - INFO - Table 4 for GLH: 15r x 4c
2026-04-05 11:50:47,133 - INFO - Table 5 for GLH: 13r x 10c
2026-04-05 11:50:51,597 - INFO - Found 5 tables for GMFBS
2026-04-05 11:50:51,603 - INFO - Table 3 for GMFBS: 11r x 4c
2026-04-05 11:50:51,604 - INFO - Table 4 for GMFBS: 11r x 4c
2026-04-05 11:50:51,606 - INFO - Table 5 for GMFBS: 13r x 11c
2026-04-05 11:51:07,021 - INFO - Found 5 tables for GMFIL
2026-04-05 11:51:07,027 - INFO - Table 3 for GMFIL: 11r x 4c
2026-04-05 11:51:07,028 - INFO - Table 4 for GMFIL: 11r x 4c
2026-04-05 11:51:07,029 - INFO - Table 5 for GMFIL: 13r x 11c
2026-04-05 11:51:23,060 - INFO - Found 5 tables for GMLI
2026-04-05 11:51:23,066 - INFO - Table 3 for GMLI: 11r x 4c
2026-04-05 11:51:23,067 - INFO - Table 4 for GMLI: 11r x 4c
2026-04-05 11:51:23,068 - INFO - Table 5 for GMLI: 13r x 8c
2026-04-05 11:51:38,649 - INFO - Found 5 tables for GRDBL
2026-04-05 11:51:38,656 - INFO - Table 3 for GRDBL: 11r x 4c
2026-04-05 11:51:38,657 - INFO - Table 4 for GRDBL: 11r x 4c
2026-04-05 11:51:38,658 - INFO - Table 5 for GRDBL: 13r x 11c
2026-04-05 11:51:43,197 - INFO - Found 5 tables for GUFL
2026-04-05 11:51:43,203 - INFO - Table 3 for GUFL: 11r x 4c
2026-04-05 11:51:43,204 - INFO - Table 4 for GUFL: 11r x 4c
2026-04-05 11:51:43,205 - INFO - Table 5 for GUFL: 13r x 11c
2026-04-05 11:51:59,790 - INFO - Found 5 tables for GVL
2026-04-05 11:51:59,796 - INFO - Table 3 for GVL: 11r x 4c
2026-04-05 11:51:59,797 - INFO - Table 4 for GVL: 15r x 4c
2026-04-05 11:51:59,799 - INFO - Table 5 for GVL: 13r x 11c
2026-04-05 11:52:04,276 - INFO - Found 5 tables for HATHY
2026-04-05 11:52:04,282 - INFO - Table 3 for HATHY: 11r x 4c
2026-04-05 11:52:04,283 - INFO - Table 4 for HATHY: 11r x 4c
2026-04-05 11:52:04,285 - INFO - Table 5 for HATHY: 13r x 11c
2026-04-05 11:52:08,706 - INFO - Found 5 tables for HBL
2026-04-05 11:52:08,712 - INFO - Table 3 for HBL: 11r x 4c
2026-04-05 11:52:08,713 - INFO - Table 4 for HBL: 11r x 4c
2026-04-05 11:52:08,715 - INFO - Table 5 for HBL: 13r x 11c
2026-04-05 11:52:13,164 - INFO - Found 5 tables for HDHPC
2026-04-05 11:52:13,170 - INFO - Table 3 for HDHPC: 11r x 4c
2026-04-05 11:52:13,171 - INFO - Table 4 for HDHPC: 15r x 4c
2026-04-05 11:52:13,173 - INFO - Table 5 for HDHPC: 13r x 10c
2026-04-05 11:52:29,051 - INFO - Found 5 tables for HDL
2026-04-05 11:52:29,058 - INFO - Table 3 for HDL: 11r x 4c
2026-04-05 11:52:29,059 - INFO - Table 4 for HDL: 11r x 4c
2026-04-05 11:52:29,060 - INFO - Table 5 for HDL: 13r x 11c
2026-04-05 11:52:33,529 - INFO - Found 5 tables for HEI
2026-04-05 11:52:33,535 - INFO - Table 3 for HEI: 11r x 4c
2026-04-05 11:52:33,536 - INFO - Table 4 for HEI: 11r x 4c
2026-04-05 11:52:33,538 - INFO - Table 5 for HEI: 13r x 10c
2026-04-05 11:52:37,773 - INFO - Found 5 tables for HHL
2026-04-05 11:52:37,779 - INFO - Table 3 for HHL: 11r x 4c
2026-04-05 11:52:37,780 - INFO - Table 4 for HHL: 15r x 4c
2026-04-05 11:52:37,782 - INFO - Table 5 for HHL: 13r x 11c
2026-04-05 11:52:42,202 - INFO - Found 5 tables for HIDCL
2026-04-05 11:52:42,209 - INFO - Table 3 for HIDCL: 11r x 4c
2026-04-05 11:52:42,209 - INFO - Table 4 for HIDCL: 11r x 4c
2026-04-05 11:52:42,211 - INFO - Table 5 for HIDCL: 13r x 11c
2026-04-05 11:52:46,631 - INFO - Found 5 tables for HLBSL
2026-04-05 11:52:46,638 - INFO - Table 3 for HLBSL: 11r x 4c
2026-04-05 11:52:46,638 - INFO - Table 4 for HLBSL: 11r x 4c
2026-04-05 11:52:46,640 - INFO - Table 5 for HLBSL: 13r x 11c
2026-04-05 11:52:51,158 - INFO - Found 5 tables for HLI
2026-04-05 11:52:51,164 - INFO - Table 3 for HLI: 11r x 4c
2026-04-05 11:52:51,165 - INFO - Table 4 for HLI: 11r x 4c
2026-04-05 11:52:51,167 - INFO - Table 5 for HLI: 13r x 11c
2026-04-05 11:52:55,683 - INFO - Found 5 tables for HPPL
2026-04-05 11:52:55,690 - INFO - Table 3 for HPPL: 11r x 4c
2026-04-05 11:52:55,691 - INFO - Table 4 for HPPL: 15r x 4c
2026-04-05 11:52:55,692 - INFO - Table 5 for HPPL: 13r x 11c
2026-04-05 11:53:00,119 - INFO - Found 5 tables for HRL
2026-04-05 11:53:00,125 - INFO - Table 3 for HRL: 11r x 4c
2026-04-05 11:53:00,126 - INFO - Table 4 for HRL: 11r x 4c
2026-04-05 11:53:00,127 - INFO - Table 5 for HRL: 13r x 11c
2026-04-05 11:53:05,166 - INFO - Found 5 tables for HURJA
2026-04-05 11:53:05,173 - INFO - Table 3 for HURJA: 11r x 4c
2026-04-05 11:53:05,174 - INFO - Table 4 for HURJA: 15r x 4c
2026-04-05 11:53:05,175 - INFO - Table 5 for HURJA: 13r x 11c
2026-04-05 11:53:09,643 - INFO - Found 5 tables for ICFC
2026-04-05 11:53:09,650 - INFO - Table 3 for ICFC: 11r x 4c
2026-04-05 11:53:09,651 - INFO - Table 4 for ICFC: 11r x 4c
2026-04-05 11:53:09,652 - INFO - Table 5 for ICFC: 13r x 11c
2026-04-05 11:53:14,167 - INFO - Found 5 tables for IGI
2026-04-05 11:53:14,173 - INFO - Table 3 for IGI: 11r x 4c
2026-04-05 11:53:14,174 - INFO - Table 4 for IGI: 11r x 4c
2026-04-05 11:53:14,175 - INFO - Table 5 for IGI: 13r x 11c
2026-04-05 11:53:18,635 - INFO - Found 5 tables for IHL
2026-04-05 11:53:18,641 - INFO - Table 3 for IHL: 11r x 4c
2026-04-05 11:53:18,642 - INFO - Table 4 for IHL: 15r x 4c
2026-04-05 11:53:18,644 - INFO - Table 5 for IHL: 13r x 11c
2026-04-05 11:53:22,818 - INFO - Found 5 tables for ILBS
2026-04-05 11:53:22,824 - INFO - Table 3 for ILBS: 11r x 4c
2026-04-05 11:53:22,825 - INFO - Table 4 for ILBS: 11r x 4c
2026-04-05 11:53:22,827 - INFO - Table 5 for ILBS: 13r x 11c
2026-04-05 11:53:27,069 - INFO - Found 5 tables for ILI
2026-04-05 11:53:27,075 - INFO - Table 3 for ILI: 11r x 4c
2026-04-05 11:53:27,076 - INFO - Table 4 for ILI: 11r x 4c
2026-04-05 11:53:27,077 - INFO - Table 5 for ILI: 13r x 11c
2026-04-05 11:53:31,503 - INFO - Found 5 tables for JBBL
2026-04-05 11:53:31,509 - INFO - Table 3 for JBBL: 11r x 4c
2026-04-05 11:53:31,510 - INFO - Table 4 for JBBL: 11r x 4c
2026-04-05 11:53:31,512 - INFO - Table 5 for JBBL: 13r x 11c
2026-04-05 11:53:36,005 - INFO - Found 5 tables for JBLB
2026-04-05 11:53:36,012 - INFO - Table 3 for JBLB: 11r x 4c
2026-04-05 11:53:36,013 - INFO - Table 4 for JBLB: 11r x 4c
2026-04-05 11:53:36,014 - INFO - Table 5 for JBLB: 13r x 11c
2026-04-05 11:53:40,457 - INFO - Found 5 tables for JFL
2026-04-05 11:53:40,463 - INFO - Table 3 for JFL: 11r x 4c
2026-04-05 11:53:40,464 - INFO - Table 4 for JFL: 11r x 4c
2026-04-05 11:53:40,466 - INFO - Table 5 for JFL: 13r x 11c
2026-04-05 11:53:44,889 - INFO - Found 5 tables for JOSHI
2026-04-05 11:53:44,896 - INFO - Table 3 for JOSHI: 11r x 4c
2026-04-05 11:53:44,897 - INFO - Table 4 for JOSHI: 15r x 4c
2026-04-05 11:53:44,898 - INFO - Table 5 for JOSHI: 13r x 10c
2026-04-05 11:53:50,157 - INFO - Found 5 tables for JSLBB
2026-04-05 11:53:50,164 - INFO - Table 3 for JSLBB: 11r x 4c
2026-04-05 11:53:50,165 - INFO - Table 4 for JSLBB: 11r x 4c
2026-04-05 11:53:50,166 - INFO - Table 5 for JSLBB: 13r x 11c
2026-04-05 11:53:54,606 - INFO - Found 5 tables for KBL
2026-04-05 11:53:54,613 - INFO - Table 3 for KBL: 11r x 4c
2026-04-05 11:53:54,614 - INFO - Table 4 for KBL: 11r x 4c
2026-04-05 11:53:54,615 - INFO - Table 5 for KBL: 13r x 11c
2026-04-05 11:53:59,116 - INFO - Found 5 tables for KBSH
2026-04-05 11:53:59,122 - INFO - Table 3 for KBSH: 11r x 4c
2026-04-05 11:53:59,123 - INFO - Table 4 for KBSH: 15r x 4c
2026-04-05 11:53:59,125 - INFO - Table 5 for KBSH: 13r x 11c
2026-04-05 11:54:14,355 - INFO - Found 5 tables for KDL
2026-04-05 11:54:14,362 - INFO - Table 3 for KDL: 11r x 4c
2026-04-05 11:54:14,363 - INFO - Table 4 for KDL: 11r x 4c
2026-04-05 11:54:14,364 - INFO - Table 5 for KDL: 13r x 11c
2026-04-05 11:54:18,812 - INFO - Found 5 tables for KKHC
2026-04-05 11:54:18,818 - INFO - Table 3 for KKHC: 11r x 4c
2026-04-05 11:54:18,819 - INFO - Table 4 for KKHC: 15r x 4c
2026-04-05 11:54:18,821 - INFO - Table 5 for KKHC: 13r x 11c
2026-04-05 11:54:23,488 - INFO - Found 5 tables for KMCDB
2026-04-05 11:54:23,495 - INFO - Table 3 for KMCDB: 11r x 4c
2026-04-05 11:54:23,495 - INFO - Table 4 for KMCDB: 11r x 4c
2026-04-05 11:54:23,497 - INFO - Table 5 for KMCDB: 13r x 11c
2026-04-05 11:54:27,961 - INFO - Found 5 tables for KPCL
2026-04-05 11:54:27,967 - INFO - Table 3 for KPCL: 11r x 4c
2026-04-05 11:54:27,968 - INFO - Table 4 for KPCL: 15r x 4c
2026-04-05 11:54:27,969 - INFO - Table 5 for KPCL: 13r x 11c
2026-04-05 11:54:32,205 - INFO - Found 5 tables for KSBBL
2026-04-05 11:54:32,211 - INFO - Table 3 for KSBBL: 11r x 4c
2026-04-05 11:54:32,212 - INFO - Table 4 for KSBBL: 11r x 4c
2026-04-05 11:54:32,213 - INFO - Table 5 for KSBBL: 13r x 11c
2026-04-05 11:54:47,429 - INFO - Found 5 tables for LBBL
2026-04-05 11:54:47,435 - INFO - Table 3 for LBBL: 11r x 4c
2026-04-05 11:54:47,436 - INFO - Table 4 for LBBL: 11r x 4c
2026-04-05 11:54:47,438 - INFO - Table 5 for LBBL: 13r x 11c
2026-04-05 11:54:51,888 - INFO - Found 5 tables for LEC
2026-04-05 11:54:51,895 - INFO - Table 3 for LEC: 11r x 4c
2026-04-05 11:54:51,896 - INFO - Table 4 for LEC: 15r x 4c
2026-04-05 11:54:51,897 - INFO - Table 5 for LEC: 13r x 11c
2026-04-05 11:54:56,138 - INFO - Found 5 tables for LICN
2026-04-05 11:54:56,145 - INFO - Table 3 for LICN: 11r x 4c
2026-04-05 11:54:56,146 - INFO - Table 4 for LICN: 11r x 4c
2026-04-05 11:54:56,147 - INFO - Table 5 for LICN: 13r x 11c
2026-04-05 11:55:00,387 - INFO - Found 5 tables for LLBS
2026-04-05 11:55:00,394 - INFO - Table 3 for LLBS: 11r x 4c
2026-04-05 11:55:00,395 - INFO - Table 4 for LLBS: 11r x 4c
2026-04-05 11:55:00,396 - INFO - Table 5 for LLBS: 13r x 11c
2026-04-05 11:55:04,898 - INFO - Found 5 tables for LSL
2026-04-05 11:55:04,904 - INFO - Table 3 for LSL: 11r x 4c
2026-04-05 11:55:04,905 - INFO - Table 4 for LSL: 11r x 4c
2026-04-05 11:55:04,906 - INFO - Table 5 for LSL: 13r x 11c
2026-04-05 11:55:09,083 - INFO - Found 5 tables for MAKAR
2026-04-05 11:55:09,089 - INFO - Table 3 for MAKAR: 11r x 4c
2026-04-05 11:55:09,090 - INFO - Table 4 for MAKAR: 15r x 4c
2026-04-05 11:55:09,092 - INFO - Table 5 for MAKAR: 13r x 11c
2026-04-05 11:55:13,343 - INFO - Found 5 tables for MANDU
2026-04-05 11:55:13,349 - INFO - Table 3 for MANDU: 11r x 4c
2026-04-05 11:55:13,350 - INFO - Table 4 for MANDU: 15r x 4c
2026-04-05 11:55:13,351 - INFO - Table 5 for MANDU: 13r x 11c
2026-04-05 11:55:17,772 - INFO - Found 5 tables for MATRI
2026-04-05 11:55:17,779 - INFO - Table 3 for MATRI: 11r x 4c
2026-04-05 11:55:17,779 - INFO - Table 4 for MATRI: 11r x 4c
2026-04-05 11:55:17,781 - INFO - Table 5 for MATRI: 13r x 10c
2026-04-05 11:55:22,258 - INFO - Found 5 tables for MBJC
2026-04-05 11:55:22,265 - INFO - Table 3 for MBJC: 11r x 4c
2026-04-05 11:55:22,266 - INFO - Table 4 for MBJC: 15r x 4c
2026-04-05 11:55:22,267 - INFO - Table 5 for MBJC: 13r x 11c
2026-04-05 11:55:26,782 - INFO - Found 5 tables for MBL
2026-04-05 11:55:26,788 - INFO - Table 3 for MBL: 11r x 4c
2026-04-05 11:55:26,789 - INFO - Table 4 for MBL: 11r x 4c
2026-04-05 11:55:26,791 - INFO - Table 5 for MBL: 13r x 11c
2026-04-05 11:55:31,221 - INFO - Found 5 tables for MCHL
2026-04-05 11:55:31,227 - INFO - Table 3 for MCHL: 11r x 4c
2026-04-05 11:55:31,228 - INFO - Table 4 for MCHL: 15r x 4c
2026-04-05 11:55:31,230 - INFO - Table 5 for MCHL: 13r x 11c
2026-04-05 11:55:35,687 - INFO - Found 5 tables for MDB
2026-04-05 11:55:35,694 - INFO - Table 3 for MDB: 11r x 4c
2026-04-05 11:55:35,695 - INFO - Table 4 for MDB: 11r x 4c
2026-04-05 11:55:35,696 - INFO - Table 5 for MDB: 13r x 11c
2026-04-05 11:55:40,120 - INFO - Found 5 tables for MEHL
2026-04-05 11:55:40,126 - INFO - Table 3 for MEHL: 11r x 4c
2026-04-05 11:55:40,127 - INFO - Table 4 for MEHL: 15r x 4c
2026-04-05 11:55:40,129 - INFO - Table 5 for MEHL: 13r x 11c
2026-04-05 11:55:44,315 - INFO - Found 5 tables for MEL
2026-04-05 11:55:44,322 - INFO - Table 3 for MEL: 11r x 4c
2026-04-05 11:55:44,323 - INFO - Table 4 for MEL: 15r x 4c
2026-04-05 11:55:44,324 - INFO - Table 5 for MEL: 13r x 11c
2026-04-05 11:55:48,784 - INFO - Found 5 tables for MEN
2026-04-05 11:55:48,790 - INFO - Table 3 for MEN: 11r x 4c
2026-04-05 11:55:48,791 - INFO - Table 4 for MEN: 15r x 4c
2026-04-05 11:55:48,793 - INFO - Table 5 for MEN: 13r x 11c
2026-04-05 11:55:52,990 - INFO - Found 5 tables for MERO
2026-04-05 11:55:52,996 - INFO - Table 3 for MERO: 11r x 4c
2026-04-05 11:55:52,997 - INFO - Table 4 for MERO: 11r x 4c
2026-04-05 11:55:52,998 - INFO - Table 5 for MERO: 13r x 11c
2026-04-05 11:55:57,429 - INFO - Found 5 tables for MFIL
2026-04-05 11:55:57,435 - INFO - Table 3 for MFIL: 11r x 4c
2026-04-05 11:55:57,436 - INFO - Table 4 for MFIL: 11r x 4c
2026-04-05 11:55:57,437 - INFO - Table 5 for MFIL: 13r x 11c
2026-04-05 11:56:01,833 - INFO - Found 5 tables for MHCL
2026-04-05 11:56:01,840 - INFO - Table 3 for MHCL: 11r x 4c
2026-04-05 11:56:01,841 - INFO - Table 4 for MHCL: 15r x 4c
2026-04-05 11:56:01,842 - INFO - Table 5 for MHCL: 13r x 11c
2026-04-05 11:56:06,254 - INFO - Found 5 tables for MHL
2026-04-05 11:56:06,260 - INFO - Table 3 for MHL: 11r x 4c
2026-04-05 11:56:06,261 - INFO - Table 4 for MHL: 15r x 4c
2026-04-05 11:56:06,263 - INFO - Table 5 for MHL: 13r x 11c
2026-04-05 11:56:10,821 - INFO - Found 5 tables for MHNL
2026-04-05 11:56:10,828 - INFO - Table 3 for MHNL: 11r x 4c
2026-04-05 11:56:10,829 - INFO - Table 4 for MHNL: 15r x 4c
2026-04-05 11:56:10,830 - INFO - Table 5 for MHNL: 13r x 11c
2026-04-05 11:56:27,328 - INFO - Found 5 tables for MKCL
2026-04-05 11:56:27,335 - INFO - Table 3 for MKCL: 11r x 4c
2026-04-05 11:56:27,335 - INFO - Table 4 for MKCL: 11r x 4c
2026-04-05 11:56:27,337 - INFO - Table 5 for MKCL: 13r x 11c
2026-04-05 11:56:31,783 - INFO - Found 5 tables for MKHC
2026-04-05 11:56:31,789 - INFO - Table 3 for MKHC: 11r x 4c
2026-04-05 11:56:31,790 - INFO - Table 4 for MKHC: 15r x 4c
2026-04-05 11:56:31,792 - INFO - Table 5 for MKHC: 13r x 11c
2026-04-05 11:56:36,232 - INFO - Found 5 tables for MKHL
2026-04-05 11:56:36,238 - INFO - Table 3 for MKHL: 11r x 4c
2026-04-05 11:56:36,239 - INFO - Table 4 for MKHL: 15r x 4c
2026-04-05 11:56:36,241 - INFO - Table 5 for MKHL: 13r x 11c
2026-04-05 11:56:40,708 - INFO - Found 5 tables for MKJC
2026-04-05 11:56:40,714 - INFO - Table 3 for MKJC: 11r x 4c
2026-04-05 11:56:40,715 - INFO - Table 4 for MKJC: 15r x 4c
2026-04-05 11:56:40,717 - INFO - Table 5 for MKJC: 13r x 10c
2026-04-05 11:56:45,201 - INFO - Found 5 tables for MLBBL
2026-04-05 11:56:45,207 - INFO - Table 3 for MLBBL: 11r x 4c
2026-04-05 11:56:45,208 - INFO - Table 4 for MLBBL: 11r x 4c
2026-04-05 11:56:45,209 - INFO - Table 5 for MLBBL: 13r x 11c
2026-04-05 11:56:50,373 - INFO - Found 5 tables for MLBL
2026-04-05 11:56:50,379 - INFO - Table 3 for MLBL: 11r x 4c
2026-04-05 11:56:50,380 - INFO - Table 4 for MLBL: 11r x 4c
2026-04-05 11:56:50,381 - INFO - Table 5 for MLBL: 13r x 11c
2026-04-05 11:56:54,870 - INFO - Found 5 tables for MLBS
2026-04-05 11:56:54,877 - INFO - Table 3 for MLBS: 11r x 4c
2026-04-05 11:56:54,878 - INFO - Table 4 for MLBS: 11r x 4c
2026-04-05 11:56:54,880 - INFO - Table 5 for MLBS: 13r x 11c
2026-04-05 11:56:59,418 - INFO - Found 5 tables for MLBSL
2026-04-05 11:56:59,424 - INFO - Table 3 for MLBSL: 11r x 4c
2026-04-05 11:56:59,425 - INFO - Table 4 for MLBSL: 11r x 4c
2026-04-05 11:56:59,427 - INFO - Table 5 for MLBSL: 13r x 11c
2026-04-05 11:57:04,599 - INFO - Found 5 tables for MMKJL
2026-04-05 11:57:04,606 - INFO - Table 3 for MMKJL: 11r x 4c
2026-04-05 11:57:04,606 - INFO - Table 4 for MMKJL: 15r x 4c
2026-04-05 11:57:04,608 - INFO - Table 5 for MMKJL: 13r x 11c
2026-04-05 11:57:09,110 - INFO - Found 5 tables for MNBBL
2026-04-05 11:57:09,116 - INFO - Table 3 for MNBBL: 11r x 4c
2026-04-05 11:57:09,117 - INFO - Table 4 for MNBBL: 11r x 4c
2026-04-05 11:57:09,118 - INFO - Table 5 for MNBBL: 13r x 11c
2026-04-05 11:57:13,628 - INFO - Found 5 tables for MPFL
2026-04-05 11:57:13,635 - INFO - Table 3 for MPFL: 11r x 4c
2026-04-05 11:57:13,636 - INFO - Table 4 for MPFL: 11r x 4c
2026-04-05 11:57:13,637 - INFO - Table 5 for MPFL: 13r x 11c
2026-04-05 11:57:18,047 - INFO - Found 5 tables for MSHL
2026-04-05 11:57:18,053 - INFO - Table 3 for MSHL: 11r x 4c
2026-04-05 11:57:18,054 - INFO - Table 4 for MSHL: 15r x 4c
2026-04-05 11:57:18,056 - INFO - Table 5 for MSHL: 13r x 11c
2026-04-05 11:57:22,242 - INFO - Found 5 tables for MSLB
2026-04-05 11:57:22,248 - INFO - Table 3 for MSLB: 11r x 4c
2026-04-05 11:57:22,249 - INFO - Table 4 for MSLB: 11r x 4c
2026-04-05 11:57:22,250 - INFO - Table 5 for MSLB: 13r x 11c
2026-04-05 11:57:26,709 - INFO - Found 5 tables for NABBC
2026-04-05 11:57:26,715 - INFO - Table 3 for NABBC: 11r x 4c
2026-04-05 11:57:26,716 - INFO - Table 4 for NABBC: 11r x 4c
2026-04-05 11:57:26,717 - INFO - Table 5 for NABBC: 13r x 11c
2026-04-05 11:57:31,215 - INFO - Found 5 tables for NABIL
2026-04-05 11:57:31,222 - INFO - Table 3 for NABIL: 11r x 4c
2026-04-05 11:57:31,223 - INFO - Table 4 for NABIL: 11r x 4c
2026-04-05 11:57:31,224 - INFO - Table 5 for NABIL: 13r x 11c
2026-04-05 11:57:35,667 - INFO - Found 5 tables for NADEP
2026-04-05 11:57:35,673 - INFO - Table 3 for NADEP: 11r x 4c
2026-04-05 11:57:35,674 - INFO - Table 4 for NADEP: 11r x 4c
2026-04-05 11:57:35,675 - INFO - Table 5 for NADEP: 13r x 11c
2026-04-05 11:57:40,095 - INFO - Found 5 tables for NBL
2026-04-05 11:57:40,101 - INFO - Table 3 for NBL: 11r x 4c
2026-04-05 11:57:40,102 - INFO - Table 4 for NBL: 11r x 4c
2026-04-05 11:57:40,103 - INFO - Table 5 for NBL: 13r x 11c
2026-04-05 11:57:44,544 - INFO - Found 5 tables for NESDO
2026-04-05 11:57:44,550 - INFO - Table 3 for NESDO: 11r x 4c
2026-04-05 11:57:44,551 - INFO - Table 4 for NESDO: 11r x 4c
2026-04-05 11:57:44,553 - INFO - Table 5 for NESDO: 13r x 11c
2026-04-05 11:57:48,993 - INFO - Found 5 tables for NFS
2026-04-05 11:57:48,999 - INFO - Table 3 for NFS: 11r x 4c
2026-04-05 11:57:49,000 - INFO - Table 4 for NFS: 11r x 4c
2026-04-05 11:57:49,001 - INFO - Table 5 for NFS: 13r x 11c
2026-04-05 11:57:53,527 - INFO - Found 5 tables for NGPL
2026-04-05 11:57:53,534 - INFO - Table 3 for NGPL: 11r x 4c
2026-04-05 11:57:53,535 - INFO - Table 4 for NGPL: 15r x 4c
2026-04-05 11:57:53,536 - INFO - Table 5 for NGPL: 13r x 11c
2026-04-05 11:57:57,965 - INFO - Found 5 tables for NHDL
2026-04-05 11:57:57,971 - INFO - Table 3 for NHDL: 11r x 4c
2026-04-05 11:57:57,972 - INFO - Table 4 for NHDL: 15r x 4c
2026-04-05 11:57:57,974 - INFO - Table 5 for NHDL: 13r x 11c
2026-04-05 11:58:13,278 - INFO - Found 5 tables for NHPC
2026-04-05 11:58:13,285 - INFO - Table 3 for NHPC: 11r x 4c
2026-04-05 11:58:13,286 - INFO - Table 4 for NHPC: 15r x 4c
2026-04-05 11:58:13,287 - INFO - Table 5 for NHPC: 13r x 11c
2026-04-05 11:58:17,768 - INFO - Found 5 tables for NICA
2026-04-05 11:58:17,774 - INFO - Table 3 for NICA: 11r x 4c
2026-04-05 11:58:17,775 - INFO - Table 4 for NICA: 11r x 4c
2026-04-05 11:58:17,777 - INFO - Table 5 for NICA: 13r x 11c
2026-04-05 11:58:22,230 - INFO - Found 5 tables for NICL
2026-04-05 11:58:22,236 - INFO - Table 3 for NICL: 11r x 4c
2026-04-05 11:58:22,237 - INFO - Table 4 for NICL: 11r x 4c
2026-04-05 11:58:22,238 - INFO - Table 5 for NICL: 13r x 11c
2026-04-05 11:58:26,758 - INFO - Found 5 tables for NICLBSL
2026-04-05 11:58:26,764 - INFO - Table 3 for NICLBSL: 11r x 4c
2026-04-05 11:58:26,765 - INFO - Table 4 for NICLBSL: 11r x 4c
2026-04-05 11:58:26,767 - INFO - Table 5 for NICLBSL: 13r x 11c
2026-04-05 11:58:31,221 - INFO - Found 5 tables for NIFRA
2026-04-05 11:58:31,227 - INFO - Table 3 for NIFRA: 11r x 4c
2026-04-05 11:58:31,228 - INFO - Table 4 for NIFRA: 11r x 4c
2026-04-05 11:58:31,230 - INFO - Table 5 for NIFRA: 13r x 11c
2026-04-05 11:58:35,643 - INFO - Found 5 tables for NIL
2026-04-05 11:58:35,649 - INFO - Table 3 for NIL: 11r x 4c
2026-04-05 11:58:35,650 - INFO - Table 4 for NIL: 11r x 4c
2026-04-05 11:58:35,652 - INFO - Table 5 for NIL: 13r x 10c
2026-04-05 11:58:39,911 - INFO - Found 5 tables for NIMB
2026-04-05 11:58:39,918 - INFO - Table 3 for NIMB: 11r x 4c
2026-04-05 11:58:39,919 - INFO - Table 4 for NIMB: 11r x 4c
2026-04-05 11:58:39,920 - INFO - Table 5 for NIMB: 13r x 11c
2026-04-05 11:58:45,005 - INFO - Found 5 tables for NLG
2026-04-05 11:58:45,011 - INFO - Table 3 for NLG: 11r x 4c
2026-04-05 11:58:45,012 - INFO - Table 4 for NLG: 11r x 4c
2026-04-05 11:58:45,013 - INFO - Table 5 for NLG: 13r x 11c
2026-04-05 11:58:49,631 - INFO - Found 5 tables for NLIC
2026-04-05 11:58:49,637 - INFO - Table 3 for NLIC: 11r x 4c
2026-04-05 11:58:49,638 - INFO - Table 4 for NLIC: 11r x 4c
2026-04-05 11:58:49,639 - INFO - Table 5 for NLIC: 13r x 11c
2026-04-05 11:58:53,833 - INFO - Found 5 tables for NLICL
2026-04-05 11:58:53,840 - INFO - Table 3 for NLICL: 11r x 4c
2026-04-05 11:58:53,841 - INFO - Table 4 for NLICL: 11r x 4c
2026-04-05 11:58:53,842 - INFO - Table 5 for NLICL: 13r x 11c
2026-04-05 11:58:58,026 - INFO - Found 5 tables for NLO
2026-04-05 11:58:58,032 - INFO - Table 3 for NLO: 11r x 4c
2026-04-05 11:58:58,033 - INFO - Table 4 for NLO: 11r x 4c
2026-04-05 11:58:58,034 - INFO - Table 5 for NLO: 13r x 8c
2026-04-05 11:59:02,483 - INFO - Found 5 tables for NMB
2026-04-05 11:59:02,489 - INFO - Table 3 for NMB: 11r x 4c
2026-04-05 11:59:02,490 - INFO - Table 4 for NMB: 11r x 4c
2026-04-05 11:59:02,491 - INFO - Table 5 for NMB: 13r x 11c
2026-04-05 11:59:06,940 - INFO - Found 5 tables for NMBMF
2026-04-05 11:59:06,946 - INFO - Table 3 for NMBMF: 11r x 4c
2026-04-05 11:59:06,947 - INFO - Table 4 for NMBMF: 11r x 4c
2026-04-05 11:59:06,948 - INFO - Table 5 for NMBMF: 13r x 11c
2026-04-05 11:59:11,432 - INFO - Found 5 tables for NMFBS
2026-04-05 11:59:11,438 - INFO - Table 3 for NMFBS: 11r x 4c
2026-04-05 11:59:11,439 - INFO - Table 4 for NMFBS: 11r x 4c
2026-04-05 11:59:11,440 - INFO - Table 5 for NMFBS: 13r x 11c
2026-04-05 11:59:15,852 - INFO - Found 5 tables for NMIC
2026-04-05 11:59:15,858 - INFO - Table 3 for NMIC: 11r x 4c
2026-04-05 11:59:15,859 - INFO - Table 4 for NMIC: 11r x 4c
2026-04-05 11:59:15,860 - INFO - Table 5 for NMIC: 13r x 7c
2026-04-05 11:59:20,274 - INFO - Found 5 tables for NMLBBL
2026-04-05 11:59:20,281 - INFO - Table 3 for NMLBBL: 11r x 4c
2026-04-05 11:59:20,281 - INFO - Table 4 for NMLBBL: 11r x 4c
2026-04-05 11:59:20,283 - INFO - Table 5 for NMLBBL: 13r x 10c
2026-04-05 11:59:24,691 - INFO - Found 5 tables for NRIC
2026-04-05 11:59:24,697 - INFO - Table 3 for NRIC: 11r x 4c
2026-04-05 11:59:24,698 - INFO - Table 4 for NRIC: 11r x 4c
2026-04-05 11:59:24,699 - INFO - Table 5 for NRIC: 13r x 10c
2026-04-05 11:59:29,120 - INFO - Found 5 tables for NRM
2026-04-05 11:59:29,126 - INFO - Table 3 for NRM: 11r x 4c
2026-04-05 11:59:29,127 - INFO - Table 4 for NRM: 11r x 4c
2026-04-05 11:59:29,128 - INFO - Table 5 for NRM: 13r x 11c
2026-04-05 11:59:33,373 - INFO - Found 5 tables for NRN
2026-04-05 11:59:33,379 - INFO - Table 3 for NRN: 11r x 4c
2026-04-05 11:59:33,380 - INFO - Table 4 for NRN: 11r x 4c
2026-04-05 11:59:33,381 - INFO - Table 5 for NRN: 13r x 11c
2026-04-05 11:59:37,821 - INFO - Found 5 tables for NTC
2026-04-05 11:59:37,827 - INFO - Table 3 for NTC: 11r x 4c
2026-04-05 11:59:37,828 - INFO - Table 4 for NTC: 11r x 4c
2026-04-05 11:59:37,829 - INFO - Table 5 for NTC: 13r x 11c
2026-04-05 11:59:42,269 - INFO - Found 5 tables for NUBL
2026-04-05 11:59:42,276 - INFO - Table 3 for NUBL: 11r x 4c
2026-04-05 11:59:42,277 - INFO - Table 4 for NUBL: 11r x 4c
2026-04-05 11:59:42,278 - INFO - Table 5 for NUBL: 13r x 11c
2026-04-05 11:59:46,464 - INFO - Found 5 tables for NWCL
2026-04-05 11:59:46,475 - INFO - Table 3 for NWCL: 11r x 4c
2026-04-05 11:59:46,476 - INFO - Table 4 for NWCL: 11r x 4c
2026-04-05 11:59:46,479 - INFO - Table 5 for NWCL: 13r x 11c
2026-04-05 11:59:51,587 - INFO - Found 5 tables for NYADI
2026-04-05 11:59:51,593 - INFO - Table 3 for NYADI: 11r x 4c
2026-04-05 11:59:51,594 - INFO - Table 4 for NYADI: 15r x 4c
2026-04-05 11:59:51,596 - INFO - Table 5 for NYADI: 13r x 11c
2026-04-05 11:59:56,097 - INFO - Found 5 tables for OHL
2026-04-05 11:59:56,104 - INFO - Table 3 for OHL: 11r x 4c
2026-04-05 11:59:56,105 - INFO - Table 4 for OHL: 11r x 4c
2026-04-05 11:59:56,106 - INFO - Table 5 for OHL: 13r x 11c
2026-04-05 12:00:00,510 - INFO - Found 5 tables for OMPL
2026-04-05 12:00:00,516 - INFO - Table 3 for OMPL: 11r x 4c
2026-04-05 12:00:00,517 - INFO - Table 4 for OMPL: 11r x 4c
2026-04-05 12:00:00,518 - INFO - Table 5 for OMPL: 13r x 7c
2026-04-05 12:00:04,999 - INFO - Found 5 tables for PCBL
2026-04-05 12:00:05,005 - INFO - Table 3 for PCBL: 11r x 4c
2026-04-05 12:00:05,006 - INFO - Table 4 for PCBL: 11r x 4c
2026-04-05 12:00:05,007 - INFO - Table 5 for PCBL: 13r x 11c
2026-04-05 12:00:09,187 - INFO - Found 5 tables for PFL
2026-04-05 12:00:09,193 - INFO - Table 3 for PFL: 11r x 4c
2026-04-05 12:00:09,194 - INFO - Table 4 for PFL: 11r x 4c
2026-04-05 12:00:09,196 - INFO - Table 5 for PFL: 13r x 11c
2026-04-05 12:00:13,650 - INFO - Found 5 tables for PHCL
2026-04-05 12:00:13,656 - INFO - Table 3 for PHCL: 11r x 4c
2026-04-05 12:00:13,657 - INFO - Table 4 for PHCL: 15r x 4c
2026-04-05 12:00:13,658 - INFO - Table 5 for PHCL: 13r x 11c
2026-04-05 12:00:18,137 - INFO - Found 5 tables for PMHPL
2026-04-05 12:00:18,143 - INFO - Table 3 for PMHPL: 11r x 4c
2026-04-05 12:00:18,144 - INFO - Table 4 for PMHPL: 15r x 4c
2026-04-05 12:00:18,146 - INFO - Table 5 for PMHPL: 13r x 11c
2026-04-05 12:00:33,245 - INFO - Found 5 tables for PMLI
2026-04-05 12:00:33,252 - INFO - Table 3 for PMLI: 11r x 4c
2026-04-05 12:00:33,253 - INFO - Table 4 for PMLI: 11r x 4c
2026-04-05 12:00:33,254 - INFO - Table 5 for PMLI: 13r x 11c
2026-04-05 12:00:37,477 - INFO - Found 5 tables for PPCL
2026-04-05 12:00:37,484 - INFO - Table 3 for PPCL: 11r x 4c
2026-04-05 12:00:37,484 - INFO - Table 4 for PPCL: 15r x 4c
2026-04-05 12:00:37,486 - INFO - Table 5 for PPCL: 13r x 11c
2026-04-05 12:00:53,384 - INFO - Found 5 tables for PPL
2026-04-05 12:00:53,390 - INFO - Table 3 for PPL: 11r x 4c
2026-04-05 12:00:53,391 - INFO - Table 4 for PPL: 15r x 4c
2026-04-05 12:00:53,392 - INFO - Table 5 for PPL: 13r x 11c
2026-04-05 12:00:57,835 - INFO - Found 5 tables for PRIN
2026-04-05 12:00:57,841 - INFO - Table 3 for PRIN: 11r x 4c
2026-04-05 12:00:57,842 - INFO - Table 4 for PRIN: 11r x 4c
2026-04-05 12:00:57,844 - INFO - Table 5 for PRIN: 13r x 11c
2026-04-05 12:01:02,331 - INFO - Found 5 tables for PROFL
2026-04-05 12:01:02,337 - INFO - Table 3 for PROFL: 11r x 4c
2026-04-05 12:01:02,339 - INFO - Table 4 for PROFL: 11r x 4c
2026-04-05 12:01:02,340 - INFO - Table 5 for PROFL: 13r x 11c
2026-04-05 12:01:06,784 - INFO - Found 5 tables for PRVU
2026-04-05 12:01:06,791 - INFO - Table 3 for PRVU: 11r x 4c
2026-04-05 12:01:06,791 - INFO - Table 4 for PRVU: 11r x 4c
2026-04-05 12:01:06,793 - INFO - Table 5 for PRVU: 13r x 11c
2026-04-05 12:01:11,242 - INFO - Found 5 tables for PURE
2026-04-05 12:01:11,248 - INFO - Table 3 for PURE: 11r x 4c
2026-04-05 12:01:11,249 - INFO - Table 4 for PURE: 15r x 4c
2026-04-05 12:01:11,250 - INFO - Table 5 for PURE: 13r x 6c
2026-04-05 12:01:15,798 - INFO - Found 5 tables for RADHI
2026-04-05 12:01:15,804 - INFO - Table 3 for RADHI: 11r x 4c
2026-04-05 12:01:15,805 - INFO - Table 4 for RADHI: 15r x 4c
2026-04-05 12:01:15,807 - INFO - Table 5 for RADHI: 13r x 11c
2026-04-05 12:01:20,215 - INFO - Found 5 tables for RAWA
2026-04-05 12:01:20,221 - INFO - Table 3 for RAWA: 11r x 4c
2026-04-05 12:01:20,222 - INFO - Table 4 for RAWA: 15r x 4c
2026-04-05 12:01:20,223 - INFO - Table 5 for RAWA: 13r x 11c
2026-04-05 12:01:24,720 - INFO - Found 5 tables for RBCL
2026-04-05 12:01:24,726 - INFO - Table 3 for RBCL: 11r x 4c
2026-04-05 12:01:24,727 - INFO - Table 4 for RBCL: 11r x 4c
2026-04-05 12:01:24,729 - INFO - Table 5 for RBCL: 13r x 11c
2026-04-05 12:01:28,946 - INFO - Found 5 tables for RFPL
2026-04-05 12:01:28,952 - INFO - Table 3 for RFPL: 11r x 4c
2026-04-05 12:01:28,953 - INFO - Table 4 for RFPL: 15r x 4c
2026-04-05 12:01:28,955 - INFO - Table 5 for RFPL: 13r x 10c
2026-04-05 12:01:44,452 - INFO - Found 5 tables for RHGCL
2026-04-05 12:01:44,459 - INFO - Table 3 for RHGCL: 11r x 4c
2026-04-05 12:01:44,460 - INFO - Table 4 for RHGCL: 15r x 4c
2026-04-05 12:01:44,461 - INFO - Table 5 for RHGCL: 13r x 11c
2026-04-05 12:01:48,920 - INFO - Found 5 tables for RHPL
2026-04-05 12:01:48,926 - INFO - Table 3 for RHPL: 11r x 4c
2026-04-05 12:01:48,927 - INFO - Table 4 for RHPL: 15r x 4c
2026-04-05 12:01:48,929 - INFO - Table 5 for RHPL: 13r x 11c
2026-04-05 12:01:54,035 - INFO - Found 5 tables for RIDI
2026-04-05 12:01:54,041 - INFO - Table 3 for RIDI: 11r x 4c
2026-04-05 12:01:54,042 - INFO - Table 4 for RIDI: 15r x 4c
2026-04-05 12:01:54,044 - INFO - Table 5 for RIDI: 13r x 11c
2026-04-05 12:01:58,533 - INFO - Found 5 tables for RLFL
2026-04-05 12:01:58,540 - INFO - Table 3 for RLFL: 11r x 4c
2026-04-05 12:01:58,540 - INFO - Table 4 for RLFL: 11r x 4c
2026-04-05 12:01:58,542 - INFO - Table 5 for RLFL: 13r x 11c
2026-04-05 12:02:03,122 - INFO - Found 5 tables for RNLI
2026-04-05 12:02:03,128 - INFO - Table 3 for RNLI: 11r x 4c
2026-04-05 12:02:03,129 - INFO - Table 4 for RNLI: 11r x 4c
2026-04-05 12:02:03,131 - INFO - Table 5 for RNLI: 13r x 11c
2026-04-05 12:02:07,700 - INFO - Found 5 tables for RSDC
2026-04-05 12:02:07,707 - INFO - Table 3 for RSDC: 11r x 4c
2026-04-05 12:02:07,707 - INFO - Table 4 for RSDC: 11r x 4c
2026-04-05 12:02:07,709 - INFO - Table 5 for RSDC: 13r x 11c
2026-04-05 12:02:12,145 - INFO - Found 5 tables for RURU
2026-04-05 12:02:12,152 - INFO - Table 3 for RURU: 11r x 4c
2026-04-05 12:02:12,153 - INFO - Table 4 for RURU: 15r x 4c
2026-04-05 12:02:12,154 - INFO - Table 5 for RURU: 13r x 11c
2026-04-05 12:02:16,613 - INFO - Found 5 tables for SADBL
2026-04-05 12:02:16,619 - INFO - Table 3 for SADBL: 11r x 4c
2026-04-05 12:02:16,620 - INFO - Table 4 for SADBL: 11r x 4c
2026-04-05 12:02:16,621 - INFO - Table 5 for SADBL: 13r x 11c
2026-04-05 12:02:21,093 - INFO - Found 5 tables for SAHAS
2026-04-05 12:02:21,099 - INFO - Table 3 for SAHAS: 11r x 4c
2026-04-05 12:02:21,100 - INFO - Table 4 for SAHAS: 15r x 4c
2026-04-05 12:02:21,102 - INFO - Table 5 for SAHAS: 13r x 11c
2026-04-05 12:02:25,270 - INFO - Found 5 tables for SALICO
2026-04-05 12:02:25,276 - INFO - Table 3 for SALICO: 11r x 4c
2026-04-05 12:02:25,277 - INFO - Table 4 for SALICO: 11r x 4c
2026-04-05 12:02:25,279 - INFO - Table 5 for SALICO: 13r x 11c
2026-04-05 12:02:29,706 - INFO - Found 5 tables for SAMAJ
2026-04-05 12:02:29,713 - INFO - Table 3 for SAMAJ: 11r x 4c
2026-04-05 12:02:29,714 - INFO - Table 4 for SAMAJ: 11r x 4c
2026-04-05 12:02:29,715 - INFO - Table 5 for SAMAJ: 13r x 9c
2026-04-05 12:02:34,226 - INFO - Found 5 tables for SANIMA
2026-04-05 12:02:34,233 - INFO - Table 3 for SANIMA: 11r x 4c
2026-04-05 12:02:34,234 - INFO - Table 4 for SANIMA: 11r x 4c
2026-04-05 12:02:34,235 - INFO - Table 5 for SANIMA: 13r x 11c
2026-04-05 12:02:38,669 - INFO - Found 5 tables for SANVI
2026-04-05 12:02:38,675 - INFO - Table 3 for SANVI: 11r x 4c
2026-04-05 12:02:38,676 - INFO - Table 4 for SANVI: 15r x 4c
2026-04-05 12:02:38,677 - INFO - Table 5 for SANVI: 13r x 6c
2026-04-05 12:02:43,177 - INFO - Found 5 tables for SAPDBL
2026-04-05 12:02:43,183 - INFO - Table 3 for SAPDBL: 11r x 4c
2026-04-05 12:02:43,184 - INFO - Table 4 for SAPDBL: 11r x 4c
2026-04-05 12:02:43,185 - INFO - Table 5 for SAPDBL: 13r x 11c
2026-04-05 12:02:47,399 - INFO - Found 5 tables for SARBTM
2026-04-05 12:02:47,405 - INFO - Table 3 for SARBTM: 11r x 4c
2026-04-05 12:02:47,406 - INFO - Table 4 for SARBTM: 11r x 4c
2026-04-05 12:02:47,408 - INFO - Table 5 for SARBTM: 13r x 11c
2026-04-05 12:02:51,842 - INFO - Found 5 tables for SBI
2026-04-05 12:02:51,849 - INFO - Table 3 for SBI: 11r x 4c
2026-04-05 12:02:51,850 - INFO - Table 4 for SBI: 11r x 4c
2026-04-05 12:02:51,851 - INFO - Table 5 for SBI: 13r x 11c
2026-04-05 12:02:56,307 - INFO - Found 5 tables for SBL
2026-04-05 12:02:56,313 - INFO - Table 3 for SBL: 11r x 4c
2026-04-05 12:02:56,314 - INFO - Table 4 for SBL: 11r x 4c
2026-04-05 12:02:56,316 - INFO - Table 5 for SBL: 13r x 11c
2026-04-05 12:03:01,397 - INFO - Found 5 tables for SCB
2026-04-05 12:03:01,403 - INFO - Table 3 for SCB: 11r x 4c
2026-04-05 12:03:01,404 - INFO - Table 4 for SCB: 11r x 4c
2026-04-05 12:03:01,405 - INFO - Table 5 for SCB: 13r x 11c
2026-04-05 12:03:05,928 - INFO - Found 5 tables for SFCL
2026-04-05 12:03:05,935 - INFO - Table 3 for SFCL: 11r x 4c
2026-04-05 12:03:05,935 - INFO - Table 4 for SFCL: 11r x 4c
2026-04-05 12:03:05,937 - INFO - Table 5 for SFCL: 13r x 11c
2026-04-05 12:03:10,376 - INFO - Found 5 tables for SGHC
2026-04-05 12:03:10,382 - INFO - Table 3 for SGHC: 11r x 4c
2026-04-05 12:03:10,383 - INFO - Table 4 for SGHC: 15r x 4c
2026-04-05 12:03:10,384 - INFO - Table 5 for SGHC: 13r x 11c
2026-04-05 12:03:14,812 - INFO - Found 5 tables for SGIC
2026-04-05 12:03:14,819 - INFO - Table 3 for SGIC: 11r x 4c
2026-04-05 12:03:14,820 - INFO - Table 4 for SGIC: 11r x 4c
2026-04-05 12:03:14,821 - INFO - Table 5 for SGIC: 13r x 11c
2026-04-05 12:03:19,246 - INFO - Found 5 tables for SHEL
2026-04-05 12:03:19,252 - INFO - Table 3 for SHEL: 11r x 4c
2026-04-05 12:03:19,253 - INFO - Table 4 for SHEL: 15r x 4c
2026-04-05 12:03:19,255 - INFO - Table 5 for SHEL: 13r x 11c
2026-04-05 12:03:23,680 - INFO - Found 5 tables for SHINE
2026-04-05 12:03:23,687 - INFO - Table 3 for SHINE: 11r x 4c
2026-04-05 12:03:23,688 - INFO - Table 4 for SHINE: 11r x 4c
2026-04-05 12:03:23,689 - INFO - Table 5 for SHINE: 13r x 11c
2026-04-05 12:03:28,177 - INFO - Found 5 tables for SHIVM
2026-04-05 12:03:28,183 - INFO - Table 3 for SHIVM: 11r x 4c
2026-04-05 12:03:28,184 - INFO - Table 4 for SHIVM: 11r x 4c
2026-04-05 12:03:28,186 - INFO - Table 5 for SHIVM: 13r x 11c
2026-04-05 12:03:32,859 - INFO - Found 5 tables for SHL
2026-04-05 12:03:32,865 - INFO - Table 3 for SHL: 11r x 4c
2026-04-05 12:03:32,866 - INFO - Table 4 for SHL: 11r x 4c
2026-04-05 12:03:32,868 - INFO - Table 5 for SHL: 13r x 11c
2026-04-05 12:03:37,321 - INFO - Found 5 tables for SHLB
2026-04-05 12:03:37,328 - INFO - Table 3 for SHLB: 11r x 4c
2026-04-05 12:03:37,329 - INFO - Table 4 for SHLB: 11r x 4c
2026-04-05 12:03:37,330 - INFO - Table 5 for SHLB: 13r x 11c
2026-04-05 12:03:41,827 - INFO - Found 5 tables for SHPC
2026-04-05 12:03:41,833 - INFO - Table 3 for SHPC: 11r x 4c
2026-04-05 12:03:41,834 - INFO - Table 4 for SHPC: 15r x 4c
2026-04-05 12:03:41,836 - INFO - Table 5 for SHPC: 13r x 11c
2026-04-05 12:03:46,316 - INFO - Found 5 tables for SICL
2026-04-05 12:03:46,322 - INFO - Table 3 for SICL: 11r x 4c
2026-04-05 12:03:46,323 - INFO - Table 4 for SICL: 11r x 4c
2026-04-05 12:03:46,324 - INFO - Table 5 for SICL: 13r x 11c
2026-04-05 12:03:50,818 - INFO - Found 5 tables for SIFC
2026-04-05 12:03:50,825 - INFO - Table 3 for SIFC: 11r x 4c
2026-04-05 12:03:50,825 - INFO - Table 4 for SIFC: 11r x 4c
2026-04-05 12:03:50,827 - INFO - Table 5 for SIFC: 13r x 11c
2026-04-05 12:03:55,279 - INFO - Found 5 tables for SIKLES
2026-04-05 12:03:55,286 - INFO - Table 3 for SIKLES: 11r x 4c
2026-04-05 12:03:55,286 - INFO - Table 4 for SIKLES: 15r x 4c
2026-04-05 12:03:55,288 - INFO - Table 5 for SIKLES: 13r x 11c
2026-04-05 12:04:11,098 - INFO - Found 5 tables for SINDU
2026-04-05 12:04:11,104 - INFO - Table 3 for SINDU: 11r x 4c
2026-04-05 12:04:11,105 - INFO - Table 4 for SINDU: 11r x 4c
2026-04-05 12:04:11,107 - INFO - Table 5 for SINDU: 13r x 11c
2026-04-05 12:04:15,313 - INFO - Found 5 tables for SJCL
2026-04-05 12:04:15,319 - INFO - Table 3 for SJCL: 11r x 4c
2026-04-05 12:04:15,320 - INFO - Table 4 for SJCL: 15r x 4c
2026-04-05 12:04:15,322 - INFO - Table 5 for SJCL: 13r x 11c
2026-04-05 12:04:19,744 - INFO - Found 5 tables for SJLIC
2026-04-05 12:04:19,750 - INFO - Table 3 for SJLIC: 11r x 4c
2026-04-05 12:04:19,751 - INFO - Table 4 for SJLIC: 11r x 4c
2026-04-05 12:04:19,752 - INFO - Table 5 for SJLIC: 13r x 11c
2026-04-05 12:04:24,282 - INFO - Found 5 tables for SKBBL
2026-04-05 12:04:24,289 - INFO - Table 3 for SKBBL: 11r x 4c
2026-04-05 12:04:24,289 - INFO - Table 4 for SKBBL: 11r x 4c
2026-04-05 12:04:24,291 - INFO - Table 5 for SKBBL: 13r x 11c
2026-04-05 12:04:28,778 - INFO - Found 5 tables for SLBBL
2026-04-05 12:04:28,785 - INFO - Table 3 for SLBBL: 11r x 4c
2026-04-05 12:04:28,786 - INFO - Table 4 for SLBBL: 11r x 4c
2026-04-05 12:04:28,787 - INFO - Table 5 for SLBBL: 13r x 11c
2026-04-05 12:04:33,249 - INFO - Found 5 tables for SLBSL
2026-04-05 12:04:33,255 - INFO - Table 3 for SLBSL: 11r x 4c
2026-04-05 12:04:33,256 - INFO - Table 4 for SLBSL: 11r x 4c
2026-04-05 12:04:33,257 - INFO - Table 5 for SLBSL: 13r x 11c
2026-04-05 12:04:37,731 - INFO - Found 5 tables for SMATA
2026-04-05 12:04:37,737 - INFO - Table 3 for SMATA: 11r x 4c
2026-04-05 12:04:37,738 - INFO - Table 4 for SMATA: 11r x 4c
2026-04-05 12:04:37,739 - INFO - Table 5 for SMATA: 13r x 11c
2026-04-05 12:04:42,233 - INFO - Found 5 tables for SMB
2026-04-05 12:04:42,239 - INFO - Table 3 for SMB: 11r x 4c
2026-04-05 12:04:42,240 - INFO - Table 4 for SMB: 11r x 4c
2026-04-05 12:04:42,242 - INFO - Table 5 for SMB: 13r x 11c
2026-04-05 12:04:46,763 - INFO - Found 5 tables for SMFBS
2026-04-05 12:04:46,769 - INFO - Table 3 for SMFBS: 11r x 4c
2026-04-05 12:04:46,770 - INFO - Table 4 for SMFBS: 11r x 4c
2026-04-05 12:04:46,771 - INFO - Table 5 for SMFBS: 13r x 11c
2026-04-05 12:04:51,223 - INFO - Found 5 tables for SMH
2026-04-05 12:04:51,230 - INFO - Table 3 for SMH: 11r x 4c
2026-04-05 12:04:51,231 - INFO - Table 4 for SMH: 15r x 4c
2026-04-05 12:04:51,232 - INFO - Table 5 for SMH: 13r x 11c
2026-04-05 12:04:55,678 - INFO - Found 5 tables for SMHL
2026-04-05 12:04:55,684 - INFO - Table 3 for SMHL: 11r x 4c
2026-04-05 12:04:55,685 - INFO - Table 4 for SMHL: 15r x 4c
2026-04-05 12:04:55,687 - INFO - Table 5 for SMHL: 13r x 11c
2026-04-05 12:05:00,116 - INFO - Found 5 tables for SMJC
2026-04-05 12:05:00,123 - INFO - Table 3 for SMJC: 11r x 4c
2026-04-05 12:05:00,124 - INFO - Table 4 for SMJC: 15r x 4c
2026-04-05 12:05:00,125 - INFO - Table 5 for SMJC: 13r x 11c
2026-04-05 12:05:04,557 - INFO - Found 5 tables for SMPDA
2026-04-05 12:05:04,563 - INFO - Table 3 for SMPDA: 11r x 4c
2026-04-05 12:05:04,564 - INFO - Table 4 for SMPDA: 11r x 4c
2026-04-05 12:05:04,565 - INFO - Table 5 for SMPDA: 13r x 10c
2026-04-05 12:05:09,118 - INFO - Found 5 tables for SNLI
2026-04-05 12:05:09,124 - INFO - Table 3 for SNLI: 11r x 4c
2026-04-05 12:05:09,125 - INFO - Table 4 for SNLI: 11r x 4c
2026-04-05 12:05:09,127 - INFO - Table 5 for SNLI: 13r x 11c
2026-04-05 12:05:13,604 - INFO - Found 5 tables for SONA
2026-04-05 12:05:13,611 - INFO - Table 3 for SONA: 11r x 4c
2026-04-05 12:05:13,611 - INFO - Table 4 for SONA: 11r x 4c
2026-04-05 12:05:13,613 - INFO - Table 5 for SONA: 13r x 11c
2026-04-05 12:05:18,091 - INFO - Found 5 tables for SPC
2026-04-05 12:05:18,098 - INFO - Table 3 for SPC: 11r x 4c
2026-04-05 12:05:18,099 - INFO - Table 4 for SPC: 15r x 4c
2026-04-05 12:05:18,100 - INFO - Table 5 for SPC: 13r x 11c
2026-04-05 12:05:22,539 - INFO - Found 5 tables for SPDL
2026-04-05 12:05:22,545 - INFO - Table 3 for SPDL: 11r x 4c
2026-04-05 12:05:22,546 - INFO - Table 4 for SPDL: 15r x 4c
2026-04-05 12:05:22,548 - INFO - Table 5 for SPDL: 13r x 11c
2026-04-05 12:05:26,978 - INFO - Found 5 tables for SPHL
2026-04-05 12:05:26,984 - INFO - Table 3 for SPHL: 11r x 4c
2026-04-05 12:05:26,985 - INFO - Table 4 for SPHL: 15r x 4c
2026-04-05 12:05:26,987 - INFO - Table 5 for SPHL: 13r x 11c
2026-04-05 12:05:31,542 - INFO - Found 5 tables for SPIL
2026-04-05 12:05:31,548 - INFO - Table 3 for SPIL: 11r x 4c
2026-04-05 12:05:31,549 - INFO - Table 4 for SPIL: 11r x 4c
2026-04-05 12:05:31,550 - INFO - Table 5 for SPIL: 13r x 11c
2026-04-05 12:05:35,982 - INFO - Found 5 tables for SPL
2026-04-05 12:05:35,988 - INFO - Table 3 for SPL: 11r x 4c
2026-04-05 12:05:35,989 - INFO - Table 4 for SPL: 15r x 4c
2026-04-05 12:05:35,991 - INFO - Table 5 for SPL: 13r x 11c
2026-04-05 12:05:40,435 - INFO - Found 5 tables for SRLI
2026-04-05 12:05:40,441 - INFO - Table 3 for SRLI: 11r x 4c
2026-04-05 12:05:40,442 - INFO - Table 4 for SRLI: 11r x 4c
2026-04-05 12:05:40,443 - INFO - Table 5 for SRLI: 13r x 11c
2026-04-05 12:05:44,873 - INFO - Found 5 tables for SSHL
2026-04-05 12:05:44,879 - INFO - Table 3 for SSHL: 11r x 4c
2026-04-05 12:05:44,880 - INFO - Table 4 for SSHL: 15r x 4c
2026-04-05 12:05:44,882 - INFO - Table 5 for SSHL: 13r x 10c
2026-04-05 12:05:49,307 - INFO - Found 5 tables for STC
2026-04-05 12:05:49,314 - INFO - Table 3 for STC: 11r x 4c
2026-04-05 12:05:49,314 - INFO - Table 4 for STC: 11r x 4c
2026-04-05 12:05:49,316 - INFO - Table 5 for STC: 13r x 11c
2026-04-05 12:06:04,854 - INFO - Found 5 tables for SWBBL
2026-04-05 12:06:04,860 - INFO - Table 3 for SWBBL: 11r x 4c
2026-04-05 12:06:04,861 - INFO - Table 4 for SWBBL: 11r x 4c
2026-04-05 12:06:04,862 - INFO - Table 5 for SWBBL: 13r x 11c
2026-04-05 12:06:09,331 - INFO - Found 5 tables for SWMF
2026-04-05 12:06:09,338 - INFO - Table 3 for SWMF: 11r x 4c
2026-04-05 12:06:09,339 - INFO - Table 4 for SWMF: 11r x 4c
2026-04-05 12:06:09,340 - INFO - Table 5 for SWMF: 13r x 11c
2026-04-05 12:06:13,792 - INFO - Found 5 tables for TAMOR
2026-04-05 12:06:13,798 - INFO - Table 3 for TAMOR: 11r x 4c
2026-04-05 12:06:13,800 - INFO - Table 4 for TAMOR: 15r x 4c
2026-04-05 12:06:13,802 - INFO - Table 5 for TAMOR: 13r x 11c
2026-04-05 12:06:29,759 - INFO - Found 5 tables for TPC
2026-04-05 12:06:29,765 - INFO - Table 3 for TPC: 11r x 4c
2026-04-05 12:06:29,766 - INFO - Table 4 for TPC: 15r x 4c
2026-04-05 12:06:29,767 - INFO - Table 5 for TPC: 13r x 11c
2026-04-05 12:06:34,223 - INFO - Found 5 tables for TRH
2026-04-05 12:06:34,229 - INFO - Table 3 for TRH: 11r x 4c
2026-04-05 12:06:34,230 - INFO - Table 4 for TRH: 11r x 4c
2026-04-05 12:06:34,232 - INFO - Table 5 for TRH: 13r x 11c
2026-04-05 12:06:38,752 - INFO - Found 5 tables for TSHL
2026-04-05 12:06:38,758 - INFO - Table 3 for TSHL: 11r x 4c
2026-04-05 12:06:38,759 - INFO - Table 4 for TSHL: 15r x 4c
2026-04-05 12:06:38,761 - INFO - Table 5 for TSHL: 13r x 11c
2026-04-05 12:06:43,189 - INFO - Found 5 tables for TTL
2026-04-05 12:06:43,195 - INFO - Table 3 for TTL: 11r x 4c
2026-04-05 12:06:43,196 - INFO - Table 4 for TTL: 11r x 4c
2026-04-05 12:06:43,197 - INFO - Table 5 for TTL: 13r x 6c
2026-04-05 12:06:47,633 - INFO - Found 5 tables for TVCL
2026-04-05 12:06:47,639 - INFO - Table 3 for TVCL: 11r x 4c
2026-04-05 12:06:47,640 - INFO - Table 4 for TVCL: 15r x 4c
2026-04-05 12:06:47,642 - INFO - Table 5 for TVCL: 13r x 11c
2026-04-05 12:06:51,904 - INFO - Found 5 tables for UAIL
2026-04-05 12:06:51,910 - INFO - Table 3 for UAIL: 11r x 4c
2026-04-05 12:06:51,911 - INFO - Table 4 for UAIL: 11r x 4c
2026-04-05 12:06:51,913 - INFO - Table 5 for UAIL: 13r x 11c
2026-04-05 12:06:56,386 - INFO - Found 5 tables for UHEWA
2026-04-05 12:06:56,393 - INFO - Table 3 for UHEWA: 11r x 4c
2026-04-05 12:06:56,394 - INFO - Table 4 for UHEWA: 15r x 4c
2026-04-05 12:06:56,395 - INFO - Table 5 for UHEWA: 13r x 11c
2026-04-05 12:07:00,916 - INFO - Found 5 tables for ULBSL
2026-04-05 12:07:00,923 - INFO - Table 3 for ULBSL: 11r x 4c
2026-04-05 12:07:00,923 - INFO - Table 4 for ULBSL: 11r x 4c
2026-04-05 12:07:00,925 - INFO - Table 5 for ULBSL: 13r x 11c
2026-04-05 12:07:05,421 - INFO - Found 5 tables for ULHC
2026-04-05 12:07:05,427 - INFO - Table 3 for ULHC: 11r x 4c
2026-04-05 12:07:05,428 - INFO - Table 4 for ULHC: 15r x 4c
2026-04-05 12:07:05,429 - INFO - Table 5 for ULHC: 13r x 9c
2026-04-05 12:07:09,643 - INFO - Found 5 tables for UMHL
2026-04-05 12:07:09,649 - INFO - Table 3 for UMHL: 11r x 4c
2026-04-05 12:07:09,650 - INFO - Table 4 for UMHL: 15r x 4c
2026-04-05 12:07:09,651 - INFO - Table 5 for UMHL: 13r x 11c
2026-04-05 12:07:14,174 - INFO - Found 5 tables for UMRH
2026-04-05 12:07:14,180 - INFO - Table 3 for UMRH: 11r x 4c
2026-04-05 12:07:14,181 - INFO - Table 4 for UMRH: 15r x 4c
2026-04-05 12:07:14,183 - INFO - Table 5 for UMRH: 13r x 11c
2026-04-05 12:07:18,701 - INFO - Found 5 tables for UNHPL
2026-04-05 12:07:18,707 - INFO - Table 3 for UNHPL: 11r x 4c
2026-04-05 12:07:18,708 - INFO - Table 4 for UNHPL: 15r x 4c
2026-04-05 12:07:18,709 - INFO - Table 5 for UNHPL: 13r x 11c
2026-04-05 12:07:23,320 - INFO - Found 5 tables for UNL
2026-04-05 12:07:23,327 - INFO - Table 3 for UNL: 11r x 4c
2026-04-05 12:07:23,328 - INFO - Table 4 for UNL: 11r x 4c
2026-04-05 12:07:23,329 - INFO - Table 5 for UNL: 13r x 11c
2026-04-05 12:07:27,775 - INFO - Found 5 tables for UNLB
2026-04-05 12:07:27,781 - INFO - Table 3 for UNLB: 11r x 4c
2026-04-05 12:07:27,782 - INFO - Table 4 for UNLB: 11r x 4c
2026-04-05 12:07:27,784 - INFO - Table 5 for UNLB: 13r x 11c
2026-04-05 12:07:43,286 - INFO - Found 5 tables for UPCL
2026-04-05 12:07:43,292 - INFO - Table 3 for UPCL: 11r x 4c
2026-04-05 12:07:43,293 - INFO - Table 4 for UPCL: 15r x 4c
2026-04-05 12:07:43,294 - INFO - Table 5 for UPCL: 13r x 11c
2026-04-05 12:07:47,731 - INFO - Found 5 tables for UPPER
2026-04-05 12:07:47,737 - INFO - Table 3 for UPPER: 11r x 4c
2026-04-05 12:07:47,738 - INFO - Table 4 for UPPER: 15r x 4c
2026-04-05 12:07:47,739 - INFO - Table 5 for UPPER: 13r x 11c
2026-04-05 12:07:52,207 - INFO - Found 5 tables for USHEC
2026-04-05 12:07:52,213 - INFO - Table 3 for USHEC: 11r x 4c
2026-04-05 12:07:52,214 - INFO - Table 4 for USHEC: 15r x 4c
2026-04-05 12:07:52,215 - INFO - Table 5 for USHEC: 13r x 11c
2026-04-05 12:07:56,731 - INFO - Found 5 tables for USHL
2026-04-05 12:07:56,738 - INFO - Table 3 for USHL: 11r x 4c
2026-04-05 12:07:56,739 - INFO - Table 4 for USHL: 15r x 4c
2026-04-05 12:07:56,740 - INFO - Table 5 for USHL: 13r x 11c
2026-04-05 12:08:01,196 - INFO - Found 5 tables for USLB
2026-04-05 12:08:01,202 - INFO - Table 3 for USLB: 11r x 4c
2026-04-05 12:08:01,203 - INFO - Table 4 for USLB: 11r x 4c
2026-04-05 12:08:01,205 - INFO - Table 5 for USLB: 13r x 11c
2026-04-05 12:08:06,323 - INFO - Found 5 tables for VLBS
2026-04-05 12:08:06,329 - INFO - Table 3 for VLBS: 11r x 4c
2026-04-05 12:08:06,330 - INFO - Table 4 for VLBS: 11r x 4c
2026-04-05 12:08:06,331 - INFO - Table 5 for VLBS: 13r x 11c
2026-04-05 12:08:10,776 - INFO - Found 5 tables for VLUCL
2026-04-05 12:08:10,782 - INFO - Table 3 for VLUCL: 11r x 4c
2026-04-05 12:08:10,783 - INFO - Table 4 for VLUCL: 15r x 4c
2026-04-05 12:08:10,784 - INFO - Table 5 for VLUCL: 13r x 11c
2026-04-05 12:08:14,968 - INFO - Found 5 tables for WNLB
2026-04-05 12:08:14,974 - INFO - Table 3 for WNLB: 11r x 4c
2026-04-05 12:08:14,975 - INFO - Table 4 for WNLB: 11r x 4c
2026-04-05 12:08:14,976 - INFO - Table 5 for WNLB: 13r x 11c
2026-04-05 12:08:18,646 - INFO - CSV saved: Link_Attributes.csv
2026-04-05 12:08:18,728 - INFO - CSV saved: Link_Additional.csv
2026-04-05 12:08:20,198 - INFO - Dashboard saved: index.html
2026-04-06 11:58:50,355 - INFO - Found 251 URLs
2026-04-06 11:58:55,026 - INFO - Found 5 tables for ACLBSL
2026-04-06 11:58:55,038 - INFO - Table 3 for ACLBSL: 11r x 4c
2026-04-06 11:58:55,039 - INFO - Table 4 for ACLBSL: 11r x 4c
2026-04-06 11:58:55,040 - INFO - Table 5 for ACLBSL: 13r x 11c
2026-04-06 11:58:59,441 - INFO - Found 5 tables for ADBL
2026-04-06 11:58:59,453 - INFO - Table 3 for ADBL: 11r x 4c
2026-04-06 11:58:59,453 - INFO - Table 4 for ADBL: 11r x 4c
2026-04-06 11:58:59,455 - INFO - Table 5 for ADBL: 13r x 11c
2026-04-06 11:59:03,898 - INFO - Found 5 tables for AHL
2026-04-06 11:59:03,909 - INFO - Table 3 for AHL: 11r x 4c
2026-04-06 11:59:03,910 - INFO - Table 4 for AHL: 15r x 4c
2026-04-06 11:59:03,912 - INFO - Table 5 for AHL: 13r x 11c
2026-04-06 11:59:08,848 - INFO - Found 5 tables for AHPC
2026-04-06 11:59:08,860 - INFO - Table 3 for AHPC: 11r x 4c
2026-04-06 11:59:08,861 - INFO - Table 4 for AHPC: 15r x 4c
2026-04-06 11:59:08,862 - INFO - Table 5 for AHPC: 13r x 11c
2026-04-06 11:59:13,350 - INFO - Found 5 tables for AKJCL
2026-04-06 11:59:13,361 - INFO - Table 3 for AKJCL: 11r x 4c
2026-04-06 11:59:13,362 - INFO - Table 4 for AKJCL: 15r x 4c
2026-04-06 11:59:13,364 - INFO - Table 5 for AKJCL: 13r x 11c
2026-04-06 11:59:17,729 - INFO - Found 5 tables for AKPL
2026-04-06 11:59:17,740 - INFO - Table 3 for AKPL: 11r x 4c
2026-04-06 11:59:17,742 - INFO - Table 4 for AKPL: 15r x 4c
2026-04-06 11:59:17,743 - INFO - Table 5 for AKPL: 13r x 11c
2026-04-06 11:59:22,744 - INFO - Found 5 tables for ALBSL
2026-04-06 11:59:22,756 - INFO - Table 3 for ALBSL: 11r x 4c
2026-04-06 11:59:22,757 - INFO - Table 4 for ALBSL: 11r x 4c
2026-04-06 11:59:22,758 - INFO - Table 5 for ALBSL: 13r x 11c
2026-04-06 11:59:27,214 - INFO - Found 5 tables for ALICL
2026-04-06 11:59:27,226 - INFO - Table 3 for ALICL: 11r x 4c
2026-04-06 11:59:27,227 - INFO - Table 4 for ALICL: 11r x 4c
2026-04-06 11:59:27,228 - INFO - Table 5 for ALICL: 13r x 11c
2026-04-06 11:59:31,640 - INFO - Found 5 tables for ANLB
2026-04-06 11:59:31,652 - INFO - Table 3 for ANLB: 11r x 4c
2026-04-06 11:59:31,653 - INFO - Table 4 for ANLB: 11r x 4c
2026-04-06 11:59:31,654 - INFO - Table 5 for ANLB: 13r x 11c
2026-04-06 11:59:36,601 - INFO - Found 5 tables for API
2026-04-06 11:59:36,613 - INFO - Table 3 for API: 11r x 4c
2026-04-06 11:59:36,614 - INFO - Table 4 for API: 15r x 4c
2026-04-06 11:59:36,615 - INFO - Table 5 for API: 13r x 11c
2026-04-06 11:59:40,983 - INFO - Found 5 tables for AVYAN
2026-04-06 11:59:40,994 - INFO - Table 3 for AVYAN: 11r x 4c
2026-04-06 11:59:40,995 - INFO - Table 4 for AVYAN: 11r x 4c
2026-04-06 11:59:40,997 - INFO - Table 5 for AVYAN: 13r x 11c
2026-04-06 11:59:45,326 - INFO - Found 5 tables for BARUN
2026-04-06 11:59:45,338 - INFO - Table 3 for BARUN: 11r x 4c
2026-04-06 11:59:45,339 - INFO - Table 4 for BARUN: 15r x 4c
2026-04-06 11:59:45,340 - INFO - Table 5 for BARUN: 13r x 11c
2026-04-06 11:59:49,751 - INFO - Found 4 tables for BBC
2026-04-06 11:59:49,762 - INFO - Table 3 for BBC: 11r x 4c
2026-04-06 11:59:49,763 - INFO - Table 4 for BBC: 11r x 4c
2026-04-06 11:59:54,194 - INFO - Found 5 tables for BEDC
2026-04-06 11:59:54,206 - INFO - Table 3 for BEDC: 11r x 4c
2026-04-06 11:59:54,207 - INFO - Table 4 for BEDC: 15r x 4c
2026-04-06 11:59:54,208 - INFO - Table 5 for BEDC: 13r x 11c
2026-04-06 11:59:58,618 - INFO - Found 5 tables for BFC
2026-04-06 11:59:58,629 - INFO - Table 3 for BFC: 11r x 4c
2026-04-06 11:59:58,630 - INFO - Table 4 for BFC: 11r x 4c
2026-04-06 11:59:58,631 - INFO - Table 5 for BFC: 13r x 10c
2026-04-06 12:00:02,982 - INFO - Found 5 tables for BGWT
2026-04-06 12:00:02,994 - INFO - Table 3 for BGWT: 11r x 4c
2026-04-06 12:00:02,995 - INFO - Table 4 for BGWT: 15r x 4c
2026-04-06 12:00:02,996 - INFO - Table 5 for BGWT: 13r x 11c
2026-04-06 12:00:07,394 - INFO - Found 5 tables for BHDC
2026-04-06 12:00:07,405 - INFO - Table 3 for BHDC: 11r x 4c
2026-04-06 12:00:07,406 - INFO - Table 4 for BHDC: 15r x 4c
2026-04-06 12:00:07,408 - INFO - Table 5 for BHDC: 13r x 11c
2026-04-06 12:00:11,784 - INFO - Found 5 tables for BHL
2026-04-06 12:00:11,795 - INFO - Table 3 for BHL: 11r x 4c
2026-04-06 12:00:11,796 - INFO - Table 4 for BHL: 15r x 4c
2026-04-06 12:00:11,798 - INFO - Table 5 for BHL: 13r x 11c
2026-04-06 12:00:16,204 - INFO - Found 5 tables for BHPL
2026-04-06 12:00:16,215 - INFO - Table 3 for BHPL: 11r x 4c
2026-04-06 12:00:16,216 - INFO - Table 4 for BHPL: 15r x 4c
2026-04-06 12:00:16,218 - INFO - Table 5 for BHPL: 13r x 11c
2026-04-06 12:00:20,593 - INFO - Found 5 tables for BNHC
2026-04-06 12:00:20,604 - INFO - Table 3 for BNHC: 11r x 4c
2026-04-06 12:00:20,605 - INFO - Table 4 for BNHC: 15r x 4c
2026-04-06 12:00:20,606 - INFO - Table 5 for BNHC: 13r x 11c
2026-04-06 12:01:22,645 - ERROR - Playwright fetch error for https://nepsealpha.com/search?q=BNL: Page.goto: Timeout 60000ms exceeded.
Call log:
  - navigating to "https://nepsealpha.com/search?q=BNL", waiting until "networkidle"

2026-04-06 12:01:27,106 - INFO - Found 5 tables for BNT
2026-04-06 12:01:27,117 - INFO - Table 3 for BNT: 11r x 4c
2026-04-06 12:01:27,118 - INFO - Table 4 for BNT: 11r x 4c
2026-04-06 12:01:27,120 - INFO - Table 5 for BNT: 13r x 11c
2026-04-06 12:01:31,548 - INFO - Found 5 tables for BPCL
2026-04-06 12:01:31,559 - INFO - Table 3 for BPCL: 11r x 4c
2026-04-06 12:01:31,559 - INFO - Table 4 for BPCL: 15r x 4c
2026-04-06 12:01:31,561 - INFO - Table 5 for BPCL: 13r x 11c
2026-04-06 12:01:35,926 - INFO - Found 5 tables for CBBL
2026-04-06 12:01:35,937 - INFO - Table 3 for CBBL: 11r x 4c
2026-04-06 12:01:35,938 - INFO - Table 4 for CBBL: 11r x 4c
2026-04-06 12:01:35,939 - INFO - Table 5 for CBBL: 13r x 11c
2026-04-06 12:01:40,377 - INFO - Found 5 tables for CFCL
2026-04-06 12:01:40,388 - INFO - Table 3 for CFCL: 11r x 4c
2026-04-06 12:01:40,389 - INFO - Table 4 for CFCL: 11r x 4c
2026-04-06 12:01:40,390 - INFO - Table 5 for CFCL: 13r x 10c
2026-04-06 12:01:45,375 - INFO - Found 5 tables for CGH
2026-04-06 12:01:45,386 - INFO - Table 3 for CGH: 11r x 4c
2026-04-06 12:01:45,387 - INFO - Table 4 for CGH: 11r x 4c
2026-04-06 12:01:45,389 - INFO - Table 5 for CGH: 13r x 11c
2026-04-06 12:01:49,775 - INFO - Found 5 tables for CHCL
2026-04-06 12:01:49,787 - INFO - Table 3 for CHCL: 11r x 4c
2026-04-06 12:01:49,788 - INFO - Table 4 for CHCL: 15r x 4c
2026-04-06 12:01:49,789 - INFO - Table 5 for CHCL: 13r x 11c
2026-04-06 12:01:54,351 - INFO - Found 5 tables for CHDC
2026-04-06 12:01:54,362 - INFO - Table 3 for CHDC: 11r x 4c
2026-04-06 12:01:54,363 - INFO - Table 4 for CHDC: 11r x 4c
2026-04-06 12:01:54,365 - INFO - Table 5 for CHDC: 13r x 11c
2026-04-06 12:01:58,798 - INFO - Found 5 tables for CHL
2026-04-06 12:01:58,809 - INFO - Table 3 for CHL: 11r x 4c
2026-04-06 12:01:58,810 - INFO - Table 4 for CHL: 15r x 4c
2026-04-06 12:01:58,811 - INFO - Table 5 for CHL: 13r x 11c
2026-04-06 12:02:03,257 - INFO - Found 5 tables for CIT
2026-04-06 12:02:03,269 - INFO - Table 3 for CIT: 11r x 4c
2026-04-06 12:02:03,269 - INFO - Table 4 for CIT: 11r x 4c
2026-04-06 12:02:03,271 - INFO - Table 5 for CIT: 13r x 11c
2026-04-06 12:02:07,721 - INFO - Found 5 tables for CITY
2026-04-06 12:02:07,732 - INFO - Table 3 for CITY: 11r x 4c
2026-04-06 12:02:07,733 - INFO - Table 4 for CITY: 11r x 4c
2026-04-06 12:02:07,735 - INFO - Table 5 for CITY: 13r x 11c
2026-04-06 12:02:12,124 - INFO - Found 5 tables for CKHL
2026-04-06 12:02:12,135 - INFO - Table 3 for CKHL: 11r x 4c
2026-04-06 12:02:12,136 - INFO - Table 4 for CKHL: 15r x 4c
2026-04-06 12:02:12,138 - INFO - Table 5 for CKHL: 13r x 11c
2026-04-06 12:02:16,522 - INFO - Found 5 tables for CLI
2026-04-06 12:02:16,533 - INFO - Table 3 for CLI: 11r x 4c
2026-04-06 12:02:16,534 - INFO - Table 4 for CLI: 11r x 4c
2026-04-06 12:02:16,535 - INFO - Table 5 for CLI: 13r x 11c
2026-04-06 12:02:20,950 - INFO - Found 5 tables for CORBL
2026-04-06 12:02:20,962 - INFO - Table 3 for CORBL: 11r x 4c
2026-04-06 12:02:20,963 - INFO - Table 4 for CORBL: 11r x 4c
2026-04-06 12:02:20,964 - INFO - Table 5 for CORBL: 13r x 11c
2026-04-06 12:02:25,350 - INFO - Found 5 tables for CREST
2026-04-06 12:02:25,361 - INFO - Table 3 for CREST: 11r x 4c
2026-04-06 12:02:25,362 - INFO - Table 4 for CREST: 11r x 4c
2026-04-06 12:02:25,363 - INFO - Table 5 for CREST: 13r x 7c
2026-04-06 12:02:29,745 - INFO - Found 5 tables for CYCL
2026-04-06 12:02:29,756 - INFO - Table 3 for CYCL: 11r x 4c
2026-04-06 12:02:29,757 - INFO - Table 4 for CYCL: 11r x 4c
2026-04-06 12:02:29,758 - INFO - Table 5 for CYCL: 13r x 11c
2026-04-06 12:02:34,223 - INFO - Found 5 tables for CZBIL
2026-04-06 12:02:34,234 - INFO - Table 3 for CZBIL: 11r x 4c
2026-04-06 12:02:34,235 - INFO - Table 4 for CZBIL: 11r x 4c
2026-04-06 12:02:34,236 - INFO - Table 5 for CZBIL: 13r x 11c
2026-04-06 12:02:38,700 - INFO - Found 5 tables for DDBL
2026-04-06 12:02:38,711 - INFO - Table 3 for DDBL: 11r x 4c
2026-04-06 12:02:38,712 - INFO - Table 4 for DDBL: 11r x 4c
2026-04-06 12:02:38,713 - INFO - Table 5 for DDBL: 13r x 11c
2026-04-06 12:02:43,096 - INFO - Found 5 tables for DHPL
2026-04-06 12:02:43,108 - INFO - Table 3 for DHPL: 11r x 4c
2026-04-06 12:02:43,109 - INFO - Table 4 for DHPL: 15r x 4c
2026-04-06 12:02:43,110 - INFO - Table 5 for DHPL: 13r x 11c
2026-04-06 12:02:47,547 - INFO - Found 5 tables for DLBS
2026-04-06 12:02:47,558 - INFO - Table 3 for DLBS: 11r x 4c
2026-04-06 12:02:47,559 - INFO - Table 4 for DLBS: 11r x 4c
2026-04-06 12:02:47,561 - INFO - Table 5 for DLBS: 13r x 10c
2026-04-06 12:02:52,050 - INFO - Found 5 tables for DOLTI
2026-04-06 12:02:52,061 - INFO - Table 3 for DOLTI: 11r x 4c
2026-04-06 12:02:52,062 - INFO - Table 4 for DOLTI: 15r x 4c
2026-04-06 12:02:52,064 - INFO - Table 5 for DOLTI: 13r x 11c
2026-04-06 12:02:56,538 - INFO - Found 5 tables for DORDI
2026-04-06 12:02:56,549 - INFO - Table 3 for DORDI: 11r x 4c
2026-04-06 12:02:56,550 - INFO - Table 4 for DORDI: 15r x 4c
2026-04-06 12:02:56,552 - INFO - Table 5 for DORDI: 13r x 11c
2026-04-06 12:03:00,987 - INFO - Found 5 tables for EBL
2026-04-06 12:03:00,998 - INFO - Table 3 for EBL: 11r x 4c
2026-04-06 12:03:00,999 - INFO - Table 4 for EBL: 11r x 4c
2026-04-06 12:03:01,001 - INFO - Table 5 for EBL: 13r x 11c
2026-04-06 12:03:05,381 - INFO - Found 5 tables for EDBL
2026-04-06 12:03:05,393 - INFO - Table 3 for EDBL: 11r x 4c
2026-04-06 12:03:05,393 - INFO - Table 4 for EDBL: 11r x 4c
2026-04-06 12:03:05,395 - INFO - Table 5 for EDBL: 13r x 11c
2026-04-06 12:03:09,920 - INFO - Found 5 tables for EHPL
2026-04-06 12:03:09,932 - INFO - Table 3 for EHPL: 11r x 4c
2026-04-06 12:03:09,933 - INFO - Table 4 for EHPL: 15r x 4c
2026-04-06 12:03:09,934 - INFO - Table 5 for EHPL: 13r x 11c
2026-04-06 12:03:14,302 - INFO - Found 5 tables for ENL
2026-04-06 12:03:14,314 - INFO - Table 3 for ENL: 11r x 4c
2026-04-06 12:03:14,314 - INFO - Table 4 for ENL: 11r x 4c
2026-04-06 12:03:14,316 - INFO - Table 5 for ENL: 13r x 11c
2026-04-06 12:03:18,684 - INFO - Found 5 tables for FMDBL
2026-04-06 12:03:18,696 - INFO - Table 3 for FMDBL: 11r x 4c
2026-04-06 12:03:18,696 - INFO - Table 4 for FMDBL: 11r x 4c
2026-04-06 12:03:18,698 - INFO - Table 5 for FMDBL: 13r x 11c
2026-04-06 12:03:23,147 - INFO - Found 5 tables for FOWAD
2026-04-06 12:03:23,158 - INFO - Table 3 for FOWAD: 11r x 4c
2026-04-06 12:03:23,159 - INFO - Table 4 for FOWAD: 11r x 4c
2026-04-06 12:03:23,160 - INFO - Table 5 for FOWAD: 13r x 11c
2026-04-06 12:03:27,596 - INFO - Found 5 tables for GBBL
2026-04-06 12:03:27,608 - INFO - Table 3 for GBBL: 11r x 4c
2026-04-06 12:03:27,609 - INFO - Table 4 for GBBL: 11r x 4c
2026-04-06 12:03:27,610 - INFO - Table 5 for GBBL: 13r x 11c
2026-04-06 12:03:31,999 - INFO - Found 5 tables for GBIME
2026-04-06 12:03:32,011 - INFO - Table 3 for GBIME: 11r x 4c
2026-04-06 12:03:32,011 - INFO - Table 4 for GBIME: 11r x 4c
2026-04-06 12:03:32,013 - INFO - Table 5 for GBIME: 13r x 11c
2026-04-06 12:03:36,436 - INFO - Found 5 tables for GBLBS
2026-04-06 12:03:36,447 - INFO - Table 3 for GBLBS: 11r x 4c
2026-04-06 12:03:36,448 - INFO - Table 4 for GBLBS: 11r x 4c
2026-04-06 12:03:36,449 - INFO - Table 5 for GBLBS: 13r x 10c
2026-04-06 12:03:40,804 - INFO - Found 5 tables for GCIL
2026-04-06 12:03:40,815 - INFO - Table 3 for GCIL: 11r x 4c
2026-04-06 12:03:40,816 - INFO - Table 4 for GCIL: 11r x 4c
2026-04-06 12:03:40,817 - INFO - Table 5 for GCIL: 13r x 11c
2026-04-06 12:03:57,665 - INFO - Found 5 tables for GFCL
2026-04-06 12:03:57,676 - INFO - Table 3 for GFCL: 11r x 4c
2026-04-06 12:03:57,677 - INFO - Table 4 for GFCL: 11r x 4c
2026-04-06 12:03:57,678 - INFO - Table 5 for GFCL: 13r x 11c
2026-04-06 12:04:02,154 - INFO - Found 5 tables for GHL
2026-04-06 12:04:02,165 - INFO - Table 3 for GHL: 11r x 4c
2026-04-06 12:04:02,166 - INFO - Table 4 for GHL: 15r x 4c
2026-04-06 12:04:02,168 - INFO - Table 5 for GHL: 13r x 11c
2026-04-06 12:04:06,535 - INFO - Found 5 tables for GILB
2026-04-06 12:04:06,546 - INFO - Table 3 for GILB: 11r x 4c
2026-04-06 12:04:06,547 - INFO - Table 4 for GILB: 11r x 4c
2026-04-06 12:04:06,549 - INFO - Table 5 for GILB: 13r x 11c
2026-04-06 12:04:10,951 - INFO - Found 5 tables for GLBSL
2026-04-06 12:04:10,962 - INFO - Table 3 for GLBSL: 11r x 4c
2026-04-06 12:04:10,963 - INFO - Table 4 for GLBSL: 11r x 4c
2026-04-06 12:04:10,965 - INFO - Table 5 for GLBSL: 13r x 11c
2026-04-06 12:04:16,293 - INFO - Found 5 tables for GLH
2026-04-06 12:04:16,304 - INFO - Table 3 for GLH: 11r x 4c
2026-04-06 12:04:16,305 - INFO - Table 4 for GLH: 15r x 4c
2026-04-06 12:04:16,307 - INFO - Table 5 for GLH: 13r x 10c
2026-04-06 12:04:21,782 - INFO - Found 5 tables for GMFBS
2026-04-06 12:04:21,793 - INFO - Table 3 for GMFBS: 11r x 4c
2026-04-06 12:04:21,794 - INFO - Table 4 for GMFBS: 11r x 4c
2026-04-06 12:04:21,796 - INFO - Table 5 for GMFBS: 13r x 11c
2026-04-06 12:04:26,228 - INFO - Found 5 tables for GMFIL
2026-04-06 12:04:26,239 - INFO - Table 3 for GMFIL: 11r x 4c
2026-04-06 12:04:26,240 - INFO - Table 4 for GMFIL: 11r x 4c
2026-04-06 12:04:26,242 - INFO - Table 5 for GMFIL: 13r x 11c
2026-04-06 12:04:30,640 - INFO - Found 5 tables for GMLI
2026-04-06 12:04:30,651 - INFO - Table 3 for GMLI: 11r x 4c
2026-04-06 12:04:30,652 - INFO - Table 4 for GMLI: 11r x 4c
2026-04-06 12:04:30,653 - INFO - Table 5 for GMLI: 13r x 8c
2026-04-06 12:04:35,107 - INFO - Found 5 tables for GRDBL
2026-04-06 12:04:35,119 - INFO - Table 3 for GRDBL: 11r x 4c
2026-04-06 12:04:35,120 - INFO - Table 4 for GRDBL: 11r x 4c
2026-04-06 12:04:35,121 - INFO - Table 5 for GRDBL: 13r x 11c
2026-04-06 12:04:39,548 - INFO - Found 5 tables for GUFL
2026-04-06 12:04:39,559 - INFO - Table 3 for GUFL: 11r x 4c
2026-04-06 12:04:39,560 - INFO - Table 4 for GUFL: 11r x 4c
2026-04-06 12:04:39,561 - INFO - Table 5 for GUFL: 13r x 11c
2026-04-06 12:04:43,970 - INFO - Found 5 tables for GVL
2026-04-06 12:04:43,981 - INFO - Table 3 for GVL: 11r x 4c
2026-04-06 12:04:43,982 - INFO - Table 4 for GVL: 15r x 4c
2026-04-06 12:04:43,983 - INFO - Table 5 for GVL: 13r x 11c
2026-04-06 12:04:48,400 - INFO - Found 5 tables for HATHY
2026-04-06 12:04:48,411 - INFO - Table 3 for HATHY: 11r x 4c
2026-04-06 12:04:48,412 - INFO - Table 4 for HATHY: 11r x 4c
2026-04-06 12:04:48,413 - INFO - Table 5 for HATHY: 13r x 11c
2026-04-06 12:04:52,859 - INFO - Found 5 tables for HBL
2026-04-06 12:04:52,870 - INFO - Table 3 for HBL: 11r x 4c
2026-04-06 12:04:52,871 - INFO - Table 4 for HBL: 11r x 4c
2026-04-06 12:04:52,872 - INFO - Table 5 for HBL: 13r x 11c
2026-04-06 12:04:57,213 - INFO - Found 5 tables for HDHPC
2026-04-06 12:04:57,225 - INFO - Table 3 for HDHPC: 11r x 4c
2026-04-06 12:04:57,226 - INFO - Table 4 for HDHPC: 15r x 4c
2026-04-06 12:04:57,227 - INFO - Table 5 for HDHPC: 13r x 10c
2026-04-06 12:05:01,740 - INFO - Found 5 tables for HDL
2026-04-06 12:05:01,751 - INFO - Table 3 for HDL: 11r x 4c
2026-04-06 12:05:01,752 - INFO - Table 4 for HDL: 11r x 4c
2026-04-06 12:05:01,753 - INFO - Table 5 for HDL: 13r x 11c
2026-04-06 12:05:06,063 - INFO - Found 5 tables for HEI
2026-04-06 12:05:06,074 - INFO - Table 3 for HEI: 11r x 4c
2026-04-06 12:05:06,075 - INFO - Table 4 for HEI: 11r x 4c
2026-04-06 12:05:06,076 - INFO - Table 5 for HEI: 13r x 10c
2026-04-06 12:05:10,515 - INFO - Found 5 tables for HHL
2026-04-06 12:05:10,526 - INFO - Table 3 for HHL: 11r x 4c
2026-04-06 12:05:10,527 - INFO - Table 4 for HHL: 15r x 4c
2026-04-06 12:05:10,528 - INFO - Table 5 for HHL: 13r x 11c
2026-04-06 12:05:14,883 - INFO - Found 5 tables for HIDCL
2026-04-06 12:05:14,894 - INFO - Table 3 for HIDCL: 11r x 4c
2026-04-06 12:05:14,895 - INFO - Table 4 for HIDCL: 11r x 4c
2026-04-06 12:05:14,897 - INFO - Table 5 for HIDCL: 13r x 11c
2026-04-06 12:05:19,339 - INFO - Found 5 tables for HLBSL
2026-04-06 12:05:19,350 - INFO - Table 3 for HLBSL: 11r x 4c
2026-04-06 12:05:19,350 - INFO - Table 4 for HLBSL: 11r x 4c
2026-04-06 12:05:19,352 - INFO - Table 5 for HLBSL: 13r x 11c
2026-04-06 12:05:23,725 - INFO - Found 5 tables for HLI
2026-04-06 12:05:23,736 - INFO - Table 3 for HLI: 11r x 4c
2026-04-06 12:05:23,737 - INFO - Table 4 for HLI: 11r x 4c
2026-04-06 12:05:23,738 - INFO - Table 5 for HLI: 13r x 11c
2026-04-06 12:05:28,209 - INFO - Found 5 tables for HPPL
2026-04-06 12:05:28,220 - INFO - Table 3 for HPPL: 11r x 4c
2026-04-06 12:05:28,221 - INFO - Table 4 for HPPL: 15r x 4c
2026-04-06 12:05:28,223 - INFO - Table 5 for HPPL: 13r x 11c
2026-04-06 12:05:32,628 - INFO - Found 5 tables for HRL
2026-04-06 12:05:32,640 - INFO - Table 3 for HRL: 11r x 4c
2026-04-06 12:05:32,641 - INFO - Table 4 for HRL: 11r x 4c
2026-04-06 12:05:32,642 - INFO - Table 5 for HRL: 13r x 11c
2026-04-06 12:05:37,019 - INFO - Found 5 tables for HURJA
2026-04-06 12:05:37,031 - INFO - Table 3 for HURJA: 11r x 4c
2026-04-06 12:05:37,032 - INFO - Table 4 for HURJA: 15r x 4c
2026-04-06 12:05:37,033 - INFO - Table 5 for HURJA: 13r x 11c
2026-04-06 12:05:41,459 - INFO - Found 5 tables for ICFC
2026-04-06 12:05:41,470 - INFO - Table 3 for ICFC: 11r x 4c
2026-04-06 12:05:41,471 - INFO - Table 4 for ICFC: 11r x 4c
2026-04-06 12:05:41,472 - INFO - Table 5 for ICFC: 13r x 11c
2026-04-06 12:05:45,824 - INFO - Found 5 tables for IGI
2026-04-06 12:05:45,835 - INFO - Table 3 for IGI: 11r x 4c
2026-04-06 12:05:45,836 - INFO - Table 4 for IGI: 11r x 4c
2026-04-06 12:05:45,838 - INFO - Table 5 for IGI: 13r x 11c
2026-04-06 12:05:50,211 - INFO - Found 5 tables for IHL
2026-04-06 12:05:50,222 - INFO - Table 3 for IHL: 11r x 4c
2026-04-06 12:05:50,223 - INFO - Table 4 for IHL: 15r x 4c
2026-04-06 12:05:50,224 - INFO - Table 5 for IHL: 13r x 11c
2026-04-06 12:05:54,602 - INFO - Found 5 tables for ILBS
2026-04-06 12:05:54,613 - INFO - Table 3 for ILBS: 11r x 4c
2026-04-06 12:05:54,614 - INFO - Table 4 for ILBS: 11r x 4c
2026-04-06 12:05:54,615 - INFO - Table 5 for ILBS: 13r x 11c
2026-04-06 12:05:59,164 - INFO - Found 5 tables for ILI
2026-04-06 12:05:59,175 - INFO - Table 3 for ILI: 11r x 4c
2026-04-06 12:05:59,176 - INFO - Table 4 for ILI: 11r x 4c
2026-04-06 12:05:59,178 - INFO - Table 5 for ILI: 13r x 11c
2026-04-06 12:06:03,601 - INFO - Found 5 tables for JBBL
2026-04-06 12:06:03,612 - INFO - Table 3 for JBBL: 11r x 4c
2026-04-06 12:06:03,613 - INFO - Table 4 for JBBL: 11r x 4c
2026-04-06 12:06:03,615 - INFO - Table 5 for JBBL: 13r x 11c
2026-04-06 12:06:08,593 - INFO - Found 5 tables for JBLB
2026-04-06 12:06:08,604 - INFO - Table 3 for JBLB: 11r x 4c
2026-04-06 12:06:08,605 - INFO - Table 4 for JBLB: 11r x 4c
2026-04-06 12:06:08,606 - INFO - Table 5 for JBLB: 13r x 11c
2026-04-06 12:06:12,711 - INFO - Found 5 tables for JFL
2026-04-06 12:06:12,722 - INFO - Table 3 for JFL: 11r x 4c
2026-04-06 12:06:12,723 - INFO - Table 4 for JFL: 11r x 4c
2026-04-06 12:06:12,725 - INFO - Table 5 for JFL: 13r x 11c
2026-04-06 12:06:17,163 - INFO - Found 5 tables for JOSHI
2026-04-06 12:06:17,174 - INFO - Table 3 for JOSHI: 11r x 4c
2026-04-06 12:06:17,175 - INFO - Table 4 for JOSHI: 15r x 4c
2026-04-06 12:06:17,176 - INFO - Table 5 for JOSHI: 13r x 10c
2026-04-06 12:06:21,575 - INFO - Found 5 tables for JSLBB
2026-04-06 12:06:21,586 - INFO - Table 3 for JSLBB: 11r x 4c
2026-04-06 12:06:21,587 - INFO - Table 4 for JSLBB: 11r x 4c
2026-04-06 12:06:21,588 - INFO - Table 5 for JSLBB: 13r x 11c
2026-04-06 12:06:26,044 - INFO - Found 5 tables for KBL
2026-04-06 12:06:26,056 - INFO - Table 3 for KBL: 11r x 4c
2026-04-06 12:06:26,056 - INFO - Table 4 for KBL: 11r x 4c
2026-04-06 12:06:26,058 - INFO - Table 5 for KBL: 13r x 11c
2026-04-06 12:06:30,461 - INFO - Found 5 tables for KBSH
2026-04-06 12:06:30,472 - INFO - Table 3 for KBSH: 11r x 4c
2026-04-06 12:06:30,473 - INFO - Table 4 for KBSH: 15r x 4c
2026-04-06 12:06:30,474 - INFO - Table 5 for KBSH: 13r x 11c
2026-04-06 12:06:34,928 - INFO - Found 5 tables for KDL
2026-04-06 12:06:34,939 - INFO - Table 3 for KDL: 11r x 4c
2026-04-06 12:06:34,940 - INFO - Table 4 for KDL: 11r x 4c
2026-04-06 12:06:34,942 - INFO - Table 5 for KDL: 13r x 11c
2026-04-06 12:06:39,269 - INFO - Found 5 tables for KKHC
2026-04-06 12:06:39,281 - INFO - Table 3 for KKHC: 11r x 4c
2026-04-06 12:06:39,282 - INFO - Table 4 for KKHC: 15r x 4c
2026-04-06 12:06:39,283 - INFO - Table 5 for KKHC: 13r x 11c
2026-04-06 12:06:43,766 - INFO - Found 5 tables for KMCDB
2026-04-06 12:06:43,777 - INFO - Table 3 for KMCDB: 11r x 4c
2026-04-06 12:06:43,778 - INFO - Table 4 for KMCDB: 11r x 4c
2026-04-06 12:06:43,780 - INFO - Table 5 for KMCDB: 13r x 11c
2026-04-06 12:06:48,149 - INFO - Found 5 tables for KPCL
2026-04-06 12:06:48,160 - INFO - Table 3 for KPCL: 11r x 4c
2026-04-06 12:06:48,161 - INFO - Table 4 for KPCL: 15r x 4c
2026-04-06 12:06:48,162 - INFO - Table 5 for KPCL: 13r x 11c
2026-04-06 12:06:52,609 - INFO - Found 5 tables for KSBBL
2026-04-06 12:06:52,620 - INFO - Table 3 for KSBBL: 11r x 4c
2026-04-06 12:06:52,621 - INFO - Table 4 for KSBBL: 11r x 4c
2026-04-06 12:06:52,622 - INFO - Table 5 for KSBBL: 13r x 11c
2026-04-06 12:06:57,039 - INFO - Found 5 tables for LBBL
2026-04-06 12:06:57,050 - INFO - Table 3 for LBBL: 11r x 4c
2026-04-06 12:06:57,051 - INFO - Table 4 for LBBL: 11r x 4c
2026-04-06 12:06:57,052 - INFO - Table 5 for LBBL: 13r x 11c
2026-04-06 12:07:01,450 - INFO - Found 5 tables for LEC
2026-04-06 12:07:01,461 - INFO - Table 3 for LEC: 11r x 4c
2026-04-06 12:07:01,462 - INFO - Table 4 for LEC: 15r x 4c
2026-04-06 12:07:01,463 - INFO - Table 5 for LEC: 13r x 11c
2026-04-06 12:07:05,851 - INFO - Found 5 tables for LICN
2026-04-06 12:07:05,863 - INFO - Table 3 for LICN: 11r x 4c
2026-04-06 12:07:05,863 - INFO - Table 4 for LICN: 11r x 4c
2026-04-06 12:07:05,865 - INFO - Table 5 for LICN: 13r x 11c
2026-04-06 12:07:10,367 - INFO - Found 5 tables for LLBS
2026-04-06 12:07:10,378 - INFO - Table 3 for LLBS: 11r x 4c
2026-04-06 12:07:10,379 - INFO - Table 4 for LLBS: 11r x 4c
2026-04-06 12:07:10,381 - INFO - Table 5 for LLBS: 13r x 11c
2026-04-06 12:07:14,839 - INFO - Found 5 tables for LSL
2026-04-06 12:07:14,851 - INFO - Table 3 for LSL: 11r x 4c
2026-04-06 12:07:14,852 - INFO - Table 4 for LSL: 11r x 4c
2026-04-06 12:07:14,853 - INFO - Table 5 for LSL: 13r x 11c
2026-04-06 12:07:19,265 - INFO - Found 5 tables for MAKAR
2026-04-06 12:07:19,277 - INFO - Table 3 for MAKAR: 11r x 4c
2026-04-06 12:07:19,278 - INFO - Table 4 for MAKAR: 15r x 4c
2026-04-06 12:07:19,279 - INFO - Table 5 for MAKAR: 13r x 11c
2026-04-06 12:07:23,701 - INFO - Found 5 tables for MANDU
2026-04-06 12:07:23,712 - INFO - Table 3 for MANDU: 11r x 4c
2026-04-06 12:07:23,713 - INFO - Table 4 for MANDU: 15r x 4c
2026-04-06 12:07:23,715 - INFO - Table 5 for MANDU: 13r x 11c
2026-04-06 12:07:28,152 - INFO - Found 5 tables for MATRI
2026-04-06 12:07:28,164 - INFO - Table 3 for MATRI: 11r x 4c
2026-04-06 12:07:28,165 - INFO - Table 4 for MATRI: 11r x 4c
2026-04-06 12:07:28,167 - INFO - Table 5 for MATRI: 13r x 10c
2026-04-06 12:07:32,596 - INFO - Found 5 tables for MBJC
2026-04-06 12:07:32,607 - INFO - Table 3 for MBJC: 11r x 4c
2026-04-06 12:07:32,608 - INFO - Table 4 for MBJC: 15r x 4c
2026-04-06 12:07:32,610 - INFO - Table 5 for MBJC: 13r x 11c
2026-04-06 12:07:36,955 - INFO - Found 5 tables for MBL
2026-04-06 12:07:36,966 - INFO - Table 3 for MBL: 11r x 4c
2026-04-06 12:07:36,967 - INFO - Table 4 for MBL: 11r x 4c
2026-04-06 12:07:36,969 - INFO - Table 5 for MBL: 13r x 11c
2026-04-06 12:07:41,383 - INFO - Found 5 tables for MCHL
2026-04-06 12:07:41,394 - INFO - Table 3 for MCHL: 11r x 4c
2026-04-06 12:07:41,395 - INFO - Table 4 for MCHL: 15r x 4c
2026-04-06 12:07:41,396 - INFO - Table 5 for MCHL: 13r x 11c
2026-04-06 12:07:45,851 - INFO - Found 5 tables for MDB
2026-04-06 12:07:45,862 - INFO - Table 3 for MDB: 11r x 4c
2026-04-06 12:07:45,863 - INFO - Table 4 for MDB: 11r x 4c
2026-04-06 12:07:45,865 - INFO - Table 5 for MDB: 13r x 11c
2026-04-06 12:07:50,514 - INFO - Found 5 tables for MEHL
2026-04-06 12:07:50,525 - INFO - Table 3 for MEHL: 11r x 4c
2026-04-06 12:07:50,526 - INFO - Table 4 for MEHL: 15r x 4c
2026-04-06 12:07:50,527 - INFO - Table 5 for MEHL: 13r x 11c
2026-04-06 12:07:54,932 - INFO - Found 5 tables for MEL
2026-04-06 12:07:54,943 - INFO - Table 3 for MEL: 11r x 4c
2026-04-06 12:07:54,944 - INFO - Table 4 for MEL: 15r x 4c
2026-04-06 12:07:54,946 - INFO - Table 5 for MEL: 13r x 11c
2026-04-06 12:07:59,339 - INFO - Found 5 tables for MEN
2026-04-06 12:07:59,350 - INFO - Table 3 for MEN: 11r x 4c
2026-04-06 12:07:59,351 - INFO - Table 4 for MEN: 15r x 4c
2026-04-06 12:07:59,353 - INFO - Table 5 for MEN: 13r x 11c
2026-04-06 12:08:03,863 - INFO - Found 5 tables for MERO
2026-04-06 12:08:03,874 - INFO - Table 3 for MERO: 11r x 4c
2026-04-06 12:08:03,875 - INFO - Table 4 for MERO: 11r x 4c
2026-04-06 12:08:03,877 - INFO - Table 5 for MERO: 13r x 11c
2026-04-06 12:08:08,310 - INFO - Found 5 tables for MFIL
2026-04-06 12:08:08,321 - INFO - Table 3 for MFIL: 11r x 4c
2026-04-06 12:08:08,322 - INFO - Table 4 for MFIL: 11r x 4c
2026-04-06 12:08:08,323 - INFO - Table 5 for MFIL: 13r x 11c
2026-04-06 12:08:12,880 - INFO - Found 5 tables for MHCL
2026-04-06 12:08:12,891 - INFO - Table 3 for MHCL: 11r x 4c
2026-04-06 12:08:12,892 - INFO - Table 4 for MHCL: 15r x 4c
2026-04-06 12:08:12,894 - INFO - Table 5 for MHCL: 13r x 11c
2026-04-06 12:08:29,958 - INFO - Found 5 tables for MHL
2026-04-06 12:08:29,970 - INFO - Table 3 for MHL: 11r x 4c
2026-04-06 12:08:29,971 - INFO - Table 4 for MHL: 15r x 4c
2026-04-06 12:08:29,972 - INFO - Table 5 for MHL: 13r x 11c
2026-04-06 12:08:34,449 - INFO - Found 5 tables for MHNL
2026-04-06 12:08:34,461 - INFO - Table 3 for MHNL: 11r x 4c
2026-04-06 12:08:34,461 - INFO - Table 4 for MHNL: 15r x 4c
2026-04-06 12:08:34,463 - INFO - Table 5 for MHNL: 13r x 11c
2026-04-06 12:08:38,904 - INFO - Found 5 tables for MKCL
2026-04-06 12:08:38,916 - INFO - Table 3 for MKCL: 11r x 4c
2026-04-06 12:08:38,917 - INFO - Table 4 for MKCL: 11r x 4c
2026-04-06 12:08:38,918 - INFO - Table 5 for MKCL: 13r x 11c
2026-04-06 12:08:43,304 - INFO - Found 5 tables for MKHC
2026-04-06 12:08:43,315 - INFO - Table 3 for MKHC: 11r x 4c
2026-04-06 12:08:43,316 - INFO - Table 4 for MKHC: 15r x 4c
2026-04-06 12:08:43,318 - INFO - Table 5 for MKHC: 13r x 11c
2026-04-06 12:08:47,806 - INFO - Found 5 tables for MKHL
2026-04-06 12:08:47,817 - INFO - Table 3 for MKHL: 11r x 4c
2026-04-06 12:08:47,818 - INFO - Table 4 for MKHL: 15r x 4c
2026-04-06 12:08:47,820 - INFO - Table 5 for MKHL: 13r x 11c
2026-04-06 12:08:52,255 - INFO - Found 5 tables for MKJC
2026-04-06 12:08:52,266 - INFO - Table 3 for MKJC: 11r x 4c
2026-04-06 12:08:52,267 - INFO - Table 4 for MKJC: 15r x 4c
2026-04-06 12:08:52,268 - INFO - Table 5 for MKJC: 13r x 10c
2026-04-06 12:08:56,703 - INFO - Found 5 tables for MLBBL
2026-04-06 12:08:56,715 - INFO - Table 3 for MLBBL: 11r x 4c
2026-04-06 12:08:56,715 - INFO - Table 4 for MLBBL: 11r x 4c
2026-04-06 12:08:56,717 - INFO - Table 5 for MLBBL: 13r x 11c
2026-04-06 12:09:01,145 - INFO - Found 5 tables for MLBL
2026-04-06 12:09:01,156 - INFO - Table 3 for MLBL: 11r x 4c
2026-04-06 12:09:01,157 - INFO - Table 4 for MLBL: 11r x 4c
2026-04-06 12:09:01,158 - INFO - Table 5 for MLBL: 13r x 11c
2026-04-06 12:09:05,551 - INFO - Found 5 tables for MLBS
2026-04-06 12:09:05,562 - INFO - Table 3 for MLBS: 11r x 4c
2026-04-06 12:09:05,563 - INFO - Table 4 for MLBS: 11r x 4c
2026-04-06 12:09:05,564 - INFO - Table 5 for MLBS: 13r x 11c
2026-04-06 12:09:09,923 - INFO - Found 5 tables for MLBSL
2026-04-06 12:09:09,934 - INFO - Table 3 for MLBSL: 11r x 4c
2026-04-06 12:09:09,935 - INFO - Table 4 for MLBSL: 11r x 4c
2026-04-06 12:09:09,936 - INFO - Table 5 for MLBSL: 13r x 11c
2026-04-06 12:09:14,286 - INFO - Found 5 tables for MMKJL
2026-04-06 12:09:14,297 - INFO - Table 3 for MMKJL: 11r x 4c
2026-04-06 12:09:14,298 - INFO - Table 4 for MMKJL: 15r x 4c
2026-04-06 12:09:14,300 - INFO - Table 5 for MMKJL: 13r x 11c
2026-04-06 12:09:18,725 - INFO - Found 5 tables for MNBBL
2026-04-06 12:09:18,736 - INFO - Table 3 for MNBBL: 11r x 4c
2026-04-06 12:09:18,737 - INFO - Table 4 for MNBBL: 11r x 4c
2026-04-06 12:09:18,739 - INFO - Table 5 for MNBBL: 13r x 11c
2026-04-06 12:09:23,133 - INFO - Found 5 tables for MPFL
2026-04-06 12:09:23,144 - INFO - Table 3 for MPFL: 11r x 4c
2026-04-06 12:09:23,145 - INFO - Table 4 for MPFL: 11r x 4c
2026-04-06 12:09:23,146 - INFO - Table 5 for MPFL: 13r x 11c
2026-04-06 12:09:27,550 - INFO - Found 5 tables for MSHL
2026-04-06 12:09:27,561 - INFO - Table 3 for MSHL: 11r x 4c
2026-04-06 12:09:27,562 - INFO - Table 4 for MSHL: 15r x 4c
2026-04-06 12:09:27,564 - INFO - Table 5 for MSHL: 13r x 11c
2026-04-06 12:09:31,956 - INFO - Found 5 tables for MSLB
2026-04-06 12:09:31,967 - INFO - Table 3 for MSLB: 11r x 4c
2026-04-06 12:09:31,968 - INFO - Table 4 for MSLB: 11r x 4c
2026-04-06 12:09:31,969 - INFO - Table 5 for MSLB: 13r x 11c
2026-04-06 12:09:36,386 - INFO - Found 5 tables for NABBC
2026-04-06 12:09:36,397 - INFO - Table 3 for NABBC: 11r x 4c
2026-04-06 12:09:36,398 - INFO - Table 4 for NABBC: 11r x 4c
2026-04-06 12:09:36,399 - INFO - Table 5 for NABBC: 13r x 11c
2026-04-06 12:09:40,831 - INFO - Found 5 tables for NABIL
2026-04-06 12:09:40,843 - INFO - Table 3 for NABIL: 11r x 4c
2026-04-06 12:09:40,843 - INFO - Table 4 for NABIL: 11r x 4c
2026-04-06 12:09:40,845 - INFO - Table 5 for NABIL: 13r x 11c
2026-04-06 12:09:57,199 - INFO - Found 5 tables for NADEP
2026-04-06 12:09:57,210 - INFO - Table 3 for NADEP: 11r x 4c
2026-04-06 12:09:57,211 - INFO - Table 4 for NADEP: 11r x 4c
2026-04-06 12:09:57,212 - INFO - Table 5 for NADEP: 13r x 11c
2026-04-06 12:10:01,583 - INFO - Found 5 tables for NBL
2026-04-06 12:10:01,594 - INFO - Table 3 for NBL: 11r x 4c
2026-04-06 12:10:01,595 - INFO - Table 4 for NBL: 11r x 4c
2026-04-06 12:10:01,596 - INFO - Table 5 for NBL: 13r x 11c
2026-04-06 12:10:06,004 - INFO - Found 5 tables for NESDO
2026-04-06 12:10:06,015 - INFO - Table 3 for NESDO: 11r x 4c
2026-04-06 12:10:06,015 - INFO - Table 4 for NESDO: 11r x 4c
2026-04-06 12:10:06,017 - INFO - Table 5 for NESDO: 13r x 11c
2026-04-06 12:10:10,439 - INFO - Found 5 tables for NFS
2026-04-06 12:10:10,450 - INFO - Table 3 for NFS: 11r x 4c
2026-04-06 12:10:10,451 - INFO - Table 4 for NFS: 11r x 4c
2026-04-06 12:10:10,453 - INFO - Table 5 for NFS: 13r x 11c
2026-04-06 12:10:14,776 - INFO - Found 5 tables for NGPL
2026-04-06 12:10:14,788 - INFO - Table 3 for NGPL: 11r x 4c
2026-04-06 12:10:14,789 - INFO - Table 4 for NGPL: 15r x 4c
2026-04-06 12:10:14,790 - INFO - Table 5 for NGPL: 13r x 11c
2026-04-06 12:10:19,195 - INFO - Found 5 tables for NHDL
2026-04-06 12:10:19,206 - INFO - Table 3 for NHDL: 11r x 4c
2026-04-06 12:10:19,207 - INFO - Table 4 for NHDL: 15r x 4c
2026-04-06 12:10:19,208 - INFO - Table 5 for NHDL: 13r x 11c
2026-04-06 12:10:23,600 - INFO - Found 5 tables for NHPC
2026-04-06 12:10:23,611 - INFO - Table 3 for NHPC: 11r x 4c
2026-04-06 12:10:23,613 - INFO - Table 4 for NHPC: 15r x 4c
2026-04-06 12:10:23,614 - INFO - Table 5 for NHPC: 13r x 11c
2026-04-06 12:10:28,092 - INFO - Found 5 tables for NICA
2026-04-06 12:10:28,103 - INFO - Table 3 for NICA: 11r x 4c
2026-04-06 12:10:28,104 - INFO - Table 4 for NICA: 11r x 4c
2026-04-06 12:10:28,106 - INFO - Table 5 for NICA: 13r x 11c
2026-04-06 12:10:32,479 - INFO - Found 5 tables for NICL
2026-04-06 12:10:32,491 - INFO - Table 3 for NICL: 11r x 4c
2026-04-06 12:10:32,492 - INFO - Table 4 for NICL: 11r x 4c
2026-04-06 12:10:32,493 - INFO - Table 5 for NICL: 13r x 11c
2026-04-06 12:10:36,906 - INFO - Found 5 tables for NICLBSL
2026-04-06 12:10:36,917 - INFO - Table 3 for NICLBSL: 11r x 4c
2026-04-06 12:10:36,918 - INFO - Table 4 for NICLBSL: 11r x 4c
2026-04-06 12:10:36,920 - INFO - Table 5 for NICLBSL: 13r x 11c
2026-04-06 12:10:41,230 - INFO - Found 5 tables for NIFRA
2026-04-06 12:10:41,242 - INFO - Table 3 for NIFRA: 11r x 4c
2026-04-06 12:10:41,243 - INFO - Table 4 for NIFRA: 11r x 4c
2026-04-06 12:10:41,244 - INFO - Table 5 for NIFRA: 13r x 11c
2026-04-06 12:10:45,726 - INFO - Found 5 tables for NIL
2026-04-06 12:10:45,738 - INFO - Table 3 for NIL: 11r x 4c
2026-04-06 12:10:45,739 - INFO - Table 4 for NIL: 11r x 4c
2026-04-06 12:10:45,741 - INFO - Table 5 for NIL: 13r x 10c
2026-04-06 12:10:50,130 - INFO - Found 5 tables for NIMB
2026-04-06 12:10:50,141 - INFO - Table 3 for NIMB: 11r x 4c
2026-04-06 12:10:50,142 - INFO - Table 4 for NIMB: 11r x 4c
2026-04-06 12:10:50,144 - INFO - Table 5 for NIMB: 13r x 11c
2026-04-06 12:10:54,517 - INFO - Found 5 tables for NLG
2026-04-06 12:10:54,528 - INFO - Table 3 for NLG: 11r x 4c
2026-04-06 12:10:54,529 - INFO - Table 4 for NLG: 11r x 4c
2026-04-06 12:10:54,530 - INFO - Table 5 for NLG: 13r x 11c
2026-04-06 12:10:59,053 - INFO - Found 5 tables for NLIC
2026-04-06 12:10:59,064 - INFO - Table 3 for NLIC: 11r x 4c
2026-04-06 12:10:59,065 - INFO - Table 4 for NLIC: 11r x 4c
2026-04-06 12:10:59,066 - INFO - Table 5 for NLIC: 13r x 11c
2026-04-06 12:11:03,555 - INFO - Found 5 tables for NLICL
2026-04-06 12:11:03,566 - INFO - Table 3 for NLICL: 11r x 4c
2026-04-06 12:11:03,567 - INFO - Table 4 for NLICL: 11r x 4c
2026-04-06 12:11:03,568 - INFO - Table 5 for NLICL: 13r x 11c
2026-04-06 12:11:07,948 - INFO - Found 5 tables for NLO
2026-04-06 12:11:07,959 - INFO - Table 3 for NLO: 11r x 4c
2026-04-06 12:11:07,960 - INFO - Table 4 for NLO: 11r x 4c
2026-04-06 12:11:07,961 - INFO - Table 5 for NLO: 13r x 8c
2026-04-06 12:12:09,992 - ERROR - Playwright fetch error for https://nepsealpha.com/search?q=NMB: Page.goto: Timeout 60000ms exceeded.
Call log:
  - navigating to "https://nepsealpha.com/search?q=NMB", waiting until "networkidle"

2026-04-06 12:12:14,382 - INFO - Found 5 tables for NMBMF
2026-04-06 12:12:14,393 - INFO - Table 3 for NMBMF: 11r x 4c
2026-04-06 12:12:14,394 - INFO - Table 4 for NMBMF: 11r x 4c
2026-04-06 12:12:14,395 - INFO - Table 5 for NMBMF: 13r x 11c
2026-04-06 12:12:18,796 - INFO - Found 5 tables for NMFBS
2026-04-06 12:12:18,807 - INFO - Table 3 for NMFBS: 11r x 4c
2026-04-06 12:12:18,808 - INFO - Table 4 for NMFBS: 11r x 4c
2026-04-06 12:12:18,810 - INFO - Table 5 for NMFBS: 13r x 11c
2026-04-06 12:12:23,284 - INFO - Found 5 tables for NMIC
2026-04-06 12:12:23,295 - INFO - Table 3 for NMIC: 11r x 4c
2026-04-06 12:12:23,296 - INFO - Table 4 for NMIC: 11r x 4c
2026-04-06 12:12:23,297 - INFO - Table 5 for NMIC: 13r x 7c
2026-04-06 12:12:27,733 - INFO - Found 5 tables for NMLBBL
2026-04-06 12:12:27,744 - INFO - Table 3 for NMLBBL: 11r x 4c
2026-04-06 12:12:27,745 - INFO - Table 4 for NMLBBL: 11r x 4c
2026-04-06 12:12:27,746 - INFO - Table 5 for NMLBBL: 13r x 10c
2026-04-06 12:12:32,197 - INFO - Found 5 tables for NRIC
2026-04-06 12:12:32,208 - INFO - Table 3 for NRIC: 11r x 4c
2026-04-06 12:12:32,209 - INFO - Table 4 for NRIC: 11r x 4c
2026-04-06 12:12:32,210 - INFO - Table 5 for NRIC: 13r x 10c
2026-04-06 12:12:37,048 - INFO - Found 5 tables for NRM
2026-04-06 12:12:37,059 - INFO - Table 3 for NRM: 11r x 4c
2026-04-06 12:12:37,060 - INFO - Table 4 for NRM: 11r x 4c
2026-04-06 12:12:37,062 - INFO - Table 5 for NRM: 13r x 11c
2026-04-06 12:12:41,818 - INFO - Found 5 tables for NRN
2026-04-06 12:12:41,830 - INFO - Table 3 for NRN: 11r x 4c
2026-04-06 12:12:41,831 - INFO - Table 4 for NRN: 11r x 4c
2026-04-06 12:12:41,832 - INFO - Table 5 for NRN: 13r x 11c
2026-04-06 12:12:47,405 - INFO - Found 5 tables for NTC
2026-04-06 12:12:47,416 - INFO - Table 3 for NTC: 11r x 4c
2026-04-06 12:12:47,417 - INFO - Table 4 for NTC: 11r x 4c
2026-04-06 12:12:47,418 - INFO - Table 5 for NTC: 13r x 11c
2026-04-06 12:12:51,888 - INFO - Found 5 tables for NUBL
2026-04-06 12:12:51,899 - INFO - Table 3 for NUBL: 11r x 4c
2026-04-06 12:12:51,900 - INFO - Table 4 for NUBL: 11r x 4c
2026-04-06 12:12:51,901 - INFO - Table 5 for NUBL: 13r x 11c
2026-04-06 12:12:56,436 - INFO - Found 5 tables for NWCL
2026-04-06 12:12:56,447 - INFO - Table 3 for NWCL: 11r x 4c
2026-04-06 12:12:56,448 - INFO - Table 4 for NWCL: 11r x 4c
2026-04-06 12:12:56,449 - INFO - Table 5 for NWCL: 13r x 11c
2026-04-06 12:13:13,604 - INFO - Found 5 tables for NYADI
2026-04-06 12:13:13,616 - INFO - Table 3 for NYADI: 11r x 4c
2026-04-06 12:13:13,617 - INFO - Table 4 for NYADI: 15r x 4c
2026-04-06 12:13:13,618 - INFO - Table 5 for NYADI: 13r x 11c
2026-04-06 12:13:18,057 - INFO - Found 5 tables for OHL
2026-04-06 12:13:18,069 - INFO - Table 3 for OHL: 11r x 4c
2026-04-06 12:13:18,070 - INFO - Table 4 for OHL: 11r x 4c
2026-04-06 12:13:18,071 - INFO - Table 5 for OHL: 13r x 11c
2026-04-06 12:13:22,659 - INFO - Found 5 tables for OMPL
2026-04-06 12:13:22,670 - INFO - Table 3 for OMPL: 11r x 4c
2026-04-06 12:13:22,670 - INFO - Table 4 for OMPL: 11r x 4c
2026-04-06 12:13:22,672 - INFO - Table 5 for OMPL: 13r x 7c
2026-04-06 12:13:27,117 - INFO - Found 5 tables for PCBL
2026-04-06 12:13:27,128 - INFO - Table 3 for PCBL: 11r x 4c
2026-04-06 12:13:27,129 - INFO - Table 4 for PCBL: 11r x 4c
2026-04-06 12:13:27,130 - INFO - Table 5 for PCBL: 13r x 11c
2026-04-06 12:13:42,730 - INFO - Found 5 tables for PFL
2026-04-06 12:13:42,741 - INFO - Table 3 for PFL: 11r x 4c
2026-04-06 12:13:42,742 - INFO - Table 4 for PFL: 11r x 4c
2026-04-06 12:13:42,744 - INFO - Table 5 for PFL: 13r x 11c
2026-04-06 12:13:47,240 - INFO - Found 5 tables for PHCL
2026-04-06 12:13:47,251 - INFO - Table 3 for PHCL: 11r x 4c
2026-04-06 12:13:47,252 - INFO - Table 4 for PHCL: 15r x 4c
2026-04-06 12:13:47,253 - INFO - Table 5 for PHCL: 13r x 11c
2026-04-06 12:13:52,029 - INFO - Found 5 tables for PMHPL
2026-04-06 12:13:52,040 - INFO - Table 3 for PMHPL: 11r x 4c
2026-04-06 12:13:52,041 - INFO - Table 4 for PMHPL: 15r x 4c
2026-04-06 12:13:52,043 - INFO - Table 5 for PMHPL: 13r x 11c
2026-04-06 12:13:56,495 - INFO - Found 5 tables for PMLI
2026-04-06 12:13:56,507 - INFO - Table 3 for PMLI: 11r x 4c
2026-04-06 12:13:56,508 - INFO - Table 4 for PMLI: 11r x 4c
2026-04-06 12:13:56,509 - INFO - Table 5 for PMLI: 13r x 11c
2026-04-06 12:14:00,811 - INFO - Found 5 tables for PPCL
2026-04-06 12:14:00,823 - INFO - Table 3 for PPCL: 11r x 4c
2026-04-06 12:14:00,824 - INFO - Table 4 for PPCL: 15r x 4c
2026-04-06 12:14:00,826 - INFO - Table 5 for PPCL: 13r x 11c
2026-04-06 12:14:05,193 - INFO - Found 5 tables for PPL
2026-04-06 12:14:05,204 - INFO - Table 3 for PPL: 11r x 4c
2026-04-06 12:14:05,205 - INFO - Table 4 for PPL: 15r x 4c
2026-04-06 12:14:05,207 - INFO - Table 5 for PPL: 13r x 11c
2026-04-06 12:14:09,639 - INFO - Found 5 tables for PRIN
2026-04-06 12:14:09,650 - INFO - Table 3 for PRIN: 11r x 4c
2026-04-06 12:14:09,651 - INFO - Table 4 for PRIN: 11r x 4c
2026-04-06 12:14:09,652 - INFO - Table 5 for PRIN: 13r x 11c
2026-04-06 12:14:14,383 - INFO - Found 5 tables for PROFL
2026-04-06 12:14:14,394 - INFO - Table 3 for PROFL: 11r x 4c
2026-04-06 12:14:14,395 - INFO - Table 4 for PROFL: 11r x 4c
2026-04-06 12:14:14,396 - INFO - Table 5 for PROFL: 13r x 11c
2026-04-06 12:14:18,779 - INFO - Found 5 tables for PRVU
2026-04-06 12:14:18,790 - INFO - Table 3 for PRVU: 11r x 4c
2026-04-06 12:14:18,791 - INFO - Table 4 for PRVU: 11r x 4c
2026-04-06 12:14:18,792 - INFO - Table 5 for PRVU: 13r x 11c
2026-04-06 12:14:23,234 - INFO - Found 5 tables for PURE
2026-04-06 12:14:23,246 - INFO - Table 3 for PURE: 11r x 4c
2026-04-06 12:14:23,247 - INFO - Table 4 for PURE: 15r x 4c
2026-04-06 12:14:23,248 - INFO - Table 5 for PURE: 13r x 6c
2026-04-06 12:14:27,641 - INFO - Found 5 tables for RADHI
2026-04-06 12:14:27,652 - INFO - Table 3 for RADHI: 11r x 4c
2026-04-06 12:14:27,653 - INFO - Table 4 for RADHI: 15r x 4c
2026-04-06 12:14:27,655 - INFO - Table 5 for RADHI: 13r x 11c
2026-04-06 12:14:32,162 - INFO - Found 5 tables for RAWA
2026-04-06 12:14:32,173 - INFO - Table 3 for RAWA: 11r x 4c
2026-04-06 12:14:32,174 - INFO - Table 4 for RAWA: 15r x 4c
2026-04-06 12:14:32,176 - INFO - Table 5 for RAWA: 13r x 11c
2026-04-06 12:14:36,620 - INFO - Found 5 tables for RBCL
2026-04-06 12:14:36,631 - INFO - Table 3 for RBCL: 11r x 4c
2026-04-06 12:14:36,632 - INFO - Table 4 for RBCL: 11r x 4c
2026-04-06 12:14:36,633 - INFO - Table 5 for RBCL: 13r x 11c
2026-04-06 12:14:41,642 - INFO - Found 5 tables for RFPL
2026-04-06 12:14:41,654 - INFO - Table 3 for RFPL: 11r x 4c
2026-04-06 12:14:41,655 - INFO - Table 4 for RFPL: 15r x 4c
2026-04-06 12:14:41,656 - INFO - Table 5 for RFPL: 13r x 10c
2026-04-06 12:14:46,008 - INFO - Found 5 tables for RHGCL
2026-04-06 12:14:46,019 - INFO - Table 3 for RHGCL: 11r x 4c
2026-04-06 12:14:46,020 - INFO - Table 4 for RHGCL: 15r x 4c
2026-04-06 12:14:46,021 - INFO - Table 5 for RHGCL: 13r x 11c
2026-04-06 12:14:50,512 - INFO - Found 5 tables for RHPL
2026-04-06 12:14:50,523 - INFO - Table 3 for RHPL: 11r x 4c
2026-04-06 12:14:50,524 - INFO - Table 4 for RHPL: 15r x 4c
2026-04-06 12:14:50,525 - INFO - Table 5 for RHPL: 13r x 11c
2026-04-06 12:15:07,572 - INFO - Found 5 tables for RIDI
2026-04-06 12:15:07,583 - INFO - Table 3 for RIDI: 11r x 4c
2026-04-06 12:15:07,584 - INFO - Table 4 for RIDI: 15r x 4c
2026-04-06 12:15:07,586 - INFO - Table 5 for RIDI: 13r x 11c
2026-04-06 12:15:12,047 - INFO - Found 5 tables for RLFL
2026-04-06 12:15:12,059 - INFO - Table 3 for RLFL: 11r x 4c
2026-04-06 12:15:12,060 - INFO - Table 4 for RLFL: 11r x 4c
2026-04-06 12:15:12,061 - INFO - Table 5 for RLFL: 13r x 11c
2026-04-06 12:15:16,456 - INFO - Found 5 tables for RNLI
2026-04-06 12:15:16,467 - INFO - Table 3 for RNLI: 11r x 4c
2026-04-06 12:15:16,468 - INFO - Table 4 for RNLI: 11r x 4c
2026-04-06 12:15:16,469 - INFO - Table 5 for RNLI: 13r x 11c
2026-04-06 12:15:21,383 - INFO - Found 5 tables for RSDC
2026-04-06 12:15:21,395 - INFO - Table 3 for RSDC: 11r x 4c
2026-04-06 12:15:21,396 - INFO - Table 4 for RSDC: 11r x 4c
2026-04-06 12:15:21,397 - INFO - Table 5 for RSDC: 13r x 11c
2026-04-06 12:15:25,854 - INFO - Found 5 tables for RURU
2026-04-06 12:15:25,866 - INFO - Table 3 for RURU: 11r x 4c
2026-04-06 12:15:25,866 - INFO - Table 4 for RURU: 15r x 4c
2026-04-06 12:15:25,868 - INFO - Table 5 for RURU: 13r x 11c
2026-04-06 12:15:30,272 - INFO - Found 5 tables for SADBL
2026-04-06 12:15:30,283 - INFO - Table 3 for SADBL: 11r x 4c
2026-04-06 12:15:30,284 - INFO - Table 4 for SADBL: 11r x 4c
2026-04-06 12:15:30,285 - INFO - Table 5 for SADBL: 13r x 11c
2026-04-06 12:15:36,231 - INFO - Found 5 tables for SAHAS
2026-04-06 12:15:36,242 - INFO - Table 3 for SAHAS: 11r x 4c
2026-04-06 12:15:36,243 - INFO - Table 4 for SAHAS: 15r x 4c
2026-04-06 12:15:36,244 - INFO - Table 5 for SAHAS: 13r x 11c
2026-04-06 12:15:40,663 - INFO - Found 5 tables for SALICO
2026-04-06 12:15:40,674 - INFO - Table 3 for SALICO: 11r x 4c
2026-04-06 12:15:40,675 - INFO - Table 4 for SALICO: 11r x 4c
2026-04-06 12:15:40,676 - INFO - Table 5 for SALICO: 13r x 11c
2026-04-06 12:15:45,174 - INFO - Found 5 tables for SAMAJ
2026-04-06 12:15:45,185 - INFO - Table 3 for SAMAJ: 11r x 4c
2026-04-06 12:15:45,186 - INFO - Table 4 for SAMAJ: 11r x 4c
2026-04-06 12:15:45,187 - INFO - Table 5 for SAMAJ: 13r x 9c
2026-04-06 12:15:49,527 - INFO - Found 5 tables for SANIMA
2026-04-06 12:15:49,539 - INFO - Table 3 for SANIMA: 11r x 4c
2026-04-06 12:15:49,540 - INFO - Table 4 for SANIMA: 11r x 4c
2026-04-06 12:15:49,541 - INFO - Table 5 for SANIMA: 13r x 11c
2026-04-06 12:15:53,934 - INFO - Found 5 tables for SANVI
2026-04-06 12:15:53,945 - INFO - Table 3 for SANVI: 11r x 4c
2026-04-06 12:15:53,946 - INFO - Table 4 for SANVI: 15r x 4c
2026-04-06 12:15:53,947 - INFO - Table 5 for SANVI: 13r x 6c
2026-04-06 12:15:58,336 - INFO - Found 5 tables for SAPDBL
2026-04-06 12:15:58,348 - INFO - Table 3 for SAPDBL: 11r x 4c
2026-04-06 12:15:58,349 - INFO - Table 4 for SAPDBL: 11r x 4c
2026-04-06 12:15:58,350 - INFO - Table 5 for SAPDBL: 13r x 11c
2026-04-06 12:16:02,763 - INFO - Found 5 tables for SARBTM
2026-04-06 12:16:02,774 - INFO - Table 3 for SARBTM: 11r x 4c
2026-04-06 12:16:02,775 - INFO - Table 4 for SARBTM: 11r x 4c
2026-04-06 12:16:02,777 - INFO - Table 5 for SARBTM: 13r x 11c
2026-04-06 12:16:07,169 - INFO - Found 5 tables for SBI
2026-04-06 12:16:07,181 - INFO - Table 3 for SBI: 11r x 4c
2026-04-06 12:16:07,182 - INFO - Table 4 for SBI: 11r x 4c
2026-04-06 12:16:07,183 - INFO - Table 5 for SBI: 13r x 11c
2026-04-06 12:16:11,600 - INFO - Found 5 tables for SBL
2026-04-06 12:16:11,611 - INFO - Table 3 for SBL: 11r x 4c
2026-04-06 12:16:11,612 - INFO - Table 4 for SBL: 11r x 4c
2026-04-06 12:16:11,614 - INFO - Table 5 for SBL: 13r x 11c
2026-04-06 12:16:16,124 - INFO - Found 5 tables for SCB
2026-04-06 12:16:16,135 - INFO - Table 3 for SCB: 11r x 4c
2026-04-06 12:16:16,136 - INFO - Table 4 for SCB: 11r x 4c
2026-04-06 12:16:16,137 - INFO - Table 5 for SCB: 13r x 11c
2026-04-06 12:16:20,503 - INFO - Found 5 tables for SFCL
2026-04-06 12:16:20,514 - INFO - Table 3 for SFCL: 11r x 4c
2026-04-06 12:16:20,515 - INFO - Table 4 for SFCL: 11r x 4c
2026-04-06 12:16:20,516 - INFO - Table 5 for SFCL: 13r x 11c
2026-04-06 12:16:24,966 - INFO - Found 5 tables for SGHC
2026-04-06 12:16:24,978 - INFO - Table 3 for SGHC: 11r x 4c
2026-04-06 12:16:24,979 - INFO - Table 4 for SGHC: 15r x 4c
2026-04-06 12:16:24,980 - INFO - Table 5 for SGHC: 13r x 11c
2026-04-06 12:16:29,397 - INFO - Found 5 tables for SGIC
2026-04-06 12:16:29,408 - INFO - Table 3 for SGIC: 11r x 4c
2026-04-06 12:16:29,473 - INFO - Table 4 for SGIC: 11r x 4c
2026-04-06 12:16:29,474 - INFO - Table 5 for SGIC: 13r x 11c
2026-04-06 12:16:33,888 - INFO - Found 5 tables for SHEL
2026-04-06 12:16:33,900 - INFO - Table 3 for SHEL: 11r x 4c
2026-04-06 12:16:33,901 - INFO - Table 4 for SHEL: 15r x 4c
2026-04-06 12:16:33,902 - INFO - Table 5 for SHEL: 13r x 11c
2026-04-06 12:16:38,245 - INFO - Found 5 tables for SHINE
2026-04-06 12:16:38,257 - INFO - Table 3 for SHINE: 11r x 4c
2026-04-06 12:16:38,258 - INFO - Table 4 for SHINE: 11r x 4c
2026-04-06 12:16:38,259 - INFO - Table 5 for SHINE: 13r x 11c
2026-04-06 12:16:42,647 - INFO - Found 5 tables for SHIVM
2026-04-06 12:16:42,658 - INFO - Table 3 for SHIVM: 11r x 4c
2026-04-06 12:16:42,659 - INFO - Table 4 for SHIVM: 11r x 4c
2026-04-06 12:16:42,660 - INFO - Table 5 for SHIVM: 13r x 11c
2026-04-06 12:16:47,105 - INFO - Found 5 tables for SHL
2026-04-06 12:16:47,116 - INFO - Table 3 for SHL: 11r x 4c
2026-04-06 12:16:47,117 - INFO - Table 4 for SHL: 11r x 4c
2026-04-06 12:16:47,118 - INFO - Table 5 for SHL: 13r x 11c
2026-04-06 12:16:52,885 - INFO - Found 5 tables for SHLB
2026-04-06 12:16:52,896 - INFO - Table 3 for SHLB: 11r x 4c
2026-04-06 12:16:52,897 - INFO - Table 4 for SHLB: 11r x 4c
2026-04-06 12:16:52,898 - INFO - Table 5 for SHLB: 13r x 11c
2026-04-06 12:16:57,793 - INFO - Found 5 tables for SHPC
2026-04-06 12:16:57,805 - INFO - Table 3 for SHPC: 11r x 4c
2026-04-06 12:16:57,807 - INFO - Table 4 for SHPC: 15r x 4c
2026-04-06 12:16:57,808 - INFO - Table 5 for SHPC: 13r x 11c
2026-04-06 12:17:02,138 - INFO - Found 5 tables for SICL
2026-04-06 12:17:02,149 - INFO - Table 3 for SICL: 11r x 4c
2026-04-06 12:17:02,150 - INFO - Table 4 for SICL: 11r x 4c
2026-04-06 12:17:02,152 - INFO - Table 5 for SICL: 13r x 11c
2026-04-06 12:17:06,698 - INFO - Found 5 tables for SIFC
2026-04-06 12:17:06,709 - INFO - Table 3 for SIFC: 11r x 4c
2026-04-06 12:17:06,710 - INFO - Table 4 for SIFC: 11r x 4c
2026-04-06 12:17:06,711 - INFO - Table 5 for SIFC: 13r x 11c
2026-04-06 12:17:11,132 - INFO - Found 5 tables for SIKLES
2026-04-06 12:17:11,143 - INFO - Table 3 for SIKLES: 11r x 4c
2026-04-06 12:17:11,145 - INFO - Table 4 for SIKLES: 15r x 4c
2026-04-06 12:17:11,146 - INFO - Table 5 for SIKLES: 13r x 11c
2026-04-06 12:17:15,580 - INFO - Found 5 tables for SINDU
2026-04-06 12:17:15,592 - INFO - Table 3 for SINDU: 11r x 4c
2026-04-06 12:17:15,593 - INFO - Table 4 for SINDU: 11r x 4c
2026-04-06 12:17:15,594 - INFO - Table 5 for SINDU: 13r x 11c
2026-04-06 12:17:19,996 - INFO - Found 5 tables for SJCL
2026-04-06 12:17:20,008 - INFO - Table 3 for SJCL: 11r x 4c
2026-04-06 12:17:20,009 - INFO - Table 4 for SJCL: 15r x 4c
2026-04-06 12:17:20,010 - INFO - Table 5 for SJCL: 13r x 11c
2026-04-06 12:17:24,585 - INFO - Found 5 tables for SJLIC
2026-04-06 12:17:24,596 - INFO - Table 3 for SJLIC: 11r x 4c
2026-04-06 12:17:24,597 - INFO - Table 4 for SJLIC: 11r x 4c
2026-04-06 12:17:24,599 - INFO - Table 5 for SJLIC: 13r x 11c
2026-04-06 12:17:28,940 - INFO - Found 5 tables for SKBBL
2026-04-06 12:17:28,951 - INFO - Table 3 for SKBBL: 11r x 4c
2026-04-06 12:17:28,952 - INFO - Table 4 for SKBBL: 11r x 4c
2026-04-06 12:17:28,954 - INFO - Table 5 for SKBBL: 13r x 11c
2026-04-06 12:17:33,363 - INFO - Found 5 tables for SLBBL
2026-04-06 12:17:33,374 - INFO - Table 3 for SLBBL: 11r x 4c
2026-04-06 12:17:33,375 - INFO - Table 4 for SLBBL: 11r x 4c
2026-04-06 12:17:33,376 - INFO - Table 5 for SLBBL: 13r x 11c
2026-04-06 12:17:37,804 - INFO - Found 5 tables for SLBSL
2026-04-06 12:17:37,816 - INFO - Table 3 for SLBSL: 11r x 4c
2026-04-06 12:17:37,817 - INFO - Table 4 for SLBSL: 11r x 4c
2026-04-06 12:17:37,818 - INFO - Table 5 for SLBSL: 13r x 11c
2026-04-06 12:17:42,197 - INFO - Found 5 tables for SMATA
2026-04-06 12:17:42,208 - INFO - Table 3 for SMATA: 11r x 4c
2026-04-06 12:17:42,209 - INFO - Table 4 for SMATA: 11r x 4c
2026-04-06 12:17:42,211 - INFO - Table 5 for SMATA: 13r x 11c
2026-04-06 12:17:46,609 - INFO - Found 5 tables for SMB
2026-04-06 12:17:46,620 - INFO - Table 3 for SMB: 11r x 4c
2026-04-06 12:17:46,621 - INFO - Table 4 for SMB: 11r x 4c
2026-04-06 12:17:46,622 - INFO - Table 5 for SMB: 13r x 11c
2026-04-06 12:17:51,035 - INFO - Found 5 tables for SMFBS
2026-04-06 12:17:51,047 - INFO - Table 3 for SMFBS: 11r x 4c
2026-04-06 12:17:51,048 - INFO - Table 4 for SMFBS: 11r x 4c
2026-04-06 12:17:51,049 - INFO - Table 5 for SMFBS: 13r x 11c
2026-04-06 12:17:55,540 - INFO - Found 5 tables for SMH
2026-04-06 12:17:55,551 - INFO - Table 3 for SMH: 11r x 4c
2026-04-06 12:17:55,552 - INFO - Table 4 for SMH: 15r x 4c
2026-04-06 12:17:55,553 - INFO - Table 5 for SMH: 13r x 11c
2026-04-06 12:18:00,134 - INFO - Found 5 tables for SMHL
2026-04-06 12:18:00,145 - INFO - Table 3 for SMHL: 11r x 4c
2026-04-06 12:18:00,146 - INFO - Table 4 for SMHL: 15r x 4c
2026-04-06 12:18:00,147 - INFO - Table 5 for SMHL: 13r x 11c
2026-04-06 12:18:04,573 - INFO - Found 5 tables for SMJC
2026-04-06 12:18:04,585 - INFO - Table 3 for SMJC: 11r x 4c
2026-04-06 12:18:04,586 - INFO - Table 4 for SMJC: 15r x 4c
2026-04-06 12:18:04,587 - INFO - Table 5 for SMJC: 13r x 11c
2026-04-06 12:18:08,933 - INFO - Found 5 tables for SMPDA
2026-04-06 12:18:08,945 - INFO - Table 3 for SMPDA: 11r x 4c
2026-04-06 12:18:08,946 - INFO - Table 4 for SMPDA: 11r x 4c
2026-04-06 12:18:08,947 - INFO - Table 5 for SMPDA: 13r x 10c
2026-04-06 12:18:13,392 - INFO - Found 5 tables for SNLI
2026-04-06 12:18:13,404 - INFO - Table 3 for SNLI: 11r x 4c
2026-04-06 12:18:13,405 - INFO - Table 4 for SNLI: 11r x 4c
2026-04-06 12:18:13,406 - INFO - Table 5 for SNLI: 13r x 11c
2026-04-06 12:18:17,811 - INFO - Found 5 tables for SONA
2026-04-06 12:18:17,822 - INFO - Table 3 for SONA: 11r x 4c
2026-04-06 12:18:17,823 - INFO - Table 4 for SONA: 11r x 4c
2026-04-06 12:18:17,825 - INFO - Table 5 for SONA: 13r x 11c
2026-04-06 12:18:22,100 - INFO - Found 5 tables for SPC
2026-04-06 12:18:22,112 - INFO - Table 3 for SPC: 11r x 4c
2026-04-06 12:18:22,113 - INFO - Table 4 for SPC: 15r x 4c
2026-04-06 12:18:22,114 - INFO - Table 5 for SPC: 13r x 11c
2026-04-06 12:18:26,501 - INFO - Found 5 tables for SPDL
2026-04-06 12:18:26,513 - INFO - Table 3 for SPDL: 11r x 4c
2026-04-06 12:18:26,514 - INFO - Table 4 for SPDL: 15r x 4c
2026-04-06 12:18:26,515 - INFO - Table 5 for SPDL: 13r x 11c
2026-04-06 12:18:43,278 - INFO - Found 5 tables for SPHL
2026-04-06 12:18:43,289 - INFO - Table 3 for SPHL: 11r x 4c
2026-04-06 12:18:43,290 - INFO - Table 4 for SPHL: 15r x 4c
2026-04-06 12:18:43,291 - INFO - Table 5 for SPHL: 13r x 11c
2026-04-06 12:18:47,774 - INFO - Found 5 tables for SPIL
2026-04-06 12:18:47,786 - INFO - Table 3 for SPIL: 11r x 4c
2026-04-06 12:18:47,786 - INFO - Table 4 for SPIL: 11r x 4c
2026-04-06 12:18:47,788 - INFO - Table 5 for SPIL: 13r x 11c
2026-04-06 12:18:52,326 - INFO - Found 5 tables for SPL
2026-04-06 12:18:52,338 - INFO - Table 3 for SPL: 11r x 4c
2026-04-06 12:18:52,339 - INFO - Table 4 for SPL: 15r x 4c
2026-04-06 12:18:52,341 - INFO - Table 5 for SPL: 13r x 11c
2026-04-06 12:18:56,684 - INFO - Found 5 tables for SRLI
2026-04-06 12:18:56,696 - INFO - Table 3 for SRLI: 11r x 4c
2026-04-06 12:18:56,696 - INFO - Table 4 for SRLI: 11r x 4c
2026-04-06 12:18:56,698 - INFO - Table 5 for SRLI: 13r x 11c
2026-04-06 12:19:00,790 - INFO - Found 5 tables for SSHL
2026-04-06 12:19:00,801 - INFO - Table 3 for SSHL: 11r x 4c
2026-04-06 12:19:00,802 - INFO - Table 4 for SSHL: 15r x 4c
2026-04-06 12:19:00,803 - INFO - Table 5 for SSHL: 13r x 10c
2026-04-06 12:19:05,228 - INFO - Found 5 tables for STC
2026-04-06 12:19:05,240 - INFO - Table 3 for STC: 11r x 4c
2026-04-06 12:19:05,241 - INFO - Table 4 for STC: 11r x 4c
2026-04-06 12:19:05,243 - INFO - Table 5 for STC: 13r x 11c
2026-04-06 12:19:09,665 - INFO - Found 5 tables for SWBBL
2026-04-06 12:19:09,677 - INFO - Table 3 for SWBBL: 11r x 4c
2026-04-06 12:19:09,678 - INFO - Table 4 for SWBBL: 11r x 4c
2026-04-06 12:19:09,679 - INFO - Table 5 for SWBBL: 13r x 11c
2026-04-06 12:19:14,114 - INFO - Found 5 tables for SWMF
2026-04-06 12:19:14,125 - INFO - Table 3 for SWMF: 11r x 4c
2026-04-06 12:19:14,126 - INFO - Table 4 for SWMF: 11r x 4c
2026-04-06 12:19:14,128 - INFO - Table 5 for SWMF: 13r x 11c
2026-04-06 12:19:18,519 - INFO - Found 5 tables for TAMOR
2026-04-06 12:19:18,530 - INFO - Table 3 for TAMOR: 11r x 4c
2026-04-06 12:19:18,531 - INFO - Table 4 for TAMOR: 15r x 4c
2026-04-06 12:19:18,533 - INFO - Table 5 for TAMOR: 13r x 11c
2026-04-06 12:19:22,960 - INFO - Found 5 tables for TPC
2026-04-06 12:19:22,972 - INFO - Table 3 for TPC: 11r x 4c
2026-04-06 12:19:22,973 - INFO - Table 4 for TPC: 15r x 4c
2026-04-06 12:19:22,974 - INFO - Table 5 for TPC: 13r x 11c
2026-04-06 12:19:27,398 - INFO - Found 5 tables for TRH
2026-04-06 12:19:27,410 - INFO - Table 3 for TRH: 11r x 4c
2026-04-06 12:19:27,411 - INFO - Table 4 for TRH: 11r x 4c
2026-04-06 12:19:27,412 - INFO - Table 5 for TRH: 13r x 11c
2026-04-06 12:19:31,794 - INFO - Found 5 tables for TSHL
2026-04-06 12:19:31,805 - INFO - Table 3 for TSHL: 11r x 4c
2026-04-06 12:19:31,806 - INFO - Table 4 for TSHL: 15r x 4c
2026-04-06 12:19:31,808 - INFO - Table 5 for TSHL: 13r x 11c
2026-04-06 12:19:48,727 - INFO - Found 5 tables for TTL
2026-04-06 12:19:48,738 - INFO - Table 3 for TTL: 11r x 4c
2026-04-06 12:19:48,739 - INFO - Table 4 for TTL: 11r x 4c
2026-04-06 12:19:48,740 - INFO - Table 5 for TTL: 13r x 6c
2026-04-06 12:19:53,111 - INFO - Found 5 tables for TVCL
2026-04-06 12:19:53,122 - INFO - Table 3 for TVCL: 11r x 4c
2026-04-06 12:19:53,123 - INFO - Table 4 for TVCL: 15r x 4c
2026-04-06 12:19:53,125 - INFO - Table 5 for TVCL: 13r x 11c
2026-04-06 12:19:57,514 - INFO - Found 5 tables for UAIL
2026-04-06 12:19:57,526 - INFO - Table 3 for UAIL: 11r x 4c
2026-04-06 12:19:57,526 - INFO - Table 4 for UAIL: 11r x 4c
2026-04-06 12:19:57,528 - INFO - Table 5 for UAIL: 13r x 11c
2026-04-06 12:20:14,853 - INFO - Found 5 tables for UHEWA
2026-04-06 12:20:14,864 - INFO - Table 3 for UHEWA: 11r x 4c
2026-04-06 12:20:14,865 - INFO - Table 4 for UHEWA: 15r x 4c
2026-04-06 12:20:14,866 - INFO - Table 5 for UHEWA: 13r x 11c
2026-04-06 12:20:19,344 - INFO - Found 5 tables for ULBSL
2026-04-06 12:20:19,355 - INFO - Table 3 for ULBSL: 11r x 4c
2026-04-06 12:20:19,356 - INFO - Table 4 for ULBSL: 11r x 4c
2026-04-06 12:20:19,358 - INFO - Table 5 for ULBSL: 13r x 11c
2026-04-06 12:20:23,700 - INFO - Found 5 tables for ULHC
2026-04-06 12:20:23,711 - INFO - Table 3 for ULHC: 11r x 4c
2026-04-06 12:20:23,712 - INFO - Table 4 for ULHC: 15r x 4c
2026-04-06 12:20:23,713 - INFO - Table 5 for ULHC: 13r x 9c
2026-04-06 12:20:28,141 - INFO - Found 5 tables for UMHL
2026-04-06 12:20:28,152 - INFO - Table 3 for UMHL: 11r x 4c
2026-04-06 12:20:28,153 - INFO - Table 4 for UMHL: 15r x 4c
2026-04-06 12:20:28,155 - INFO - Table 5 for UMHL: 13r x 11c
2026-04-06 12:20:32,542 - INFO - Found 5 tables for UMRH
2026-04-06 12:20:32,554 - INFO - Table 3 for UMRH: 11r x 4c
2026-04-06 12:20:32,555 - INFO - Table 4 for UMRH: 15r x 4c
2026-04-06 12:20:32,556 - INFO - Table 5 for UMRH: 13r x 11c
2026-04-06 12:20:37,064 - INFO - Found 5 tables for UNHPL
2026-04-06 12:20:37,075 - INFO - Table 3 for UNHPL: 11r x 4c
2026-04-06 12:20:37,076 - INFO - Table 4 for UNHPL: 15r x 4c
2026-04-06 12:20:37,078 - INFO - Table 5 for UNHPL: 13r x 11c
2026-04-06 12:20:41,424 - INFO - Found 5 tables for UNL
2026-04-06 12:20:41,436 - INFO - Table 3 for UNL: 11r x 4c
2026-04-06 12:20:41,437 - INFO - Table 4 for UNL: 11r x 4c
2026-04-06 12:20:41,438 - INFO - Table 5 for UNL: 13r x 11c
2026-04-06 12:20:45,748 - INFO - Found 5 tables for UNLB
2026-04-06 12:20:45,759 - INFO - Table 3 for UNLB: 11r x 4c
2026-04-06 12:20:45,760 - INFO - Table 4 for UNLB: 11r x 4c
2026-04-06 12:20:45,762 - INFO - Table 5 for UNLB: 13r x 11c
2026-04-06 12:20:50,116 - INFO - Found 5 tables for UPCL
2026-04-06 12:20:50,127 - INFO - Table 3 for UPCL: 11r x 4c
2026-04-06 12:20:50,128 - INFO - Table 4 for UPCL: 15r x 4c
2026-04-06 12:20:50,130 - INFO - Table 5 for UPCL: 13r x 11c
2026-04-06 12:21:06,203 - INFO - Found 5 tables for UPPER
2026-04-06 12:21:06,215 - INFO - Table 3 for UPPER: 11r x 4c
2026-04-06 12:21:06,216 - INFO - Table 4 for UPPER: 15r x 4c
2026-04-06 12:21:06,217 - INFO - Table 5 for UPPER: 13r x 11c
2026-04-06 12:21:10,708 - INFO - Found 5 tables for USHEC
2026-04-06 12:21:10,719 - INFO - Table 3 for USHEC: 11r x 4c
2026-04-06 12:21:10,720 - INFO - Table 4 for USHEC: 15r x 4c
2026-04-06 12:21:10,722 - INFO - Table 5 for USHEC: 13r x 11c
2026-04-06 12:21:15,093 - INFO - Found 5 tables for USHL
2026-04-06 12:21:15,105 - INFO - Table 3 for USHL: 11r x 4c
2026-04-06 12:21:15,106 - INFO - Table 4 for USHL: 15r x 4c
2026-04-06 12:21:15,107 - INFO - Table 5 for USHL: 13r x 11c
2026-04-06 12:21:19,529 - INFO - Found 5 tables for USLB
2026-04-06 12:21:19,540 - INFO - Table 3 for USLB: 11r x 4c
2026-04-06 12:21:19,541 - INFO - Table 4 for USLB: 11r x 4c
2026-04-06 12:21:19,543 - INFO - Table 5 for USLB: 13r x 11c
2026-04-06 12:21:24,487 - INFO - Found 5 tables for VLBS
2026-04-06 12:21:24,499 - INFO - Table 3 for VLBS: 11r x 4c
2026-04-06 12:21:24,500 - INFO - Table 4 for VLBS: 11r x 4c
2026-04-06 12:21:24,501 - INFO - Table 5 for VLBS: 13r x 11c
2026-04-06 12:21:28,837 - INFO - Found 5 tables for VLUCL
2026-04-06 12:21:28,849 - INFO - Table 3 for VLUCL: 11r x 4c
2026-04-06 12:21:28,850 - INFO - Table 4 for VLUCL: 15r x 4c
2026-04-06 12:21:28,851 - INFO - Table 5 for VLUCL: 13r x 11c
2026-04-06 12:21:33,229 - INFO - Found 5 tables for WNLB
2026-04-06 12:21:33,242 - INFO - Table 3 for WNLB: 11r x 4c
2026-04-06 12:21:33,243 - INFO - Table 4 for WNLB: 11r x 4c
2026-04-06 12:21:33,244 - INFO - Table 5 for WNLB: 13r x 11c
2026-04-06 12:21:36,847 - INFO - CSV saved: Link_Attributes.csv
2026-04-06 12:21:36,904 - INFO - CSV saved: Link_Additional.csv
2026-04-06 12:21:38,303 - INFO - Dashboard saved: index.html
