Symbol,Particular,080-081Q3,080-081Q4,081-082Q1,081-082Q2,081-082Q3,081-082Q4,082-083Q1,082-083Q2,080-081Q2,082-083Q3,Date,Open,High,Low,Close,Percent Change,Volume,Turn Over,082-083Q4
ACLBSL,PE Ratio,,,95.4,80.0,60.0,46.0,45.0,43.0,,28.7,,,,,,,,,33.9
ACLBSL,PB Ratio,,,8.0,8.0,7.4,7.6,6.3,6.0,,5.6,,,,,,,,,5.2
ACLBSL,PS Ratio,,,6.1,8.4,5.8,6.0,4.8,4.6,,4.4,,,,,,,,,4.2
ACLBSL,ROE TTM,,,12.14 %,12.33 %,16.79 %,17.67 %,14.87 %,21.48 %,,21.31 %,,,,,,,,,16.47 %
ACLBSL,ROA TTM,,,1.24 %,1.24 %,1.64 %,1.70 %,1.40 %,2.00 %,,2.05 %,,,,,,,,,1.64 %
ACLBSL,Net Margin TTM,,,9.24 %,9.65 %,12.68 %,13.15 %,10.68 %,15.21 %,,15.56 %,,,,,,,,,12.44 %
ACLBSL,Asset Turnover TTM,,,13.47 %,12.80 %,12.92 %,12.92 %,13.11 %,13.16 %,,13.16 %,,,,,,,,,13.18 %
ACLBSL,EPS TTMYOY,,,17.02-,17.35-,23.73-,25.72116.94 %,22.0929.79 %,33.1190.85 %,,34.5345.53 %,,,,,,,,,27.798.05 %
ACLBSL,BVPSYOY,,,142.283.34 %,139.92-3.10 %,147.289.08 %,156.1810.04 %,157.4310.65 %,169.9821.49 %,,179.2121.68 %,,,,,,,,,180.9015.83 %
ACLBSL,Net Profit Till QtrYOY,,,2.15 Cr.745.54 %,3.27 Cr.161.41 %,6.13 Cr.245.81 %,9.44 Cr.116.94 %,82.07 Lac.-61.86 %,5.98 Cr.83.08 %,,9.37 Cr.52.76 %,,,,,,,,,10.20 Cr.8.05 %
ACLBSL,Revenue Till QtrYOY,,,16.21 Cr.-4.08 %,32.16 Cr.-6.72 %,50.88 Cr.0.78 %,71.80 Cr.5.09 %,20.35 Cr.25.53 %,40.26 Cr.25.21 %,,60.58 Cr.19.06 %,,,,,,,,,82.00 Cr.14.20 %
ACLBSL,Net Profit TTMYOY,,,6.25 Cr.-,6.37 Cr.-,8.71 Cr.-,9.44 Cr.116.94 %,8.11 Cr.29.79 %,12.15 Cr.90.85 %,,12.68 Cr.45.53 %,,,,,,,,,10.20 Cr.8.05 %
ACLBSL,Revenue TTMYOY,,,67.63 Cr.-7.39 %,66.00 Cr.-6.70 %,68.71 Cr.-1.25 %,71.80 Cr.5.09 %,75.94 Cr.12.29 %,79.91 Cr.21.07 %,,81.50 Cr.18.61 %,,,,,,,,,82.00 Cr.14.20 %
ADBL,PE Ratio,,,15.0,9.0,14.1,31.1,11.4,11.8,,12.2,,,,,,,,,19.2
ADBL,PB Ratio,,,1.6,1.2,1.3,1.5,1.3,1.3,,1.4,,,,,,,,,1.3
ADBL,PS Ratio,,,1.8,1.5,2.1,2.0,1.6,1.5,,1.4,,,,,,,,,1.7
ADBL,ROE TTM,,,14.45 %,9.15 %,4.79 %,12.03 %,11.34 %,11.39 %,,10.35 %,,,,,,,,,6.96 %
ADBL,ROA TTM,,,1.45 %,1.03 %,0.53 %,1.29 %,1.18 %,1.14 %,,0.90 %,,,,,,,,,0.59 %
ADBL,Net Margin TTM,,,16.89 %,14.73 %,6.44 %,13.82 %,13.05 %,11.13 %,,12.62 %,,,,,,,,,11.16 %
ADBL,Asset Turnover TTM,,,8.58 %,6.97 %,8.19 %,9.37 %,9.05 %,10.24 %,,7.17 %,,,,,,,,,5.29 %
ADBL,EPS TTMYOY,,,30.59162.93 %,19.70-35.06 %,10.41-60.64 %,26.7616.12 %,25.47-16.74 %,25.5829.89 %,,23.619.39 %,,,,,,,,,16.11-39.80 %
ADBL,BVPSYOY,,,224.2115.31 %,212.012.49 %,218.543.45 %,235.746.32 %,231.983.47 %,224.375.83 %,,230.495.47 %,,,,,,,,,233.99-0.74 %
ADBL,Net Profit Till QtrYOY,,,10.94 Cr.-,79.46 Cr.-37.62 %,16.00 Lac.-99.91 %,382.85 Cr.16.12 %,-757.52 Lac.-,62.59 Cr.-21.22 %,,114.95 Cr.-28.15 %,,,,,,,,,230.47 Cr.-39.80 %
ADBL,Revenue Till QtrYOY,,,528.00 Cr.-18.99 %,528.00 Cr.-60.27 %,"1,612.90 Cr.-19.97 %","2,770.08 Cr.2.06 %",549.58 Cr.4.09 %,"1,046.05 Cr.98.12 %",,"1,520.23 Cr.-5.75 %",,,,,,,,,"2,064.85 Cr.-25.46 %"
ADBL,Net Profit TTMYOY,,,437.60 Cr.162.93 %,281.78 Cr.-35.06 %,148.99 Cr.-60.64 %,382.85 Cr.16.12 %,364.33 Cr.-16.74 %,365.99 Cr.29.89 %,,337.81 Cr.9.39 %,,,,,,,,,230.47 Cr.-39.80 %
ADBL,Revenue TTMYOY,,,"2,590.38 Cr.5.19 %","1,913.23 Cr.-25.42 %","2,311.78 Cr.-12.01 %","2,770.08 Cr.2.06 %","2,791.66 Cr.7.77 %","3,288.14 Cr.71.86 %",,"2,677.41 Cr.15.82 %",,,,,,,,,"2,064.85 Cr.-25.46 %"
AHL,PE Ratio,,,-43.2,-111.4,-54.2,-76.7,-73.4,-91.1,,-41.3,,,,,,,,,-30.6
AHL,PB Ratio,,,7.4,8.5,7.5,7.3,7.0,6.3,,0.0,,,,,,,,,5.9
AHL,PS Ratio,,,18.5,26.6,17.7,15.8,15.2,14.3,,15.9,,,,,,,,,15.2
AHL,ROE TTM,,,-,-,-,-,-,-,,-,,,,,,,,,-
AHL,ROA TTM,,,-3.52 %,-3.21 %,-2.81 %,-2.11 %,-1.59 %,-3.57 %,,-3.61 %,,,,,,,,,-4.54 %
AHL,Net Margin TTM,,,-35.28 %,-32.74 %,-28.47 %,-20.64 %,-15.58 %,-42.89 %,,-50.53 %,,,,,,,,,-72.65 %
AHL,Asset Turnover TTM,,,9.97 %,9.80 %,9.88 %,10.25 %,10.22 %,8.33 %,,7.15 %,,,,,,,,,6.25 %
AHL,EPS TTMYOY,,,-14.10-,-12.74-,-11.06-,-8.28-,-6.20-,-13.71-,,-13.75-,,,,,,,,,-17.41-
AHL,BVPSYOY,,,97.37-13.50 %,92.04-12.85 %,86.11-12.13 %,86.84-9.49 %,90.26-7.30 %,0.00-100.00 %,,71.36-17.13 %,,,,,,,,,68.43-21.20 %
AHL,Net Profit Till QtrYOY,,,76.28 Lac.-,-104.68 Lac.-,-306.51 Lac.-,-281.61 Lac.-,1.47 Cr.92.99 %,-289.08 Lac.-,,-492.40 Lac.-,,,,,,,,,-591.84 Lac.-
AHL,Revenue Till QtrYOY,,,5.32 Cr.11.22 %,7.97 Cr.2.33 %,9.59 Cr.1.64 %,13.64 Cr.4.53 %,5.20 Cr.-2.30 %,5.20 Cr.-34.84 %,,5.20 Cr.-45.80 %,,,,,,,,,8.15 Cr.-40.29 %
AHL,Net Profit TTMYOY,,,-479.45 Lac.-,-433.26 Lac.-,-376.03 Lac.-,-281.61 Lac.-,-210.67 Lac.-,-466.01 Lac.-,,-467.50 Lac.-,,,,,,,,,-591.84 Lac.-
AHL,Revenue TTMYOY,,,13.59 Cr.-28.96 %,13.23 Cr.-15.08 %,13.21 Cr.2.98 %,13.64 Cr.4.53 %,13.52 Cr.-0.50 %,10.87 Cr.-17.90 %,,9.25 Cr.-29.94 %,,,,,,,,,8.15 Cr.-40.29 %
AHPC,PE Ratio,,,109.2,58.3,65.9,25.4,23.9,32.0,,31.8,,,,,,,,,44.6
AHPC,PB Ratio,,,2.9,2.5,2.9,2.6,2.5,2.5,,2.5,,,,,,,,,2.4
AHPC,PS Ratio,,,21.1,15.4,17.5,15.3,14.4,18.4,,18.6,,,,,,,,,25.2
AHPC,ROE TTM,,,3.38 %,5.00 %,8.57 %,10.94 %,9.08 %,8.27 %,,5.50 %,,,,,,,,,3.13 %
AHPC,ROA TTM,,,3.05 %,4.24 %,7.85 %,9.82 %,8.20 %,7.55 %,,5.06 %,,,,,,,,,2.89 %
AHPC,Net Margin TTM,,,19.32 %,26.50 %,40.01 %,60.30 %,58.96 %,58.22 %,,56.30 %,,,,,,,,,41.47 %
AHPC,Asset Turnover TTM,,,15.81 %,16.00 %,19.63 %,16.29 %,13.91 %,12.96 %,,9.00 %,,,,,,,,,6.98 %
AHPC,EPS TTMYOY,,,2.61130.46 %,4.38422.38 %,8.46-,"11.097,515.31 %",9.41261.03 %,8.76100.16 %,,5.94-29.84 %,,,,,,,,,3.41-69.23 %
AHPC,BVPSYOY,,,98.78105.21 %,100.69108.56 %,104.3410.91 %,106.9011.22 %,107.679.00 %,110.149.38 %,,110.716.11 %,,,,,,,,,109.712.62 %
AHPC,Net Profit Till QtrYOY,,,11.32 Cr.720.51 %,19.42 Cr.734.95 %,"34.19 Cr.5,798.91 %","44.81 Cr.7,515.31 %",4.53 Cr.-59.97 %,10.01 Cr.-48.48 %,,13.37 Cr.-60.90 %,,,,,,,,,13.79 Cr.-69.23 %
AHPC,Revenue Till QtrYOY,,,"18.96 Cr.1,333.88 %",33.06 Cr.932.64 %,54.62 Cr.808.08 %,74.32 Cr.101.56 %,9.13 Cr.-51.86 %,19.55 Cr.-40.88 %,,22.91 Cr.-58.05 %,,,,,,,,,33.25 Cr.-55.26 %
AHPC,Net Profit TTMYOY,,,10.53 Cr.130.46 %,17.68 Cr.422.38 %,34.20 Cr.-,"44.81 Cr.7,515.31 %",38.02 Cr.261.03 %,35.40 Cr.100.16 %,,23.99 Cr.-29.84 %,,,,,,,,,13.79 Cr.-69.23 %
AHPC,Revenue TTMYOY,,,54.51 Cr.136.50 %,66.74 Cr.493.76 %,85.48 Cr.760.52 %,74.32 Cr.101.56 %,64.49 Cr.18.30 %,60.80 Cr.-8.89 %,,42.61 Cr.-50.15 %,,,,,,,,,33.25 Cr.-55.26 %
AKJCL,PE Ratio,,,-301.2,-179.7,-407.8,100.5,90.4,106.3,,170.7,,,,,,,,,157.6
AKJCL,PB Ratio,,,2.4,2.4,2.4,2.3,2.1,3.9,,4.2,,,,,,,,,3.9
AKJCL,PS Ratio,,,23.6,30.1,24.5,20.9,18.8,30.9,,35.8,,,,,,,,,33.3
AKJCL,ROE TTM,,,-,-,1.01 %,2.41 %,3.50 %,3.78 %,,2.50 %,,,,,,,,,3.45 %
AKJCL,ROA TTM,,,-0.77 %,-0.49 %,0.75 %,1.68 %,2.39 %,2.62 %,,1.76 %,,,,,,,,,2.46 %
AKJCL,Net Margin TTM,,,-8.83 %,-6.01 %,8.98 %,20.79 %,27.59 %,29.11 %,,20.96 %,,,,,,,,,26.23 %
AKJCL,Asset Turnover TTM,,,8.71 %,8.24 %,8.31 %,8.10 %,8.65 %,9.01 %,,8.38 %,,,,,,,,,9.37 %
AKJCL,EPS TTMYOY,,,-0.77-,-0.53-,0.85-,2.05-,3.08-,3.43-,,2.28167.35 %,,,,,,,,,3.1854.97 %
AKJCL,BVPSYOY,,,78.60179.42 %,89.29214.31 %,90.042.58 %,90.4115.62 %,91.9516.98 %,92.823.95 %,,92.422.65 %,,,,,,,,,93.693.63 %
AKJCL,Net Profit Till QtrYOY,,,83.30 Lac.-14.00 %,1.87 Cr.22.50 %,"3.37 Cr.1,209.45 %",4.10 Cr.-,2.89 Cr.247.09 %,4.63 Cr.147.93 %,,3.83 Cr.13.82 %,,,,,,,,,6.36 Cr.54.97 %
AKJCL,Revenue Till QtrYOY,,,5.36 Cr.-8.35 %,10.49 Cr.-2.48 %,15.18 Cr.8.05 %,19.74 Cr.10.24 %,7.96 Cr.48.40 %,14.34 Cr.36.66 %,,17.25 Cr.13.63 %,,,,,,,,,24.24 Cr.22.84 %
AKJCL,Net Profit TTMYOY,,,-153.75 Lac.-,-105.91 Lac.-,1.71 Cr.-,4.10 Cr.-,6.16 Cr.-,6.86 Cr.-,,4.57 Cr.167.35 %,,,,,,,,,6.36 Cr.54.97 %
AKJCL,Revenue TTMYOY,,,17.41 Cr.-3.33 %,17.63 Cr.-0.65 %,19.03 Cr.6.82 %,19.74 Cr.10.24 %,22.33 Cr.28.25 %,23.58 Cr.33.73 %,,21.80 Cr.14.56 %,,,,,,,,,24.24 Cr.22.84 %
AKPL,PE Ratio,,,-35.2,136.5,143.2,59.6,54.9,74.5,,39.4,,,,,,,,,35.0
AKPL,PB Ratio,,,2.9,2.4,2.6,2.6,2.4,2.7,,2.6,,,,,,,,,2.4
AKPL,PS Ratio,,,44.8,16.0,16.8,15.9,14.6,17.8,,14.3,,,,,,,,,14.9
AKPL,ROE TTM,,,-,1.78 %,1.89 %,4.49 %,3.78 %,6.85 %,,7.17 %,,,,,,,,,2.01 %
AKPL,ROA TTM,,,-0.94 %,1.09 %,1.15 %,2.71 %,2.28 %,4.06 %,,4.15 %,,,,,,,,,1.14 %
AKPL,Net Margin TTM,,,-13.07 %,11.73 %,12.03 %,26.65 %,23.42 %,36.04 %,,41.99 %,,,,,,,,,11.48 %
AKPL,Asset Turnover TTM,,,7.19 %,9.32 %,9.59 %,10.17 %,9.75 %,11.25 %,,9.89 %,,,,,,,,,9.92 %
AKPL,EPS TTMYOY,,,-1.52-,1.74-,1.84-,4.37-,3.72-,6.82292.68 %,,7.23292.90 %,,,,,,,,,2.05-53.17 %
AKPL,BVPSYOY,,,97.53100.25 %,96.901.63 %,96.21-5.52 %,99.754.39 %,101.213.78 %,103.697.01 %,,103.427.49 %,,,,,,,,,101.772.02 %
AKPL,Net Profit Till QtrYOY,,,8.34 Cr.-,5.89 Cr.-,3.22 Cr.-,17.02 Cr.-,5.80 Cr.-30.43 %,15.45 Cr.162.12 %,,14.38 Cr.346.53 %,,,,,,,,,7.97 Cr.-53.17 %
AKPL,Revenue Till QtrYOY,,,21.46 Cr.-,33.98 Cr.-,46.58 Cr.334.34 %,63.84 Cr.169.04 %,19.43 Cr.-9.45 %,43.85 Cr.29.06 %,,49.83 Cr.6.96 %,,,,,,,,,69.43 Cr.8.74 %
AKPL,Net Profit TTMYOY,,,-590.68 Lac.-,6.77 Cr.-,7.17 Cr.-,17.02 Cr.-,14.48 Cr.-,26.57 Cr.292.68 %,,28.17 Cr.292.90 %,,,,,,,,,7.97 Cr.-53.17 %
AKPL,Revenue TTMYOY,,,45.19 Cr.19.51 %,57.71 Cr.166.03 %,59.59 Cr.204.85 %,63.84 Cr.169.04 %,61.82 Cr.36.80 %,73.72 Cr.27.74 %,,67.09 Cr.12.59 %,,,,,,,,,69.43 Cr.8.74 %
ALBSL,PE Ratio,,,112.8,197.6,69.3,33.6,34.2,32.5,,29.0,,,,,,,,,33.2
ALBSL,PB Ratio,,,6.5,6.5,5.4,5.5,5.6,7.2,,7.1,,,,,,,,,6.2
ALBSL,PS Ratio,,,5.1,4.7,4.3,4.8,4.9,6.2,,6.2,,,,,,,,,5.8
ALBSL,ROE TTM,,,3.40 %,11.54 %,8.22 %,18.91 %,24.66 %,25.79 %,,25.53 %,,,,,,,,,20.01 %
ALBSL,ROA TTM,,,0.33 %,1.13 %,0.83 %,1.96 %,2.63 %,2.81 %,,2.81 %,,,,,,,,,2.24 %
ALBSL,Net Margin TTM,,,2.39 %,7.93 %,6.17 %,14.20 %,19.15 %,21.24 %,,21.07 %,,,,,,,,,17.04 %
ALBSL,Asset Turnover TTM,,,13.70 %,14.28 %,13.44 %,13.78 %,13.72 %,13.21 %,,13.34 %,,,,,,,,,13.16 %
ALBSL,EPS TTMYOY,,,4.12-,14.53-,10.8299.09 %,26.07248.27 %,35.51761.20 %,38.77166.92 %,,39.86268.39 %,,,,,,,,,32.6325.16 %
ALBSL,BVPSYOY,,,126.2712.17 %,135.1121.59 %,140.0710.22 %,157.9021.58 %,160.6527.22 %,158.0817.00 %,,163.9217.03 %,,,,,,,,,174.6710.62 %
ALBSL,Net Profit Till QtrYOY,,,-534.14 Lac.-,2.36 Cr.-,6.56 Cr.68.94 %,20.93 Cr.248.27 %,2.23 Cr.-,12.56 Cr.431.55 %,,17.63 Cr.168.76 %,,,,,,,,,26.19 Cr.25.16 %
ALBSL,Revenue Till QtrYOY,,,33.05 Cr.14.39 %,72.57 Cr.21.56 %,106.50 Cr.6.56 %,147.34 Cr.9.80 %,34.56 Cr.4.56 %,71.75 Cr.-1.14 %,,111.03 Cr.4.25 %,,,,,,,,,153.73 Cr.4.34 %
ALBSL,Net Profit TTMYOY,,,3.31 Cr.-,11.66 Cr.-,8.69 Cr.99.09 %,20.93 Cr.248.27 %,28.50 Cr.761.20 %,31.12 Cr.166.92 %,,32.00 Cr.268.39 %,,,,,,,,,26.19 Cr.25.16 %
ALBSL,Revenue TTMYOY,,,138.35 Cr.62.59 %,147.06 Cr.50.74 %,140.75 Cr.54.65 %,147.34 Cr.9.80 %,148.85 Cr.7.59 %,146.52 Cr.-0.37 %,,151.87 Cr.7.90 %,,,,,,,,,153.73 Cr.4.34 %
ALICL,PE Ratio,,,78.5,87.5,59.1,59.3,55.3,56.0,,56.7,,,,,,,,,52.3
ALICL,PB Ratio,,,6.4,6.2,5.8,4.0,3.8,3.8,,3.7,,,,,,,,,3.5
ALICL,PS Ratio,,,3.2,3.1,2.4,2.6,2.4,2.5,,3.0,,,,,,,,,2.1
ALICL,ROE TTM,,,7.52 %,10.35 %,10.22 %,8.42 %,8.07 %,7.33 %,,6.85 %,,,,,,,,,6.62 %
ALICL,ROA TTM,,,0.61 %,0.84 %,0.89 %,0.78 %,0.79 %,0.76 %,,0.74 %,,,,,,,,,0.70 %
ALICL,Net Margin TTM,,,3.59 %,4.00 %,5.18 %,4.35 %,4.42 %,5.25 %,,4.08 %,,,,,,,,,3.89 %
ALICL,Asset Turnover TTM,,,17.06 %,21.08 %,17.14 %,17.86 %,17.86 %,14.43 %,,18.04 %,,,,,,,,,17.99 %
ALICL,EPS TTMYOY,,,5.632.18 %,7.98100.85 %,8.6477.74 %,7.8024.57 %,8.1745.19 %,8.050.86 %,,8.04-6.94 %,,,,,,,,,7.891.19 %
ALICL,BVPSYOY,,,79.7013.12 %,81.7311.63 %,110.4348.82 %,114.6349.95 %,119.6350.09 %,122.6050.01 %,,119.067.81 %,,,,,,,,,120.134.80 %
ALICL,Net Profit Till QtrYOY,,,13.30 Cr.-19.98 %,25.03 Cr.56.55 %,33.47 Cr.59.51 %,40.93 Cr.24.57 %,15.25 Cr.14.69 %,26.36 Cr.5.30 %,,34.74 Cr.3.79 %,,,,,,,,,41.42 Cr.1.19 %
ALICL,Revenue Till QtrYOY,,,203.66 Cr.9.61 %,610.08 Cr.66.13 %,646.34 Cr.12.22 %,940.86 Cr.16.86 %,232.33 Cr.14.08 %,474.51 Cr.-22.22 %,,740.25 Cr.14.53 %,,,,,,,,,"1,064.37 Cr.13.13 %"
ALICL,Net Profit TTMYOY,,,29.54 Cr.2.18 %,41.90 Cr.100.85 %,45.35 Cr.77.74 %,40.93 Cr.24.57 %,42.89 Cr.45.19 %,42.26 Cr.0.86 %,,42.20 Cr.-6.94 %,,,,,,,,,41.42 Cr.1.19 %
ALICL,Revenue TTMYOY,,,822.98 Cr.15.13 %,"1,047.96 Cr.44.25 %",875.48 Cr.15.11 %,940.86 Cr.16.86 %,969.53 Cr.17.81 %,805.29 Cr.-23.16 %,,"1,034.77 Cr.18.19 %",,,,,,,,,"1,064.37 Cr.13.13 %"
ANLB,PE Ratio,,,235.6,360.0,392.5,100.8,80.1,70.4,,83.8,,,,,,,,,80.7
ANLB,PB Ratio,,,12.3,14.3,15.6,14.9,15.3,14.0,,16.7,,,,,,,,,15.5
ANLB,PS Ratio,,,16.7,18.2,19.8,21.0,22.2,21.4,,25.6,,,,,,,,,22.6
ANLB,ROE TTM,,,1.58 %,3.96 %,8.43 %,16.16 %,21.12 %,22.27 %,,22.23 %,,,,,,,,,18.81 %
ANLB,ROA TTM,,,0.26 %,0.63 %,1.30 %,2.49 %,3.33 %,3.60 %,,3.73 %,,,,,,,,,3.16 %
ANLB,Net Margin TTM,,,2.13 %,5.05 %,10.63 %,20.79 %,27.68 %,30.35 %,,32.04 %,,,,,,,,,26.79 %
ANLB,Asset Turnover TTM,,,12.33 %,12.41 %,12.25 %,12.00 %,12.02 %,11.85 %,,11.64 %,,,,,,,,,11.79 %
ANLB,EPS TTMYOY,,,4.84-79.50 %,11.82-77.97 %,25.3936.03 %,49.95220.06 %,"67.631,297.07 %",74.63531.43 %,,80.13215.57 %,,,,,,,,,69.7139.56 %
ANLB,BVPSYOY,,,300.66-11.72 %,298.01-0.21 %,310.984.39 %,336.8212.78 %,354.7617.99 %,375.2725.93 %,,424.2836.43 %,,,,,,,,,362.387.59 %
ANLB,Net Profit Till QtrYOY,,,-43.53 Lac.-,84.31 Lac.-28.68 %,2.15 Cr.68.92 %,4.47 Cr.220.06 %,1.15 Cr.-,3.05 Cr.261.93 %,,4.85 Cr.125.84 %,,,,,,,,,6.24 Cr.39.56 %
ANLB,Revenue Till QtrYOY,,,5.12 Cr.14.44 %,10.42 Cr.14.26 %,15.69 Cr.12.35 %,21.51 Cr.9.39 %,5.48 Cr.7.11 %,10.92 Cr.4.79 %,,16.57 Cr.5.61 %,,,,,,,,,23.29 Cr.8.29 %
ANLB,Net Profit TTMYOY,,,43.33 Lac.-79.50 %,1.06 Cr.-77.97 %,2.27 Cr.36.03 %,4.47 Cr.220.06 %,"6.05 Cr.1,297.07 %",6.68 Cr.531.43 %,,7.17 Cr.215.57 %,,,,,,,,,6.24 Cr.39.56 %
ANLB,Revenue TTMYOY,,,20.31 Cr.13.46 %,20.96 Cr.16.68 %,21.38 Cr.15.97 %,21.51 Cr.9.39 %,21.87 Cr.7.71 %,22.01 Cr.4.98 %,,22.39 Cr.4.69 %,,,,,,,,,23.29 Cr.8.29 %
API,PE Ratio,,,26.2,22.4,24.2,41.9,39.6,36.2,,38.7,,,,,,,,,29.0
API,PB Ratio,,,2.7,2.6,2.8,2.7,2.5,2.6,,2.9,,,,,,,,,2.9
API,PS Ratio,,,12.1,11.4,12.3,10.7,10.1,10.6,,12.0,,,,,,,,,11.9
API,ROE TTM,,,11.03 %,12.13 %,11.86 %,6.49 %,7.58 %,7.93 %,,10.50 %,,,,,,,,,13.40 %
API,ROA TTM,,,5.28 %,5.79 %,5.70 %,3.13 %,3.62 %,3.85 %,,5.03 %,,,,,,,,,6.43 %
API,Net Margin TTM,,,46.23 %,50.89 %,51.15 %,25.56 %,29.34 %,30.69 %,,41.15 %,,,,,,,,,53.95 %
API,Asset Turnover TTM,,,11.41 %,11.39 %,11.13 %,12.25 %,12.34 %,12.55 %,,12.23 %,,,,,,,,,11.92 %
API,EPS TTMYOY,,,10.63-,12.01-,"12.0095,289.09 %",6.70-6.34 %,7.97-25.01 %,8.50-29.23 %,,11.48-4.26 %,,,,,,,,,15.06124.62 %
API,BVPSYOY,,,102.1812.28 %,103.9810.97 %,104.629.64 %,105.786.28 %,109.286.95 %,111.987.70 %,,115.3210.23 %,,,,,,,,,119.5112.97 %
API,Net Profit Till QtrYOY,,,18.17 Cr.-,"31.17 Cr.14,441.64 %",35.35 Cr.688.99 %,42.77 Cr.-6.34 %,26.28 Cr.44.61 %,42.62 Cr.36.75 %,,65.85 Cr.86.29 %,,,,,,,,,96.06 Cr.124.62 %
API,Revenue Till QtrYOY,,,47.81 Cr.82.76 %,87.47 Cr.41.06 %,119.71 Cr.25.77 %,167.35 Cr.33.79 %,53.85 Cr.12.64 %,96.81 Cr.10.69 %,,130.44 Cr.8.96 %,,,,,,,,,178.04 Cr.6.39 %
API,Net Profit TTMYOY,,,67.83 Cr.-,76.61 Cr.-,"76.53 Cr.95,289.09 %",42.77 Cr.-6.34 %,50.87 Cr.-25.01 %,54.22 Cr.-29.23 %,,73.27 Cr.-4.26 %,,,,,,,,,96.06 Cr.124.62 %
API,Revenue TTMYOY,,,146.73 Cr.163.29 %,150.54 Cr.89.98 %,149.61 Cr.45.40 %,167.35 Cr.33.79 %,173.39 Cr.18.17 %,176.69 Cr.17.37 %,,178.08 Cr.19.03 %,,,,,,,,,178.04 Cr.6.39 %
AVYAN,PE Ratio,,,-771.0,48.4,40.6,42.3,36.9,22.4,,21.0,,,,,,,,,18.3
AVYAN,PB Ratio,,,10.0,11.2,9.2,8.8,7.7,7.6,,7.1,,,,,,,,,6.6
AVYAN,PS Ratio,,,9.1,8.6,7.1,7.0,6.1,5.6,,5.5,,,,,,,,,5.0
AVYAN,ROE TTM,,,-,25.90 %,19.22 %,23.86 %,37.44 %,44.49 %,,39.26 %,,,,,,,,,39.66 %
AVYAN,ROA TTM,,,-0.35 %,2.57 %,1.87 %,2.20 %,3.27 %,4.00 %,,3.67 %,,,,,,,,,3.87 %
AVYAN,Net Margin TTM,,,-3.11 %,17.78 %,14.54 %,16.53 %,24.81 %,27.72 %,,25.67 %,,,,,,,,,27.51 %
AVYAN,Asset Turnover TTM,,,11.40 %,14.44 %,12.85 %,13.33 %,13.17 %,14.43 %,,14.31 %,,,,,,,,,14.08 %
AVYAN,EPS TTMYOY,,,-3.24-,25.11-,20.23-,26.42-,42.85-,55.85122.44 %,,53.13162.62 %,,,,,,,,,57.04115.91 %
AVYAN,BVPSYOY,,,94.13-5.50 %,108.8145.83 %,116.3016.55 %,126.9818.32 %,126.1534.02 %,149.3937.29 %,,157.8435.72 %,,,,,,,,,158.7525.02 %
AVYAN,Net Profit Till QtrYOY,,,-329.75 Lac.-,37.87 Lac.-,3.17 Cr.-,6.61 Cr.-,81.11 Lac.-,"7.74 Cr.1,942.82 %",,9.85 Cr.210.45 %,,,,,,,,,14.26 Cr.115.91 %
AVYAN,Revenue Till QtrYOY,,,7.66 Cr.-31.33 %,16.25 Cr.54.80 %,26.59 Cr.24.51 %,39.96 Cr.35.25 %,10.88 Cr.42.07 %,26.65 Cr.63.99 %,,38.37 Cr.44.27 %,,,,,,,,,51.84 Cr.29.72 %
AVYAN,Net Profit TTMYOY,,,-81.02 Lac.-,6.28 Cr.-,5.06 Cr.-,6.61 Cr.-,10.71 Cr.-,13.96 Cr.122.44 %,,13.28 Cr.162.62 %,,,,,,,,,14.26 Cr.115.91 %
AVYAN,Revenue TTMYOY,,,26.06 Cr.-54.53 %,35.30 Cr.-26.89 %,34.78 Cr.-35.47 %,39.96 Cr.35.25 %,43.19 Cr.65.74 %,50.36 Cr.42.67 %,,51.74 Cr.48.74 %,,,,,,,,,51.84 Cr.29.72 %
BARUN,PE Ratio,,,58.1,40.8,45.0,203.9,179.3,175.8,,253.6,,,,,,,,,152.5
BARUN,PB Ratio,,,3.5,4.2,4.7,3.5,3.1,3.5,,3.0,,,,,,,,,2.9
BARUN,PS Ratio,,,50.0,39.9,44.0,41.7,36.7,41.8,,37.9,,,,,,,,,35.9
BARUN,ROE TTM,,,6.44 %,10.97 %,7.54 %,2.40 %,2.44 %,1.38 %,,2.83 %,,,,,,,,,1.97 %
BARUN,ROA TTM,,,4.48 %,7.41 %,5.84 %,2.24 %,2.31 %,1.33 %,,2.77 %,,,,,,,,,1.78 %
BARUN,Net Margin TTM,,,85.97 %,97.82 %,69.77 %,20.46 %,23.60 %,15.01 %,,33.34 %,,,,,,,,,21.39 %
BARUN,Asset Turnover TTM,,,5.21 %,7.57 %,8.38 %,10.96 %,9.78 %,8.88 %,,8.31 %,,,,,,,,,8.34 %
BARUN,EPS TTMYOY,,,3.32-,5.76-,4.74-,"1.776,489.19 %",2.03-38.92 %,1.30-77.44 %,,2.96-37.50 %,,,,,,,,,2.0817.69 %
BARUN,BVPSYOY,,,55.007.44 %,55.6111.81 %,101.62107.89 %,102.9893.56 %,101.7885.06 %,108.2894.72 %,,107.726.00 %,,,,,,,,,108.195.06 %
BARUN,Net Profit Till QtrYOY,,,1.60 Cr.-,2.70 Cr.-,35.78 Lac.-,"1.99 Cr.6,489.19 %",1.90 Cr.18.33 %,2.17 Cr.-19.57 %,,1.70 Cr.373.82 %,,,,,,,,,2.34 Cr.17.69 %
BARUN,Revenue Till QtrYOY,,,3.99 Cr.-,6.26 Cr.-,7.27 Cr.-,"9.70 Cr.2,678.24 %",3.95 Cr.-1.12 %,6.26 Cr.0.10 %,,7.54 Cr.3.64 %,,,,,,,,,10.92 Cr.12.59 %
BARUN,Net Profit TTMYOY,,,3.73 Cr.-,6.46 Cr.-,5.32 Cr.-,"1.99 Cr.6,489.19 %",2.28 Cr.-38.92 %,1.46 Cr.-77.44 %,,3.32 Cr.-37.50 %,,,,,,,,,2.34 Cr.17.69 %
BARUN,Revenue TTMYOY,,,4.34 Cr.4.98 %,6.61 Cr.234.69 %,7.62 Cr.742.52 %,"9.70 Cr.2,678.24 %",9.66 Cr.122.46 %,9.71 Cr.46.97 %,,9.97 Cr.30.78 %,,,,,,,,,10.92 Cr.12.59 %
BBC,,,,,,,,,,,,2026-08-31,4067.9,4070,3942.1,4000,-1.23 %,668.00,"2,683,232.00",
BBC,,,,,,,,,,,,2026-08-27,4001,4080,3951,4050,0.00 %,423.00,"1,705,631.00",
BBC,,,,,,,,,,,,2026-08-26,4128,4128,4030,4050,-0.05 %,189.00,"765,695.00",
BBC,,,,,,,,,,,,2026-08-25,4100,4100,4052,4052,-0.59 %,203.00,"826,895.20",
BBC,,,,,,,,,,,,2026-08-24,4119,4155,4025,4076,-0.59 %,295.00,"1,205,831.00",
BBC,,,,,,,,,,,,2026-08-21,4022,4170,4022,4100,-0.73 %,538.00,"2,207,152.90",
BBC,,,,,,,,,,,,2026-08-20,4250,4250,4095,4130,-0.24 %,372.00,"1,533,648.00",
BBC,,,,,,,,,,,,2026-08-19,4103,4177,4099,4140,0.78 %,79.00,"326,331.00",
BBC,,,,,,,,,,,,2026-08-18,4128,4190,4095,4108,0.46 %,220.00,"909,476.00",
BBC,,,,,,,,,,,,2026-08-17,4197.9,4197.9,4072,4089,0.22 %,210.00,"864,221.00",
BBC,,,,,,,,,,,,2026-08-14,4210,4210,4074,4080,-2.86 %,823.00,"3,379,739.00",
BBC,,,,,,,,,,,,2026-08-13,4200,4219,4162,4200,0.00 %,102.00,"427,819.00",
BBC,,,,,,,,,,,,2026-08-12,4181,4250,4122,4200,-0.24 %,271.00,"1,137,038.10",
BBC,,,,,,,,,,,,2026-08-11,4280,4280,4155,4209.9,-0.92 %,174.00,"732,338.00",
BBC,,,,,,,,,,,,2026-08-10,4200,4293,4150,4249,-0.93 %,272.00,"1,138,259.00",
BBC,,,,,,,,,,,,2026-08-07,4208,4296,4176,4289,0.26 %,100.00,"423,675.00",
BBC,,,,,,,,,,,,2026-08-06,4300,4319.9,4165,4278,0.66 %,505.00,"2,134,680.10",
BBC,,,,,,,,,,,,2026-08-05,4122,4300,4122,4250,1.67 %,275.00,"1,161,788.00",
BBC,,,,,,,,,,,,2026-08-04,4289,4289,4166,4180,-1.30 %,172.00,"727,363.00",
BBC,,,,,,,,,,,,2026-08-03,4380,4380,4221,4235,-1.05 %,130.00,"560,138.00",
BBC,,,,,,,,,,,,2026-07-31,4201,4297,4190,4280,0.00 %,161.00,"684,798.00",
BBC,,,,,,,,,,,,2026-07-30,4186,4400,3825,4280,-0.47 %,706.00,"3,003,300.00",
BBC,,,,,,,,,,,,2026-07-29,4210,4328,4210,4300,0.00 %,150.00,"643,088.00",
BBC,,,,,,,,,,,,2026-07-28,4350,4350,4209,4300,0.82 %,224.00,"955,580.00",
BBC,,,,,,,,,,,,2026-07-27,4349,4377,4264,4265,-2.51 %,102.00,"439,668.90",
BBC,,,,,,,,,,,,2026-07-24,4310,4389,4262,4375,-0.34 %,126.00,"543,982.00",
BBC,,,,,,,,,,,,2026-07-23,4379,4390,4241,4390,2.86 %,397.00,"1,724,000.00",
BBC,,,,,,,,,,,,2026-07-22,4300,4400,4256,4268,-2.78 %,545.00,"2,356,241.00",
BBC,,,,,,,,,,,,2026-07-21,4299.7,4696,4156,4390,3.29 %,"1,912.00","8,330,179.00",
BBC,,,,,,,,,,,,2026-07-20,4101,4300,4101,4250,1.19 %,291.00,"1,234,804.00",
BBC,,,,,,,,,,,,2026-07-17,4260,4260,4115,4199.9,0.74 %,80.00,"335,409.00",
BBC,,,,,,,,,,,,2026-07-16,4239,4239,4103,4169,0.36 %,60.00,"249,196.00",
BBC,,,,,,,,,,,,2026-07-15,4126.9,4175,4051,4154,0.63 %,277.00,"1,137,160.00",
BBC,,,,,,,,,,,,2026-07-14,4053.7,4128,4021.1,4128,1.43 %,240.00,"977,466.00",
BBC,,,,,,,,,,,,2026-07-13,4091,4148,4055,4070,-2.35 %,272.00,"1,109,267.00",
BEDC,PE Ratio,,,-69.6,-121.5,-93.3,-137.9,-116.9,-132.4,,-93.3,,,,,,,,,-158.1
BEDC,PB Ratio,,,10.7,16.6,12.9,15.8,13.4,10.5,,7.4,,,,,,,,,6.6
BEDC,PS Ratio,,,61.6,95.6,72.4,76.9,65.2,49.1,,35.0,,,,,,,,,28.9
BEDC,ROE TTM,,,-,-,-,-,-,-,,-,,,,,,,,,-
BEDC,ROA TTM,,,-4.50 %,-4.45 %,-4.17 %,-3.44 %,-2.82 %,-2.45 %,,-1.29 %,,,,,,,,,-1.09 %
BEDC,Net Margin TTM,,,-78.70 %,-77.62 %,-71.95 %,-55.76 %,-42.46 %,-36.65 %,,-18.22 %,,,,,,,,,-14.78 %
BEDC,Asset Turnover TTM,,,5.71 %,5.73 %,5.80 %,6.17 %,6.64 %,6.69 %,,7.05 %,,,,,,,,,7.40 %
BEDC,EPS TTMYOY,,,-7.49-,-7.28-,-6.74-,-5.51-,-4.49-,-3.86-,,-2.01-,,,,,,,,,-1.70-
BEDC,BVPSYOY,,,54.75-15.15 %,52.56-12.61 %,50.07-12.44 %,48.16-10.66 %,50.07-8.56 %,48.52-7.68 %,,47.88-4.38 %,,,,,,,,,46.28-3.89 %
BEDC,Net Profit Till QtrYOY,,,48.26 Lac.731.10 %,-60.46 Lac.-,-195.49 Lac.-,-299.87 Lac.-,1.04 Cr.115.41 %,29.46 Lac.-,,-5.08 Lac.-,,,,,,,,,-92.28 Lac.-
BEDC,Revenue Till QtrYOY,,,2.70 Cr.3.55 %,3.73 Cr.0.40 %,4.31 Cr.0.25 %,5.38 Cr.5.74 %,3.07 Cr.13.83 %,4.08 Cr.9.42 %,,4.94 Cr.14.63 %,,,,,,,,,6.24 Cr.16.12 %
BEDC,Net Profit TTMYOY,,,-407.53 Lac.-,-395.87 Lac.-,-366.67 Lac.-,-299.87 Lac.-,-244.18 Lac.-,-209.96 Lac.-,,-109.46 Lac.-,,,,,,,,,-92.28 Lac.-
BEDC,Revenue TTMYOY,,,5.18 Cr.-50.32 %,5.10 Cr.-31.35 %,5.10 Cr.106.26 %,5.38 Cr.5.74 %,5.75 Cr.11.05 %,5.73 Cr.12.32 %,,6.01 Cr.17.90 %,,,,,,,,,6.24 Cr.16.12 %
BFC,PE Ratio,,,477.3,474.2,-174.9,-54.4,"2,117.7",117.0,,110.7,,,,,,,,,61.7
BFC,PB Ratio,,,4.6,4.6,4.1,4.6,4.0,4.5,,4.3,,,,,,,,,4.3
BFC,PS Ratio,,,9.1,9.0,8.0,8.1,7.8,8.3,,7.9,,,,,,,,,8.1
BFC,ROE TTM,,,1.00 %,-,-,0.18 %,-,3.48 %,,13.30 %,,,,,,,,,6.79 %
BFC,ROA TTM,,,0.18 %,-0.42 %,-1.23 %,0.03 %,-0.63 %,0.52 %,,1.90 %,,,,,,,,,0.95 %
BFC,Net Margin TTM,,,1.91 %,-4.58 %,-14.90 %,0.37 %,-8.27 %,7.07 %,,25.44 %,,,,,,,,,15.00 %
BFC,Asset Turnover TTM,,,9.49 %,9.05 %,8.25 %,8.20 %,7.61 %,7.38 %,,7.47 %,,,,,,,,,6.34 %
BFC,EPS TTMYOY,,,1.31-9.71 %,-3.10-,-9.29-,0.23334.98 %,-4.94-,4.14-,,15.28-,,,,,,,,,"7.843,258.79 %"
BFC,BVPSYOY,,,134.914.48 %,131.680.99 %,110.89-13.13 %,125.04-5.12 %,118.55-12.13 %,107.30-18.52 %,,112.721.65 %,,,,,,,,,113.08-9.57 %
BFC,Net Profit Till QtrYOY,,,-86.42 Lac.-,-172.63 Lac.-,-752.02 Lac.-,20.77 Lac.334.98 %,-547.18 Lac.-,1.75 Cr.-,,5.88 Cr.-,,,,,,,,,"6.98 Cr.3,258.79 %"
BFC,Revenue Till QtrYOY,,,15.96 Cr.5.63 %,29.59 Cr.-0.11 %,39.37 Cr.-10.79 %,56.38 Cr.-6.52 %,12.78 Cr.-19.91 %,25.33 Cr.-14.41 %,,36.46 Cr.-7.37 %,,,,,,,,,46.51 Cr.-17.50 %
BFC,Net Profit TTMYOY,,,1.17 Cr.-9.71 %,-276.33 Lac.-,-827.50 Lac.-,20.77 Lac.334.98 %,-439.98 Lac.-,3.68 Cr.-,,13.60 Cr.-,,,,,,,,,"6.98 Cr.3,258.79 %"
BFC,Revenue TTMYOY,,,61.16 Cr.2.89 %,60.28 Cr.-31.31 %,55.55 Cr.-6.23 %,56.38 Cr.-6.52 %,53.20 Cr.-13.02 %,52.11 Cr.-13.54 %,,53.47 Cr.-3.74 %,,,,,,,,,46.51 Cr.-17.50 %
BGWT,PE Ratio,,,92.9,178.8,144.3,82.2,69.7,70.8,,53.5,,,,,,,,,43.2
BGWT,PB Ratio,,,8.2,10.6,8.6,7.6,6.8,6.9,,6.0,,,,,,,,,4.6
BGWT,PS Ratio,,,38.9,56.8,45.9,34.0,30.5,31.0,,23.3,,,,,,,,,19.5
BGWT,ROE TTM,,,8.70 %,5.75 %,6.10 %,9.62 %,10.57 %,11.66 %,,11.00 %,,,,,,,,,8.15 %
BGWT,ROA TTM,,,8.08 %,5.66 %,5.76 %,8.72 %,9.13 %,9.64 %,,8.75 %,,,,,,,,,6.44 %
BGWT,Net Margin TTM,,,40.25 %,31.79 %,32.38 %,41.39 %,43.74 %,44.75 %,,43.79 %,,,,,,,,,39.64 %
BGWT,Asset Turnover TTM,,,20.07 %,17.82 %,17.78 %,21.08 %,20.87 %,21.55 %,,19.99 %,,,,,,,,,16.24 %
BGWT,EPS TTMYOY,,,8.450.40 %,5.82-47.71 %,6.18-50.36 %,9.764.99 %,10.8828.79 %,12.28110.84 %,,11.9092.59 %,,,,,,,,,9.01-7.72 %
BGWT,BVPSYOY,,,97.08-8.90 %,97.93-3.19 %,102.06-2.74 %,105.590.67 %,111.9315.29 %,108.9111.21 %,,112.6710.40 %,,,,,,,,,113.307.30 %
BGWT,Net Profit Till QtrYOY,,,84.94 Lac.-40.45 %,1.42 Cr.-62.40 %,4.22 Cr.-33.35 %,6.62 Cr.4.99 %,1.61 Cr.89.16 %,3.13 Cr.120.16 %,,5.68 Cr.34.43 %,,,,,,,,,6.11 Cr.-7.72 %
BGWT,Revenue Till QtrYOY,,,3.05 Cr.-21.72 %,5.54 Cr.-32.39 %,10.48 Cr.-16.88 %,15.99 Cr.6.07 %,3.93 Cr.28.54 %,8.16 Cr.47.08 %,,12.92 Cr.23.31 %,,,,,,,,,15.41 Cr.-3.64 %
BGWT,Net Profit TTMYOY,,,5.73 Cr.0.40 %,3.95 Cr.-47.71 %,4.19 Cr.-50.36 %,6.62 Cr.4.99 %,7.38 Cr.28.79 %,8.33 Cr.110.84 %,,8.07 Cr.92.59 %,,,,,,,,,6.11 Cr.-7.72 %
BGWT,Revenue TTMYOY,,,14.23 Cr.-8.82 %,12.42 Cr.-24.27 %,12.95 Cr.-22.95 %,15.99 Cr.6.07 %,16.86 Cr.18.52 %,18.60 Cr.49.77 %,,18.44 Cr.42.38 %,,,,,,,,,15.41 Cr.-3.64 %
BHDC,PE Ratio,,,137.9,180.4,140.5,110.1,70.8,62.8,,49.3,,,,,,,,,45.5
BHDC,PB Ratio,,,5.8,6.1,4.8,5.4,4.5,4.1,,4.0,,,,,,,,,3.6
BHDC,PS Ratio,,,19.5,21.2,16.5,17.0,14.6,13.6,,12.9,,,,,,,,,11.7
BHDC,ROE TTM,,,4.26 %,3.50 %,3.66 %,4.89 %,6.63 %,7.08 %,,8.48 %,,,,,,,,,10.37 %
BHDC,ROA TTM,,,1.73 %,1.44 %,1.53 %,2.07 %,2.86 %,3.13 %,,3.83 %,,,,,,,,,4.70 %
BHDC,Net Margin TTM,,,14.12 %,11.76 %,12.25 %,15.48 %,20.60 %,21.69 %,,25.67 %,,,,,,,,,30.41 %
BHDC,Asset Turnover TTM,,,12.26 %,12.24 %,12.48 %,13.34 %,13.89 %,14.44 %,,14.93 %,,,,,,,,,15.47 %
BHDC,EPS TTMYOY,,,4.40-42.38 %,3.627.34 %,3.79-37.25 %,5.0921.18 %,7.0560.15 %,7.70112.89 %,,9.42148.14 %,,,,,,,,,11.79131.57 %
BHDC,BVPSYOY,,,105.04-0.74 %,106.342.83 %,104.902.84 %,104.163.95 %,111.325.98 %,117.1510.17 %,,117.4311.94 %,,,,,,,,,118.3213.59 %
BHDC,Net Profit Till QtrYOY,,,6.39 Cr.3.89 %,8.10 Cr.-7.85 %,6.64 Cr.-6.77 %,6.04 Cr.21.18 %,8.72 Cr.36.37 %,11.20 Cr.38.27 %,,11.77 Cr.77.32 %,,,,,,,,,13.98 Cr.131.57 %
BHDC,Revenue Till QtrYOY,,,15.07 Cr.2.56 %,24.65 Cr.-0.35 %,30.82 Cr.0.45 %,39.02 Cr.6.61 %,16.64 Cr.10.49 %,27.77 Cr.12.65 %,,35.31 Cr.14.58 %,,,,,,,,,45.99 Cr.17.88 %
BHDC,Net Profit TTMYOY,,,5.22 Cr.-42.38 %,4.29 Cr.7.34 %,4.50 Cr.-37.25 %,6.04 Cr.21.18 %,8.36 Cr.60.15 %,9.14 Cr.112.89 %,,11.17 Cr.148.14 %,,,,,,,,,13.98 Cr.131.57 %
BHDC,Revenue TTMYOY,,,36.98 Cr.11.83 %,36.51 Cr.-1.51 %,36.74 Cr.-3.70 %,39.02 Cr.6.61 %,40.60 Cr.9.79 %,42.14 Cr.15.40 %,,43.51 Cr.18.44 %,,,,,,,,,45.99 Cr.17.88 %
BHL,PE Ratio,,,-34.7,-29.9,-17.5,-14.0,-16.5,484.8,,521.1,,,,,,,,,45.8
BHL,PB Ratio,,,5.2,5.4,3.1,2.4,2.4,2.6,,2.8,,,,,,,,,2.6
BHL,PS Ratio,,,16.3,16.3,9.5,8.4,7.8,7.8,,7.1,,,,,,,,,7.0
BHL,ROE TTM,,,-,-,-,-,-,0.57 %,,5.90 %,,,,,,,,,9.78 %
BHL,ROA TTM,,,-4.61 %,-5.02 %,-5.54 %,-4.55 %,-2.45 %,0.18 %,,1.95 %,,,,,,,,,3.25 %
BHL,Net Margin TTM,,,-44.97 %,-54.39 %,-60.27 %,-47.44 %,-21.86 %,1.37 %,,15.14 %,,,,,,,,,22.64 %
BHL,Asset Turnover TTM,,,10.24 %,9.23 %,9.19 %,9.59 %,11.19 %,13.08 %,,12.86 %,,,,,,,,,14.34 %
BHL,EPS TTMYOY,,,-10.80-,-11.87-,-13.07-,-10.78-,-5.82-,0.43-,,4.60-,,,,,,,,,7.72-
BHL,BVPSYOY,,,75.0597.07 %,65.9896.91 %,76.45148.73 %,74.61-2.60 %,78.023.96 %,80.8522.54 %,,79.954.57 %,,,,,,,,,81.228.86 %
BHL,Net Profit Till QtrYOY,,,-568.35 Lac.-,"-1,814.61 Lac.-","-3,266.70 Lac.-","-3,939.99 Lac.-",12.45 Cr.-,22.81 Cr.-,,23.57 Cr.-,,,,,,,,,28.23 Cr.-
BHL,Revenue Till QtrYOY,,,23.86 Cr.-6.55 %,39.77 Cr.-19.60 %,59.71 Cr.-14.58 %,83.05 Cr.-7.19 %,38.10 Cr.59.71 %,71.07 Cr.78.68 %,,87.85 Cr.47.13 %,,,,,,,,,124.70 Cr.50.16 %
BHL,Net Profit TTMYOY,,,"-3,948.62 Lac.-","-4,338.98 Lac.-","-4,778.74 Lac.-","-3,939.99 Lac.-","-2,126.89 Lac.-",1.56 Cr.-,,16.83 Cr.-,,,,,,,,,28.23 Cr.-
BHL,Revenue TTMYOY,,,87.81 Cr.6.53 %,79.78 Cr.-11.94 %,79.29 Cr.-12.74 %,83.05 Cr.-7.19 %,97.29 Cr.10.80 %,114.34 Cr.43.32 %,,111.19 Cr.40.23 %,,,,,,,,,124.70 Cr.50.16 %
BHPL,PE Ratio,,,-97.6,-151.4,-382.5,-416.7,"-1,165.6",-999.2,,-146.1,,,,,,,,,-140.0
BHPL,PB Ratio,,,12.8,20.4,18.7,14.8,12.6,10.8,,10.2,,,,,,,,,9.8
BHPL,PS Ratio,,,70.0,102.4,90.2,61.4,50.8,43.6,,40.9,,,,,,,,,40.8
BHPL,ROE TTM,,,-,-,-,-,-,-,,-,,,,,,,,,-
BHPL,ROA TTM,,,-4.77 %,-3.71 %,-1.78 %,-1.24 %,-0.38 %,-1.55 %,,-2.34 %,,,,,,,,,-0.20 %
BHPL,Net Margin TTM,,,-67.65 %,-54.66 %,-23.59 %,-14.73 %,-4.36 %,-18.23 %,,-29.16 %,,,,,,,,,-2.45 %
BHPL,Asset Turnover TTM,,,7.05 %,6.78 %,7.54 %,8.45 %,8.66 %,8.49 %,,8.03 %,,,,,,,,,8.22 %
BHPL,EPS TTMYOY,,,-7.25-,-5.63-,-2.70-,-1.87-,-0.57-,-2.32-,,-3.50-,,,,,,,,,-0.30-
BHPL,BVPSYOY,,,53.77-9.44 %,54.02-5.24 %,55.292.76 %,52.69-7.64 %,52.70-1.99 %,51.12-5.35 %,,50.03-9.52 %,,,,,,,,,50.03-5.05 %
BHPL,Net Profit Till QtrYOY,,,26.70 Lac.30.98 %,34.52 Lac.-,29.66 Lac.-,-46.82 Lac.-,59.28 Lac.122.02 %,23.30 Lac.-32.50 %,,-10.98 Lac.-,,,,,,,,,-7.42 Lac.-
BHPL,Revenue Till QtrYOY,,,1.38 Cr.4.85 %,2.06 Cr.-1.95 %,2.56 Cr.10.52 %,3.18 Cr.21.58 %,1.46 Cr.6.35 %,2.07 Cr.0.24 %,,2.38 Cr.-7.00 %,,,,,,,,,3.03 Cr.-4.80 %
BHPL,Net Profit TTMYOY,,,-181.18 Lac.-,-140.67 Lac.-,-67.41 Lac.-,-46.82 Lac.-,-14.24 Lac.-,-58.04 Lac.-,,-87.46 Lac.-,,,,,,,,,-7.42 Lac.-
BHPL,Revenue TTMYOY,,,2.68 Cr.-48.99 %,2.57 Cr.-7.94 %,2.86 Cr.6.32 %,3.18 Cr.21.58 %,3.27 Cr.21.95 %,3.18 Cr.23.71 %,,3.00 Cr.4.95 %,,,,,,,,,3.03 Cr.-4.80 %
BNHC,PE Ratio,,,-97.8,-111.5,-170.7,-93.5,-453.6,-567.9,,-310.6,,,,,,,,,194.8
BNHC,PB Ratio,,,6.2,7.0,6.0,6.8,5.3,6.6,,3.5,,,,,,,,,2.9
BNHC,PS Ratio,,,14.3,16.3,13.7,14.5,11.0,14.0,,16.4,,,,,,,,,13.8
BNHC,ROE TTM,,,-,-,-,-,-,-,,0.04 %,,,,,,,,,2.06 %
BNHC,ROA TTM,,,-1.51 %,-0.85 %,-1.11 %,-1.64 %,-0.27 %,-0.61 %,,0.01 %,,,,,,,,,0.85 %
BNHC,Net Margin TTM,,,-14.61 %,-8.05 %,-10.45 %,-15.56 %,-2.42 %,-5.26 %,,0.11 %,,,,,,,,,6.46 %
BNHC,Asset Turnover TTM,,,10.34 %,10.56 %,10.58 %,10.53 %,11.17 %,11.68 %,,12.49 %,,,,,,,,,13.23 %
BNHC,EPS TTMYOY,,,-2.66-,-1.49-,-1.92-,-2.82-,-0.46-,-1.05-,,0.02-,,,,,,,,,1.49-
BNHC,BVPSYOY,,,42.23-5.93 %,42.24-8.01 %,41.52-9.01 %,38.57-11.63 %,39.96-5.36 %,91.79117.32 %,,92.15121.91 %,,,,,,,,,100.59160.79 %
BNHC,Net Profit Till QtrYOY,,,-113.70 Lac.-,62.59 Lac.91.84 %,5.62 Lac.-44.91 %,-225.94 Lac.-,75.18 Lac.-,2.05 Cr.227.23 %,,"2.33 Cr.4,053.38 %",,,,,,,,,1.20 Cr.-
BNHC,Revenue Till QtrYOY,,,4.29 Cr.-12.75 %,9.12 Cr.-4.53 %,12.26 Cr.-4.15 %,14.52 Cr.-4.58 %,5.09 Cr.18.56 %,10.52 Cr.15.36 %,,14.64 Cr.19.40 %,,,,,,,,,18.50 Cr.27.44 %
BNHC,Net Profit TTMYOY,,,-213.10 Lac.-,-118.93 Lac.-,-153.48 Lac.-,-225.94 Lac.-,-37.06 Lac.-,-83.72 Lac.-,,1.86 Lac.-,,,,,,,,,1.20 Cr.-
BNHC,Revenue TTMYOY,,,14.59 Cr.-25.91 %,14.78 Cr.-15.60 %,14.68 Cr.-12.03 %,14.52 Cr.-4.58 %,15.31 Cr.4.99 %,15.92 Cr.7.69 %,,16.90 Cr.15.07 %,,,,,,,,,18.50 Cr.27.44 %
BNL,PE Ratio,,,83.7,91.5,118.8,-81.3,-194.8,-181.4,,-232.1,,,,,,,,,-143.7
BNL,PB Ratio,,,5.0,5.1,5.6,5.2,4.9,4.5,,4.6,,,,,,,,,4.4
BNL,PS Ratio,,,3.0,3.1,3.3,3.0,2.7,2.5,,2.6,,,,,,,,,2.5
BNL,ROE TTM,,,5.94 %,4.72 %,5.40 %,-,-,-,,-,,,,,,,,,13.50 %
BNL,ROA TTM,,,2.46 %,2.04 %,2.35 %,-2.76 %,-1.14 %,-0.90 %,,-1.41 %,,,,,,,,,6.49 %
BNL,Net Margin TTM,,,3.42 %,2.75 %,3.17 %,-3.67 %,-1.41 %,-1.10 %,,-1.71 %,,,,,,,,,46.88 %
BNL,Asset Turnover TTM,,,71.76 %,74.35 %,74.15 %,75.30 %,80.84 %,81.94 %,,82.33 %,,,,,,,,,13.85 %
BNL,EPS TTMYOY,,,192.39-33.87 %,155.16-25.20 %,180.59-28.41 %,-205.55-,-83.80-,-63.77-,,-100.89-,,,,,,,,,450.71-
BNL,BVPSYOY,,,"3,423.5312.90 %","3,278.915.10 %","3,411.785.67 %","3,184.35-5.83 %","3,349.60-2.16 %","3,201.17-2.37 %",,"3,297.17-3.36 %",,,,,,,,,"3,660.8814.96 %"
BNL,Net Profit Till QtrYOY,,,8.44 Cr.-19.87 %,"-2,450.42 Lac.-",1.60 Cr.-73.32 %,"-4,006.00 Lac.-",32.17 Cr.281.21 %,3.13 Cr.-,,"21.99 Cr.1,276.49 %",,,,,,,,,87.84 Cr.-
BNL,Revenue Till QtrYOY,,,300.25 Cr.-8.08 %,436.44 Cr.-4.77 %,707.44 Cr.-1.53 %,"1,092.15 Cr.-2.65 %",369.12 Cr.22.94 %,475.23 Cr.8.89 %,,765.41 Cr.8.19 %,,,,,,,,,187.38 Cr.-82.84 %
BNL,Net Profit TTMYOY,,,37.49 Cr.-33.87 %,30.24 Cr.-25.20 %,35.20 Cr.-28.41 %,"-4,006.00 Lac.-","-1,633.09 Lac.-","-1,242.90 Lac.-",,"-1,966.30 Lac.-",,,,,,,,,87.84 Cr.-
BNL,Revenue TTMYOY,,,"1,095.45 Cr.-8.09 %","1,099.95 Cr.-8.77 %","1,110.83 Cr.-3.51 %","1,092.15 Cr.-2.65 %","1,161.02 Cr.5.99 %","1,130.94 Cr.2.82 %",,"1,150.12 Cr.3.54 %",,,,,,,,,187.38 Cr.-82.84 %
BNT,PE Ratio,,,48.3,51.9,48.8,-24.2,-32.8,-33.9,,-40.1,,,,,,,,,-35.0
BNT,PB Ratio,,,4.2,3.8,3.7,4.2,3.6,3.7,,3.9,,,,,,,,,3.8
BNT,PS Ratio,,,2.0,1.9,1.9,1.9,1.7,1.7,,1.7,,,,,,,,,1.7
BNT,ROE TTM,,,7.57 %,7.71 %,4.31 %,-,-,-,,-,,,,,,,,,17.36 %
BNT,ROA TTM,,,2.99 %,3.15 %,1.78 %,-6.26 %,-4.33 %,-3.85 %,,-4.45 %,,,,,,,,,7.47 %
BNT,Net Margin TTM,,,3.72 %,3.93 %,2.29 %,-7.98 %,-5.07 %,-4.41 %,,-4.98 %,,,,,,,,,7.60 %
BNT,Asset Turnover TTM,,,80.29 %,80.10 %,77.65 %,78.45 %,85.41 %,87.43 %,,89.30 %,,,,,,,,,98.27 %
BNT,EPS TTMYOY,,,255.90-20.60 %,261.22-8.73 %,148.92-61.99 %,-502.13-,-343.41-,-291.85-,,-339.90-,,,,,,,,,544.86-
BNT,BVPSYOY,,,"3,520.405.39 %","3,378.926.49 %","3,496.922.95 %","2,920.77-15.82 %","3,141.86-10.75 %","3,021.55-10.58 %",,"3,137.85-10.27 %",,,,,,,,,"3,470.1718.81 %"
BNT,Net Profit Till QtrYOY,,,8.18 Cr.-38.51 %,"-1,189.41 Lac.-",8.08 Cr.-69.11 %,"-6,075.72 Lac.-",27.39 Cr.234.75 %,13.55 Cr.-,,27.71 Cr.243.08 %,,,,,,,,,65.93 Cr.-
BNT,Revenue Till QtrYOY,,,202.87 Cr.-17.82 %,296.87 Cr.-19.51 %,491.37 Cr.-15.48 %,761.33 Cr.-13.07 %,261.49 Cr.28.89 %,336.86 Cr.13.47 %,,555.81 Cr.13.12 %,,,,,,,,,867.79 Cr.13.98 %
BNT,Net Profit TTMYOY,,,30.96 Cr.-20.60 %,31.61 Cr.-8.73 %,18.02 Cr.-61.99 %,"-6,075.72 Lac.-","-4,155.26 Lac.-","-3,531.37 Lac.-",,"-4,112.76 Lac.-",,,,,,,,,65.93 Cr.-
BNT,Revenue TTMYOY,,,831.78 Cr.-5.45 %,803.79 Cr.-12.07 %,785.76 Cr.-13.26 %,761.33 Cr.-13.07 %,819.95 Cr.-1.42 %,801.32 Cr.-0.31 %,,825.77 Cr.5.09 %,,,,,,,,,867.79 Cr.13.98 %
BPCL,PE Ratio,,,87.7,73.3,89.9,125.5,107.4,100.5,,88.4,,,,,,,,,69.8
BPCL,PB Ratio,,,2.2,2.0,2.4,4.0,3.4,3.4,,3.2,,,,,,,,,3.1
BPCL,PS Ratio,,,18.5,16.5,20.2,34.4,29.4,28.3,,24.9,,,,,,,,,25.1
BPCL,ROE TTM,,,2.37 %,2.72 %,2.93 %,3.20 %,3.45 %,3.63 %,,4.42 %,,,,,,,,,4.69 %
BPCL,ROA TTM,,,2.12 %,2.42 %,2.60 %,2.84 %,3.04 %,3.19 %,,3.91 %,,,,,,,,,4.17 %
BPCL,Net Margin TTM,,,19.89 %,22.52 %,23.85 %,27.40 %,28.42 %,27.49 %,,35.77 %,,,,,,,,,41.14 %
BPCL,Asset Turnover TTM,,,10.66 %,10.73 %,10.92 %,10.37 %,10.70 %,11.60 %,,10.94 %,,,,,,,,,10.14 %
BPCL,EPS TTMYOY,,,4.91-34.78 %,5.63-11.51 %,6.0615.31 %,6.6328.19 %,7.1846.34 %,7.5634.22 %,,9.2452.52 %,,,,,,,,,9.8448.33 %
BPCL,BVPSYOY,,,208.500.79 %,207.110.18 %,207.600.60 %,208.020.86 %,210.430.93 %,208.400.62 %,,210.331.32 %,,,,,,,,,210.871.37 %
BPCL,Net Profit Till QtrYOY,,,6.61 Cr.-12.07 %,19.39 Cr.8.72 %,21.03 Cr.16.79 %,22.61 Cr.28.19 %,8.48 Cr.28.36 %,22.54 Cr.16.25 %,,29.93 Cr.42.33 %,,,,,,,,,33.54 Cr.48.33 %
BPCL,Revenue Till QtrYOY,,,21.40 Cr.1.65 %,42.87 Cr.3.57 %,57.26 Cr.5.32 %,82.53 Cr.-1.48 %,25.04 Cr.17.00 %,54.07 Cr.26.12 %,,62.86 Cr.9.77 %,,,,,,,,,81.54 Cr.-1.20 %
BPCL,Net Profit TTMYOY,,,16.73 Cr.-34.78 %,19.20 Cr.-11.51 %,20.66 Cr.15.31 %,22.61 Cr.28.19 %,24.49 Cr.46.34 %,25.77 Cr.34.22 %,,31.52 Cr.52.52 %,,,,,,,,,33.54 Cr.48.33 %
BPCL,Revenue TTMYOY,,,84.11 Cr.16.74 %,85.25 Cr.20.61 %,86.66 Cr.26.51 %,82.53 Cr.-1.48 %,86.16 Cr.2.44 %,93.72 Cr.9.95 %,,88.12 Cr.1.69 %,,,,,,,,,81.54 Cr.-1.20 %
CBBL,PE Ratio,,,29.2,25.9,25.5,27.4,26.4,27.0,,25.5,,,,,,,,,26.7
CBBL,PB Ratio,,,3.9,3.7,3.6,4.2,3.9,3.9,,3.9,,,,,,,,,3.9
CBBL,PS Ratio,,,4.9,4.6,4.6,5.5,5.2,5.3,,5.1,,,,,,,,,5.2
CBBL,ROE TTM,,,14.11 %,14.68 %,16.05 %,15.58 %,15.53 %,15.62 %,,15.07 %,,,,,,,,,15.06 %
CBBL,ROA TTM,,,2.26 %,2.33 %,2.55 %,2.48 %,2.47 %,2.46 %,,2.37 %,,,,,,,,,2.36 %
CBBL,Net Margin TTM,,,17.16 %,17.96 %,19.95 %,19.81 %,19.82 %,19.95 %,,19.36 %,,,,,,,,,19.34 %
CBBL,Asset Turnover TTM,,,13.19 %,12.99 %,12.79 %,12.53 %,12.47 %,12.35 %,,12.23 %,,,,,,,,,12.20 %
CBBL,EPS TTMYOY,,,28.126.64 %,29.7614.28 %,33.4746.75 %,33.5321.17 %,34.4022.33 %,35.3118.63 %,,34.994.55 %,,,,,,,,,35.917.10 %
CBBL,BVPSYOY,,,211.528.97 %,211.1010.78 %,219.6812.48 %,228.9311.64 %,236.6011.86 %,233.6610.68 %,,241.9310.13 %,,,,,,,,,251.069.67 %
CBBL,Net Profit Till QtrYOY,,,23.75 Cr.7.38 %,51.18 Cr.17.33 %,85.36 Cr.32.59 %,121.29 Cr.21.17 %,26.90 Cr.13.27 %,57.61 Cr.12.55 %,,90.65 Cr.6.20 %,,,,,,,,,129.90 Cr.7.10 %
CBBL,Revenue Till QtrYOY,,,149.56 Cr.-0.95 %,296.82 Cr.1.78 %,449.37 Cr.2.90 %,612.23 Cr.3.01 %,165.12 Cr.10.40 %,324.71 Cr.9.40 %,,491.09 Cr.9.28 %,,,,,,,,,671.73 Cr.9.72 %
CBBL,Net Profit TTMYOY,,,101.73 Cr.6.64 %,107.66 Cr.14.28 %,121.07 Cr.46.75 %,121.29 Cr.21.17 %,124.44 Cr.22.33 %,127.71 Cr.18.63 %,,126.58 Cr.4.55 %,,,,,,,,,129.90 Cr.7.10 %
CBBL,Revenue TTMYOY,,,592.88 Cr.0.42 %,599.52 Cr.1.36 %,606.98 Cr.2.68 %,612.23 Cr.3.01 %,627.78 Cr.5.89 %,640.12 Cr.6.77 %,,653.95 Cr.7.74 %,,,,,,,,,671.73 Cr.9.72 %
CFCL,PE Ratio,,,514.9,445.8,-426.6,335.7,52.4,94.8,,38.7,,,,,,,,,45.4
CFCL,PB Ratio,,,4.8,4.1,4.3,4.9,4.3,5.1,,4.5,,,,,,,,,5.0
CFCL,PS Ratio,,,320.5,270.1,45.4,121.7,6.7,7.0,,7.5,,,,,,,,,9.1
CFCL,ROE TTM,,,0.99 %,-,1.23 %,7.67 %,5.09 %,11.32 %,,10.23 %,,,,,,,,,11.61 %
CFCL,ROA TTM,,,0.14 %,-0.14 %,0.16 %,1.00 %,0.65 %,1.38 %,,1.18 %,,,,,,,,,1.34 %
CFCL,Net Margin TTM,,,62.24 %,-10.63 %,36.22 %,12.79 %,7.36 %,19.59 %,,16.45 %,,,,,,,,,19.95 %
CFCL,Asset Turnover TTM,,,0.22 %,1.36 %,0.45 %,7.81 %,8.82 %,7.05 %,,7.20 %,,,,,,,,,6.74 %
CFCL,EPS TTMYOY,,,1.24-,-1.34-,1.54-,9.40-,6.12391.69 %,13.16-,,11.50648.24 %,,,,,,,,,13.4443.08 %
CFCL,BVPSYOY,,,133.8013.40 %,133.497.09 %,105.70-14.98 %,113.92-9.35 %,114.32-14.56 %,113.65-14.86 %,,114.628.44 %,,,,,,,,,122.157.22 %
CFCL,Net Profit Till QtrYOY,,,4.95 Cr.-,34.90 Lac.-,1.70 Cr.-,8.91 Cr.-,1.84 Cr.-62.75 %,"3.92 Cr.1,022.89 %",,3.69 Cr.117.57 %,,,,,,,,,12.75 Cr.43.08 %
CFCL,Revenue Till QtrYOY,,,5.53 Cr.-76.61 %,37.77 Cr.-17.54 %,51.47 Cr.-23.71 %,69.69 Cr.248.12 %,14.81 Cr.167.57 %,31.82 Cr.-15.74 %,,48.10 Cr.-6.53 %,,,,,,,,,63.93 Cr.-8.26 %
CFCL,Net Profit TTMYOY,,,1.18 Cr.-,-127.44 Lac.-,1.46 Cr.-,8.91 Cr.-,5.81 Cr.391.69 %,12.48 Cr.-,,10.91 Cr.648.24 %,,,,,,,,,12.75 Cr.43.08 %
CFCL,Revenue TTMYOY,,,1.90 Cr.-97.99 %,11.99 Cr.-87.21 %,4.03 Cr.-95.63 %,69.69 Cr.248.12 %,"78.96 Cr.4,060.78 %",63.75 Cr.431.84 %,,"66.33 Cr.1,547.42 %",,,,,,,,,63.93 Cr.-8.26 %
CGH,PE Ratio,,,69.4,59.7,60.1,72.1,62.6,78.6,,132.8,,,,,,,,,135.1
CGH,PB Ratio,,,10.6,9.1,8.9,9.2,8.0,8.3,,8.2,,,,,,,,,7.8
CGH,PS Ratio,,,15.5,13.7,14.1,16.9,14.6,16.2,,17.8,,,,,,,,,17.5
CGH,ROE TTM,,,16.13 %,15.63 %,15.02 %,13.68 %,10.97 %,6.11 %,,5.75 %,,,,,,,,,5.04 %
CGH,ROA TTM,,,6.24 %,6.23 %,6.17 %,5.77 %,4.70 %,2.61 %,,2.44 %,,,,,,,,,2.12 %
CGH,Net Margin TTM,,,22.99 %,23.52 %,24.14 %,23.37 %,20.46 %,13.36 %,,12.82 %,,,,,,,,,10.61 %
CGH,Asset Turnover TTM,,,27.14 %,26.50 %,25.54 %,24.70 %,22.99 %,19.50 %,,19.03 %,,,,,,,,,19.96 %
CGH,EPS TTMYOY,,,14.1342.73 %,14.0939.68 %,13.9223.69 %,13.09-5.59 %,10.74-24.00 %,6.05-57.10 %,,5.75-58.67 %,,,,,,,,,5.12-60.89 %
CGH,BVPSYOY,,,92.4412.71 %,94.9811.93 %,97.6111.36 %,102.4912.81 %,101.7210.04 %,98.113.30 %,,100.202.65 %,,,,,,,,,105.903.33 %
CGH,Net Profit Till QtrYOY,,,2.55 Cr.19.45 %,6.65 Cr.5.78 %,10.88 Cr.0.83 %,21.09 Cr.-5.59 %,-124.32 Lac.-,-470.21 Lac.-,,-93.84 Lac.-,,,,,,,,,8.25 Cr.-60.89 %
CGH,Revenue Till QtrYOY,,,19.59 Cr.-4.99 %,42.25 Cr.-7.65 %,63.51 Cr.-10.05 %,90.24 Cr.-9.77 %,13.87 Cr.-29.19 %,24.90 Cr.-41.08 %,,45.59 Cr.-28.22 %,,,,,,,,,77.75 Cr.-13.84 %
CGH,Net Profit TTMYOY,,,22.75 Cr.42.73 %,22.70 Cr.39.68 %,22.43 Cr.23.69 %,21.09 Cr.-5.59 %,17.29 Cr.-24.00 %,9.74 Cr.-57.10 %,,9.27 Cr.-58.67 %,,,,,,,,,8.25 Cr.-60.89 %
CGH,Revenue TTMYOY,,,98.98 Cr.6.07 %,96.51 Cr.0.25 %,92.92 Cr.-6.19 %,90.24 Cr.-9.77 %,84.52 Cr.-14.61 %,72.88 Cr.-24.48 %,,72.32 Cr.-22.17 %,,,,,,,,,77.75 Cr.-13.84 %
CHCL,PE Ratio,,,73.5,70.4,65.8,66.8,62.1,67.0,,71.2,,,,,,,,,63.5
CHCL,PB Ratio,,,4.4,4.1,3.9,4.0,3.7,3.9,,3.9,,,,,,,,,3.9
CHCL,PS Ratio,,,36.8,33.2,31.1,31.4,32.6,34.3,,35.3,,,,,,,,,39.1
CHCL,ROE TTM,,,6.01 %,6.03 %,6.21 %,6.08 %,5.95 %,6.09 %,,5.48 %,,,,,,,,,6.23 %
CHCL,ROA TTM,,,5.74 %,5.74 %,5.93 %,5.82 %,5.71 %,5.81 %,,5.25 %,,,,,,,,,5.97 %
CHCL,Net Margin TTM,,,48.61 %,47.26 %,47.02 %,52.54 %,52.08 %,54.03 %,,53.57 %,,,,,,,,,61.67 %
CHCL,Asset Turnover TTM,,,11.80 %,12.14 %,12.61 %,11.08 %,10.97 %,10.76 %,,9.79 %,,,,,,,,,9.67 %
CHCL,EPS TTMYOY,,,6.83-6.90 %,6.89-3.25 %,7.217.38 %,7.175.13 %,7.124.37 %,7.326.24 %,,6.63-8.01 %,,,,,,,,,7.595.95 %
CHCL,BVPSYOY,,,117.753.74 %,117.796.17 %,119.086.42 %,120.916.25 %,122.634.15 %,120.862.61 %,,121.001.61 %,,,,,,,,,123.902.47 %
CHCL,Net Profit Till QtrYOY,,,20.97 Cr.0.46 %,38.29 Cr.2.01 %,50.79 Cr.7.85 %,67.96 Cr.5.13 %,20.58 Cr.-1.85 %,39.81 Cr.3.96 %,,45.70 Cr.-10.02 %,,,,,,,,,72.01 Cr.5.95 %
CHCL,Revenue Till QtrYOY,,,38.22 Cr.11.49 %,70.34 Cr.14.93 %,94.34 Cr.20.57 %,129.34 Cr.0.07 %,38.62 Cr.1.05 %,69.59 Cr.-1.07 %,,82.37 Cr.-12.69 %,,,,,,,,,116.76 Cr.-9.72 %
CHCL,Net Profit TTMYOY,,,64.74 Cr.-6.90 %,65.40 Cr.-3.25 %,68.34 Cr.7.38 %,67.96 Cr.5.13 %,67.57 Cr.4.37 %,69.48 Cr.6.24 %,,62.87 Cr.-8.01 %,,,,,,,,,72.01 Cr.5.95 %
CHCL,Revenue TTMYOY,,,133.19 Cr.19.38 %,138.38 Cr.25.33 %,145.34 Cr.31.30 %,129.34 Cr.0.07 %,129.74 Cr.-2.59 %,128.59 Cr.-7.08 %,,117.36 Cr.-19.25 %,,,,,,,,,116.76 Cr.-9.72 %
CHDC,PE Ratio,,,125.2,153.2,113.4,46.9,40.2,37.0,,34.7,,,,,,,,,33.2
CHDC,PB Ratio,,,11.8,14.4,16.5,13.4,11.5,10.1,,9.5,,,,,,,,,8.7
CHDC,PS Ratio,,,94.1,115.1,93.2,44.2,37.9,36.3,,33.7,,,,,,,,,32.2
CHDC,ROE TTM,,,10.03 %,16.12 %,22.69 %,34.36 %,35.18 %,33.78 %,,31.31 %,,,,,,,,,26.15 %
CHDC,ROA TTM,,,9.63 %,15.43 %,23.68 %,35.91 %,36.75 %,35.26 %,,32.57 %,,,,,,,,,25.67 %
CHDC,Net Margin TTM,,,75.11 %,82.17 %,87.34 %,94.25 %,95.61 %,96.52 %,,97.12 %,,,,,,,,,97.15 %
CHDC,Asset Turnover TTM,,,12.82 %,18.78 %,27.11 %,38.10 %,38.44 %,36.54 %,,33.54 %,,,,,,,,,26.42 %
CHDC,EPS TTMYOY,,,13.8025.21 %,23.00114.43 %,34.08233.07 %,55.45599.19 %,61.81347.76 %,65.71185.69 %,,67.1196.91 %,,,,,,,,,61.1210.22 %
CHDC,BVPSYOY,,,147.0010.50 %,158.0617.58 %,171.9325.29 %,193.2541.30 %,208.3941.77 %,240.8752.39 %,,257.3649.69 %,,,,,,,,,268.7739.08 %
CHDC,Net Profit Till QtrYOY,,,9.08 Cr.202.28 %,20.95 Cr.290.58 %,35.30 Cr.327.46 %,57.35 Cr.599.19 %,15.66 Cr.72.46 %,31.56 Cr.50.65 %,,47.36 Cr.34.14 %,,,,,,,,,63.21 Cr.10.22 %
CHDC,Revenue Till QtrYOY,,,10.08 Cr.145.91 %,23.02 Cr.224.32 %,38.10 Cr.253.64 %,60.85 Cr.366.98 %,16.09 Cr.59.68 %,32.58 Cr.41.55 %,,48.71 Cr.27.87 %,,,,,,,,,65.07 Cr.6.94 %
CHDC,Net Profit TTMYOY,,,14.28 Cr.25.21 %,23.79 Cr.114.43 %,35.25 Cr.233.07 %,57.35 Cr.599.19 %,63.93 Cr.347.76 %,67.96 Cr.185.69 %,,69.40 Cr.96.91 %,,,,,,,,,63.21 Cr.10.22 %
CHDC,Revenue TTMYOY,,,19.01 Cr.25.28 %,28.95 Cr.97.03 %,40.35 Cr.184.22 %,60.85 Cr.366.98 %,66.86 Cr.251.73 %,70.41 Cr.143.21 %,,71.46 Cr.77.09 %,,,,,,,,,65.07 Cr.6.94 %
CHL,PE Ratio,,,-31.1,-47.7,-27.4,-47.1,-38.4,-74.5,,-290.9,,,,,,,,,224.5
CHL,PB Ratio,,,6.2,8.1,8.0,4.0,3.3,3.4,,3.5,,,,,,,,,3.2
CHL,PS Ratio,,,12.0,13.3,11.2,16.7,13.6,14.5,,13.5,,,,,,,,,11.6
CHL,ROE TTM,,,-,-,-,-,-,-,,1.48 %,,,,,,,,,2.07 %
CHL,ROA TTM,,,-3.31 %,-5.25 %,-4.08 %,-3.81 %,-2.28 %,-0.59 %,,0.70 %,,,,,,,,,0.99 %
CHL,Net Margin TTM,,,-27.88 %,-41.09 %,-33.06 %,-35.35 %,-19.78 %,-4.77 %,,5.32 %,,,,,,,,,7.56 %
CHL,Asset Turnover TTM,,,11.87 %,12.77 %,12.34 %,10.77 %,11.50 %,12.46 %,,13.16 %,,,,,,,,,13.13 %
CHL,EPS TTMYOY,,,-5.45-,-8.70-,-6.78-,-6.42-,-3.93-,-1.03-,,1.21-,,,,,,,,,1.72-
CHL,BVPSYOY,,,32.12-28.41 %,29.75-34.97 %,76.94125.00 %,75.71132.21 %,85.16165.13 %,85.59187.67 %,,85.0910.60 %,,,,,,,,,84.2911.34 %
CHL,Net Profit Till QtrYOY,,,-0.88 Lac.-,-184.33 Lac.-,-402.03 Lac.-,-497.10 Lac.-,1.92 Cr.-,2.33 Cr.-,,1.89 Cr.-,,,,,,,,,1.33 Cr.-
CHL,Revenue Till QtrYOY,,,4.46 Cr.94.64 %,8.26 Cr.71.13 %,10.39 Cr.39.27 %,14.06 Cr.8.58 %,5.77 Cr.29.38 %,10.85 Cr.31.45 %,,13.94 Cr.34.16 %,,,,,,,,,17.60 Cr.25.17 %
CHL,Net Profit TTMYOY,,,-421.52 Lac.-,-673.19 Lac.-,-525.04 Lac.-,-497.10 Lac.-,-304.15 Lac.-,-79.54 Lac.-,,93.79 Lac.-,,,,,,,,,1.33 Cr.-
CHL,Revenue TTMYOY,,,15.12 Cr.48.79 %,16.39 Cr.72.77 %,15.88 Cr.62.09 %,14.06 Cr.8.58 %,15.37 Cr.1.67 %,16.66 Cr.1.68 %,,17.61 Cr.10.90 %,,,,,,,,,17.60 Cr.25.17 %
CIT,PE Ratio,,,121.4,112.2,105.8,113.4,94.1,94.4,,92.9,,,,,,,,,87.0
CIT,PB Ratio,,,14.7,13.4,13.4,13.3,11.1,10.9,,12.4,,,,,,,,,11.6
CIT,PS Ratio,,,302.2,"1,239.0",223.7,227.1,349.3,158.7,,0.0,,,,,,,,,258.3
CIT,ROE TTM,,,12.64 %,12.87 %,12.01 %,13.02 %,12.67 %,12.93 %,,13.18 %,,,,,,,,,13.06 %
CIT,ROA TTM,,,0.53 %,0.54 %,0.49 %,0.53 %,0.42 %,0.43 %,,0.42 %,,,,,,,,,0.41 %
CIT,Net Margin TTM,,,"1,103.11 %",211.43 %,200.23 %,371.51 %,167.85 %,-245.35 %,,298.33 %,,,,,,,,,370.18 %
CIT,Asset Turnover TTM,,,0.05 %,0.26 %,0.25 %,0.14 %,0.25 %,-0.17 %,,0.14 %,,,,,,,,,0.11 %
CIT,EPS TTMYOY,,,16.7321.12 %,17.3225.31 %,16.4410.54 %,18.4213.71 %,18.6211.28 %,19.0510.00 %,,19.7019.80 %,,,,,,,,,19.847.72 %
CIT,BVPSYOY,,,140.1112.31 %,136.365.80 %,140.434.93 %,156.4116.84 %,161.0314.93 %,142.404.43 %,,147.114.76 %,,,,,,,,,152.47-2.52 %
CIT,Net Profit Till QtrYOY,,,30.10 Cr.13.62 %,62.23 Cr.13.97 %,89.90 Cr.1.88 %,125.36 Cr.13.71 %,31.43 Cr.4.43 %,66.53 Cr.6.92 %,,98.61 Cr.9.68 %,,,,,,,,,135.03 Cr.7.72 %
CIT,Revenue Till QtrYOY,,,11.98 Cr.-73.90 %,103.95 Cr.12.43 %,152.88 Cr.8.23 %,33.74 Cr.-23.75 %,53.72 Cr.348.34 %,17.36 Cr.-83.30 %,,164.08 Cr.7.32 %,,,,,,,,,36.48 Cr.8.10 %
CIT,Net Profit TTMYOY,,,113.85 Cr.21.12 %,117.87 Cr.25.31 %,111.90 Cr.10.54 %,125.36 Cr.13.71 %,126.69 Cr.11.28 %,129.66 Cr.10.00 %,,134.06 Cr.19.80 %,,,,,,,,,135.03 Cr.7.72 %
CIT,Revenue TTMYOY,,,10.32 Cr.-94.48 %,55.75 Cr.-70.70 %,55.89 Cr.-71.60 %,33.74 Cr.-23.75 %,75.48 Cr.631.35 %,"-5,284.65 Lac.-",,44.94 Cr.-19.59 %,,,,,,,,,36.48 Cr.8.10 %
CITY,PE Ratio,,,-77.6,-77.0,-76.1,-88.6,-81.6,-75.0,,-62.9,,,,,,,,,-67.1
CITY,PB Ratio,,,10.0,10.2,10.4,6.5,6.0,4.9,,4.1,,,,,,,,,3.8
CITY,PS Ratio,,,31.5,31.0,29.3,36.2,33.4,30.2,,25.9,,,,,,,,,22.8
CITY,ROE TTM,,,-,-,-,-,-,-,,-,,,,,,,,,-
CITY,ROA TTM,,,-3.64 %,-3.47 %,-4.06 %,-3.58 %,-3.52 %,-3.45 %,,-2.89 %,,,,,,,,,-3.05 %
CITY,Net Margin TTM,,,-40.25 %,-38.57 %,-46.09 %,-40.87 %,-40.96 %,-40.32 %,,-33.46 %,,,,,,,,,-34.21 %
CITY,Asset Turnover TTM,,,9.04 %,8.99 %,8.80 %,8.76 %,8.60 %,8.56 %,,8.65 %,,,,,,,,,8.91 %
CITY,EPS TTMYOY,,,-6.66-,-6.36-,-7.46-,-6.60-,-6.58-,-6.47-,,-5.44-,,,,,,,,,-5.74-
CITY,BVPSYOY,,,50.27-9.53 %,46.69-12.91 %,88.8569.48 %,89.3570.07 %,75.5550.28 %,98.53111.04 %,,97.289.49 %,,,,,,,,,96.137.59 %
CITY,Net Profit Till QtrYOY,,,-562.78 Lac.-,"-1,049.69 Lac.-","-1,738.03 Lac.-","-1,989.66 Lac.-",-556.52 Lac.-,"-1,009.38 Lac.-",,"-1,387.47 Lac.-",,,,,,,,,"-1,730.91 Lac.-"
CITY,Revenue Till QtrYOY,,,11.02 Cr.-4.95 %,23.58 Cr.-2.99 %,35.38 Cr.-4.45 %,48.68 Cr.-3.45 %,10.76 Cr.-2.39 %,23.24 Cr.-1.44 %,,35.68 Cr.0.84 %,,,,,,,,,50.60 Cr.3.94 %
CITY,Net Profit TTMYOY,,,"-2,006.69 Lac.-","-1,917.07 Lac.-","-2,248.33 Lac.-","-1,989.66 Lac.-","-1,983.40 Lac.-","-1,949.35 Lac.-",,"-1,639.09 Lac.-",,,,,,,,,"-1,730.91 Lac.-"
CITY,Revenue TTMYOY,,,49.85 Cr.7.47 %,49.70 Cr.2.24 %,48.78 Cr.-5.51 %,48.68 Cr.-3.45 %,48.42 Cr.-2.87 %,48.35 Cr.-2.72 %,,48.98 Cr.0.42 %,,,,,,,,,50.60 Cr.3.94 %
CKHL,PE Ratio,,,-725.2,384.7,306.8,-490.7,-422.6,"-2,410.4",,147.2,,,,,,,,,927.9
CKHL,PB Ratio,,,7.1,8.7,6.9,7.3,6.3,7.7,,6.9,,,,,,,,,6.7
CKHL,PS Ratio,,,247.3,38.3,30.5,22.5,19.4,23.2,,21.8,,,,,,,,,20.0
CKHL,ROE TTM,,,13.42 %,2.25 %,0.58 %,-,-,4.76 %,,0.70 %,,,,,,,,,14.14 %
CKHL,ROA TTM,,,4.29 %,0.75 %,0.19 %,-0.45 %,-0.10 %,1.49 %,,0.22 %,,,,,,,,,4.46 %
CKHL,Net Margin TTM,,,29.33 %,9.95 %,2.07 %,-4.58 %,-0.96 %,14.38 %,,2.12 %,,,,,,,,,40.33 %
CKHL,Asset Turnover TTM,,,14.62 %,7.58 %,9.22 %,9.88 %,9.95 %,10.33 %,,10.20 %,,,,,,,,,11.05 %
CKHL,EPS TTMYOY,,,13.25-,2.18-,0.56-,-1.36-,-0.29-,4.48105.36 %,,0.6514.66 %,,,,,,,,,13.25-
CKHL,BVPSYOY,,,98.70-,96.99-2.03 %,95.60-3.26 %,91.08-7.22 %,91.32-7.47 %,95.71-1.32 %,,90.17-5.68 %,,,,,,,,,100.1910.00 %
CKHL,Net Profit Till QtrYOY,,,1.32 Cr.-,1.17 Cr.-,48.78 Lac.-,-54.36 Lac.-,1.75 Cr.32.28 %,3.51 Cr.199.50 %,,1.29 Cr.164.52 %,,,,,,,,,5.30 Cr.-
CKHL,Revenue Till QtrYOY,,,4.52 Cr.-,7.65 Cr.-,9.79 Cr.-,11.86 Cr.948.53 %,4.73 Cr.4.66 %,8.25 Cr.7.90 %,,10.12 Cr.3.37 %,,,,,,,,,13.14 Cr.10.77 %
CKHL,Net Profit TTMYOY,,,5.30 Cr.-,87.33 Lac.-,22.58 Lac.-,-54.36 Lac.-,-11.60 Lac.-,1.79 Cr.105.36 %,,25.89 Lac.14.66 %,,,,,,,,,5.30 Cr.-
CKHL,Revenue TTMYOY,,,18.07 Cr.-,8.78 Cr.-,10.92 Cr.-,11.86 Cr.948.53 %,12.07 Cr.-33.17 %,12.47 Cr.41.99 %,,12.19 Cr.11.68 %,,,,,,,,,13.14 Cr.10.77 %
CLI,PE Ratio,,,84.1,73.9,55.7,55.6,53.3,54.6,,53.6,,,,,,,,,51.5
CLI,PB Ratio,,,3.9,4.0,3.4,3.2,3.0,3.7,,3.6,,,,,,,,,3.4
CLI,PS Ratio,,,4.4,4.4,2.9,3.1,3.0,2.8,,2.8,,,,,,,,,2.5
CLI,ROE TTM,,,5.42 %,6.21 %,5.67 %,5.90 %,5.83 %,5.96 %,,6.09 %,,,,,,,,,5.69 %
CLI,ROA TTM,,,1.86 %,1.97 %,1.72 %,1.72 %,1.95 %,1.83 %,,1.73 %,,,,,,,,,1.48 %
CLI,Net Margin TTM,,,5.95 %,5.16 %,5.69 %,5.63 %,5.30 %,5.12 %,,4.92 %,,,,,,,,,4.17 %
CLI,Asset Turnover TTM,,,31.20 %,38.09 %,30.29 %,30.46 %,36.72 %,35.83 %,,35.26 %,,,,,,,,,35.61 %
CLI,EPS TTMYOY,,,7.6834.37 %,8.6474.71 %,8.026.97 %,8.5030.86 %,8.5110.76 %,8.51-1.51 %,,8.556.55 %,,,,,,,,,7.82-8.05 %
CLI,BVPSYOY,,,141.854.26 %,143.195.40 %,146.917.97 %,148.716.71 %,148.934.99 %,126.52-11.64 %,,131.17-10.72 %,,,,,,,,,131.60-11.50 %
CLI,Net Profit Till QtrYOY,,,13.09 Cr.83.16 %,23.10 Cr.86.78 %,35.76 Cr.27.14 %,42.50 Cr.30.86 %,13.15 Cr.0.43 %,23.15 Cr.0.24 %,,36.00 Cr.0.67 %,,,,,,,,,39.08 Cr.-8.05 %
CLI,Revenue Till QtrYOY,,,174.74 Cr.16.19 %,338.36 Cr.174.45 %,508.25 Cr.19.77 %,754.82 Cr.21.44 %,223.28 Cr.27.78 %,414.57 Cr.22.52 %,,621.99 Cr.22.38 %,,,,,,,,,937.41 Cr.24.19 %
CLI,Net Profit TTMYOY,,,38.42 Cr.34.37 %,43.21 Cr.74.71 %,40.11 Cr.6.97 %,42.50 Cr.30.86 %,42.56 Cr.10.76 %,42.56 Cr.-1.51 %,,42.74 Cr.6.55 %,,,,,,,,,39.08 Cr.-8.05 %
CLI,Revenue TTMYOY,,,645.88 Cr.7.36 %,836.61 Cr.239.29 %,705.41 Cr.24.70 %,754.82 Cr.21.44 %,803.36 Cr.24.38 %,831.03 Cr.-0.67 %,,868.55 Cr.23.13 %,,,,,,,,,937.41 Cr.24.19 %
CORBL,PE Ratio,,,282.2,528.0,741.4,-622.6,-578.4,-663.7,,-871.0,,,,,,,,,393.0
CORBL,PB Ratio,,,6.5,11.3,18.5,14.3,12.6,14.5,,17.3,,,,,,,,,7.6
CORBL,PS Ratio,,,25.4,41.9,74.7,51.6,45.3,52.0,,70.5,,,,,,,,,27.5
CORBL,ROE TTM,,,2.11 %,2.53 %,3.52 %,-,-,-,,1.94 %,,,,,,,,,6.94 %
CORBL,ROA TTM,,,0.68 %,0.78 %,1.03 %,-0.61 %,-0.57 %,-0.51 %,,0.49 %,,,,,,,,,1.68 %
CORBL,Net Margin TTM,,,8.03 %,10.07 %,12.92 %,-8.29 %,-7.84 %,-6.88 %,,6.80 %,,,,,,,,,24.24 %
CORBL,Asset Turnover TTM,,,8.53 %,7.73 %,8.00 %,7.32 %,7.33 %,7.47 %,,7.24 %,,,,,,,,,6.92 %
CORBL,EPS TTMYOY,,,3.0716.07 %,3.7022.18 %,5.1389.55 %,-3.12-,-2.98-,-2.70-,,2.68-47.63 %,,,,,,,,,9.54-
CORBL,BVPSYOY,,,143.740.42 %,148.690.83 %,144.08-0.41 %,136.24-7.09 %,136.54-5.01 %,135.79-8.68 %,,139.27-3.34 %,,,,,,,,,139.732.56 %
CORBL,Net Profit Till QtrYOY,,,21.69 Lac.-44.81 %,1.07 Cr.17.35 %,1.78 Cr.103.81 %,-163.86 Lac.-,29.15 Lac.34.38 %,1.29 Cr.20.51 %,,4.83 Cr.171.42 %,,,,,,,,,5.01 Cr.-
CORBL,Revenue Till QtrYOY,,,5.51 Cr.3.58 %,9.20 Cr.-5.59 %,15.59 Cr.6.66 %,19.77 Cr.-0.42 %,5.69 Cr.3.34 %,10.05 Cr.9.23 %,,16.55 Cr.6.15 %,,,,,,,,,20.67 Cr.4.54 %
CORBL,Net Profit TTMYOY,,,1.61 Cr.16.07 %,1.94 Cr.22.18 %,2.69 Cr.89.55 %,-163.86 Lac.-,-156.40 Lac.-,-141.83 Lac.-,,1.41 Cr.-47.63 %,,,,,,,,,5.01 Cr.-
CORBL,Revenue TTMYOY,,,20.05 Cr.1.29 %,19.31 Cr.-1.98 %,20.83 Cr.4.25 %,19.77 Cr.-0.42 %,19.96 Cr.-0.45 %,20.62 Cr.6.78 %,,20.73 Cr.-0.48 %,,,,,,,,,20.67 Cr.4.54 %
CREST,PE Ratio,,,,,0.0,692.9,404.5,484.8,,352.9,,,,,,,,,361.3
CREST,PB Ratio,,,,,0.0,12.6,11.7,13.1,,10.0,,,,,,,,,10.5
CREST,PS Ratio,,,,,0.0,30.9,21.1,20.0,,15.5,,,,,,,,,36.6
CREST,ROE TTM,,,,,1.82 %,2.90 %,2.71 %,2.82 %,,2.91 %,,,,,,,,,0.31 %
CREST,ROA TTM,,,,,1.49 %,2.21 %,1.96 %,1.95 %,,2.20 %,,,,,,,,,0.22 %
CREST,Net Margin TTM,,,,,4.46 %,5.22 %,4.38 %,4.27 %,,10.06 %,,,,,,,,,0.44 %
CREST,Asset Turnover TTM,,,,,33.45 %,42.41 %,44.72 %,45.69 %,,21.83 %,,,,,,,,,49.47 %
CREST,EPS TTMYOY,,,,,1.87-,3.03-,2.98-,3.13-,,3.2472.91 %,,,,,,,,,0.34-88.87 %
CREST,BVPSYOY,,,,,102.88-,104.51-,110.30-,111.12-,,111.178.06 %,,,,,,,,,105.090.55 %
CREST,Net Profit Till QtrYOY,,,,,1.05 Cr.-,2.27 Cr.-,55.96 Lac.-,1.18 Cr.-,,1.21 Cr.14.90 %,,,,,,,,,25.26 Lac.-88.87 %
CREST,Revenue Till QtrYOY,,,,,23.63 Cr.-,43.54 Cr.-,12.78 Cr.-,27.50 Cr.-,,4.23 Cr.-82.08 %,,,,,,,,,57.51 Cr.32.07 %
CREST,Net Profit TTMYOY,,,,,1.40 Cr.-,2.27 Cr.-,2.24 Cr.-,2.35 Cr.-,,2.43 Cr.72.91 %,,,,,,,,,25.26 Lac.-88.87 %
CREST,Revenue TTMYOY,,,,,31.50 Cr.-,43.54 Cr.-,51.13 Cr.-,55.00 Cr.-,,24.15 Cr.-23.36 %,,,,,,,,,57.51 Cr.32.07 %
CYCL,PE Ratio,,,132.0,78.0,71.3,41.5,34.3,38.1,,33.7,,,,,,,,,30.1
CYCL,PB Ratio,,,8.5,7.0,6.4,6.6,5.5,6.1,,5.4,,,,,,,,,4.8
CYCL,PS Ratio,,,6.1,5.5,5.1,5.5,4.5,4.8,,4.3,,,,,,,,,3.8
CYCL,ROE TTM,,,4.84 %,10.04 %,10.50 %,17.79 %,16.31 %,15.80 %,,16.07 %,,,,,,,,,38.63 %
CYCL,ROA TTM,,,0.45 %,0.94 %,1.01 %,1.74 %,1.60 %,1.58 %,,1.59 %,,,,,,,,,4.02 %
CYCL,Net Margin TTM,,,3.35 %,7.11 %,7.60 %,13.20 %,12.61 %,12.42 %,,13.13 %,,,,,,,,,33.91 %
CYCL,Asset Turnover TTM,,,13.29 %,13.18 %,13.31 %,13.17 %,12.70 %,12.69 %,,12.10 %,,,,,,,,,11.86 %
CYCL,EPS TTMYOY,,,10.59-,"22.581,994.47 %",24.75154.21 %,44.09208.44 %,41.62293.15 %,41.8985.54 %,,43.1874.47 %,,,,,,,,,110.66150.95 %
CYCL,BVPSYOY,,,219.27-0.88 %,251.7517.46 %,268.5124.08 %,277.1724.47 %,259.2418.23 %,268.726.74 %,,269.540.38 %,,,,,,,,,357.7529.07 %
CYCL,Net Profit Till QtrYOY,,,-79.82 Lac.-,4.32 Cr.104.58 %,5.59 Cr.99.45 %,11.75 Cr.208.44 %,-145.74 Lac.-,3.73 Cr.-13.61 %,,5.34 Cr.-4.35 %,,,,,,,,,29.48 Cr.150.95 %
CYCL,Revenue Till QtrYOY,,,19.62 Cr.8.73 %,40.50 Cr.5.33 %,62.61 Cr.7.37 %,89.00 Cr.7.87 %,18.52 Cr.-5.58 %,41.34 Cr.2.06 %,,61.22 Cr.-2.23 %,,,,,,,,,86.95 Cr.-2.31 %
CYCL,Net Profit TTMYOY,,,2.82 Cr.-,"6.02 Cr.1,994.47 %",6.59 Cr.154.21 %,11.75 Cr.208.44 %,11.09 Cr.293.15 %,11.16 Cr.85.54 %,,11.50 Cr.74.47 %,,,,,,,,,29.48 Cr.150.95 %
CYCL,Revenue TTMYOY,,,84.09 Cr.27.90 %,84.56 Cr.17.34 %,86.81 Cr.12.55 %,89.00 Cr.7.87 %,87.91 Cr.4.54 %,89.84 Cr.6.24 %,,87.61 Cr.0.92 %,,,,,,,,,86.95 Cr.-2.31 %
CZBIL,PE Ratio,,,26.6,26.7,25.2,29.5,34.4,31.0,,19.6,,,,,,,,,19.3
CZBIL,PB Ratio,,,1.7,1.4,1.4,1.4,1.3,1.3,,1.3,,,,,,,,,1.3
CZBIL,PS Ratio,,,1.8,1.6,1.7,1.8,1.8,1.9,,2.0,,,,,,,,,2.0
CZBIL,ROE TTM,,,5.38 %,5.67 %,4.99 %,5.82 %,3.90 %,4.36 %,,7.09 %,,,,,,,,,8.90 %
CZBIL,ROA TTM,,,0.52 %,0.55 %,0.48 %,0.56 %,0.37 %,0.41 %,,0.67 %,,,,,,,,,0.84 %
CZBIL,Net Margin TTM,,,5.97 %,6.62 %,6.11 %,7.47 %,5.20 %,6.13 %,,10.60 %,,,,,,,,,13.98 %
CZBIL,Asset Turnover TTM,,,8.78 %,8.32 %,7.91 %,7.48 %,7.12 %,6.72 %,,6.32 %,,,,,,,,,5.98 %
CZBIL,EPS TTMYOY,,,7.34-46.20 %,7.88-43.34 %,7.05-50.09 %,8.34-3.66 %,5.64-23.15 %,6.39-18.92 %,,10.5649.86 %,,,,,,,,,13.5362.26 %
CZBIL,BVPSYOY,,,140.656.85 %,143.216.98 %,145.455.92 %,148.006.48 %,145.983.79 %,149.774.58 %,,155.967.23 %,,,,,,,,,160.498.44 %
CZBIL,Net Profit Till QtrYOY,,,19.82 Cr.-50.75 %,66.18 Cr.-15.45 %,96.19 Cr.-20.60 %,129.33 Cr.-3.66 %,"-2,204.11 Lac.-",35.89 Cr.-45.78 %,,130.65 Cr.35.82 %,,,,,,,,,209.86 Cr.62.26 %
CZBIL,Revenue Till QtrYOY,,,456.76 Cr.-11.99 %,888.99 Cr.-12.19 %,"1,313.45 Cr.-12.04 %","1,730.97 Cr.-12.05 %",406.63 Cr.-10.98 %,772.39 Cr.-13.12 %,,"1,127.33 Cr.-14.17 %",,,,,,,,,"1,501.19 Cr.-13.27 %"
CZBIL,Net Profit TTMYOY,,,113.82 Cr.-46.20 %,122.15 Cr.-43.34 %,109.29 Cr.-50.09 %,129.33 Cr.-3.66 %,87.47 Cr.-23.15 %,99.04 Cr.-18.92 %,,163.79 Cr.49.86 %,,,,,,,,,209.86 Cr.62.26 %
CZBIL,Revenue TTMYOY,,,"1,906.00 Cr.-8.29 %","1,844.79 Cr.-10.18 %","1,788.33 Cr.-11.02 %","1,730.97 Cr.-12.05 %","1,680.84 Cr.-11.81 %","1,614.37 Cr.-12.49 %",,"1,544.86 Cr.-13.61 %",,,,,,,,,"1,501.19 Cr.-13.27 %"
DDBL,PE Ratio,,,27.8,21.3,18.9,22.3,19.1,20.2,,18.4,,,,,,,,,17.7
DDBL,PB Ratio,,,4.2,4.3,3.9,4.6,3.8,4.0,,4.0,,,,,,,,,3.7
DDBL,PS Ratio,,,4.7,4.1,3.9,4.6,4.4,4.7,,4.9,,,,,,,,,5.0
DDBL,ROE TTM,,,16.04 %,20.11 %,21.25 %,18.73 %,21.85 %,23.01 %,,23.27 %,,,,,,,,,23.35 %
DDBL,ROA TTM,,,2.33 %,2.86 %,3.00 %,2.66 %,3.13 %,3.33 %,,3.43 %,,,,,,,,,3.53 %
DDBL,Net Margin TTM,,,16.87 %,19.48 %,20.62 %,19.77 %,23.14 %,25.58 %,,27.15 %,,,,,,,,,26.83 %
DDBL,Asset Turnover TTM,,,13.79 %,14.69 %,14.54 %,13.44 %,13.51 %,13.02 %,,12.65 %,,,,,,,,,13.17 %
DDBL,EPS TTMYOY,,,27.3255.48 %,34.35154.09 %,37.02119.04 %,33.6318.83 %,40.1647.03 %,43.2325.84 %,,45.7023.45 %,,,,,,,,,48.1543.16 %
DDBL,BVPSYOY,,,180.688.24 %,169.555.55 %,177.738.94 %,189.865.48 %,201.1011.31 %,201.0318.56 %,,212.2619.43 %,,,,,,,,,226.8719.49 %
DDBL,Net Profit Till QtrYOY,,,6.80 Cr.-22.98 %,24.57 Cr.102.49 %,43.21 Cr.70.81 %,69.12 Cr.18.83 %,20.22 Cr.197.44 %,44.29 Cr.80.30 %,,68.01 Cr.57.39 %,,,,,,,,,98.94 Cr.43.16 %
DDBL,Revenue Till QtrYOY,,,85.49 Cr.8.84 %,183.87 Cr.24.83 %,273.74 Cr.18.69 %,349.55 Cr.7.28 %,92.70 Cr.8.43 %,181.67 Cr.-1.19 %,,270.09 Cr.-1.34 %,,,,,,,,,368.73 Cr.5.49 %
DDBL,Net Profit TTMYOY,,,56.14 Cr.55.48 %,70.60 Cr.154.09 %,76.08 Cr.119.04 %,69.12 Cr.18.83 %,82.54 Cr.47.03 %,88.84 Cr.25.84 %,,93.92 Cr.23.45 %,,,,,,,,,98.94 Cr.43.16 %
DDBL,Revenue TTMYOY,,,332.78 Cr.15.54 %,362.41 Cr.25.37 %,368.95 Cr.21.43 %,349.55 Cr.7.28 %,356.76 Cr.7.20 %,347.36 Cr.-4.15 %,,345.90 Cr.-6.25 %,,,,,,,,,368.73 Cr.5.49 %
DHPL,PE Ratio,,,-21.8,-26.4,-93.8,-185.8,"38,016.0","41,184.0",,"-1,707.1",,,,,,,,,53.1
DHPL,PB Ratio,,,-25.6,-31.1,76.6,94.4,37.1,40.1,,45.4,,,,,,,,,35.0
DHPL,PS Ratio,,,8.4,10.2,10.2,9.4,8.4,8.9,,8.7,,,,,,,,,7.4
DHPL,ROE TTM,,,-,-,-,-,0.29 %,-,,19.39 %,,,,,,,,,88.27 %
DHPL,ROA TTM,,,-4.11 %,-2.57 %,-1.32 %,-0.61 %,0.00 %,-0.06 %,,0.36 %,,,,,,,,,1.90 %
DHPL,Net Margin TTM,,,-38.45 %,-21.90 %,-10.88 %,-5.05 %,0.02 %,-0.51 %,,2.98 %,,,,,,,,,13.94 %
DHPL,Asset Turnover TTM,,,10.69 %,11.75 %,12.14 %,12.15 %,12.12 %,12.31 %,,12.23 %,,,,,,,,,13.66 %
DHPL,EPS TTMYOY,,,-11.99-,-7.18-,-3.69-,-1.73-,0.01-,-0.18-,,1.06-,,,,,,,,,5.51-
DHPL,BVPSYOY,,,-10.18-,7.33-,4.53-,3.40-,7.77-,6.62-9.64 %,,5.0611.78 %,,,,,,,,,8.38146.81 %
DHPL,Net Profit Till QtrYOY,,,69.81 Lac.-,58.30 Lac.-,-15.72 Lac.-,-45.54 Lac.-,1.16 Cr.65.52 %,99.19 Lac.70.13 %,,57.84 Lac.-,,,,,,,,,1.46 Cr.-
DHPL,Revenue Till QtrYOY,,,3.47 Cr.4.42 %,5.65 Cr.11.23 %,6.97 Cr.14.42 %,9.03 Cr.11.63 %,3.50 Cr.0.88 %,5.81 Cr.2.78 %,,7.36 Cr.5.63 %,,,,,,,,,10.44 Cr.15.69 %
DHPL,Net Profit TTMYOY,,,-316.54 Lac.-,-189.60 Lac.-,-97.53 Lac.-,-45.54 Lac.-,0.20 Lac.-,-4.65 Lac.-,,28.02 Lac.-,,,,,,,,,1.46 Cr.-
DHPL,Revenue TTMYOY,,,8.23 Cr.-5.51 %,8.66 Cr.2.49 %,8.96 Cr.10.70 %,9.03 Cr.11.63 %,9.06 Cr.10.01 %,9.18 Cr.6.09 %,,9.42 Cr.5.08 %,,,,,,,,,10.44 Cr.15.69 %
DLBS,PE Ratio,,,-73.2,,909.4,76.5,62.0,58.7,,60.3,,,,,,,,,54.9
DLBS,PB Ratio,,,10.5,,8.9,9.3,8.2,7.8,,8.6,,,,,,,,,7.8
DLBS,PS Ratio,,,7.8,,6.0,6.2,5.7,5.3,,5.4,,,,,,,,,4.9
DLBS,ROE TTM,,,-,,13.19 %,7.31 %,14.14 %,11.30 %,,12.74 %,,,,,,,,,9.59 %
DLBS,ROA TTM,,,-0.81 %,,0.99 %,0.57 %,1.12 %,0.98 %,,1.10 %,,,,,,,,,0.82 %
DLBS,Net Margin TTM,,,-7.03 %,,8.04 %,4.66 %,9.16 %,7.87 %,,9.07 %,,,,,,,,,7.09 %
DLBS,Asset Turnover TTM,,,11.52 %,,12.34 %,12.14 %,12.19 %,12.39 %,,12.13 %,,,,,,,,,11.61 %
DLBS,EPS TTMYOY,,,-14.98-,,19.65-,11.43-,22.74-,"19.051,118.51 %",,21.197.82 %,,,,,,,,,15.7237.58 %
DLBS,BVPSYOY,,,140.10-12.00 %,,162.5722.21 %,169.5713.70 %,171.7522.59 %,179.1311.87 %,,148.70-8.53 %,,,,,,,,,150.57-11.20 %
DLBS,Net Profit Till QtrYOY,,,-124.68 Lac.-,,52.56 Lac.-,1.52 Cr.-,25.95 Lac.-,1.22 Cr.487.73 %,,1.83 Cr.247.30 %,,,,,,,,,2.09 Cr.37.58 %
DLBS,Revenue Till QtrYOY,,,6.87 Cr.33.32 %,,23.36 Cr.33.68 %,32.61 Cr.22.39 %,7.31 Cr.6.38 %,15.67 Cr.-2.38 %,,21.87 Cr.-6.40 %,,,,,,,,,29.52 Cr.-9.47 %
DLBS,Net Profit TTMYOY,,,-199.32 Lac.-,,2.62 Cr.-,1.52 Cr.-,3.03 Cr.-,"2.54 Cr.1,118.51 %",,2.82 Cr.7.82 %,,,,,,,,,2.09 Cr.37.58 %
DLBS,Revenue TTMYOY,,,28.36 Cr.16.47 %,,32.53 Cr.20.31 %,32.61 Cr.22.39 %,33.05 Cr.16.53 %,32.23 Cr.1.60 %,,31.11 Cr.-4.36 %,,,,,,,,,29.52 Cr.-9.47 %
DOLTI,PE Ratio,,,-63.0,-93.1,-73.9,-108.5,-96.4,-138.0,,-93.9,,,,,,,,,366.7
DOLTI,PB Ratio,,,9.5,11.9,9.1,10.1,8.9,8.7,,5.9,,,,,,,,,5.3
DOLTI,PS Ratio,,,40.7,51.8,38.2,36.8,32.7,31.0,,21.5,,,,,,,,,18.3
DOLTI,ROE TTM,,,-,-,-,-,-,-,,-,,,,,,,,,1.49 %
DOLTI,ROA TTM,,,-4.07 %,-3.85 %,-3.05 %,-2.72 %,-2.08 %,-1.90 %,,-1.16 %,,,,,,,,,0.45 %
DOLTI,Net Margin TTM,,,-55.65 %,-51.71 %,-40.24 %,-33.93 %,-24.53 %,-22.81 %,,-13.00 %,,,,,,,,,4.66 %
DOLTI,Asset Turnover TTM,,,7.31 %,7.45 %,7.59 %,8.02 %,8.48 %,8.32 %,,8.93 %,,,,,,,,,9.74 %
DOLTI,EPS TTMYOY,,,-8.20-,-7.61-,-5.93-,-5.25-,-4.02-,-3.64-,,-2.21-,,,,,,,,,0.87-
DOLTI,BVPSYOY,,,64.11-16.38 %,61.88-11.03 %,59.47-9.16 %,56.65-8.58 %,60.12-6.23 %,58.09-6.13 %,,57.11-3.97 %,,,,,,,,,59.885.70 %
DOLTI,Net Profit Till QtrYOY,,,1.23 Cr.111.42 %,-1.30 Lac.-,-133.80 Lac.-,-288.84 Lac.-,1.91 Cr.55.33 %,87.24 Lac.-,,33.37 Lac.-,,,,,,,,,47.69 Lac.-
DOLTI,Revenue Till QtrYOY,,,4.28 Cr.2.60 %,5.93 Cr.1.61 %,6.96 Cr.1.53 %,8.51 Cr.6.42 %,4.78 Cr.11.50 %,6.20 Cr.4.56 %,,7.80 Cr.12.13 %,,,,,,,,,10.23 Cr.20.22 %
DOLTI,Net Profit TTMYOY,,,-451.16 Lac.-,-418.50 Lac.-,-326.10 Lac.-,-288.84 Lac.-,-220.85 Lac.-,-200.31 Lac.-,,-121.67 Lac.-,,,,,,,,,47.69 Lac.-
DOLTI,Revenue TTMYOY,,,8.11 Cr.-51.45 %,8.09 Cr.-30.65 %,"8.10 Cr.26,705.01 %",8.51 Cr.6.42 %,9.00 Cr.11.07 %,8.78 Cr.8.52 %,,9.36 Cr.15.46 %,,,,,,,,,10.23 Cr.20.22 %
DORDI,PE Ratio,,,"1,123.5",-187.6,-244.2,-83.0,-76.7,-109.0,,-103.9,,,,,,,,,-275.7
DORDI,PB Ratio,,,4.9,7.3,4.4,2.7,2.5,2.7,,2.6,,,,,,,,,2.4
DORDI,PS Ratio,,,15.8,21.4,27.8,19.3,17.8,21.2,,21.0,,,,,,,,,19.5
DORDI,ROE TTM,,,-,-,-,-,-,-,,-,,,,,,,,,1.35 %
DORDI,ROA TTM,,,-0.15 %,-1.07 %,-1.19 %,-2.12 %,-2.35 %,-1.63 %,,-0.69 %,,,,,,,,,0.99 %
DORDI,Net Margin TTM,,,-1.59 %,-11.38 %,-12.65 %,-23.24 %,-27.56 %,-20.22 %,,-7.07 %,,,,,,,,,10.11 %
DORDI,Asset Turnover TTM,,,9.41 %,9.42 %,9.40 %,9.14 %,8.53 %,8.06 %,,9.82 %,,,,,,,,,9.80 %
DORDI,EPS TTMYOY,,,-0.23-,-1.67-,-1.84-,-3.35-,-3.74-,-2.62-,,-0.92-,,,,,,,,,1.42-
DORDI,BVPSYOY,,,50.84-1.16 %,92.7680.03 %,91.3082.13 %,103.79107.20 %,105.35107.21 %,105.2213.43 %,,105.5015.55 %,,,,,,,,,106.302.41 %
DORDI,Net Profit Till QtrYOY,,,1.73 Cr.-35.58 %,-80.71 Lac.-,-380.19 Lac.-,-705.69 Lac.-,89.38 Lac.-48.23 %,72.79 Lac.-,,1.31 Cr.-,,,,,,,,,3.00 Cr.-
DORDI,Revenue Till QtrYOY,,,9.73 Cr.-12.91 %,17.89 Cr.-8.04 %,23.45 Cr.-7.57 %,30.36 Cr.-6.82 %,8.01 Cr.-17.75 %,14.84 Cr.-17.01 %,,20.59 Cr.-12.20 %,,,,,,,,,29.66 Cr.-2.31 %
DORDI,Net Profit TTMYOY,,,-49.38 Lac.-,-353.11 Lac.-,-387.83 Lac.-,-705.69 Lac.-,-788.96 Lac.-,-552.20 Lac.-,,-194.29 Lac.-,,,,,,,,,3.00 Cr.-
DORDI,Revenue TTMYOY,,,31.14 Cr.-5.82 %,31.02 Cr.-4.85 %,30.66 Cr.-5.88 %,30.36 Cr.-6.82 %,28.63 Cr.-8.05 %,27.32 Cr.-11.93 %,,27.50 Cr.-10.31 %,,,,,,,,,29.66 Cr.-2.31 %
EBL,PE Ratio,,,21.2,19.0,20.1,20.2,17.5,18.6,,20.0,,,,,,,,,19.8
EBL,PB Ratio,,,2.8,2.6,2.8,3.0,2.7,2.9,,2.9,,,,,,,,,2.8
EBL,PS Ratio,,,3.5,3.7,3.8,4.4,4.1,4.5,,4.6,,,,,,,,,5.0
EBL,ROE TTM,,,15.04 %,14.73 %,15.96 %,16.63 %,16.22 %,15.79 %,,14.84 %,,,,,,,,,15.26 %
EBL,ROA TTM,,,1.45 %,1.40 %,1.52 %,1.55 %,1.49 %,1.41 %,,1.32 %,,,,,,,,,1.35 %
EBL,Net Margin TTM,,,18.40 %,19.10 %,21.72 %,23.62 %,23.95 %,23.97 %,,23.51 %,,,,,,,,,25.22 %
EBL,Asset Turnover TTM,,,7.90 %,7.35 %,6.98 %,6.56 %,6.21 %,5.90 %,,5.60 %,,,,,,,,,5.35 %
EBL,EPS TTMYOY,,,29.5022.22 %,29.6115.46 %,33.1628.69 %,35.8432.90 %,36.2222.78 %,36.1522.11 %,,34.915.28 %,,,,,,,,,36.953.09 %
EBL,BVPSYOY,,,206.619.35 %,213.0113.11 %,222.1414.24 %,233.3815.28 %,241.2216.75 %,235.0410.35 %,,244.279.96 %,,,,,,,,,256.479.89 %
EBL,Net Profit Till QtrYOY,,,112.77 Cr.44.44 %,207.48 Cr.21.11 %,345.76 Cr.32.55 %,491.82 Cr.32.90 %,117.93 Cr.4.57 %,211.71 Cr.2.04 %,,332.93 Cr.-3.71 %,,,,,,,,,506.99 Cr.3.09 %
EBL,Revenue Till QtrYOY,,,538.19 Cr.-7.83 %,"1,030.05 Cr.-10.30 %","1,545.83 Cr.-8.91 %","2,081.90 Cr.-7.29 %",530.93 Cr.-1.35 %,"1,017.81 Cr.-1.19 %",,"1,501.66 Cr.-2.86 %",,,,,,,,,"2,010.26 Cr.-3.44 %"
EBL,Net Profit TTMYOY,,,404.76 Cr.22.22 %,406.23 Cr.15.46 %,454.98 Cr.28.69 %,491.82 Cr.32.90 %,496.97 Cr.22.78 %,496.05 Cr.22.11 %,,478.98 Cr.5.28 %,,,,,,,,,506.99 Cr.3.09 %
EBL,Revenue TTMYOY,,,"2,199.79 Cr.-4.20 %","2,127.22 Cr.-8.12 %","2,094.31 Cr.-8.61 %","2,081.90 Cr.-7.29 %","2,074.64 Cr.-5.69 %","2,069.65 Cr.-2.71 %",,"2,037.72 Cr.-2.70 %",,,,,,,,,"2,010.26 Cr.-3.44 %"
EDBL,PE Ratio,,,87.7,136.3,146.9,189.5,179.1,103.2,,32.7,,,,,,,,,23.9
EDBL,PB Ratio,,,4.0,3.7,4.0,3.7,3.5,3.9,,3.2,,,,,,,,,3.3
EDBL,PS Ratio,,,5.7,5.8,6.3,6.4,6.0,6.4,,5.8,,,,,,,,,6.1
EDBL,ROE TTM,,,4.81 %,2.75 %,6.17 %,2.04 %,3.71 %,10.72 %,,9.59 %,,,,,,,,,14.35 %
EDBL,ROA TTM,,,0.55 %,0.32 %,0.71 %,0.23 %,0.42 %,1.19 %,,1.06 %,,,,,,,,,1.56 %
EDBL,Net Margin TTM,,,6.51 %,4.27 %,10.16 %,3.37 %,6.19 %,17.76 %,,16.49 %,,,,,,,,,25.49 %
EDBL,Asset Turnover TTM,,,8.39 %,7.44 %,7.01 %,6.91 %,6.71 %,6.69 %,,6.45 %,,,,,,,,,6.12 %
EDBL,EPS TTMYOY,,,7.19-,4.2659.73 %,9.70335.12 %,3.27-44.62 %,5.93-17.52 %,17.60312.96 %,,16.2467.47 %,,,,,,,,,24.76656.45 %
EDBL,BVPSYOY,,,156.5420.00 %,157.843.79 %,162.407.13 %,167.356.28 %,155.37-0.75 %,177.9512.74 %,,184.0013.30 %,,,,,,,,,177.856.28 %
EDBL,Net Profit Till QtrYOY,,,"-1,230.16 Lac.-",-905.35 Lac.-,-63.83 Lac.-,4.09 Cr.-44.62 %,-897.97 Lac.-,8.85 Cr.-,,15.57 Cr.-,,,,,,,,,30.94 Cr.656.45 %
EDBL,Revenue Till QtrYOY,,,30.53 Cr.-22.80 %,54.41 Cr.-29.23 %,83.40 Cr.-25.00 %,121.48 Cr.-17.44 %,28.84 Cr.-5.53 %,56.80 Cr.4.41 %,,85.03 Cr.1.95 %,,,,,,,,,121.39 Cr.-0.08 %
EDBL,Net Profit TTMYOY,,,8.99 Cr.-,5.33 Cr.59.73 %,12.12 Cr.335.12 %,4.09 Cr.-44.62 %,7.41 Cr.-17.52 %,22.00 Cr.312.96 %,,20.30 Cr.67.47 %,,,,,,,,,30.94 Cr.656.45 %
EDBL,Revenue TTMYOY,,,138.12 Cr.-19.35 %,124.67 Cr.-26.06 %,119.34 Cr.-23.49 %,121.48 Cr.-17.44 %,119.80 Cr.-13.27 %,123.88 Cr.-0.63 %,,123.11 Cr.3.16 %,,,,,,,,,121.39 Cr.-0.08 %
EHPL,PE Ratio,,,-378.6,-652.3,-492.4,384.8,273.5,229.9,,116.0,,,,,,,,,99.1
EHPL,PB Ratio,,,10.7,11.2,8.2,8.1,5.8,5.6,,5.0,,,,,,,,,4.4
EHPL,PS Ratio,,,43.7,43.8,32.0,28.5,20.3,20.1,,17.4,,,,,,,,,11.7
EHPL,ROE TTM,,,-,-,-,2.11 %,2.48 %,4.52 %,,5.78 %,,,,,,,,,4.45 %
EHPL,ROA TTM,,,-1.12 %,-0.70 %,-0.40 %,0.86 %,1.03 %,1.89 %,,2.46 %,,,,,,,,,1.92 %
EHPL,Net Margin TTM,,,-11.55 %,-6.71 %,-3.67 %,7.41 %,8.74 %,15.38 %,,15.05 %,,,,,,,,,14.33 %
EHPL,Asset Turnover TTM,,,9.71 %,10.38 %,10.90 %,11.56 %,11.74 %,12.32 %,,16.32 %,,,,,,,,,13.39 %
EHPL,EPS TTMYOY,,,-2.09-,-1.29-,-0.73-,1.55-,1.84-,3.39-,,4.37-,,,,,,,,,3.39119.38 %
EHPL,BVPSYOY,,,74.15-2.74 %,74.63-1.74 %,73.52-1.03 %,73.072.11 %,75.812.24 %,77.864.33 %,,77.735.73 %,,,,,,,,,76.304.43 %
EHPL,Net Profit Till QtrYOY,,,1.61 Cr.3.40 %,1.93 Cr.40.11 %,1.24 Cr.264.00 %,95.87 Lac.-,1.79 Cr.11.48 %,3.07 Cr.59.17 %,,2.99 Cr.141.32 %,,,,,,,,,2.10 Cr.119.38 %
EHPL,Revenue Till QtrYOY,,,4.69 Cr.0.51 %,8.27 Cr.8.89 %,10.47 Cr.11.96 %,12.94 Cr.15.48 %,4.83 Cr.3.00 %,8.99 Cr.8.73 %,,15.52 Cr.48.26 %,,,,,,,,,14.68 Cr.13.47 %
EHPL,Net Profit TTMYOY,,,-129.67 Lac.-,-79.73 Lac.-,-45.22 Lac.-,95.87 Lac.-,1.14 Cr.-,2.10 Cr.-,,2.71 Cr.-,,,,,,,,,2.10 Cr.119.38 %
EHPL,Revenue TTMYOY,,,11.23 Cr.-39.79 %,11.88 Cr.-21.79 %,12.32 Cr.-1.14 %,12.94 Cr.15.48 %,13.08 Cr.16.48 %,13.66 Cr.14.99 %,,17.99 Cr.45.99 %,,,,,,,,,14.68 Cr.13.47 %
ENL,PE Ratio,,,446.3,347.2,319.3,317.8,"1,466.4","1,529.9",,366.1,,,,,,,,,296.1
ENL,PB Ratio,,,11.2,11.1,10.2,10.1,8.2,8.6,,8.1,,,,,,,,,7.3
ENL,PS Ratio,,,247.4,212.3,195.2,194.3,400.9,416.1,,231.6,,,,,,,,,207.1
ENL,ROE TTM,,,2.25 %,3.22 %,1.37 %,0.98 %,0.56 %,2.25 %,,2.48 %,,,,,,,,,2.46 %
ENL,ROA TTM,,,2.20 %,3.15 %,1.34 %,0.96 %,0.54 %,2.18 %,,2.40 %,,,,,,,,,2.40 %
ENL,Net Margin TTM,,,52.61 %,61.15 %,34.47 %,40.48 %,27.31 %,62.51 %,,66.40 %,,,,,,,,,66.46 %
ENL,Asset Turnover TTM,,,4.18 %,5.16 %,3.88 %,2.37 %,1.99 %,3.49 %,,3.62 %,,,,,,,,,3.61 %
ENL,EPS TTMYOY,,,2.45-23.44 %,3.4955.89 %,1.49-73.23 %,1.07-60.01 %,0.61-75.10 %,2.46-29.56 %,,2.7182.45 %,,,,,,,,,2.70152.37 %
ENL,BVPSYOY,,,111.56-1.53 %,109.483.52 %,109.341.96 %,108.861.59 %,108.52-2.72 %,110.460.89 %,,110.581.13 %,,,,,,,,,110.081.12 %
ENL,Net Profit Till QtrYOY,,,6.67 Lac.-65.60 %,93.89 Lac.91.60 %,86.15 Lac.-43.41 %,59.49 Lac.-60.01 %,-18.94 Lac.-,1.71 Cr.81.93 %,,1.77 Cr.106.02 %,,,,,,,,,1.50 Cr.152.37 %
ENL,Revenue Till QtrYOY,,,28.06 Lac.-25.92 %,1.32 Cr.57.91 %,1.04 Cr.-21.54 %,1.47 Cr.-45.25 %,5.14 Lac.-81.69 %,2.03 Cr.54.12 %,,2.25 Cr.55.23 %,,,,,,,,,2.26 Cr.53.72 %
ENL,Net Profit TTMYOY,,,1.36 Cr.-23.44 %,1.94 Cr.55.89 %,82.67 Lac.-73.23 %,59.49 Lac.-60.01 %,33.87 Lac.-75.10 %,1.36 Cr.-29.56 %,,1.51 Cr.82.45 %,,,,,,,,,1.50 Cr.152.37 %
ENL,Revenue TTMYOY,,,2.59 Cr.-12.35 %,3.17 Cr.36.85 %,2.40 Cr.-38.70 %,1.47 Cr.-45.25 %,1.24 Cr.-52.03 %,2.18 Cr.-31.09 %,,2.27 Cr.-19.13 %,,,,,,,,,2.26 Cr.53.72 %
FMDBL,PE Ratio,,,64.2,68.4,69.2,94.7,94.6,75.7,,60.6,,,,,,,,,60.8
FMDBL,PB Ratio,,,5.9,5.7,5.8,7.1,6.2,6.6,,6.0,,,,,,,,,6.0
FMDBL,PS Ratio,,,12.7,13.7,13.9,22.7,23.1,25.5,,23.9,,,,,,,,,24.3
FMDBL,ROE TTM,,,9.46 %,8.61 %,6.87 %,7.76 %,6.83 %,8.65 %,,9.99 %,,,,,,,,,10.73 %
FMDBL,ROA TTM,,,1.96 %,1.84 %,1.48 %,1.75 %,1.69 %,2.28 %,,2.78 %,,,,,,,,,3.18 %
FMDBL,Net Margin TTM,,,19.75 %,20.03 %,18.75 %,23.93 %,24.39 %,33.73 %,,40.26 %,,,,,,,,,47.13 %
FMDBL,Asset Turnover TTM,,,9.92 %,9.17 %,7.92 %,7.30 %,6.92 %,6.75 %,,6.91 %,,,,,,,,,6.76 %
FMDBL,EPS TTMYOY,,,11.50-15.86 %,10.533.14 %,8.53-13.53 %,9.79-24.42 %,8.74-24.05 %,11.145.76 %,,13.0052.44 %,,,,,,,,,14.1844.79 %
FMDBL,BVPSYOY,,,124.142.17 %,125.336.54 %,126.724.77 %,131.256.16 %,132.546.77 %,128.312.38 %,,131.533.80 %,,,,,,,,,137.264.57 %
FMDBL,Net Profit Till QtrYOY,,,3.11 Cr.-38.68 %,5.23 Cr.-38.41 %,7.06 Cr.-45.77 %,13.17 Cr.-24.42 %,1.68 Cr.-45.82 %,7.04 Cr.34.64 %,,11.37 Cr.60.98 %,,,,,,,,,19.07 Cr.44.79 %
FMDBL,Revenue Till QtrYOY,,,17.21 Cr.-31.86 %,30.68 Cr.-33.77 %,42.62 Cr.-37.19 %,55.05 Cr.-36.28 %,10.33 Cr.-39.99 %,20.06 Cr.-34.63 %,,30.99 Cr.-27.29 %,,,,,,,,,40.47 Cr.-26.48 %
FMDBL,Net Profit TTMYOY,,,15.47 Cr.-15.86 %,14.17 Cr.3.14 %,11.47 Cr.-13.53 %,13.17 Cr.-24.42 %,11.75 Cr.-24.05 %,14.98 Cr.5.76 %,,17.48 Cr.52.44 %,,,,,,,,,19.07 Cr.44.79 %
FMDBL,Revenue TTMYOY,,,78.34 Cr.-39.00 %,70.74 Cr.-37.17 %,61.15 Cr.-39.29 %,55.05 Cr.-36.28 %,48.17 Cr.-38.52 %,44.42 Cr.-37.20 %,,43.42 Cr.-29.00 %,,,,,,,,,40.47 Cr.-26.48 %
FOWAD,PE Ratio,,,33.7,42.4,36.3,212.6,159.5,155.5,,53.0,,,,,,,,,58.9
FOWAD,PB Ratio,,,5.2,5.0,4.3,4.7,4.0,3.9,,4.7,,,,,,,,,3.9
FOWAD,PS Ratio,,,5.5,5.5,4.7,5.3,4.9,4.8,,4.7,,,,,,,,,4.1
FOWAD,ROE TTM,,,16.39 %,12.14 %,8.04 %,2.16 %,2.64 %,8.21 %,,6.42 %,,,,,,,,,20.46 %
FOWAD,ROA TTM,,,2.24 %,1.67 %,1.11 %,0.30 %,0.37 %,1.11 %,,0.85 %,,,,,,,,,2.71 %
FOWAD,Net Margin TTM,,,16.45 %,12.95 %,8.53 %,2.49 %,3.06 %,8.85 %,,7.05 %,,,,,,,,,21.08 %
FOWAD,Asset Turnover TTM,,,13.59 %,12.89 %,13.00 %,11.93 %,11.95 %,12.52 %,,12.03 %,,,,,,,,,12.88 %
FOWAD,EPS TTMYOY,,,39.63491.72 %,29.78397.67 %,20.15-18.13 %,5.46-79.68 %,6.76-82.94 %,20.71-30.45 %,,16.05-20.35 %,,,,,,,,,52.14854.80 %
FOWAD,BVPSYOY,,,255.588.99 %,251.9411.50 %,253.626.69 %,249.65-2.11 %,271.796.34 %,234.69-6.85 %,,239.61-5.53 %,,,,,,,,,278.5711.59 %
FOWAD,Net Profit Till QtrYOY,,,4.16 Cr.-,88.53 Lac.-,3.62 Cr.-68.96 %,6.53 Cr.-79.68 %,5.72 Cr.37.32 %,"19.12 Cr.2,060.24 %",,16.28 Cr.350.06 %,,,,,,,,,62.36 Cr.854.80 %
FOWAD,Revenue Till QtrYOY,,,69.11 Cr.-1.86 %,126.34 Cr.-10.21 %,205.85 Cr.-3.25 %,262.59 Cr.-9.28 %,70.77 Cr.2.40 %,143.76 Cr.13.79 %,,215.58 Cr.4.73 %,,,,,,,,,295.86 Cr.12.67 %
FOWAD,Net Profit TTMYOY,,,47.40 Cr.491.72 %,35.61 Cr.397.67 %,24.10 Cr.-18.13 %,6.53 Cr.-79.68 %,8.08 Cr.-82.94 %,24.77 Cr.-30.45 %,,19.20 Cr.-20.35 %,,,,,,,,,62.36 Cr.854.80 %
FOWAD,Revenue TTMYOY,,,288.13 Cr.-3.58 %,275.08 Cr.-4.76 %,282.53 Cr.-2.57 %,262.59 Cr.-9.28 %,264.25 Cr.-8.29 %,280.01 Cr.1.79 %,,272.33 Cr.-3.61 %,,,,,,,,,295.86 Cr.12.67 %
GBBL,PE Ratio,,,22.3,25.5,19.8,18.7,17.3,17.9,,17.6,,,,,,,,,15.0
GBBL,PB Ratio,,,2.8,2.3,2.7,2.6,2.4,2.5,,2.6,,,,,,,,,2.4
GBBL,PS Ratio,,,2.5,3.0,2.5,2.9,2.8,2.9,,3.1,,,,,,,,,3.2
GBBL,ROE TTM,,,13.57 %,13.52 %,13.53 %,14.65 %,14.76 %,15.30 %,,17.22 %,,,,,,,,,17.18 %
GBBL,ROA TTM,,,1.23 %,1.22 %,1.22 %,1.32 %,1.33 %,1.36 %,,1.56 %,,,,,,,,,1.58 %
GBBL,Net Margin TTM,,,11.87 %,12.82 %,8.45 %,15.56 %,16.37 %,17.65 %,,21.06 %,,,,,,,,,22.50 %
GBBL,Asset Turnover TTM,,,10.33 %,9.53 %,14.43 %,8.49 %,8.10 %,7.73 %,,7.41 %,,,,,,,,,7.00 %
GBBL,EPS TTMYOY,,,19.27-5.32 %,19.48-4.47 %,19.70-5.02 %,21.7615.33 %,22.1715.07 %,23.1919.05 %,,26.9937.00 %,,,,,,,,,28.0428.87 %
GBBL,BVPSYOY,,,152.9016.22 %,141.663.31 %,144.783.31 %,154.884.25 %,156.962.66 %,159.5912.66 %,,167.5815.75 %,,,,,,,,,177.2614.45 %
GBBL,Net Profit Till QtrYOY,,,22.57 Cr.12.00 %,54.93 Cr.7.16 %,73.35 Cr.7.32 %,131.04 Cr.15.33 %,25.06 Cr.11.00 %,63.51 Cr.15.63 %,,104.82 Cr.42.91 %,,,,,,,,,168.87 Cr.28.87 %
GBBL,Revenue Till QtrYOY,,,232.05 Cr.-17.04 %,435.37 Cr.-20.23 %,630.04 Cr.150.25 %,842.24 Cr.-17.87 %,205.34 Cr.-11.51 %,384.29 Cr.-11.73 %,,559.59 Cr.-11.18 %,,,,,,,,,750.51 Cr.-10.89 %
GBBL,Net Profit TTMYOY,,,116.04 Cr.-5.32 %,117.29 Cr.-4.47 %,118.62 Cr.-5.02 %,131.04 Cr.15.33 %,133.52 Cr.15.07 %,139.63 Cr.19.05 %,,162.51 Cr.37.00 %,,,,,,,,,168.87 Cr.28.87 %
GBBL,Revenue TTMYOY,,,977.82 Cr.-10.01 %,915.11 Cr.-16.00 %,"1,403.78 Cr.166.00 %",842.24 Cr.-17.87 %,815.53 Cr.-16.60 %,791.16 Cr.-13.54 %,,771.80 Cr.-45.02 %,,,,,,,,,750.51 Cr.-10.89 %
GBIME,PE Ratio,,,14.7,13.4,12.0,15.5,13.3,13.2,,13.8,,,,,,,,,15.5
GBIME,PB Ratio,,,1.5,1.3,1.3,1.4,1.3,1.3,,1.3,,,,,,,,,1.4
GBIME,PS Ratio,,,1.9,1.7,1.8,2.2,2.0,2.0,,2.2,,,,,,,,,2.4
GBIME,ROE TTM,,,10.53 %,11.57 %,11.58 %,9.62 %,9.93 %,9.59 %,,9.01 %,,,,,,,,,9.14 %
GBIME,ROA TTM,,,1.09 %,1.17 %,1.17 %,0.97 %,0.98 %,0.93 %,,0.84 %,,,,,,,,,0.83 %
GBIME,Net Margin TTM,,,12.88 %,15.02 %,16.12 %,14.11 %,15.37 %,15.48 %,,14.95 %,,,,,,,,,15.45 %
GBIME,Asset Turnover TTM,,,8.44 %,7.82 %,7.27 %,6.84 %,6.38 %,5.98 %,,5.65 %,,,,,,,,,5.35 %
GBIME,EPS TTMYOY,,,16.54-13.54 %,18.447.89 %,19.0016.80 %,16.283.13 %,17.193.95 %,16.80-8.88 %,,15.93-16.18 %,,,,,,,,,16.340.36 %
GBIME,BVPSYOY,,,165.124.55 %,169.5813.66 %,173.4713.73 %,177.6311.01 %,179.508.71 %,175.293.36 %,,178.532.92 %,,,,,,,,,183.143.10 %
GBIME,Net Profit Till QtrYOY,,,151.21 Cr.23.36 %,305.35 Cr.49.51 %,453.41 Cr.37.12 %,620.47 Cr.3.13 %,185.87 Cr.22.92 %,325.21 Cr.6.50 %,,440.12 Cr.-2.93 %,,,,,,,,,622.72 Cr.0.36 %
GBIME,Revenue Till QtrYOY,,,"1,165.93 Cr.-17.90 %","2,268.26 Cr.-17.06 %","3,315.34 Cr.-16.43 %","4,396.15 Cr.-14.57 %","1,032.10 Cr.-11.48 %","2,008.71 Cr.-11.44 %",,"2,981.80 Cr.-10.06 %",,,,,,,,,"4,030.25 Cr.-8.32 %"
GBIME,Net Profit TTMYOY,,,630.26 Cr.-13.54 %,702.74 Cr.7.89 %,724.38 Cr.16.80 %,620.47 Cr.3.13 %,655.13 Cr.3.95 %,640.34 Cr.-8.88 %,,607.18 Cr.-16.18 %,,,,,,,,,622.72 Cr.0.36 %
GBIME,Revenue TTMYOY,,,"4,891.99 Cr.-7.69 %","4,679.61 Cr.-16.77 %","4,494.25 Cr.-17.21 %","4,396.15 Cr.-14.57 %","4,262.32 Cr.-12.87 %","4,136.60 Cr.-11.60 %",,"4,062.61 Cr.-9.60 %",,,,,,,,,"4,030.25 Cr.-8.32 %"
GBLBS,PE Ratio,,,38.1,,42.6,43.9,24.6,22.0,,20.8,,,,,,,,,19.7
GBLBS,PB Ratio,,,3.1,,2.8,2.9,3.1,2.8,,2.6,,,,,,,,,2.4
GBLBS,PS Ratio,,,4.0,,4.0,4.1,4.3,3.9,,3.0,,,,,,,,,3.6
GBLBS,ROE TTM,,,8.93 %,,7.31 %,11.94 %,12.79 %,12.55 %,,13.02 %,,,,,,,,,9.31 %
GBLBS,ROA TTM,,,1.45 %,,1.34 %,2.24 %,2.43 %,2.39 %,,2.46 %,,,,,,,,,1.73 %
GBLBS,Net Margin TTM,,,10.60 %,,9.36 %,15.74 %,17.58 %,14.25 %,,17.60 %,,,,,,,,,12.35 %
GBLBS,Asset Turnover TTM,,,13.66 %,,14.28 %,14.22 %,13.84 %,16.79 %,,14.00 %,,,,,,,,,14.04 %
GBLBS,EPS TTMYOY,,,19.9774.05 %,,18.19-17.34 %,31.28113.40 %,34.6773.66 %,34.7689.05 %,,36.73101.92 %,,,,,,,,,26.53-15.19 %
GBLBS,BVPSYOY,,,249.0916.40 %,,276.0624.77 %,286.6825.66 %,274.0810.03 %,278.073.03 %,,295.186.93 %,,,,,,,,,290.661.39 %
GBLBS,Net Profit Till QtrYOY,,,8.79 Cr.154.36 %,,24.68 Cr.16.80 %,31.45 Cr.113.40 %,12.20 Cr.38.79 %,21.99 Cr.18.95 %,,30.16 Cr.22.19 %,,,,,,,,,26.67 Cr.-15.19 %
GBLBS,Revenue Till QtrYOY,,,54.28 Cr.22.10 %,,148.81 Cr.11.90 %,199.80 Cr.11.26 %,52.78 Cr.-2.75 %,105.44 Cr.76.05 %,,158.82 Cr.6.72 %,,,,,,,,,216.03 Cr.8.13 %
GBLBS,Net Profit TTMYOY,,,20.07 Cr.74.05 %,,18.29 Cr.-17.34 %,31.45 Cr.113.40 %,34.86 Cr.73.66 %,34.95 Cr.89.05 %,,36.92 Cr.101.92 %,,,,,,,,,26.67 Cr.-15.19 %
GBLBS,Revenue TTMYOY,,,189.40 Cr.-12.90 %,,195.40 Cr.-8.95 %,199.80 Cr.11.26 %,198.30 Cr.4.70 %,245.35 Cr.61.47 %,,209.80 Cr.7.37 %,,,,,,,,,216.03 Cr.8.13 %
GCIL,PE Ratio,,,-18.6,-14.6,-15.9,-20.1,-70.7,-78.1,,-78.3,,,,,,,,,-65.7
GCIL,PB Ratio,,,2.4,2.5,2.7,2.6,2.3,2.5,,2.4,,,,,,,,,2.1
GCIL,PS Ratio,,,5.1,5.3,5.2,4.6,3.7,4.0,,3.9,,,,,,,,,3.4
GCIL,ROE TTM,,,-,-,-,-,-,-,,-,,,,,,,,,-
GCIL,ROA TTM,,,-6.42 %,-6.19 %,-4.81 %,-2.85 %,-1.20 %,-1.14 %,,-1.18 %,,,,,,,,,-1.40 %
GCIL,Net Margin TTM,,,-36.07 %,-32.67 %,-23.01 %,-13.07 %,-5.19 %,-4.78 %,,-5.21 %,,,,,,,,,-6.51 %
GCIL,Asset Turnover TTM,,,17.80 %,18.95 %,20.91 %,21.80 %,23.04 %,23.82 %,,22.64 %,,,,,,,,,21.44 %
GCIL,EPS TTMYOY,,,-30.53-,-29.21-,-22.50-,-13.14-,-5.47-,-5.14-,,-5.27-,,,,,,,,,-6.13-
GCIL,BVPSYOY,,,178.76-14.60 %,171.21-16.47 %,173.45-13.49 %,171.34-9.36 %,169.44-5.21 %,166.58-2.70 %,,168.70-2.74 %,,,,,,,,,165.73-3.28 %
GCIL,Net Profit Till QtrYOY,,,"-5,137.74 Lac.-","-6,671.03 Lac.-","-5,543.64 Lac.-","-6,603.80 Lac.-","-1,280.21 Lac.-","-2,649.03 Lac.-",,"-1,586.68 Lac.-",,,,,,,,,"-3,080.72 Lac.-"
GCIL,Revenue Till QtrYOY,,,66.85 Cr.-24.80 %,173.20 Cr.1.14 %,352.65 Cr.14.27 %,505.08 Cr.12.92 %,90.60 Cr.35.54 %,208.15 Cr.20.18 %,,355.11 Cr.0.70 %,,,,,,,,,472.99 Cr.-6.35 %
GCIL,Net Profit TTMYOY,,,"-15,338.36 Lac.-","-14,675.50 Lac.-","-11,306.89 Lac.-","-6,603.80 Lac.-","-2,746.26 Lac.-","-2,581.79 Lac.-",,"-2,646.84 Lac.-",,,,,,,,,"-3,080.72 Lac.-"
GCIL,Revenue TTMYOY,,,425.25 Cr.19.61 %,449.23 Cr.31.16 %,491.31 Cr.19.43 %,505.08 Cr.12.92 %,528.84 Cr.24.36 %,540.04 Cr.20.21 %,,507.54 Cr.3.30 %,,,,,,,,,472.99 Cr.-6.35 %
GFCL,PE Ratio,,,30.3,20.4,46.1,24.4,-53.5,-60.3,,55.3,,,,,,,,,39.9
GFCL,PB Ratio,,,5.7,3.8,3.3,3.2,2.6,2.9,,2.4,,,,,,,,,2.8
GFCL,PS Ratio,,,3.8,2.5,4.5,4.7,0.0,0.0,,5.1,,,,,,,,,5.3
GFCL,ROE TTM,,,18.62 %,8.04 %,14.35 %,0.28 %,-,5.17 %,,4.41 %,,,,,,,,,6.77 %
GFCL,ROA TTM,,,2.24 %,0.91 %,1.66 %,0.03 %,-0.70 %,0.69 %,,0.57 %,,,,,,,,,0.88 %
GFCL,Net Margin TTM,,,12.41 %,9.78 %,19.21 %,0.46 %,65.77 %,9.05 %,,8.42 %,,,,,,,,,13.79 %
GFCL,Asset Turnover TTM,,,18.03 %,9.32 %,8.63 %,7.31 %,-1.06 %,7.61 %,,6.81 %,,,,,,,,,6.38 %
GFCL,EPS TTMYOY,,,"35.081,787.58 %",14.38103.14 %,26.44-,0.54-96.55 %,-11.20-,11.24-21.83 %,,9.64-63.52 %,,,,,,,,,"14.962,664.58 %"
GFCL,BVPSYOY,,,187.72-23.80 %,198.9714.23 %,200.6737.71 %,197.145.02 %,232.6123.91 %,256.6528.99 %,,207.183.24 %,,,,,,,,,211.017.03 %
GFCL,Net Profit Till QtrYOY,,,14.84 Cr.-,1.05 Cr.-54.16 %,1.52 Cr.-,51.19 Lac.-96.55 %,3.74 Cr.-74.81 %,11.17 Cr.964.93 %,,10.13 Cr.565.71 %,,,,,,,,,"14.15 Cr.2,664.58 %"
GFCL,Revenue Till QtrYOY,,,153.60 Cr.286.26 %,61.19 Cr.-19.13 %,88.29 Cr.-20.95 %,110.70 Cr.-27.93 %,26.80 Cr.-82.55 %,67.94 Cr.11.04 %,,85.89 Cr.-2.72 %,,,,,,,,,102.66 Cr.-7.26 %
GFCL,Net Profit TTMYOY,,,"33.19 Cr.1,787.58 %",13.60 Cr.103.14 %,25.01 Cr.-,51.19 Lac.-96.55 %,"-1,059.25 Lac.-",10.63 Cr.-21.83 %,,9.12 Cr.-63.52 %,,,,,,,,,"14.15 Cr.2,664.58 %"
GFCL,Revenue TTMYOY,,,267.44 Cr.65.96 %,139.13 Cr.-10.55 %,130.20 Cr.-12.08 %,110.70 Cr.-27.93 %,"-1,610.52 Lac.-",117.45 Cr.-15.58 %,,108.30 Cr.-16.82 %,,,,,,,,,102.66 Cr.-7.26 %
GHL,PE Ratio,,,-107.8,-61.5,-60.9,-119.9,-103.8,-70.3,,-95.4,,,,,,,,,-96.2
GHL,PB Ratio,,,2.4,2.2,2.7,2.5,2.2,2.6,,2.6,,,,,,,,,2.6
GHL,PS Ratio,,,25.2,22.0,22.4,25.8,22.3,30.3,,24.8,,,,,,,,,25.9
GHL,ROE TTM,,,-,-,-,-,-,-,,-,,,,,,,,,-
GHL,ROA TTM,,,-1.66 %,-2.42 %,-2.89 %,-1.37 %,-2.37 %,-2.02 %,,-1.83 %,,,,,,,,,-0.94 %
GHL,Net Margin TTM,,,-23.37 %,-35.85 %,-36.72 %,-21.51 %,-41.20 %,-30.16 %,,-26.13 %,,,,,,,,,-15.72 %
GHL,Asset Turnover TTM,,,7.11 %,6.74 %,7.87 %,6.39 %,5.74 %,6.68 %,,7.02 %,,,,,,,,,5.99 %
GHL,EPS TTMYOY,,,-2.20-,-3.52-,-4.27-,-2.02-,-3.50-,-2.92-,,-2.59-,,,,,,,,,-1.33-
GHL,BVPSYOY,,,98.9140.88 %,98.2041.42 %,96.81-1.82 %,96.28-2.17 %,95.63-3.32 %,95.65-2.60 %,,95.07-1.80 %,,,,,,,,,95.05-1.28 %
GHL,Net Profit Till QtrYOY,,,74.74 Lac.-,-16.98 Lac.-,-173.07 Lac.-,-333.92 Lac.-,-168.78 Lac.-,-164.77 Lac.-,,-266.08 Lac.-,,,,,,,,,-218.77 Lac.-
GHL,Revenue Till QtrYOY,,,5.16 Cr.153.13 %,6.75 Cr.130.40 %,8.63 Cr.369.58 %,15.52 Cr.25.16 %,3.65 Cr.-29.21 %,7.19 Cr.6.65 %,,9.45 Cr.9.47 %,,,,,,,,,13.91 Cr.-10.36 %
GHL,Net Profit TTMYOY,,,-362.71 Lac.-,-581.49 Lac.-,-704.89 Lac.-,-333.92 Lac.-,-577.44 Lac.-,-481.71 Lac.-,,-426.93 Lac.-,,,,,,,,,-218.77 Lac.-
GHL,Revenue TTMYOY,,,15.52 Cr.315.15 %,16.22 Cr.357.27 %,19.19 Cr.552.28 %,15.52 Cr.25.16 %,14.02 Cr.-9.71 %,15.97 Cr.-1.53 %,,16.34 Cr.-14.87 %,,,,,,,,,13.91 Cr.-10.36 %
GILB,PE Ratio,,,56.4,38.5,34.4,35.6,31.4,29.5,,32.4,,,,,,,,,23.6
GILB,PB Ratio,,,7.2,6.6,5.9,6.3,5.6,5.6,,5.7,,,,,,,,,5.2
GILB,PS Ratio,,,7.8,8.0,7.2,6.2,5.5,5.2,,4.9,,,,,,,,,4.6
GILB,ROE TTM,,,13.09 %,18.37 %,15.65 %,19.28 %,20.30 %,17.29 %,,23.07 %,,,,,,,,,28.90 %
GILB,ROA TTM,,,1.72 %,2.37 %,1.97 %,2.42 %,2.56 %,2.15 %,,2.87 %,,,,,,,,,3.65 %
GILB,Net Margin TTM,,,13.79 %,20.87 %,19.85 %,17.45 %,17.86 %,15.13 %,,20.05 %,,,,,,,,,25.62 %
GILB,Asset Turnover TTM,,,12.49 %,11.34 %,9.92 %,13.85 %,14.31 %,14.24 %,,14.30 %,,,,,,,,,14.25 %
GILB,EPS TTMYOY,,,22.858.90 %,32.7390.36 %,28.5012.28 %,36.3866.48 %,39.7373.86 %,34.475.30 %,,47.0765.14 %,,,,,,,,,61.8770.05 %
GILB,BVPSYOY,,,179.293.47 %,191.2910.65 %,192.5111.61 %,205.5917.53 %,210.1117.19 %,197.293.13 %,,214.7211.53 %,,,,,,,,,242.5817.99 %
GILB,Net Profit Till QtrYOY,,,4.05 Cr.19.02 %,11.83 Cr.147.41 %,15.03 Cr.40.19 %,23.59 Cr.66.48 %,6.22 Cr.53.62 %,10.59 Cr.-10.51 %,,21.96 Cr.46.07 %,,,,,,,,,40.11 Cr.70.05 %
GILB,Revenue Till QtrYOY,,,28.37 Cr.-33.57 %,64.79 Cr.-23.67 %,99.07 Cr.-22.44 %,135.17 Cr.11.03 %,37.40 Cr.31.83 %,77.32 Cr.19.34 %,,116.05 Cr.17.14 %,,,,,,,,,156.58 Cr.15.84 %
GILB,Net Profit TTMYOY,,,14.82 Cr.8.90 %,21.22 Cr.90.36 %,18.48 Cr.12.28 %,23.59 Cr.66.48 %,25.76 Cr.73.86 %,22.34 Cr.5.30 %,,30.51 Cr.65.14 %,,,,,,,,,40.11 Cr.70.05 %
GILB,Revenue TTMYOY,,,107.40 Cr.-41.18 %,101.66 Cr.-42.48 %,93.08 Cr.-46.28 %,135.17 Cr.11.03 %,144.20 Cr.34.26 %,147.71 Cr.45.30 %,,152.15 Cr.63.47 %,,,,,,,,,156.58 Cr.15.84 %
GLBSL,PE Ratio,,,53.2,78.4,100.3,68.9,56.3,52.8,,44.9,,,,,,,,,44.0
GLBSL,PB Ratio,,,12.3,18.0,21.3,15.0,12.4,12.7,,10.6,,,,,,,,,10.4
GLBSL,PS Ratio,,,7.8,11.5,13.5,10.4,9.1,9.3,,7.9,,,,,,,,,7.7
GLBSL,ROE TTM,,,24.98 %,22.87 %,19.75 %,24.40 %,25.47 %,27.57 %,,26.80 %,,,,,,,,,19.80 %
GLBSL,ROA TTM,,,2.11 %,1.90 %,1.64 %,2.04 %,2.17 %,2.40 %,,2.41 %,,,,,,,,,1.83 %
GLBSL,Net Margin TTM,,,14.66 %,13.50 %,12.18 %,15.04 %,16.20 %,17.62 %,,17.61 %,,,,,,,,,13.37 %
GLBSL,Asset Turnover TTM,,,14.42 %,14.09 %,13.43 %,13.59 %,13.38 %,13.64 %,,13.66 %,,,,,,,,,13.65 %
GLBSL,EPS TTMYOY,,,26.59-,25.46226.10 %,23.12-0.73 %,29.9152.46 %,33.1824.77 %,38.3450.57 %,,39.8972.56 %,,,,,,,,,31.114.03 %
GLBSL,BVPSYOY,,,115.5121.07 %,119.7720.56 %,128.0216.66 %,137.2322.26 %,150.7830.54 %,159.3333.03 %,,168.9131.94 %,,,,,,,,,169.5123.52 %
GLBSL,Net Profit Till QtrYOY,,,1.02 Cr.988.91 %,1.55 Cr.100.08 %,2.71 Cr.20.62 %,3.96 Cr.52.46 %,1.45 Cr.42.57 %,2.66 Cr.72.15 %,,4.03 Cr.48.74 %,,,,,,,,,4.12 Cr.4.03 %
GLBSL,Revenue Till QtrYOY,,,6.64 Cr.47.20 %,12.46 Cr.32.92 %,18.86 Cr.20.90 %,26.32 Cr.20.36 %,7.43 Cr.11.87 %,14.94 Cr.19.93 %,,22.52 Cr.19.41 %,,,,,,,,,30.80 Cr.17.02 %
GLBSL,Net Profit TTMYOY,,,3.52 Cr.-,3.37 Cr.226.10 %,3.06 Cr.-0.73 %,3.96 Cr.52.46 %,4.39 Cr.24.77 %,5.07 Cr.50.57 %,,5.28 Cr.72.56 %,,,,,,,,,4.12 Cr.4.03 %
GLBSL,Revenue TTMYOY,,,24.00 Cr.326.81 %,24.95 Cr.31.35 %,25.13 Cr.19.66 %,26.32 Cr.20.36 %,27.11 Cr.12.96 %,28.80 Cr.15.43 %,,29.98 Cr.19.32 %,,,,,,,,,30.80 Cr.17.02 %
GLH,PE Ratio,,,-138.7,-165.3,-138.0,111.3,103.7,85.0,,,,,,,,,,,62.8
GLH,PB Ratio,,,3.4,3.4,3.5,2.4,2.3,2.6,,,,,,,,,,,2.4
GLH,PS Ratio,,,4.2,4.2,5.4,4.3,4.0,4.4,,,,,,,,,,,2.9
GLH,ROE TTM,,,-,-,0.51 %,2.65 %,3.43 %,4.02 %,,,,,,,,,,,3.00 %
GLH,ROA TTM,,,-0.40 %,-0.40 %,0.08 %,0.45 %,0.60 %,0.72 %,,,,,,,,,,,0.39 %
GLH,Net Margin TTM,,,-3.05 %,-3.90 %,0.47 %,3.86 %,5.14 %,4.61 %,,,,,,,,,,,2.73 %
GLH,Asset Turnover TTM,,,13.19 %,10.33 %,17.83 %,11.63 %,11.63 %,15.59 %,,,,,,,,,,,14.09 %
GLH,EPS TTMYOY,,,-1.94-,-2.00-,0.43-,2.41-,3.33-,4.16-,,,,,,,,,,,2.33438.02 %
GLH,BVPSYOY,,,78.69-2.43 %,78.31-2.51 %,108.7935.93 %,109.7738.91 %,110.3340.20 %,110.7741.45 %,,,,,,,,,,,112.053.00 %
GLH,Net Profit Till QtrYOY,,,-58.14 Lac.-,-126.84 Lac.-,2.57 Cr.-,4.34 Cr.-,1.08 Cr.-,1.88 Cr.-,,,,,,,,,,,4.19 Cr.62.77 %
GLH,Revenue Till QtrYOY,,,22.28 Cr.-,0.00 Lac.-,73.23 Cr.-,112.31 Cr.21.86 %,26.75 Cr.20.10 %,50.26 Cr.-,,,,,,,,,,,114.26 Cr.56.03 %
GLH,Net Profit TTMYOY,,,-349.38 Lac.-,-359.40 Lac.-,77.89 Lac.-,4.34 Cr.-,6.00 Cr.-,7.49 Cr.-,,,,,,,,,,,4.19 Cr.438.02 %
GLH,Revenue TTMYOY,,,114.44 Cr.-,92.17 Cr.-,165.40 Cr.-,112.31 Cr.21.86 %,116.79 Cr.2.05 %,162.58 Cr.76.39 %,,,,,,,,,,,153.34 Cr.-7.29 %
GMFBS,PE Ratio,,,87.5,91.2,53.4,59.7,54.4,41.1,,75.4,,,,,,,,,21.9
GMFBS,PB Ratio,,,10.9,14.4,9.5,9.4,8.6,7.4,,7.1,,,,,,,,,6.8
GMFBS,PS Ratio,,,7.8,8.6,6.9,7.7,7.0,6.5,,5.7,,,,,,,,,5.2
GMFBS,ROE TTM,,,13.11 %,14.70 %,20.30 %,18.49 %,22.05 %,10.26 %,,29.67 %,,,,,,,,,16.19 %
GMFBS,ROA TTM,,,1.22 %,1.36 %,1.89 %,1.74 %,2.10 %,1.04 %,,3.08 %,,,,,,,,,1.67 %
GMFBS,Net Margin TTM,,,8.53 %,9.42 %,13.00 %,12.84 %,15.73 %,7.72 %,,23.44 %,,,,,,,,,13.92 %
GMFBS,Asset Turnover TTM,,,14.30 %,14.44 %,14.54 %,13.52 %,13.33 %,13.44 %,,13.13 %,,,,,,,,,11.99 %
GMFBS,EPS TTMYOY,,,18.54831.35 %,20.82383.70 %,"29.486,422.32 %",28.0441.92 %,35.0388.92 %,17.54-15.76 %,,52.9479.59 %,,,,,,,,,28.682.27 %
GMFBS,BVPSYOY,,,124.62-4.98 %,132.08-9.99 %,164.8013.42 %,177.4511.34 %,195.3256.73 %,185.2640.27 %,,169.512.86 %,,,,,,,,,158.00-10.96 %
GMFBS,Net Profit Till QtrYOY,,,10.35 Lac.-64.09 %,1.24 Cr.14.97 %,2.33 Cr.171.71 %,4.25 Cr.41.92 %,"1.16 Cr.1,023.15 %",-35.69 Lac.-,,6.10 Cr.161.88 %,,,,,,,,,4.35 Cr.2.27 %
GMFBS,Revenue Till QtrYOY,,,8.05 Cr.-7.43 %,15.97 Cr.-0.53 %,24.13 Cr.3.30 %,33.11 Cr.-1.43 %,8.69 Cr.7.94 %,17.31 Cr.8.39 %,,25.25 Cr.4.66 %,,,,,,,,,31.23 Cr.-5.69 %
GMFBS,Net Profit TTMYOY,,,2.81 Cr.831.35 %,3.16 Cr.383.70 %,"4.47 Cr.6,422.32 %",4.25 Cr.41.92 %,5.31 Cr.88.92 %,2.66 Cr.-15.76 %,,8.02 Cr.79.59 %,,,,,,,,,4.35 Cr.2.27 %
GMFBS,Revenue TTMYOY,,,32.95 Cr.-10.16 %,33.51 Cr.-6.98 %,34.37 Cr.4.26 %,33.11 Cr.-1.43 %,33.75 Cr.2.44 %,34.45 Cr.2.82 %,,34.24 Cr.-0.37 %,,,,,,,,,31.23 Cr.-5.69 %
GMFIL,PE Ratio,,,-143.6,-111.7,82.8,47.3,42.4,74.8,,70.4,,,,,,,,,112.2
GMFIL,PB Ratio,,,4.7,3.7,3.3,3.1,2.9,3.0,,2.8,,,,,,,,,2.7
GMFIL,PS Ratio,,,7.0,5.5,5.9,5.9,6.6,7.3,,7.0,,,,,,,,,7.0
GMFIL,ROE TTM,,,-,4.26 %,7.08 %,1.89 %,7.31 %,4.22 %,,2.54 %,,,,,,,,,2.84 %
GMFIL,ROA TTM,,,-0.45 %,0.61 %,1.04 %,0.28 %,1.11 %,0.67 %,,0.41 %,,,,,,,,,0.46 %
GMFIL,Net Margin TTM,,,-4.88 %,7.08 %,12.58 %,3.73 %,15.64 %,9.82 %,,6.33 %,,,,,,,,,7.53 %
GMFIL,Asset Turnover TTM,,,9.15 %,8.63 %,8.29 %,7.54 %,7.10 %,6.83 %,,6.51 %,,,,,,,,,6.12 %
GMFIL,EPS TTMYOY,,,-4.34-,5.99-,10.18-,2.7680.50 %,10.92-,6.599.98 %,,4.05-60.19 %,,,,,,,,,4.5665.12 %
GMFIL,BVPSYOY,,,132.22-4.12 %,148.596.09 %,155.5010.22 %,153.638.53 %,157.3519.01 %,164.6710.82 %,,168.388.28 %,,,,,,,,,157.552.55 %
GMFIL,Net Profit Till QtrYOY,,,"-1,133.68 Lac.-",-218.81 Lac.-,3.25 Cr.-,2.80 Cr.80.50 %,-307.66 Lac.-,1.68 Cr.-,,4.56 Cr.40.25 %,,,,,,,,,4.62 Cr.65.12 %
GMFIL,Revenue Till QtrYOY,,,20.93 Cr.-16.16 %,39.60 Cr.-17.47 %,58.84 Cr.-17.04 %,74.87 Cr.-20.40 %,16.74 Cr.-20.02 %,32.65 Cr.-17.56 %,,48.80 Cr.-17.08 %,,,,,,,,,61.30 Cr.-18.13 %
GMFIL,Net Profit TTMYOY,,,-438.99 Lac.-,6.06 Cr.-,10.31 Cr.-,2.80 Cr.80.50 %,11.06 Cr.-,6.67 Cr.9.98 %,,4.10 Cr.-60.19 %,,,,,,,,,4.62 Cr.65.12 %
GMFIL,Revenue TTMYOY,,,90.02 Cr.-13.56 %,85.67 Cr.-15.64 %,81.97 Cr.-16.23 %,74.87 Cr.-20.40 %,70.68 Cr.-21.49 %,67.91 Cr.-20.73 %,,64.82 Cr.-20.92 %,,,,,,,,,61.30 Cr.-18.13 %
GMLI,PE Ratio,,,,0.0,501.7,415.9,228.7,471.1,,156.4,,,,,,,,,168.9
GMLI,PB Ratio,,,,0.0,23.7,19.6,17.0,16.8,,12.1,,,,,,,,,10.0
GMLI,PS Ratio,,,,0.0,66.5,55.2,29.2,25.5,,15.7,,,,,,,,,12.0
GMLI,ROE TTM,,,,4.01 %,4.72 %,7.45 %,3.56 %,7.71 %,,5.94 %,,,,,,,,,2.00 %
GMLI,ROA TTM,,,,3.35 %,3.87 %,5.59 %,3.56 %,6.52 %,,4.46 %,,,,,,,,,1.41 %
GMLI,Net Margin TTM,,,,9.23 %,13.26 %,12.78 %,5.41 %,9.97 %,,6.91 %,,,,,,,,,2.75 %
GMLI,Asset Turnover TTM,,,,36.26 %,29.21 %,43.76 %,65.84 %,65.43 %,,64.52 %,,,,,,,,,51.37 %
GMLI,EPS TTMYOY,,,,3.09-,4.88-,8.02-,3.78-,8.25166.99 %,,6.3129.47 %,,,,,,,,,2.14-73.30 %
GMLI,BVPSYOY,,,,77.07-,103.36-,107.73-,106.08-,106.9138.72 %,,107.083.60 %,,,,,,,,,107.28-0.41 %
GMLI,Net Profit Till QtrYOY,,,,1.16 Cr.-,2.74 Cr.-,6.02 Cr.-,70.85 Lac.-,1.33 Cr.14.42 %,,1.46 Cr.-46.83 %,,,,,,,,,1.61 Cr.-73.30 %
GMLI,Revenue Till QtrYOY,,,,12.55 Cr.-,20.68 Cr.-,47.08 Cr.-,13.10 Cr.-,27.51 Cr.119.16 %,,42.12 Cr.103.68 %,,,,,,,,,58.44 Cr.24.13 %
GMLI,Net Profit TTMYOY,,,,2.32 Cr.-,3.66 Cr.-,6.02 Cr.-,2.83 Cr.-,6.19 Cr.166.99 %,,4.73 Cr.29.47 %,,,,,,,,,1.61 Cr.-73.30 %
GMLI,Revenue TTMYOY,,,,25.10 Cr.-,27.57 Cr.-,47.08 Cr.-,52.38 Cr.-,62.03 Cr.147.12 %,,68.52 Cr.148.56 %,,,,,,,,,58.44 Cr.24.13 %
GRDBL,PE Ratio,,,103.5,429.0,228.0,102.4,107.8,133.2,,98.1,,,,,,,,,77.4
GRDBL,PB Ratio,,,6.4,10.8,12.5,10.2,8.9,10.9,,10.1,,,,,,,,,9.0
GRDBL,PS Ratio,,,7.1,12.4,14.7,13.1,11.2,13.8,,12.8,,,,,,,,,12.2
GRDBL,ROE TTM,,,2.53 %,5.65 %,6.68 %,10.78 %,8.42 %,10.72 %,,12.17 %,,,,,,,,,10.24 %
GRDBL,ROA TTM,,,0.28 %,0.60 %,0.68 %,1.07 %,0.81 %,1.03 %,,1.19 %,,,,,,,,,1.02 %
GRDBL,Net Margin TTM,,,2.77 %,6.45 %,7.95 %,12.84 %,10.36 %,13.36 %,,15.90 %,,,,,,,,,14.24 %
GRDBL,Asset Turnover TTM,,,10.14 %,9.26 %,8.52 %,8.30 %,7.82 %,7.74 %,,7.51 %,,,,,,,,,7.19 %
GRDBL,EPS TTMYOY,,,2.50-65.03 %,5.6523.10 %,6.7959.48 %,11.2879.53 %,8.92257.36 %,11.65106.05 %,,13.5499.34 %,,,,,,,,,11.764.29 %
GRDBL,BVPSYOY,,,99.603.60 %,103.496.75 %,105.276.67 %,113.0211.10 %,108.589.02 %,112.869.05 %,,116.8010.96 %,,,,,,,,,122.838.68 %
GRDBL,Net Profit Till QtrYOY,,,-156.73 Lac.-,87.29 Lac.-30.73 %,2.13 Cr.17.43 %,6.94 Cr.79.53 %,-301.57 Lac.-,1.10 Cr.26.04 %,,3.52 Cr.65.56 %,,,,,,,,,7.24 Cr.4.29 %
GRDBL,Revenue Till QtrYOY,,,13.69 Cr.-6.84 %,25.62 Cr.-8.95 %,38.81 Cr.-9.04 %,54.05 Cr.-4.28 %,12.68 Cr.-7.40 %,25.21 Cr.-1.60 %,,37.18 Cr.-4.21 %,,,,,,,,,50.84 Cr.-5.93 %
GRDBL,Net Profit TTMYOY,,,1.54 Cr.-65.03 %,3.48 Cr.23.10 %,4.18 Cr.59.48 %,6.94 Cr.79.53 %,5.49 Cr.257.36 %,7.17 Cr.106.05 %,,8.34 Cr.99.34 %,,,,,,,,,7.24 Cr.4.29 %
GRDBL,Revenue TTMYOY,,,55.46 Cr.-0.34 %,53.95 Cr.-4.05 %,52.61 Cr.-7.91 %,54.05 Cr.-4.28 %,53.04 Cr.-4.38 %,53.64 Cr.-0.58 %,,52.42 Cr.-0.37 %,,,,,,,,,50.84 Cr.-5.93 %
GUFL,PE Ratio,,,89.2,74.4,-333.2,-568.8,-23.3,-25.5,,-70.3,,,,,,,,,22.8
GUFL,PB Ratio,,,4.4,3.7,3.7,3.6,3.9,4.2,,3.4,,,,,,,,,3.4
GUFL,PS Ratio,,,6.4,5.2,5.3,5.0,5.8,6.3,,6.6,,,,,,,,,7.2
GUFL,ROE TTM,,,5.10 %,-,-,-,-,-,,5.06 %,,,,,,,,,16.84 %
GUFL,ROA TTM,,,0.67 %,-0.14 %,-0.07 %,-1.14 %,-1.76 %,-0.58 %,,0.60 %,,,,,,,,,2.03 %
GUFL,Net Margin TTM,,,7.12 %,-1.60 %,-0.88 %,-15.20 %,-24.74 %,-9.24 %,,9.26 %,,,,,,,,,31.55 %
GUFL,Asset Turnover TTM,,,9.35 %,8.67 %,8.26 %,7.51 %,7.13 %,6.28 %,,6.46 %,,,,,,,,,6.43 %
GUFL,EPS TTMYOY,,,8.24-61.36 %,-1.76-,-0.94-,-14.68-,-22.36-,-7.27-,,7.40-,,,,,,,,,25.28-
GUFL,BVPSYOY,,,165.49-1.33 %,156.74-2.73 %,148.65-2.38 %,142.45-11.68 %,134.18-18.92 %,148.65-5.16 %,,157.886.21 %,,,,,,,,,167.4317.54 %
GUFL,Net Profit Till QtrYOY,,,2.43 Cr.-60.64 %,-25.99 Lac.-,-621.82 Lac.-,"-1,273.95 Lac.-",-424.15 Lac.-,6.17 Cr.-,,12.95 Cr.-,,,,,,,,,21.94 Cr.-
GUFL,Revenue Till QtrYOY,,,24.98 Cr.-10.50 %,46.89 Cr.-14.19 %,66.01 Cr.-14.81 %,83.81 Cr.-18.94 %,19.61 Cr.-21.49 %,31.44 Cr.-32.95 %,,51.59 Cr.-21.85 %,,,,,,,,,69.54 Cr.-17.03 %
GUFL,Net Profit TTMYOY,,,7.15 Cr.-61.36 %,-152.66 Lac.-,-81.19 Lac.-,"-1,273.95 Lac.-","-1,940.90 Lac.-",-631.39 Lac.-,,6.43 Cr.-,,,,,,,,,21.94 Cr.-
GUFL,Revenue TTMYOY,,,100.46 Cr.158.80 %,95.64 Cr.153.67 %,91.92 Cr.170.68 %,83.81 Cr.-18.94 %,78.44 Cr.-21.92 %,68.36 Cr.-28.53 %,,69.39 Cr.-24.51 %,,,,,,,,,69.54 Cr.-17.03 %
GVL,PE Ratio,,,121.1,85.7,71.3,48.4,46.0,36.9,,34.7,,,,,,,,,32.2
GVL,PB Ratio,,,5.2,4.9,4.1,4.9,4.7,4.0,,3.9,,,,,,,,,3.8
GVL,PS Ratio,,,12.4,12.1,10.1,11.7,11.1,10.2,,10.3,,,,,,,,,10.2
GVL,ROE TTM,,,4.30 %,6.00 %,7.12 %,10.38 %,11.67 %,12.06 %,,12.47 %,,,,,,,,,10.64 %
GVL,ROA TTM,,,1.35 %,1.92 %,2.33 %,3.46 %,4.07 %,4.38 %,,4.68 %,,,,,,,,,4.11 %
GVL,Net Margin TTM,,,10.37 %,14.09 %,16.73 %,24.07 %,27.85 %,29.52 %,,31.36 %,,,,,,,,,28.25 %
GVL,Asset Turnover TTM,,,13.05 %,13.65 %,13.90 %,14.39 %,14.61 %,14.82 %,,14.93 %,,,,,,,,,14.55 %
GVL,EPS TTMYOY,,,4.52-66.28 %,6.39-31.29 %,7.68-5.04 %,11.34158.45 %,13.19191.65 %,14.03119.37 %,,14.8593.49 %,,,,,,,,,12.9414.14 %
GVL,BVPSYOY,,,108.183.73 %,112.035.56 %,112.016.85 %,112.0010.19 %,120.8111.67 %,124.9711.55 %,,125.7712.29 %,,,,,,,,,124.3311.01 %
GVL,Net Profit Till QtrYOY,,,23.93 Cr.1.98 %,37.42 Cr.22.64 %,37.35 Cr.43.43 %,38.96 Cr.158.45 %,30.29 Cr.26.57 %,46.67 Cr.24.74 %,,49.44 Cr.32.37 %,,,,,,,,,44.47 Cr.14.14 %
GVL,Revenue Till QtrYOY,,,56.78 Cr.3.77 %,99.80 Cr.8.99 %,128.65 Cr.8.40 %,161.89 Cr.9.56 %,57.61 Cr.1.46 %,101.27 Cr.1.47 %,,129.57 Cr.0.72 %,,,,,,,,,157.42 Cr.-2.76 %
GVL,Net Profit TTMYOY,,,15.54 Cr.-66.28 %,21.98 Cr.-31.29 %,26.39 Cr.-5.04 %,38.96 Cr.158.45 %,45.32 Cr.191.65 %,48.22 Cr.119.37 %,,51.05 Cr.93.49 %,,,,,,,,,44.47 Cr.14.14 %
GVL,Revenue TTMYOY,,,149.82 Cr.30.58 %,155.99 Cr.1.74 %,157.73 Cr.4.36 %,161.89 Cr.9.56 %,162.72 Cr.8.61 %,163.36 Cr.4.72 %,,162.81 Cr.3.22 %,,,,,,,,,157.42 Cr.-2.76 %
HATHY,PE Ratio,,,363.6,312.8,769.8,539.3,444.3,329.8,,726.0,,,,,,,,,428.5
HATHY,PB Ratio,,,17.8,18.5,16.7,16.4,13.5,19.5,,15.8,,,,,,,,,9.7
HATHY,PS Ratio,,,130.8,142.0,290.0,177.2,146.1,149.7,,273.6,,,,,,,,,101.0
HATHY,ROE TTM,,,4.89 %,5.17 %,2.32 %,3.08 %,1.61 %,3.25 %,,2.25 %,,,,,,,,,0.88 %
HATHY,ROA TTM,,,4.11 %,4.04 %,1.81 %,2.38 %,1.24 %,2.52 %,,1.76 %,,,,,,,,,0.70 %
HATHY,Net Margin TTM,,,35.98 %,37.15 %,37.69 %,32.89 %,21.84 %,28.92 %,,22.74 %,,,,,,,,,13.32 %
HATHY,Asset Turnover TTM,,,11.43 %,10.89 %,4.79 %,7.25 %,5.70 %,8.72 %,,7.73 %,,,,,,,,,5.24 %
HATHY,EPS TTMYOY,,,3.2563.01 %,3.31-,1.52-51.79 %,2.05-22.67 %,1.08-66.68 %,2.19-33.75 %,,1.520.15 %,,,,,,,,,0.60-70.87 %
HATHY,BVPSYOY,,,66.5812.45 %,65.326.13 %,69.9311.00 %,67.306.49 %,66.640.10 %,67.383.16 %,,67.44-3.56 %,,,,,,,,,68.471.73 %
HATHY,Net Profit Till QtrYOY,,,3.50 Cr.121.18 %,1.49 Cr.-,3.93 Cr.-47.67 %,6.49 Cr.-22.67 %,44.23 Lac.-87.36 %,1.94 Cr.30.30 %,,2.26 Cr.-42.42 %,,,,,,,,,1.89 Cr.-70.87 %
HATHY,Revenue Till QtrYOY,,,4.89 Cr.123.10 %,5.61 Cr.67.18 %,10.21 Cr.-56.34 %,19.75 Cr.-23.97 %,88.14 Lac.-81.97 %,9.88 Cr.76.17 %,,11.70 Cr.14.58 %,,,,,,,,,14.20 Cr.-28.09 %
HATHY,Net Profit TTMYOY,,,10.32 Cr.63.01 %,10.49 Cr.-,4.82 Cr.-51.79 %,6.49 Cr.-22.67 %,3.44 Cr.-66.68 %,6.95 Cr.-33.75 %,,4.83 Cr.0.15 %,,,,,,,,,1.89 Cr.-70.87 %
HATHY,Revenue TTMYOY,,,28.67 Cr.227.13 %,28.23 Cr.320.60 %,12.79 Cr.-58.97 %,19.75 Cr.-23.97 %,15.74 Cr.-45.09 %,24.02 Cr.-14.90 %,,21.24 Cr.66.01 %,,,,,,,,,14.20 Cr.-28.09 %
HBL,PE Ratio,,,22.6,19.6,17.4,31.1,29.3,34.0,,36.3,,,,,,,,,24.8
HBL,PB Ratio,,,1.5,1.3,1.3,1.2,1.1,1.1,,1.2,,,,,,,,,1.1
HBL,PS Ratio,,,1.7,1.5,1.6,1.7,1.7,1.8,,1.9,,,,,,,,,1.8
HBL,ROE TTM,,,6.79 %,7.67 %,3.70 %,3.97 %,3.87 %,3.34 %,,4.59 %,,,,,,,,,3.77 %
HBL,ROA TTM,,,0.69 %,0.77 %,0.38 %,0.41 %,0.39 %,0.34 %,,0.57 %,,,,,,,,,0.46 %
HBL,Net Margin TTM,,,7.44 %,8.95 %,4.67 %,5.46 %,5.65 %,5.17 %,,7.40 %,,,,,,,,,6.50 %
HBL,Asset Turnover TTM,,,9.28 %,8.66 %,8.05 %,7.45 %,6.99 %,6.57 %,,7.66 %,,,,,,,,,7.05 %
HBL,EPS TTMYOY,,,11.11-33.82 %,12.63-25.23 %,6.16-60.01 %,6.70-46.71 %,6.59-40.64 %,5.70-54.91 %,,7.8627.71 %,,,,,,,,,6.56-2.13 %
HBL,BVPSYOY,,,172.325.52 %,168.908.59 %,164.424.40 %,167.90-1.03 %,177.633.08 %,174.233.16 %,,171.964.59 %,,,,,,,,,177.485.70 %
HBL,Net Profit Till QtrYOY,,,72.64 Cr.-31.22 %,151.88 Cr.0.98 %,50.00 Cr.-74.33 %,151.25 Cr.-46.71 %,70.29 Cr.-3.24 %,129.27 Cr.-14.89 %,,76.25 Cr.52.49 %,,,,,,,,,148.04 Cr.-2.13 %
HBL,Revenue Till QtrYOY,,,758.14 Cr.-19.62 %,"1,464.28 Cr.-20.18 %","2,101.09 Cr.-21.64 %","2,770.08 Cr.-22.14 %",622.44 Cr.-17.90 %,"1,181.18 Cr.-19.33 %",,"1,728.24 Cr.-17.75 %",,,,,,,,,"2,275.89 Cr.-17.84 %"
HBL,Net Profit TTMYOY,,,250.83 Cr.-33.82 %,285.28 Cr.-25.23 %,138.99 Cr.-60.01 %,151.25 Cr.-46.71 %,148.90 Cr.-40.64 %,128.64 Cr.-54.91 %,,177.50 Cr.27.71 %,,,,,,,,,148.04 Cr.-2.13 %
HBL,Revenue TTMYOY,,,"3,372.66 Cr.2.62 %","3,187.62 Cr.-11.77 %","2,977.68 Cr.-18.64 %","2,770.08 Cr.-22.14 %","2,634.38 Cr.-21.89 %","2,486.98 Cr.-21.98 %",,"2,397.23 Cr.-19.49 %",,,,,,,,,"2,275.89 Cr.-17.84 %"
HDHPC,PE Ratio,,,523.2,58.4,104.1,-140.2,-120.2,-200.4,,-96.0,,,,,,,,,-69.5
HDHPC,PB Ratio,,,2.7,2.6,2.7,2.7,2.3,2.7,,2.9,,,,,,,,,2.9
HDHPC,PS Ratio,,,53.7,43.6,65.4,48.1,41.2,40.5,,43.3,,,,,,,,,49.1
HDHPC,ROE TTM,,,4.47 %,2.56 %,-,-,-,-,,-,,,,,,,,,-
HDHPC,ROA TTM,,,4.14 %,2.37 %,-3.85 %,-1.73 %,-1.25 %,-2.76 %,,-3.65 %,,,,,,,,,-4.03 %
HDHPC,Net Margin TTM,,,74.68 %,62.88 %,-106.63 %,-34.28 %,-20.08 %,-44.76 %,,-70.15 %,,,,,,,,,-136.81 %
HDHPC,Asset Turnover TTM,,,5.54 %,3.77 %,3.61 %,5.03 %,6.23 %,6.16 %,,5.21 %,,,,,,,,,2.94 %
HDHPC,EPS TTMYOY,,,3.43-,1.97-,-3.22-,-1.44-,-1.05-,-2.30-,,-3.05-,,,,,,,,,-3.40-
HDHPC,BVPSYOY,,,77.784.72 %,76.072.46 %,75.73-4.23 %,75.92-2.15 %,77.950.22 %,75.21-1.13 %,,74.09-2.16 %,,,,,,,,,71.97-5.20 %
HDHPC,Net Profit Till QtrYOY,,,52.57 Lac.-,-363.98 Lac.-,-465.74 Lac.-,-403.56 Lac.-,1.63 Cr.209.81 %,-604.94 Lac.-,,-916.00 Lac.-,,,,,,,,,-952.24 Lac.-
HDHPC,Revenue Till QtrYOY,,,4.13 Cr.68.70 %,4.33 Cr.-35.48 %,6.56 Cr.-29.14 %,11.77 Cr.5.42 %,6.96 Cr.68.73 %,6.96 Cr.60.69 %,,6.96 Cr.6.10 %,,,,,,,,,6.96 Cr.-40.87 %
HDHPC,Net Profit TTMYOY,,,9.59 Cr.-,5.52 Cr.-,-902.96 Lac.-,-403.56 Lac.-,-293.27 Lac.-,-644.52 Lac.-,,-853.83 Lac.-,,,,,,,,,-952.24 Lac.-
HDHPC,Revenue TTMYOY,,,12.85 Cr.105.57 %,8.78 Cr.0.81 %,8.47 Cr.-24.77 %,11.77 Cr.5.42 %,14.61 Cr.13.71 %,14.40 Cr.63.95 %,,12.17 Cr.43.73 %,,,,,,,,,6.96 Cr.-40.87 %
HDL,PE Ratio,,,107.7,83.1,63.6,46.9,49.1,50.3,,39.7,,,,,,,,,40.4
HDL,PB Ratio,,,11.4,10.4,10.4,10.4,9.8,10.0,,8.7,,,,,,,,,8.8
HDL,PS Ratio,,,9.2,7.9,7.1,6.1,6.1,6.3,,5.7,,,,,,,,,5.7
HDL,ROE TTM,,,13.36 %,17.60 %,24.92 %,25.53 %,21.57 %,24.34 %,,24.54 %,,,,,,,,,26.27 %
HDL,ROA TTM,,,11.35 %,14.78 %,21.13 %,21.98 %,18.36 %,20.95 %,,21.06 %,,,,,,,,,22.94 %
HDL,Net Margin TTM,,,9.57 %,11.24 %,13.03 %,13.24 %,12.44 %,13.47 %,,14.09 %,,,,,,,,,14.87 %
HDL,Asset Turnover TTM,,,118.69 %,131.48 %,162.18 %,166.06 %,147.63 %,155.60 %,,149.51 %,,,,,,,,,154.28 %
HDL,EPS TTMYOY,,,12.11-18.71 %,16.1112.24 %,23.91200.12 %,25.85170.01 %,22.9089.08 %,27.0367.71 %,,28.8920.80 %,,,,,,,,,32.7126.55 %
HDL,BVPSYOY,,,96.592.95 %,98.3414.99 %,107.4023.75 %,113.2024.87 %,115.3319.41 %,120.8722.92 %,,131.8022.72 %,,,,,,,,,141.4324.93 %
HDL,Net Profit Till QtrYOY,,,19.89 Cr.89.04 %,40.49 Cr.147.42 %,73.92 Cr.251.32 %,95.33 Cr.170.01 %,9.03 Cr.-54.61 %,44.84 Cr.10.73 %,,85.13 Cr.15.16 %,,,,,,,,,120.63 Cr.26.55 %
HDL,Revenue Till QtrYOY,,,148.66 Cr.52.97 %,303.22 Cr.59.69 %,535.84 Cr.95.27 %,720.12 Cr.73.30 %,107.58 Cr.-27.63 %,323.31 Cr.6.62 %,,571.92 Cr.6.73 %,,,,,,,,,811.38 Cr.12.67 %
HDL,Net Profit TTMYOY,,,44.67 Cr.-18.71 %,59.43 Cr.12.24 %,88.19 Cr.200.12 %,95.33 Cr.170.01 %,84.47 Cr.89.08 %,99.67 Cr.67.71 %,,106.53 Cr.20.80 %,,,,,,,,,120.63 Cr.26.55 %
HDL,Revenue TTMYOY,,,467.00 Cr.-21.90 %,528.87 Cr.-4.20 %,676.95 Cr.69.06 %,720.12 Cr.73.30 %,679.03 Cr.45.40 %,740.20 Cr.39.96 %,,756.19 Cr.11.71 %,,,,,,,,,811.38 Cr.12.67 %
HEI,PE Ratio,,,,23.7,22.3,26.8,22.7,35.5,,37.1,,,,,,,,,42.6
HEI,PB Ratio,,,,3.1,2.8,2.7,2.3,2.5,,2.6,,,,,,,,,2.6
HEI,PS Ratio,,,,4.4,3.1,3.5,3.0,3.4,,3.6,,,,,,,,,3.2
HEI,ROE TTM,,,,13.27 %,7.94 %,10.50 %,6.94 %,7.52 %,,6.01 %,,,,,,,,,6.47 %
HEI,ROA TTM,,,,6.70 %,4.12 %,5.38 %,3.38 %,3.54 %,,2.76 %,,,,,,,,,2.94 %
HEI,Net Margin TTM,,,,14.10 %,9.44 %,13.00 %,9.72 %,9.18 %,,7.41 %,,,,,,,,,6.97 %
HEI,Asset Turnover TTM,,,,47.54 %,43.60 %,41.38 %,34.77 %,38.61 %,,37.31 %,,,,,,,,,42.13 %
HEI,EPS TTMYOY,,,,25.7436.22 %,15.75-49.28 %,21.29-20.30 %,14.27-47.58 %,15.53-39.67 %,,12.42-21.14 %,,,,,,,,,13.51-36.53 %
HEI,BVPSYOY,,,,204.8314.19 %,201.466.87 %,210.349.65 %,205.960.27 %,209.672.36 %,,205.281.90 %,,,,,,,,,213.941.71 %
HEI,Net Profit Till QtrYOY,,,,15.99 Cr.-13.28 %,33.24 Cr.-45.20 %,53.23 Cr.-20.30 %,"-1,093.37 Lac.-",1.58 Cr.-90.15 %,,11.06 Cr.-66.73 %,,,,,,,,,33.79 Cr.-36.53 %
HEI,Revenue Till QtrYOY,,,,168.62 Cr.180.27 %,286.16 Cr.32.01 %,409.53 Cr.17.74 %,32.93 Cr.-56.38 %,182.09 Cr.7.99 %,,295.89 Cr.3.40 %,,,,,,,,,484.62 Cr.18.34 %
HEI,Net Profit TTMYOY,,,,64.35 Cr.36.22 %,39.38 Cr.-49.28 %,53.23 Cr.-20.30 %,35.68 Cr.-47.58 %,38.82 Cr.-39.67 %,,31.05 Cr.-21.14 %,,,,,,,,,33.79 Cr.-36.53 %
HEI,Revenue TTMYOY,,,,456.28 Cr.86.43 %,417.21 Cr.29.29 %,409.53 Cr.17.74 %,366.96 Cr.-0.62 %,423.00 Cr.-7.29 %,,419.26 Cr.0.49 %,,,,,,,,,484.62 Cr.18.34 %
HHL,PE Ratio,,,"-1,422.6",110.1,86.1,59.4,52.7,57.7,,55.9,,,,,,,,,51.1
HHL,PB Ratio,,,6.8,7.8,6.1,4.8,4.3,4.3,,4.5,,,,,,,,,4.1
HHL,PS Ratio,,,72.5,34.1,26.7,12.1,10.8,11.6,,12.6,,,,,,,,,11.2
HHL,ROE TTM,,,1.60 %,7.37 %,8.53 %,8.35 %,7.67 %,8.47 %,,8.30 %,,,,,,,,,8.87 %
HHL,ROA TTM,,,0.53 %,2.52 %,2.99 %,3.00 %,2.84 %,3.23 %,,3.24 %,,,,,,,,,3.54 %
HHL,Net Margin TTM,,,15.40 %,30.96 %,25.68 %,20.41 %,19.66 %,21.97 %,,22.19 %,,,,,,,,,24.33 %
HHL,Asset Turnover TTM,,,3.47 %,8.15 %,11.63 %,14.68 %,14.46 %,14.69 %,,14.59 %,,,,,,,,,14.55 %
HHL,EPS TTMYOY,,,1.17-92.98 %,5.47-,6.41-,6.37-,5.99411.34 %,6.7423.34 %,,6.724.95 %,,,,,,,,,7.3214.91 %
HHL,BVPSYOY,,,75.794.06 %,77.125.05 %,77.967.50 %,78.478.71 %,81.287.23 %,83.358.08 %,,84.177.97 %,,,,,,,,,85.288.68 %
HHL,Net Profit Till QtrYOY,,,4.05 Cr.69.50 %,5.50 Cr.-,6.42 Cr.-,6.98 Cr.-,3.63 Cr.-10.27 %,5.90 Cr.7.36 %,,6.81 Cr.6.01 %,,,,,,,,,8.02 Cr.14.91 %
HHL,Revenue Till QtrYOY,,,11.46 Cr.8.86 %,19.30 Cr.161.93 %,26.46 Cr.304.60 %,34.18 Cr.362.04 %,10.66 Cr.-6.99 %,18.71 Cr.-3.05 %,,25.45 Cr.-3.80 %,,,,,,,,,32.96 Cr.-3.59 %
HHL,Net Profit TTMYOY,,,1.28 Cr.-92.98 %,5.99 Cr.-,7.02 Cr.-,6.98 Cr.-,6.56 Cr.411.34 %,7.38 Cr.23.34 %,,7.36 Cr.4.95 %,,,,,,,,,8.02 Cr.14.91 %
HHL,Revenue TTMYOY,,,8.33 Cr.1.15 %,19.33 Cr.32.89 %,27.32 Cr.241.42 %,34.18 Cr.362.04 %,33.38 Cr.300.71 %,33.59 Cr.73.78 %,,33.18 Cr.21.45 %,,,,,,,,,32.96 Cr.-3.59 %
HIDCL,PE Ratio,,,43.6,46.6,60.1,64.9,65.7,73.3,,80.0,,,,,,,,,79.0
HIDCL,PB Ratio,,,2.4,2.2,2.6,2.5,2.3,2.3,,2.4,,,,,,,,,2.2
HIDCL,PS Ratio,,,29.3,31.2,40.2,43.3,44.7,50.1,,55.9,,,,,,,,,56.2
HIDCL,ROE TTM,,,5.17 %,4.58 %,3.99 %,3.49 %,3.15 %,3.03 %,,2.81 %,,,,,,,,,2.41 %
HIDCL,ROA TTM,,,5.02 %,4.45 %,4.90 %,4.27 %,3.84 %,3.69 %,,3.43 %,,,,,,,,,2.36 %
HIDCL,Net Margin TTM,,,66.91 %,66.94 %,66.73 %,68.03 %,68.51 %,71.64 %,,70.28 %,,,,,,,,,65.68 %
HIDCL,Asset Turnover TTM,,,7.51 %,6.65 %,7.35 %,6.28 %,5.61 %,5.15 %,,4.88 %,,,,,,,,,3.59 %
HIDCL,EPS TTMYOY,,,5.41-6.29 %,4.90-16.36 %,4.38-25.45 %,3.91-32.98 %,3.59-33.67 %,3.43-30.16 %,,3.18-27.46 %,,,,,,,,,2.73-30.25 %
HIDCL,BVPSYOY,,,116.3715.77 %,112.4613.66 %,113.0810.22 %,113.338.39 %,113.84-2.17 %,112.02-0.39 %,,112.61-0.42 %,,,,,,,,,112.65-0.60 %
HIDCL,Net Profit Till QtrYOY,,,27.38 Cr.-27.76 %,52.22 Cr.-30.62 %,72.90 Cr.-33.15 %,97.39 Cr.-32.98 %,19.40 Cr.-29.15 %,40.22 Cr.-22.98 %,,54.70 Cr.-24.97 %,,,,,,,,,67.93 Cr.-30.25 %
HIDCL,Revenue Till QtrYOY,,,41.63 Cr.-26.66 %,78.25 Cr.-30.25 %,109.32 Cr.-32.66 %,143.16 Cr.-33.90 %,28.97 Cr.-30.41 %,54.29 Cr.-30.62 %,,78.84 Cr.-27.88 %,,,,,,,,,103.44 Cr.-27.75 %
HIDCL,Net Profit TTMYOY,,,134.79 Cr.-6.29 %,122.26 Cr.-16.36 %,109.16 Cr.-25.45 %,97.39 Cr.-32.98 %,89.41 Cr.-33.67 %,85.39 Cr.-30.16 %,,79.19 Cr.-27.46 %,,,,,,,,,67.93 Cr.-30.25 %
HIDCL,Revenue TTMYOY,,,201.45 Cr.-9.62 %,182.65 Cr.-18.75 %,163.58 Cr.-25.96 %,143.16 Cr.-33.90 %,130.50 Cr.-35.22 %,119.20 Cr.-34.74 %,,112.68 Cr.-31.11 %,,,,,,,,,103.44 Cr.-27.75 %
HLBSL,PE Ratio,,,156.7,115.6,61.4,36.8,30.8,31.5,,27.2,,,,,,,,,28.6
HLBSL,PB Ratio,,,6.5,6.8,6.0,6.2,5.2,5.7,,5.3,,,,,,,,,4.8
HLBSL,PS Ratio,,,5.2,5.5,4.8,5.2,4.3,4.6,,4.4,,,,,,,,,4.3
HLBSL,ROE TTM,,,4.27 %,6.01 %,10.32 %,18.48 %,19.29 %,20.78 %,,21.45 %,,,,,,,,,18.35 %
HLBSL,ROA TTM,,,0.43 %,0.57 %,0.98 %,1.75 %,1.77 %,1.92 %,,2.09 %,,,,,,,,,1.81 %
HLBSL,Net Margin TTM,,,3.31 %,4.77 %,7.89 %,14.00 %,14.54 %,16.01 %,,16.88 %,,,,,,,,,14.99 %
HLBSL,Asset Turnover TTM,,,12.92 %,12.04 %,12.43 %,12.51 %,12.19 %,11.97 %,,12.39 %,,,,,,,,,12.07 %
HLBSL,EPS TTMYOY,,,5.85117.63 %,8.31291.37 %,14.55145.61 %,"26.911,115.50 %",29.02395.83 %,32.38289.52 %,,34.99140.38 %,,,,,,,,,31.2616.17 %
HLBSL,BVPSYOY,,,140.363.94 %,141.443.90 %,149.318.29 %,160.6017.79 %,160.3014.21 %,167.3518.32 %,,178.0019.22 %,,,,,,,,,185.5315.52 %
HLBSL,Net Profit Till QtrYOY,,,"1.35 Cr.1,142.31 %",2.61 Cr.395.69 %,5.35 Cr.369.32 %,"9.18 Cr.1,115.50 %",2.07 Cr.53.40 %,4.47 Cr.71.67 %,,8.11 Cr.51.53 %,,,,,,,,,10.66 Cr.16.17 %
HLBSL,Revenue Till QtrYOY,,,14.66 Cr.-15.57 %,30.43 Cr.-10.62 %,47.12 Cr.-0.22 %,65.55 Cr.4.05 %,17.20 Cr.17.27 %,33.88 Cr.11.34 %,,52.28 Cr.10.94 %,,,,,,,,,71.14 Cr.8.53 %
HLBSL,Net Profit TTMYOY,,,2.00 Cr.117.63 %,2.84 Cr.291.37 %,4.96 Cr.145.61 %,"9.18 Cr.1,115.50 %",9.90 Cr.395.83 %,11.05 Cr.289.52 %,,11.93 Cr.140.38 %,,,,,,,,,10.66 Cr.16.17 %
HLBSL,Revenue TTMYOY,,,60.30 Cr.-6.22 %,59.39 Cr.-10.27 %,62.90 Cr.-1.71 %,65.55 Cr.4.05 %,68.08 Cr.12.91 %,69.00 Cr.16.19 %,,70.71 Cr.12.41 %,,,,,,,,,71.14 Cr.8.53 %
HLI,PE Ratio,,,62.6,60.7,57.2,54.7,62.2,69.2,,93.7,,,,,,,,,86.5
HLI,PB Ratio,,,3.9,3.5,3.6,3.5,3.3,3.4,,3.4,,,,,,,,,3.2
HLI,PS Ratio,,,2.4,2.4,1.8,2.2,1.9,1.9,,2.2,,,,,,,,,1.6
HLI,ROE TTM,,,6.35 %,6.44 %,6.41 %,5.21 %,4.60 %,3.73 %,,3.40 %,,,,,,,,,3.36 %
HLI,ROA TTM,,,0.86 %,0.85 %,0.82 %,0.64 %,0.54 %,0.41 %,,0.36 %,,,,,,,,,0.33 %
HLI,Net Margin TTM,,,3.92 %,3.20 %,4.00 %,3.10 %,2.68 %,2.68 %,,1.82 %,,,,,,,,,1.70 %
HLI,Asset Turnover TTM,,,22.01 %,26.45 %,20.50 %,20.80 %,20.19 %,15.41 %,,19.55 %,,,,,,,,,19.24 %
HLI,EPS TTMYOY,,,7.07-33.08 %,7.26-4.05 %,7.3415.58 %,5.98-13.71 %,5.23-25.99 %,4.13-43.16 %,,3.68-49.91 %,,,,,,,,,3.48-41.90 %
HLI,BVPSYOY,,,121.9214.29 %,114.225.76 %,116.076.50 %,111.200.38 %,105.65-13.34 %,106.91-6.40 %,,100.45-13.46 %,,,,,,,,,93.31-16.10 %
HLI,Net Profit Till QtrYOY,,,25.38 Cr.5.12 %,37.63 Cr.8.73 %,47.24 Cr.8.49 %,54.70 Cr.-13.71 %,18.50 Cr.-27.08 %,20.67 Cr.-45.06 %,,26.14 Cr.-44.66 %,,,,,,,,,31.78 Cr.-41.90 %
HLI,Revenue Till QtrYOY,,,427.87 Cr.-2.35 %,"1,221.46 Cr.50.89 %","1,249.55 Cr.1.33 %","1,766.08 Cr.6.34 %",443.70 Cr.3.70 %,862.37 Cr.-29.40 %,,"1,326.84 Cr.6.18 %",,,,,,,,,"1,869.16 Cr.5.84 %"
HLI,Net Profit TTMYOY,,,64.62 Cr.-33.08 %,66.41 Cr.-4.05 %,67.08 Cr.15.58 %,54.70 Cr.-13.71 %,47.82 Cr.-25.99 %,37.74 Cr.-43.16 %,,33.60 Cr.-49.91 %,,,,,,,,,31.78 Cr.-41.90 %
HLI,Revenue TTMYOY,,,"1,650.41 Cr.-5.84 %","2,072.70 Cr.28.03 %","1,677.14 Cr.2.03 %","1,766.08 Cr.6.34 %","1,781.92 Cr.7.97 %","1,406.99 Cr.-32.12 %",,"1,843.36 Cr.9.91 %",,,,,,,,,"1,869.16 Cr.5.84 %"
HPPL,PE Ratio,,,-16.5,-84.4,-290.7,"-1,786.5",71.7,114.0,,72.5,,,,,,,,,43.5
HPPL,PB Ratio,,,3.7,5.1,4.4,4.5,4.2,3.8,,3.2,,,,,,,,,3.2
HPPL,PS Ratio,,,8.4,9.2,7.8,7.6,7.0,7.3,,8.4,,,,,,,,,8.3
HPPL,ROE TTM,,,-,-,-,5.91 %,3.48 %,5.97 %,,9.35 %,,,,,,,,,11.96 %
HPPL,ROA TTM,,,-1.38 %,-0.35 %,-0.05 %,1.30 %,0.79 %,1.49 %,,2.57 %,,,,,,,,,3.67 %
HPPL,Net Margin TTM,,,-10.91 %,-2.69 %,-0.43 %,9.76 %,6.38 %,11.65 %,,19.18 %,,,,,,,,,26.14 %
HPPL,Asset Turnover TTM,,,12.62 %,12.96 %,12.89 %,13.28 %,12.30 %,12.79 %,,13.38 %,,,,,,,,,14.05 %
HPPL,EPS TTMYOY,,,-4.73-,-1.21-,-0.19-,4.54-,2.74-,5.16-,,8.81-,,,,,,,,,12.57176.59 %
HPPL,BVPSYOY,,,78.6629.54 %,78.9537.68 %,76.4842.01 %,77.406.24 %,81.533.65 %,117.3548.64 %,,118.5354.99 %,,,,,,,,,130.5668.67 %
HPPL,Net Profit Till QtrYOY,,,9.28 Cr.-,9.73 Cr.-,5.78 Cr.-,7.26 Cr.-,6.39 Cr.-31.14 %,10.71 Cr.10.05 %,,12.60 Cr.117.87 %,,,,,,,,,20.09 Cr.176.59 %
HPPL,Revenue Till QtrYOY,,,27.48 Cr.175.90 %,43.54 Cr.84.27 %,55.87 Cr.55.68 %,74.42 Cr.43.74 %,21.61 Cr.-21.39 %,39.83 Cr.-8.53 %,,54.84 Cr.-1.85 %,,,,,,,,,76.84 Cr.3.26 %
HPPL,Net Profit TTMYOY,,,-755.75 Lac.-,-192.83 Lac.-,-30.60 Lac.-,7.26 Cr.-,4.37 Cr.-,8.24 Cr.-,,14.08 Cr.-,,,,,,,,,20.09 Cr.176.59 %
HPPL,Revenue TTMYOY,,,69.30 Cr.57.30 %,71.69 Cr.53.46 %,71.76 Cr.59.51 %,74.42 Cr.43.74 %,68.54 Cr.-1.09 %,70.70 Cr.-1.37 %,,73.39 Cr.2.27 %,,,,,,,,,76.84 Cr.3.26 %
HRL,PE Ratio,,,71.3,97.5,79.2,77.7,63.2,64.4,,49.4,,,,,,,,,-25.0
HRL,PB Ratio,,,6.0,5.6,6.1,6.4,5.3,5.4,,4.1,,,,,,,,,4.6
HRL,PS Ratio,,,13.8,17.7,13.8,14.0,11.5,11.8,,8.9,,,,,,,,,8.2
HRL,ROE TTM,,,5.71 %,7.76 %,8.42 %,8.53 %,8.51 %,8.45 %,,2.13 %,,,,,,,,,-
HRL,ROA TTM,,,3.82 %,5.77 %,5.78 %,5.86 %,5.83 %,5.79 %,,1.44 %,,,,,,,,,-9.30 %
HRL,Net Margin TTM,,,18.11 %,17.47 %,17.75 %,17.98 %,18.24 %,17.92 %,,4.92 %,,,,,,,,,-263.88 %
HRL,Asset Turnover TTM,,,21.10 %,33.01 %,32.53 %,32.61 %,31.96 %,32.30 %,,29.23 %,,,,,,,,,3.52 %
HRL,EPS TTMYOY,,,8.33-,11.947.66 %,12.358.10 %,12.798.32 %,12.9755.67 %,13.079.48 %,,3.28-73.42 %,,,,,,,,,-21.50-
HRL,BVPSYOY,,,146.03-,153.8713.52 %,153.8211.47 %,154.579.22 %,154.215.60 %,157.022.05 %,,150.18-2.37 %,,,,,,,,,115.58-25.22 %
HRL,Net Profit Till QtrYOY,,,22.64 Cr.-,61.70 Cr.2.36 %,98.93 Cr.6.25 %,139.03 Cr.8.32 %,24.58 Cr.8.58 %,64.75 Cr.4.94 %,,-443.53 Lac.-,,,,,,,,,"-23,362.53 Lac.-"
HRL,Revenue Till QtrYOY,,,124.98 Cr.-,304.21 Cr.35.68 %,520.27 Cr.21.76 %,773.05 Cr.16.64 %,124.72 Cr.-0.20 %,324.09 Cr.6.54 %,,472.82 Cr.-9.12 %,,,,,,,,,88.54 Cr.-88.55 %
HRL,Net Profit TTMYOY,,,90.56 Cr.-,129.78 Cr.7.66 %,134.17 Cr.8.10 %,139.03 Cr.8.32 %,140.97 Cr.55.67 %,142.08 Cr.9.48 %,,35.67 Cr.-73.42 %,,,,,,,,,"-23,362.53 Lac.-"
HRL,Revenue TTMYOY,,,499.92 Cr.-,742.73 Cr.65.63 %,755.71 Cr.32.68 %,773.05 Cr.16.64 %,772.79 Cr.54.58 %,792.93 Cr.6.76 %,,725.59 Cr.-3.98 %,,,,,,,,,88.54 Cr.-88.55 %
HURJA,PE Ratio,,,-41.7,-297.3,-127.6,105.1,-319.0,-386.9,,62.6,,,,,,,,,31.3
HURJA,PB Ratio,,,2.7,2.7,2.9,2.7,2.4,2.9,,2.7,,,,,,,,,2.4
HURJA,PS Ratio,,,18.7,14.2,13.5,11.5,11.8,14.3,,11.4,,,,,,,,,10.4
HURJA,ROE TTM,,,-,-,1.98 %,2.58 %,-,4.53 %,,3.86 %,,,,,,,,,8.01 %
HURJA,ROA TTM,,,-0.45 %,-1.10 %,0.95 %,1.25 %,-0.38 %,2.29 %,,1.98 %,,,,,,,,,4.17 %
HURJA,Net Margin TTM,,,-4.76 %,-10.55 %,11.03 %,10.92 %,-3.70 %,18.89 %,,15.71 %,,,,,,,,,30.82 %
HURJA,Asset Turnover TTM,,,9.47 %,10.43 %,8.57 %,11.49 %,10.13 %,12.13 %,,12.58 %,,,,,,,,,13.52 %
HURJA,EPS TTMYOY,,,-0.86-,-2.07-,1.76-,2.34-,-0.70-,4.20-,,3.59103.62 %,,,,,,,,,7.57224.22 %
HURJA,BVPSYOY,,,92.8692.28 %,92.16124.75 %,90.485.88 %,91.026.50 %,93.941.16 %,95.843.99 %,,93.553.38 %,,,,,,,,,98.137.81 %
HURJA,Net Profit Till QtrYOY,,,12.63 Cr.298.52 %,6.87 Cr.-,3.49 Cr.-,4.62 Cr.-,6.62 Cr.-47.55 %,10.56 Cr.53.72 %,,5.98 Cr.71.24 %,,,,,,,,,14.99 Cr.224.22 %
HURJA,Revenue Till QtrYOY,,,23.83 Cr.81.54 %,27.73 Cr.100.50 %,31.66 Cr.26.89 %,42.34 Cr.69.73 %,18.78 Cr.-21.19 %,29.40 Cr.6.04 %,,34.59 Cr.9.26 %,,,,,,,,,48.65 Cr.14.89 %
HURJA,Net Profit TTMYOY,,,-169.78 Lac.-,-409.99 Lac.-,3.49 Cr.-,4.62 Cr.-,-138.12 Lac.-,8.31 Cr.-,,7.11 Cr.103.62 %,,,,,,,,,14.99 Cr.224.22 %
HURJA,Revenue TTMYOY,,,35.65 Cr.0.80 %,38.84 Cr.30.60 %,31.66 Cr.-11.79 %,42.34 Cr.69.73 %,37.29 Cr.4.60 %,44.02 Cr.13.32 %,,45.27 Cr.43.02 %,,,,,,,,,48.65 Cr.14.89 %
ICFC,PE Ratio,,,54.8,41.5,40.4,23.1,21.7,26.6,,27.6,,,,,,,,,27.4
ICFC,PB Ratio,,,4.9,3.7,3.6,3.6,3.4,3.7,,3.7,,,,,,,,,3.2
ICFC,PS Ratio,,,4.3,3.3,3.4,4.1,3.9,4.2,,3.9,,,,,,,,,3.9
ICFC,ROE TTM,,,9.46 %,9.19 %,14.46 %,17.11 %,14.42 %,12.92 %,,12.06 %,,,,,,,,,12.34 %
ICFC,ROA TTM,,,0.84 %,0.82 %,1.31 %,1.57 %,1.32 %,1.14 %,,1.04 %,,,,,,,,,1.06 %
ICFC,Net Margin TTM,,,7.92 %,8.32 %,14.11 %,17.80 %,15.63 %,14.04 %,,13.66 %,,,,,,,,,14.65 %
ICFC,Asset Turnover TTM,,,10.64 %,9.88 %,9.26 %,8.82 %,8.45 %,8.14 %,,7.65 %,,,,,,,,,7.20 %
ICFC,EPS TTMYOY,,,15.0526.18 %,14.75-2.62 %,23.70144.88 %,29.15190.73 %,25.2367.68 %,22.6353.44 %,,21.38-9.80 %,,,,,,,,,22.33-23.40 %
ICFC,BVPSYOY,,,169.186.25 %,166.188.07 %,171.1312.14 %,184.7215.00 %,183.638.54 %,170.192.42 %,,176.613.20 %,,,,,,,,,189.322.49 %
ICFC,Net Profit Till QtrYOY,,,6.88 Cr.633.71 %,10.91 Cr.105.05 %,19.51 Cr.486.30 %,34.49 Cr.190.73 %,2.25 Cr.-67.36 %,3.20 Cr.-70.65 %,,10.31 Cr.-47.14 %,,,,,,,,,26.42 Cr.-23.40 %
ICFC,Revenue Till QtrYOY,,,50.77 Cr.-18.31 %,94.28 Cr.-21.84 %,141.64 Cr.-20.85 %,193.82 Cr.-17.92 %,47.98 Cr.-5.50 %,91.28 Cr.-3.17 %,,133.00 Cr.-6.10 %,,,,,,,,,180.33 Cr.-6.96 %
ICFC,Net Profit TTMYOY,,,17.81 Cr.26.18 %,17.46 Cr.-2.62 %,28.05 Cr.144.88 %,34.49 Cr.190.73 %,29.86 Cr.67.68 %,26.78 Cr.53.44 %,,25.30 Cr.-9.80 %,,,,,,,,,26.42 Cr.-23.40 %
ICFC,Revenue TTMYOY,,,224.75 Cr.-13.13 %,209.79 Cr.-16.86 %,198.83 Cr.-18.89 %,193.82 Cr.-17.92 %,191.03 Cr.-15.00 %,190.83 Cr.-9.04 %,,185.18 Cr.-6.86 %,,,,,,,,,180.33 Cr.-6.96 %
IGI,PE Ratio,,,31.5,29.4,29.1,43.7,33.7,134.3,,130.5,,,,,,,,,129.9
IGI,PB Ratio,,,3.4,3.2,2.9,2.8,2.1,2.4,,2.4,,,,,,,,,2.4
IGI,PS Ratio,,,5.3,5.1,4.7,4.0,3.1,3.3,,3.1,,,,,,,,,3.2
IGI,ROE TTM,,,11.56 %,10.27 %,7.22 %,6.38 %,1.70 %,0.73 %,,1.81 %,,,,,,,,,0.07 %
IGI,ROA TTM,,,5.37 %,4.84 %,3.50 %,3.16 %,0.79 %,0.32 %,,0.76 %,,,,,,,,,0.03 %
IGI,Net Margin TTM,,,17.33 %,15.98 %,10.62 %,9.25 %,2.43 %,0.98 %,,2.47 %,,,,,,,,,0.09 %
IGI,Asset Turnover TTM,,,30.96 %,30.27 %,32.92 %,34.11 %,32.75 %,33.01 %,,30.80 %,,,,,,,,,31.73 %
IGI,EPS TTMYOY,,,20.54137.65 %,18.8682.02 %,13.52-26.26 %,12.05-40.38 %,3.18-84.52 %,1.34-92.87 %,,3.31-75.51 %,,,,,,,,,0.13-98.89 %
IGI,BVPSYOY,,,190.4918.91 %,190.9413.96 %,185.301.86 %,189.440.93 %,179.41-5.82 %,176.25-7.69 %,,182.72-1.40 %,,,,,,,,,179.53-5.23 %
IGI,Net Profit Till QtrYOY,,,6.11 Cr.19.50 %,14.31 Cr.-22.14 %,26.51 Cr.-43.31 %,36.50 Cr.-40.38 %,"-2,076.02 Lac.-","-1,811.33 Lac.-",,4.38 Lac.-99.83 %,,,,,,,,,40.38 Lac.-98.89 %
IGI,Revenue Till QtrYOY,,,56.42 Cr.-3.31 %,124.62 Cr.-2.51 %,253.44 Cr.10.93 %,394.45 Cr.9.31 %,58.78 Cr.4.20 %,146.50 Cr.17.56 %,,265.32 Cr.4.69 %,,,,,,,,,438.74 Cr.11.23 %
IGI,Net Profit TTMYOY,,,62.21 Cr.137.65 %,57.14 Cr.82.02 %,40.96 Cr.-26.26 %,36.50 Cr.-40.38 %,9.63 Cr.-84.52 %,4.07 Cr.-92.87 %,,10.03 Cr.-75.51 %,,,,,,,,,40.38 Lac.-98.89 %
IGI,Revenue TTMYOY,,,358.93 Cr.53.82 %,357.64 Cr.38.90 %,385.83 Cr.26.03 %,394.45 Cr.9.31 %,396.82 Cr.10.56 %,416.33 Cr.16.41 %,,406.34 Cr.5.31 %,,,,,,,,,438.74 Cr.11.23 %
IHL,PE Ratio,,,-701.0,-659.8,-492.4,"1,081.1",988.6,178.7,,53.1,,,,,,,,,46.1
IHL,PB Ratio,,,5.9,8.3,6.2,6.0,5.5,6.0,,4.0,,,,,,,,,3.5
IHL,PS Ratio,,,52.2,22.9,17.1,12.0,11.0,11.6,,8.1,,,,,,,,,6.6
IHL,ROE TTM,,,-,-,-,0.57 %,1.54 %,3.46 %,,7.79 %,,,,,,,,,-
IHL,ROA TTM,,,-0.22 %,-0.31 %,-1.47 %,0.13 %,0.35 %,0.80 %,,1.82 %,,,,,,,,,-1.29 %
IHL,Net Margin TTM,,,-3.40 %,-3.48 %,-13.73 %,1.11 %,2.94 %,6.48 %,,14.24 %,,,,,,,,,-12.29 %
IHL,Asset Turnover TTM,,,6.41 %,8.91 %,10.72 %,11.54 %,11.88 %,12.29 %,,12.75 %,,,,,,,,,10.50 %
IHL,EPS TTMYOY,,,-0.79-,-1.19-,-5.89-,0.53-,1.45-,3.28-,,7.44-,,,,,,,,,-5.24-
IHL,BVPSYOY,,,94.86-3.61 %,94.34-4.03 %,89.91-8.78 %,95.37-2.29 %,96.701.94 %,98.023.90 %,,97.738.69 %,,,,,,,,,90.53-5.08 %
IHL,Net Profit Till QtrYOY,,,1.04 Lac.-,-29.96 Lac.-,-295.75 Lac.-,32.01 Lac.-,"56.02 Lac.5,277.13 %",1.35 Cr.-,,1.19 Cr.-,,,,,,,,,-314.19 Lac.-
IHL,Revenue Till QtrYOY,,,7.20 Cr.-,13.90 Cr.-,"19.26 Cr.9,906.22 %",28.80 Cr.332.79 %,7.95 Cr.10.33 %,15.51 Cr.11.56 %,,21.81 Cr.13.24 %,,,,,,,,,25.57 Cr.-11.23 %
IHL,Net Profit TTMYOY,,,-47.14 Lac.-,-71.48 Lac.-,-353.32 Lac.-,32.01 Lac.-,86.99 Lac.-,1.97 Cr.-,,4.46 Cr.-,,,,,,,,,-314.19 Lac.-
IHL,Revenue TTMYOY,,,13.86 Cr.-,20.55 Cr.-,"25.73 Cr.9,924.72 %",28.80 Cr.332.79 %,29.55 Cr.113.22 %,30.41 Cr.47.94 %,,31.35 Cr.21.86 %,,,,,,,,,25.57 Cr.-11.23 %
ILBS,PE Ratio,,,80.6,-115.5,-95.9,58.4,28.9,24.8,,19.0,,,,,,,,,26.3
ILBS,PB Ratio,,,7.5,8.7,7.2,7.0,7.0,6.0,,6.9,,,,,,,,,6.4
ILBS,PS Ratio,,,76.6,67.9,56.4,6.9,6.8,5.8,,5.5,,,,,,,,,5.5
ILBS,ROE TTM,,,-,-,2.02 %,13.94 %,28.31 %,35.01 %,,23.12 %,,,,,,,,,24.17 %
ILBS,ROA TTM,,,-0.22 %,-0.99 %,0.29 %,1.95 %,3.95 %,4.03 %,,2.72 %,,,,,,,,,2.93 %
ILBS,Net Margin TTM,,,-14.88 %,-58.76 %,2.36 %,11.75 %,23.57 %,29.06 %,,21.32 %,,,,,,,,,22.63 %
ILBS,Asset Turnover TTM,,,1.48 %,1.69 %,12.19 %,16.57 %,16.74 %,13.87 %,,12.77 %,,,,,,,,,12.97 %
ILBS,EPS TTMYOY,,,-1.91-,-8.92-,2.68-76.01 %,18.8543.68 %,39.47-,49.91-,,"33.951,168.44 %",,,,,,,,,36.6694.51 %
ILBS,BVPSYOY,,,121.03-12.06 %,118.60-13.42 %,137.74-4.64 %,156.6510.45 %,162.9634.64 %,136.8815.41 %,,140.071.69 %,,,,,,,,,161.733.24 %
ILBS,Net Profit Till QtrYOY,,,-710.89 Lac.-,-946.22 Lac.-,6.61 Lac.-98.74 %,9.38 Cr.43.68 %,3.15 Cr.-,5.99 Cr.-,,"7.58 Cr.11,361.64 %",,,,,,,,,18.24 Cr.94.51 %
ILBS,Revenue Till QtrYOY,,,16.14 Cr.-2.90 %,32.98 Cr.2.11 %,54.87 Cr.943.25 %,"79.82 Cr.1,062.67 %",19.61 Cr.21.50 %,38.58 Cr.17.00 %,,54.28 Cr.-1.09 %,,,,,,,,,80.60 Cr.0.98 %
ILBS,Net Profit TTMYOY,,,-95.00 Lac.-,-443.52 Lac.-,1.33 Cr.-76.01 %,9.38 Cr.43.68 %,19.63 Cr.-,24.82 Cr.-,,"16.89 Cr.1,168.44 %",,,,,,,,,18.24 Cr.94.51 %
ILBS,Revenue TTMYOY,,,6.38 Cr.-91.10 %,7.55 Cr.-88.46 %,56.48 Cr.152.63 %,"79.82 Cr.1,062.67 %","83.29 Cr.1,204.85 %","85.43 Cr.1,031.83 %",,79.22 Cr.40.27 %,,,,,,,,,80.60 Cr.0.98 %
ILI,PE Ratio,,,49.2,46.6,41.2,41.2,38.7,36.7,,37.0,,,,,,,,,35.6
ILI,PB Ratio,,,3.5,3.3,3.0,3.0,3.3,3.2,,3.3,,,,,,,,,3.2
ILI,PS Ratio,,,5.3,5.1,5.0,5.0,4.0,3.6,,3.3,,,,,,,,,2.9
ILI,ROE TTM,,,7.38 %,7.48 %,7.60 %,8.10 %,8.38 %,8.49 %,,8.74 %,,,,,,,,,8.69 %
ILI,ROA TTM,,,3.12 %,3.06 %,2.94 %,2.98 %,2.92 %,2.76 %,,2.63 %,,,,,,,,,2.47 %
ILI,Net Margin TTM,,,10.90 %,12.08 %,10.60 %,10.32 %,9.90 %,8.95 %,,8.26 %,,,,,,,,,7.55 %
ILI,Asset Turnover TTM,,,28.61 %,25.31 %,27.75 %,28.85 %,29.49 %,30.81 %,,31.88 %,,,,,,,,,32.73 %
ILI,EPS TTMYOY,,,10.581.46 %,10.9516.67 %,10.9924.29 %,11.6713.36 %,11.9312.74 %,11.727.01 %,,11.706.47 %,,,,,,,,,11.680.16 %
ILI,BVPSYOY,,,150.669.50 %,152.237.34 %,132.67-6.44 %,138.58-4.81 %,137.41-8.80 %,129.16-15.16 %,,131.49-0.89 %,,,,,,,,,135.66-2.11 %
ILI,Net Profit Till QtrYOY,,,14.50 Cr.11.22 %,26.79 Cr.14.12 %,36.63 Cr.10.49 %,58.33 Cr.13.36 %,15.83 Cr.9.17 %,27.07 Cr.1.04 %,,36.79 Cr.0.43 %,,,,,,,,,58.42 Cr.0.16 %
ILI,Revenue Till QtrYOY,,,121.42 Cr.10.35 %,244.01 Cr.-7.87 %,373.10 Cr.13.35 %,565.26 Cr.19.22 %,159.06 Cr.30.99 %,333.42 Cr.36.64 %,,516.18 Cr.38.35 %,,,,,,,,,773.69 Cr.36.87 %
ILI,Net Profit TTMYOY,,,52.92 Cr.1.46 %,54.77 Cr.16.67 %,54.93 Cr.24.29 %,58.33 Cr.13.36 %,59.66 Cr.12.74 %,58.61 Cr.7.01 %,,58.49 Cr.6.47 %,,,,,,,,,58.42 Cr.0.16 %
ILI,Revenue TTMYOY,,,485.50 Cr.10.31 %,453.28 Cr.-14.43 %,518.06 Cr.18.07 %,565.26 Cr.19.22 %,602.89 Cr.24.18 %,654.67 Cr.44.43 %,,708.33 Cr.36.73 %,,,,,,,,,773.69 Cr.36.87 %
JBBL,PE Ratio,,,63.1,39.1,37.6,"1,200.7","1,129.2",-218.3,,48.8,,,,,,,,,15.0
JBBL,PB Ratio,,,2.4,2.4,2.3,2.3,2.1,2.3,,2.3,,,,,,,,,2.0
JBBL,PS Ratio,,,2.0,2.2,2.2,2.6,2.4,2.8,,3.2,,,,,,,,,3.0
JBBL,ROE TTM,,,5.66 %,6.33 %,6.25 %,0.19 %,-,1.11 %,,4.96 %,,,,,,,,,14.53 %
JBBL,ROA TTM,,,0.47 %,0.54 %,0.55 %,0.02 %,-0.10 %,0.10 %,,0.46 %,,,,,,,,,1.35 %
JBBL,Net Margin TTM,,,4.74 %,5.79 %,6.37 %,0.22 %,-1.27 %,1.44 %,,6.65 %,,,,,,,,,19.59 %
JBBL,Asset Turnover TTM,,,9.89 %,9.31 %,8.66 %,7.95 %,7.51 %,7.10 %,,6.91 %,,,,,,,,,6.88 %
JBBL,EPS TTMYOY,,,7.8916.96 %,9.00-36.14 %,9.12-20.50 %,0.28-94.98 %,-1.56-,1.67-81.42 %,,7.63-16.33 %,,,,,,,,,"22.888,026.39 %"
JBBL,BVPSYOY,,,148.828.86 %,149.3612.29 %,151.9013.19 %,148.842.65 %,149.000.12 %,155.093.84 %,,163.437.59 %,,,,,,,,,170.9714.87 %
JBBL,Net Profit Till QtrYOY,,,15.12 Cr.197.60 %,25.01 Cr.147.57 %,30.66 Cr.101.14 %,1.24 Cr.-94.98 %,7.03 Cr.-53.48 %,31.13 Cr.24.44 %,,62.95 Cr.105.30 %,,,,,,,,,"100.60 Cr.8,026.39 %"
JBBL,Revenue Till QtrYOY,,,164.16 Cr.-22.01 %,309.04 Cr.-23.60 %,438.51 Cr.-25.45 %,573.28 Cr.-26.38 %,128.35 Cr.-21.81 %,246.97 Cr.-20.08 %,,369.11 Cr.-15.83 %,,,,,,,,,513.58 Cr.-10.41 %
JBBL,Net Profit TTMYOY,,,34.69 Cr.16.96 %,39.56 Cr.-36.14 %,40.07 Cr.-20.50 %,1.24 Cr.-94.98 %,-684.77 Lac.-,7.35 Cr.-81.42 %,,33.52 Cr.-16.33 %,,,,,,,,,"100.60 Cr.8,026.39 %"
JBBL,Revenue TTMYOY,,,732.34 Cr.8.87 %,683.20 Cr.-17.69 %,628.96 Cr.-22.43 %,573.28 Cr.-26.38 %,537.48 Cr.-26.61 %,511.22 Cr.-25.17 %,,503.88 Cr.-19.89 %,,,,,,,,,513.58 Cr.-10.41 %
JBLB,PE Ratio,,,85.0,74.7,67.9,30.1,29.7,25.0,,24.2,,,,,,,,,21.9
JBLB,PB Ratio,,,6.9,6.3,5.7,5.6,5.6,5.4,,5.3,,,,,,,,,4.9
JBLB,PS Ratio,,,8.3,7.6,6.9,5.5,5.4,5.6,,5.5,,,,,,,,,5.2
JBLB,ROE TTM,,,7.42 %,8.84 %,10.44 %,20.90 %,20.76 %,23.32 %,,24.33 %,,,,,,,,,24.48 %
JBLB,ROA TTM,,,0.89 %,1.04 %,1.23 %,2.52 %,2.63 %,3.05 %,,3.27 %,,,,,,,,,3.40 %
JBLB,Net Margin TTM,,,8.83 %,10.21 %,12.10 %,18.27 %,19.05 %,22.57 %,,23.98 %,,,,,,,,,25.61 %
JBLB,Asset Turnover TTM,,,10.07 %,10.18 %,10.15 %,13.78 %,13.83 %,13.53 %,,13.62 %,,,,,,,,,13.28 %
JBLB,EPS TTMYOY,,,14.01-35.10 %,16.80-7.54 %,20.313.83 %,42.28177.78 %,44.93220.63 %,52.76214.04 %,,57.77184.41 %,,,,,,,,,61.8046.17 %
JBLB,BVPSYOY,,,193.940.81 %,199.148.48 %,205.209.72 %,225.9920.84 %,257.7232.89 %,243.1222.09 %,,255.2424.39 %,,,,,,,,,279.9523.88 %
JBLB,Net Profit Till QtrYOY,,,9.94 Cr.-17.53 %,20.54 Cr.15.57 %,35.57 Cr.33.45 %,74.04 Cr.177.78 %,14.59 Cr.46.76 %,38.90 Cr.89.37 %,,62.69 Cr.76.26 %,,,,,,,,,108.22 Cr.46.17 %
JBLB,Revenue Till QtrYOY,,,96.86 Cr.6.01 %,194.61 Cr.8.89 %,293.87 Cr.7.93 %,405.18 Cr.48.81 %,104.80 Cr.8.20 %,198.71 Cr.2.11 %,,310.46 Cr.5.64 %,,,,,,,,,422.51 Cr.4.28 %
JBLB,Net Profit TTMYOY,,,24.54 Cr.-35.10 %,29.42 Cr.-7.54 %,35.57 Cr.3.83 %,74.04 Cr.177.78 %,78.68 Cr.220.63 %,92.40 Cr.214.04 %,,101.16 Cr.184.41 %,,,,,,,,,108.22 Cr.46.17 %
JBLB,Revenue TTMYOY,,,277.77 Cr.-21.45 %,288.17 Cr.-18.40 %,293.87 Cr.-17.50 %,405.18 Cr.48.81 %,413.12 Cr.48.73 %,409.29 Cr.42.03 %,,421.77 Cr.43.52 %,,,,,,,,,422.51 Cr.4.28 %
JFL,PE Ratio,,,-33.2,-55.1,-8.9,-21.0,-14.6,-11.1,,155.0,,,,,,,,,284.1
JFL,PB Ratio,,,11.4,8.1,22.7,12.1,145.6,-224.0,,-76.0,,,,,,,,,-431.4
JFL,PS Ratio,,,9.3,7.4,9.1,7.2,6.3,7.5,,6.4,,,,,,,,,9.3
JFL,ROE TTM,,,-,-,-,-,-,23.69 %,,-,,,,,,,,,-
JFL,ROA TTM,,,-1.17 %,-6.33 %,-2.54 %,-3.44 %,-4.78 %,0.35 %,,-2.18 %,,,,,,,,,0.20 %
JFL,Net Margin TTM,,,-14.30 %,-101.83 %,-34.16 %,-43.19 %,-66.89 %,4.12 %,,-37.35 %,,,,,,,,,2.63 %
JFL,Asset Turnover TTM,,,8.17 %,6.22 %,7.43 %,7.97 %,7.15 %,8.42 %,,5.84 %,,,,,,,,,7.62 %
JFL,EPS TTMYOY,,,-9.93-,-56.11-,-22.72-,-30.02-,-39.75-,2.69-,,-15.65-,,,,,,,,,1.35-
JFL,BVPSYOY,,,67.90-26.80 %,21.94-76.40 %,39.31-48.91 %,3.01-94.80 %,-1.98-,-5.49-,,-6.46-,,,,,,,,,-0.89-
JFL,Net Profit Till QtrYOY,,,"6.91 Cr.15,723.26 %","-2,482.48 Lac.-","-1,283.26 Lac.-","-2,072.84 Lac.-",18.46 Lac.-97.33 %,-223.84 Lac.-,,-290.90 Lac.-,,,,,,,,,93.44 Lac.-
JFL,Revenue Till QtrYOY,,,14.06 Cr.-5.51 %,18.60 Cr.-36.53 %,40.35 Cr.-6.55 %,47.99 Cr.-1.55 %,7.10 Cr.-49.48 %,15.74 Cr.-15.37 %,,21.28 Cr.-47.25 %,,,,,,,,,35.56 Cr.-25.91 %
JFL,Net Profit TTMYOY,,,-685.44 Lac.-,"-3,873.97 Lac.-","-1,568.58 Lac.-","-2,072.84 Lac.-","-2,744.94 Lac.-",1.86 Cr.-,,"-1,080.48 Lac.-",,,,,,,,,93.44 Lac.-
JFL,Revenue TTMYOY,,,47.93 Cr.-12.01 %,38.04 Cr.-30.33 %,45.92 Cr.-15.35 %,47.99 Cr.-1.55 %,41.04 Cr.-14.38 %,45.14 Cr.18.64 %,,28.93 Cr.-37.00 %,,,,,,,,,35.56 Cr.-25.91 %
JOSHI,PE Ratio,,,-41.5,-46.4,-54.9,-61.9,,-58.1,,-36.2,,,,,,,,,-37.6
JOSHI,PB Ratio,,,5.9,8.1,8.7,4.8,,4.5,,4.0,,,,,,,,,4.2
JOSHI,PS Ratio,,,72.3,94.8,73.5,77.3,,74.1,,134.8,,,,,,,,,133.3
JOSHI,ROE TTM,,,-,-,-,-,,-,,-,,,,,,,,,-
JOSHI,ROA TTM,,,-7.08 %,-6.37 %,-7.04 %,-6.77 %,,-9.98 %,,-10.44 %,,,,,,,,,-8.87 %
JOSHI,Net Margin TTM,,,-204.44 %,-133.77 %,-140.57 %,-124.70 %,,-358.01 %,,-433.86 %,,,,,,,,,-452.48 %
JOSHI,Asset Turnover TTM,,,3.46 %,4.76 %,5.01 %,5.43 %,,2.79 %,,2.41 %,,,,,,,,,1.96 %
JOSHI,EPS TTMYOY,,,-5.52-,-4.94-,-5.42-,-5.18-,,-7.53-,,-7.77-,,,,,,,,,-6.54-
JOSHI,BVPSYOY,,,31.56-21.32 %,31.12-20.40 %,68.8381.66 %,66.5688.12 %,,67.88118.16 %,,65.96-4.16 %,,,,,,,,,64.93-2.45 %
JOSHI,Net Profit Till QtrYOY,,,-48.08 Lac.-,-75.28 Lac.-,-178.36 Lac.-,-317.44 Lac.-,,-219.59 Lac.-,,-337.13 Lac.-,,,,,,,,,-400.51 Lac.-
JOSHI,Revenue Till QtrYOY,,,98.56 Lac.-10.55 %,1.74 Cr.39.44 %,1.93 Cr.44.14 %,2.55 Cr.43.87 %,,48.67 Lac.-72.07 %,,48.67 Lac.-74.84 %,,,,,,,,,88.52 Lac.-65.23 %
JOSHI,Net Profit TTMYOY,,,-337.98 Lac.-,-302.63 Lac.-,-332.02 Lac.-,-317.44 Lac.-,,-461.74 Lac.-,,-476.20 Lac.-,,,,,,,,,-400.51 Lac.-
JOSHI,Revenue TTMYOY,,,1.65 Cr.-49.29 %,2.26 Cr.-15.98 %,2.36 Cr.-8.32 %,2.55 Cr.43.87 %,,1.29 Cr.-42.99 %,,1.10 Cr.-53.53 %,,,,,,,,,88.52 Lac.-65.23 %
JSLBB,PE Ratio,,,245.6,129.1,-387.6,156.8,132.2,106.6,,57.5,,,,,,,,,50.3
JSLBB,PB Ratio,,,11.5,11.0,9.2,8.5,7.2,7.0,,6.4,,,,,,,,,5.8
JSLBB,PS Ratio,,,10.1,9.4,8.1,7.5,6.3,6.5,,6.0,,,,,,,,,5.5
JSLBB,ROE TTM,,,8.36 %,-,-,5.73 %,7.13 %,12.19 %,,12.16 %,,,,,,,,,6.36 %
JSLBB,ROA TTM,,,0.94 %,-0.25 %,-0.26 %,0.63 %,0.79 %,1.39 %,,1.43 %,,,,,,,,,0.77 %
JSLBB,Net Margin TTM,,,7.26 %,-2.08 %,-2.10 %,4.75 %,6.03 %,10.61 %,,11.19 %,,,,,,,,,6.48 %
JSLBB,Asset Turnover TTM,,,12.90 %,12.14 %,12.20 %,13.18 %,13.08 %,13.08 %,,12.79 %,,,,,,,,,11.91 %
JSLBB,EPS TTMYOY,,,12.8287.27 %,-3.48-,-3.50-,8.6120.60 %,10.93-14.72 %,19.17-,,19.73-,,,,,,,,,10.7024.27 %
JSLBB,BVPSYOY,,,150.59-4.54 %,145.63-6.22 %,144.96-3.54 %,158.173.78 %,166.7710.75 %,170.8717.33 %,,170.9117.91 %,,,,,,,,,175.1010.70 %
JSLBB,Net Profit Till QtrYOY,,,-30.44 Lac.-,-79.23 Lac.-,-85.94 Lac.-,1.47 Cr.20.60 %,8.97 Lac.-,1.00 Cr.-,,1.03 Cr.-,,,,,,,,,1.82 Cr.24.27 %
JSLBB,Revenue Till QtrYOY,,,6.62 Cr.8.47 %,13.39 Cr.-8.06 %,20.40 Cr.-5.49 %,30.83 Cr.4.42 %,6.63 Cr.0.10 %,13.28 Cr.-0.82 %,,19.55 Cr.-4.16 %,,,,,,,,,28.11 Cr.-8.82 %
JSLBB,Net Profit TTMYOY,,,2.18 Cr.87.27 %,-59.12 Lac.-,-59.56 Lac.-,1.47 Cr.20.60 %,1.86 Cr.-14.72 %,3.26 Cr.-,,3.36 Cr.-,,,,,,,,,1.82 Cr.24.27 %
JSLBB,Revenue TTMYOY,,,30.05 Cr.3.14 %,28.35 Cr.-2.82 %,28.34 Cr.-5.87 %,30.83 Cr.4.42 %,30.84 Cr.2.64 %,30.72 Cr.8.35 %,,29.98 Cr.5.79 %,,,,,,,,,28.11 Cr.-8.82 %
KBL,PE Ratio,,,19.7,16.9,31.2,36.7,22.7,10.9,,12.7,,,,,,,,,7.8
KBL,PB Ratio,,,1.6,1.4,1.5,1.6,1.3,1.3,,1.5,,,,,,,,,1.3
KBL,PS Ratio,,,1.7,1.4,1.5,1.7,1.5,1.6,,1.9,,,,,,,,,1.9
KBL,ROE TTM,,,8.47 %,4.71 %,4.24 %,5.78 %,5.69 %,12.31 %,,15.66 %,,,,,,,,,18.34 %
KBL,ROA TTM,,,0.77 %,0.41 %,0.36 %,0.49 %,0.48 %,1.04 %,,1.34 %,,,,,,,,,1.60 %
KBL,Net Margin TTM,,,8.50 %,4.95 %,4.68 %,6.55 %,6.76 %,14.65 %,,19.97 %,,,,,,,,,25.96 %
KBL,Asset Turnover TTM,,,9.01 %,8.32 %,7.78 %,7.46 %,7.06 %,7.07 %,,6.72 %,,,,,,,,,6.18 %
KBL,EPS TTMYOY,,,11.91156.03 %,6.55-5.27 %,5.8829.56 %,8.07-8.31 %,7.99-32.91 %,17.39165.67 %,,22.91289.86 %,,,,,,,,,28.17249.04 %
KBL,BVPSYOY,,,146.223.46 %,133.51-2.42 %,134.43-1.66 %,142.190.51 %,145.21-0.69 %,151.1613.22 %,,158.5317.92 %,,,,,,,,,170.8020.12 %
KBL,Net Profit Till QtrYOY,,,107.82 Cr.308.50 %,27.57 Cr.-68.20 %,28.58 Cr.-72.85 %,211.64 Cr.-8.31 %,105.65 Cr.-2.01 %,272.01 Cr.886.50 %,,"417.80 Cr.1,361.76 %",,,,,,,,,738.72 Cr.249.04 %
KBL,Revenue Till QtrYOY,,,864.08 Cr.-18.51 %,"1,633.71 Cr.-19.79 %","2,377.56 Cr.-19.54 %","3,229.06 Cr.-16.52 %",733.61 Cr.-15.10 %,"1,517.58 Cr.-7.11 %",,"2,157.83 Cr.-9.24 %",,,,,,,,,"2,845.95 Cr.-11.86 %"
KBL,Net Profit TTMYOY,,,312.25 Cr.156.03 %,171.67 Cr.-5.27 %,154.12 Cr.29.56 %,211.64 Cr.-8.31 %,209.48 Cr.-32.91 %,456.08 Cr.165.67 %,,600.86 Cr.289.86 %,,,,,,,,,738.72 Cr.249.04 %
KBL,Revenue TTMYOY,,,"3,671.93 Cr.-5.20 %","3,465.23 Cr.-16.76 %","3,290.84 Cr.-18.78 %","3,229.06 Cr.-16.52 %","3,098.59 Cr.-15.61 %","3,112.93 Cr.-10.17 %",,"3,009.33 Cr.-8.55 %",,,,,,,,,"2,845.95 Cr.-11.86 %"
KBSH,PE Ratio,,,221.3,228.8,222.8,285.7,266.2,355.7,,276.1,,,,,,,,,143.8
KBSH,PB Ratio,,,18.9,17.8,14.0,13.9,13.0,13.2,,12.2,,,,,,,,,7.4
KBSH,PS Ratio,,,98.0,97.3,80.0,82.0,76.4,84.4,,75.8,,,,,,,,,46.2
KBSH,ROE TTM,,,8.54 %,7.53 %,6.15 %,4.81 %,3.72 %,4.54 %,,5.26 %,,,,,,,,,5.84 %
KBSH,ROA TTM,,,6.36 %,6.04 %,5.02 %,3.98 %,3.12 %,3.87 %,,4.56 %,,,,,,,,,5.16 %
KBSH,Net Margin TTM,,,44.27 %,42.52 %,35.88 %,28.71 %,23.59 %,27.47 %,,32.02 %,,,,,,,,,32.73 %
KBSH,Asset Turnover TTM,,,14.37 %,14.21 %,14.00 %,13.87 %,13.22 %,14.08 %,,14.24 %,,,,,,,,,15.76 %
KBSH,EPS TTMYOY,,,10.42-24.09 %,9.69-30.78 %,7.86-39.12 %,6.06-43.27 %,4.62-55.61 %,5.71-41.11 %,,6.66-15.19 %,,,,,,,,,7.4623.06 %
KBSH,BVPSYOY,,,121.92-3.50 %,124.57-4.29 %,125.42-5.58 %,124.29-7.14 %,125.062.57 %,128.873.45 %,,130.203.81 %,,,,,,,,,130.214.76 %
KBSH,Net Profit Till QtrYOY,,,46.63 Lac.-7.83 %,88.47 Lac.-14.27 %,1.01 Cr.-29.24 %,89.39 Lac.-43.27 %,25.44 Lac.-45.44 %,83.20 Lac.-5.95 %,,1.10 Cr.8.77 %,,,,,,,,,1.10 Cr.23.06 %
KBSH,Revenue Till QtrYOY,,,1.04 Cr.-5.44 %,2.00 Cr.-7.85 %,2.74 Cr.-9.92 %,3.11 Cr.-11.80 %,81.99 Lac.-21.32 %,1.95 Cr.-2.53 %,,2.69 Cr.-1.65 %,,,,,,,,,3.36 Cr.7.96 %
KBSH,Net Profit TTMYOY,,,1.54 Cr.-24.09 %,1.43 Cr.-30.78 %,1.16 Cr.-39.12 %,89.39 Lac.-43.27 %,68.20 Lac.-55.61 %,84.13 Lac.-41.11 %,,98.25 Lac.-15.19 %,,,,,,,,,1.10 Cr.23.06 %
KBSH,Revenue TTMYOY,,,3.47 Cr.-21.28 %,3.36 Cr.-22.44 %,3.23 Cr.-20.30 %,3.11 Cr.-11.80 %,2.89 Cr.-16.68 %,3.06 Cr.-8.84 %,,3.07 Cr.-4.96 %,,,,,,,,,3.36 Cr.7.96 %
KDL,PE Ratio,,,257.3,255.7,275.0,236.1,160.8,154.7,,86.6,,,,,,,,,85.2
KDL,PB Ratio,,,11.4,12.0,11.3,10.4,8.4,8.1,,7.5,,,,,,,,,7.1
KDL,PS Ratio,,,80.3,83.9,85.7,82.7,64.0,61.6,,60.2,,,,,,,,,54.4
KDL,ROE TTM,,,4.74 %,4.17 %,3.43 %,4.54 %,5.34 %,5.59 %,,9.14 %,,,,,,,,,8.81 %
KDL,ROA TTM,,,3.65 %,3.33 %,2.77 %,3.71 %,4.41 %,4.66 %,,7.60 %,,,,,,,,,7.41 %
KDL,Net Margin TTM,,,32.79 %,31.16 %,28.76 %,35.04 %,39.80 %,40.87 %,,65.35 %,,,,,,,,,64.31 %
KDL,Asset Turnover TTM,,,11.12 %,10.69 %,9.65 %,10.59 %,11.08 %,11.41 %,,11.63 %,,,,,,,,,11.52 %
KDL,EPS TTMYOY,,,4.44336.92 %,3.96-24.02 %,3.30-38.68 %,4.414.26 %,5.2417.88 %,5.5640.32 %,,9.30181.42 %,,,,,,,,,9.16107.48 %
KDL,BVPSYOY,,,94.544.93 %,96.604.23 %,98.853.41 %,100.264.55 %,99.775.54 %,102.215.80 %,,107.949.20 %,,,,,,,,,109.218.92 %
KDL,Net Profit Till QtrYOY,,,-85.70 Lac.-,47.46 Lac.-26.24 %,1.89 Cr.-23.63 %,2.78 Cr.4.26 %,-33.87 Lac.-,1.20 Cr.152.68 %,,4.97 Cr.162.88 %,,,,,,,,,5.77 Cr.107.48 %
KDL,Revenue Till QtrYOY,,,44.66 Lac.-2.10 %,2.91 Cr.-15.38 %,5.63 Cr.-18.83 %,7.94 Cr.-7.13 %,79.85 Lac.78.81 %,3.55 Cr.22.03 %,,6.66 Cr.18.29 %,,,,,,,,,8.97 Cr.13.03 %
KDL,Net Profit TTMYOY,,,2.80 Cr.336.92 %,2.50 Cr.-24.02 %,2.08 Cr.-38.68 %,2.78 Cr.4.26 %,3.30 Cr.17.88 %,3.50 Cr.40.32 %,,5.86 Cr.181.42 %,,,,,,,,,5.77 Cr.107.48 %
KDL,Revenue TTMYOY,,,8.54 Cr.146.98 %,8.02 Cr.-4.69 %,7.24 Cr.-20.92 %,7.94 Cr.-7.13 %,8.29 Cr.-2.90 %,8.58 Cr.6.98 %,,8.97 Cr.23.84 %,,,,,,,,,8.97 Cr.13.03 %
KKHC,PE Ratio,,,-51.8,-70.4,-29.7,-50.5,-30.2,-31.9,,"-7,588.1",,,,,,,,,"-8,960.1"
KKHC,PB Ratio,,,3.7,4.6,4.8,3.1,2.9,3.1,,3.1,,,,,,,,,3.6
KKHC,PS Ratio,,,10.4,20.3,19.7,44.3,30.2,35.1,,21.5,,,,,,,,,21.8
KKHC,ROE TTM,,,-,-,-,-,-,-,,-,,,,,,,,,-
KKHC,ROA TTM,,,-2.09 %,-4.33 %,-5.27 %,-2.56 %,-4.99 %,-1.74 %,,-0.02 %,,,,,,,,,-1.88 %
KKHC,Net Margin TTM,,,-23.12 %,-66.34 %,-100.52 %,-32.49 %,-99.92 %,-21.63 %,,-0.24 %,,,,,,,,,-27.63 %
KKHC,Asset Turnover TTM,,,9.06 %,6.53 %,5.25 %,7.88 %,4.99 %,8.04 %,,9.42 %,,,,,,,,,6.80 %
KKHC,EPS TTMYOY,,,-3.05-,-6.25-,-7.60-,-3.76-,-7.50-,-2.68-,,-0.04-,,,,,,,,,-3.01-
KKHC,BVPSYOY,,,41.89-6.21 %,38.44-13.28 %,84.9899.93 %,86.51116.79 %,77.3784.68 %,89.12131.83 %,,88.574.22 %,,,,,,,,,86.850.40 %
KKHC,Net Profit Till QtrYOY,,,1.59 Cr.-11.57 %,-169.93 Lac.-,-492.13 Lac.-,-349.91 Lac.-,-189.15 Lac.-,-69.33 Lac.-,,-145.55 Lac.-,,,,,,,,,-280.14 Lac.-
KKHC,Revenue Till QtrYOY,,,5.60 Cr.-13.57 %,5.60 Cr.-44.01 %,5.60 Cr.-52.26 %,10.77 Cr.-18.24 %,1.82 Cr.-67.49 %,6.36 Cr.13.48 %,,8.66 Cr.54.47 %,,,,,,,,,10.14 Cr.-5.88 %
KKHC,Net Profit TTMYOY,,,-284.28 Lac.-,-581.75 Lac.-,-707.61 Lac.-,-349.91 Lac.-,-698.32 Lac.-,-249.31 Lac.-,,-3.33 Lac.-,,,,,,,,,-280.14 Lac.-
KKHC,Revenue TTMYOY,,,12.29 Cr.-11.70 %,8.77 Cr.-34.85 %,7.04 Cr.-47.42 %,10.77 Cr.-18.24 %,6.99 Cr.-43.15 %,11.53 Cr.31.44 %,,13.82 Cr.96.39 %,,,,,,,,,10.14 Cr.-5.88 %
KMCDB,PE Ratio,,,68.9,54.6,46.1,42.2,37.4,37.6,,31.7,,,,,,,,,29.5
KMCDB,PB Ratio,,,6.8,6.8,5.8,6.0,5.3,5.4,,5.3,,,,,,,,,4.5
KMCDB,PS Ratio,,,7.6,5.5,4.6,6.8,6.0,6.1,,5.6,,,,,,,,,4.8
KMCDB,ROE TTM,,,12.15 %,13.61 %,14.86 %,15.53 %,15.40 %,16.82 %,,7.41 %,,,,,,,,,16.27 %
KMCDB,ROA TTM,,,1.80 %,2.04 %,2.20 %,2.26 %,2.25 %,2.43 %,,1.04 %,,,,,,,,,2.26 %
KMCDB,Net Margin TTM,,,12.81 %,10.04 %,15.65 %,16.20 %,16.11 %,17.59 %,,7.61 %,,,,,,,,,16.53 %
KMCDB,Asset Turnover TTM,,,14.03 %,20.32 %,14.04 %,13.98 %,13.94 %,13.80 %,,13.61 %,,,,,,,,,13.70 %
KMCDB,EPS TTMYOY,,,16.6493.55 %,19.47134.70 %,22.08131.60 %,24.1071.20 %,24.8449.25 %,27.7442.46 %,,12.22-44.66 %,,,,,,,,,27.4013.71 %
KMCDB,BVPSYOY,,,146.8617.47 %,155.6816.86 %,160.5317.77 %,169.4918.21 %,174.1018.55 %,164.705.80 %,,154.96-3.47 %,,,,,,,,,178.735.45 %
KMCDB,Net Profit Till QtrYOY,,,1.70 Cr.209.87 %,4.22 Cr.134.88 %,6.80 Cr.111.66 %,10.81 Cr.71.20 %,2.03 Cr.19.63 %,5.85 Cr.38.77 %,,1.47 Cr.-78.36 %,,,,,,,,,12.29 Cr.13.71 %
KMCDB,Revenue Till QtrYOY,,,15.70 Cr.6.78 %,"31.54 Cr.1,657.29 %",48.32 Cr.14.17 %,66.69 Cr.16.46 %,18.15 Cr.15.65 %,35.60 Cr.12.87 %,,53.59 Cr.10.90 %,,,,,,,,,74.35 Cr.11.48 %
KMCDB,Net Profit TTMYOY,,,7.46 Cr.93.55 %,8.73 Cr.134.70 %,9.90 Cr.131.60 %,10.81 Cr.71.20 %,11.14 Cr.49.25 %,12.44 Cr.42.46 %,,5.48 Cr.-44.66 %,,,,,,,,,12.29 Cr.13.71 %
KMCDB,Revenue TTMYOY,,,58.26 Cr.0.88 %,87.01 Cr.187.44 %,63.26 Cr.11.62 %,66.69 Cr.16.46 %,69.15 Cr.18.68 %,70.75 Cr.-18.69 %,,71.96 Cr.13.74 %,,,,,,,,,74.35 Cr.11.48 %
KPCL,PE Ratio,,,54.8,56.9,51.6,58.4,55.1,56.2,,52.3,,,,,,,,,48.5
KPCL,PB Ratio,,,4.9,5.3,4.8,5.2,4.7,4.7,,4.3,,,,,,,,,4.0
KPCL,PS Ratio,,,24.5,28.6,26.0,27.9,26.0,26.5,,24.8,,,,,,,,,23.2
KPCL,ROE TTM,,,9.72 %,9.82 %,10.17 %,9.16 %,8.85 %,8.66 %,,8.67 %,,,,,,,,,9.34 %
KPCL,ROA TTM,,,8.56 %,8.81 %,9.32 %,8.44 %,8.22 %,8.01 %,,7.98 %,,,,,,,,,8.58 %
KPCL,Net Margin TTM,,,48.20 %,50.35 %,53.34 %,47.72 %,47.21 %,46.89 %,,47.63 %,,,,,,,,,52.69 %
KPCL,Asset Turnover TTM,,,17.76 %,17.49 %,17.47 %,17.69 %,17.41 %,17.08 %,,16.76 %,,,,,,,,,16.28 %
KPCL,EPS TTMYOY,,,10.0043.48 %,10.3736.97 %,10.9640.48 %,10.089.71 %,10.000.03 %,10.01-3.49 %,,10.22-6.76 %,,,,,,,,,11.2411.48 %
KPCL,BVPSYOY,,,108.7511.06 %,111.519.79 %,112.8410.30 %,113.489.30 %,118.338.80 %,121.619.06 %,,123.529.47 %,,,,,,,,,125.1810.31 %
KPCL,Net Profit Till QtrYOY,,,4.61 Cr.19.55 %,7.58 Cr.16.98 %,8.82 Cr.23.11 %,9.42 Cr.9.71 %,4.53 Cr.-1.69 %,7.51 Cr.-0.95 %,,8.95 Cr.1.46 %,,,,,,,,,10.50 Cr.11.48 %
KPCL,Revenue Till QtrYOY,,,6.92 Cr.2.20 %,11.97 Cr.0.09 %,15.44 Cr.-0.18 %,19.74 Cr.2.66 %,6.97 Cr.0.70 %,12.16 Cr.1.63 %,,15.75 Cr.1.98 %,,,,,,,,,19.92 Cr.0.95 %
KPCL,Net Profit TTMYOY,,,9.34 Cr.43.48 %,9.68 Cr.36.97 %,10.24 Cr.40.48 %,9.42 Cr.9.71 %,9.34 Cr.0.03 %,9.35 Cr.-3.49 %,,9.55 Cr.-6.76 %,,,,,,,,,10.50 Cr.11.48 %
KPCL,Revenue TTMYOY,,,19.37 Cr.1.06 %,19.24 Cr.0.35 %,19.20 Cr.-0.61 %,19.74 Cr.2.66 %,19.79 Cr.2.12 %,19.93 Cr.3.62 %,,20.04 Cr.4.40 %,,,,,,,,,19.92 Cr.0.95 %
KSBBL,PE Ratio,,,26.1,23.7,23.9,28.8,26.2,26.5,,27.7,,,,,,,,,26.7
KSBBL,PB Ratio,,,2.9,2.9,2.9,3.1,2.9,3.1,,3.0,,,,,,,,,3.0
KSBBL,PS Ratio,,,2.2,2.4,2.5,3.1,3.0,3.4,,3.4,,,,,,,,,3.5
KSBBL,ROE TTM,,,12.81 %,12.62 %,14.08 %,11.36 %,11.56 %,12.13 %,,11.81 %,,,,,,,,,14.00 %
KSBBL,ROA TTM,,,0.99 %,0.99 %,1.12 %,0.91 %,0.93 %,1.00 %,,0.98 %,,,,,,,,,1.18 %
KSBBL,Net Margin TTM,,,9.76 %,10.29 %,12.28 %,10.81 %,11.45 %,12.70 %,,13.17 %,,,,,,,,,16.71 %
KSBBL,Asset Turnover TTM,,,10.16 %,9.61 %,9.11 %,8.45 %,8.17 %,7.85 %,,7.47 %,,,,,,,,,7.08 %
KSBBL,EPS TTMYOY,,,17.0629.37 %,17.2734.91 %,19.8167.45 %,16.455.32 %,17.04-0.12 %,18.326.08 %,,18.31-7.56 %,,,,,,,,,22.3435.79 %
KSBBL,BVPSYOY,,,140.1912.11 %,143.1411.13 %,148.3812.43 %,152.849.37 %,152.318.65 %,158.0710.43 %,,163.5710.23 %,,,,,,,,,171.0111.89 %
KSBBL,Net Profit Till QtrYOY,,,17.50 Cr.46.40 %,32.25 Cr.24.55 %,49.32 Cr.48.84 %,63.53 Cr.5.32 %,19.76 Cr.12.92 %,39.46 Cr.22.34 %,,56.51 Cr.14.58 %,,,,,,,,,86.27 Cr.35.79 %
KSBBL,Revenue Till QtrYOY,,,152.18 Cr.-16.07 %,297.27 Cr.-15.74 %,439.44 Cr.-15.50 %,587.46 Cr.-16.53 %,139.36 Cr.-8.42 %,266.80 Cr.-10.25 %,,388.76 Cr.-11.53 %,,,,,,,,,516.13 Cr.-12.14 %
KSBBL,Net Profit TTMYOY,,,65.87 Cr.29.37 %,66.68 Cr.34.91 %,76.50 Cr.67.45 %,63.53 Cr.5.32 %,65.79 Cr.-0.12 %,70.74 Cr.6.08 %,,70.72 Cr.-7.56 %,,,,,,,,,86.27 Cr.35.79 %
KSBBL,Revenue TTMYOY,,,674.64 Cr.-8.42 %,648.26 Cr.-11.03 %,623.19 Cr.-13.01 %,587.46 Cr.-16.53 %,574.65 Cr.-14.82 %,556.99 Cr.-14.08 %,,536.78 Cr.-13.87 %,,,,,,,,,516.13 Cr.-12.14 %
LBBL,PE Ratio,,,27.7,31.0,27.5,51.0,44.3,-103.2,,34.1,,,,,,,,,20.9
LBBL,PB Ratio,,,2.5,2.5,2.3,2.8,2.4,2.6,,2.5,,,,,,,,,2.3
LBBL,PS Ratio,,,2.4,2.5,2.3,3.5,3.0,3.4,,3.5,,,,,,,,,3.8
LBBL,ROE TTM,,,9.82 %,8.25 %,4.73 %,5.65 %,-,7.62 %,,12.80 %,,,,,,,,,11.80 %
LBBL,ROA TTM,,,0.95 %,0.80 %,0.46 %,0.56 %,-0.25 %,0.78 %,,1.34 %,,,,,,,,,1.27 %
LBBL,Net Margin TTM,,,9.38 %,8.38 %,5.18 %,6.80 %,-3.27 %,10.41 %,,18.58 %,,,,,,,,,18.50 %
LBBL,Asset Turnover TTM,,,10.12 %,9.51 %,8.88 %,8.26 %,7.78 %,7.47 %,,7.21 %,,,,,,,,,6.88 %
LBBL,EPS TTMYOY,,,17.45-11.51 %,14.88-4.36 %,8.59-35.99 %,10.48-37.08 %,-4.71-,14.28-3.99 %,,24.61186.38 %,,,,,,,,,23.48124.02 %
LBBL,BVPSYOY,,,190.8412.90 %,181.395.06 %,180.243.94 %,192.735.32 %,186.30-2.38 %,196.988.59 %,,205.4013.96 %,,,,,,,,,213.7310.89 %
LBBL,Net Profit Till QtrYOY,,,20.20 Cr.16.57 %,14.76 Cr.-30.46 %,4.98 Cr.-85.45 %,37.99 Cr.-37.08 %,"-3,485.78 Lac.-",28.54 Cr.93.32 %,,"56.17 Cr.1,028.25 %",,,,,,,,,85.10 Cr.124.02 %
LBBL,Revenue Till QtrYOY,,,157.31 Cr.-9.67 %,297.88 Cr.-13.81 %,425.03 Cr.-17.55 %,559.05 Cr.-19.12 %,120.47 Cr.-23.42 %,236.22 Cr.-20.70 %,,346.03 Cr.-18.59 %,,,,,,,,,459.90 Cr.-17.74 %
LBBL,Net Profit TTMYOY,,,63.25 Cr.-11.51 %,53.91 Cr.-4.36 %,31.14 Cr.-35.99 %,37.99 Cr.-37.08 %,"-1,706.79 Lac.-",51.76 Cr.-3.99 %,,89.18 Cr.186.38 %,,,,,,,,,85.10 Cr.124.02 %
LBBL,Revenue TTMYOY,,,674.34 Cr.-2.04 %,643.45 Cr.-6.93 %,600.69 Cr.-13.25 %,559.05 Cr.-19.12 %,522.22 Cr.-22.56 %,497.39 Cr.-22.70 %,,480.05 Cr.-20.08 %,,,,,,,,,459.90 Cr.-17.74 %
LEC,PE Ratio,,,-143.4,"1,316.6","1,388.7",-126.0,-104.7,-249.2,,-264.2,,,,,,,,,-776.8
LEC,PB Ratio,,,3.1,2.2,2.3,3.3,2.7,3.4,,3.2,,,,,,,,,3.5
LEC,PS Ratio,,,32.1,26.6,28.0,24.7,20.5,27.1,,26.5,,,,,,,,,22.5
LEC,ROE TTM,,,3.67 %,0.24 %,-,-,-,-,,-,,,,,,,,,1.62 %
LEC,ROA TTM,,,0.73 %,0.06 %,-0.22 %,-0.67 %,-0.35 %,-0.31 %,,-0.11 %,,,,,,,,,0.42 %
LEC,Net Margin TTM,,,19.66 %,2.02 %,-8.19 %,-19.59 %,-11.27 %,-9.69 %,,-2.97 %,,,,,,,,,14.36 %
LEC,Asset Turnover TTM,,,3.71 %,2.82 %,2.73 %,3.41 %,3.08 %,3.21 %,,3.71 %,,,,,,,,,2.92 %
LEC,EPS TTMYOY,,,2.01-,0.16-,-0.62-,-1.84-,-0.95-,-0.85-,,-0.30-,,,,,,,,,1.12-
LEC,BVPSYOY,,,71.5558.80 %,93.87124.04 %,72.3681.81 %,70.52-6.69 %,69.79-2.46 %,69.32-26.15 %,,66.49-8.11 %,,,,,,,,,70.39-0.18 %
LEC,Net Profit Till QtrYOY,,,-363.31 Lac.-,-309.93 Lac.-,-245.71 Lac.-,-413.42 Lac.-,-163.90 Lac.-,-87.37 Lac.-,,1.01 Cr.-,,,,,,,,,2.52 Cr.-
LEC,Revenue Till QtrYOY,,,16.88 Cr.66.28 %,15.76 Cr.8.92 %,14.49 Cr.4.78 %,21.11 Cr.29.36 %,14.76 Cr.-12.57 %,14.35 Cr.-8.94 %,,15.86 Cr.9.45 %,,,,,,,,,17.58 Cr.-16.70 %
LEC,Net Profit TTMYOY,,,4.53 Cr.-,35.53 Lac.-,-139.10 Lac.-,-413.42 Lac.-,-214.01 Lac.-,-190.87 Lac.-,,-66.82 Lac.-,,,,,,,,,2.52 Cr.-
LEC,Revenue TTMYOY,,,23.04 Cr.-3.18 %,17.61 Cr.-11.38 %,16.98 Cr.18.21 %,21.11 Cr.29.36 %,18.98 Cr.-17.62 %,19.70 Cr.11.88 %,,22.47 Cr.32.38 %,,,,,,,,,17.58 Cr.-16.70 %
LICN,PE Ratio,,,255.8,215.9,199.7,151.0,148.9,132.9,,112.0,,,,,,,,,106.5
LICN,PB Ratio,,,7.1,5.8,5.5,4.6,4.6,4.6,,4.7,,,,,,,,,4.4
LICN,PS Ratio,,,3.4,3.1,2.6,50.8,50.1,2.3,,2.2,,,,,,,,,2.0
LICN,ROE TTM,,,3.65 %,3.19 %,3.34 %,3.35 %,3.55 %,4.09 %,,4.03 %,,,,,,,,,4.10 %
LICN,ROA TTM,,,0.21 %,0.19 %,0.21 %,0.23 %,0.25 %,0.27 %,,0.27 %,,,,,,,,,0.27 %
LICN,Net Margin TTM,,,1.42 %,1.29 %,1.47 %,33.67 %,1.70 %,1.92 %,,1.90 %,,,,,,,,,1.91 %
LICN,Asset Turnover TTM,,,14.58 %,14.76 %,14.55 %,0.69 %,14.44 %,14.29 %,,14.15 %,,,,,,,,,13.93 %
LICN,EPS TTMYOY,,,4.6835.35 %,4.4349.94 %,5.1320.87 %,5.7432.45 %,6.2834.09 %,7.2563.56 %,,7.2841.91 %,,,,,,,,,7.3828.45 %
LICN,BVPSYOY,,,172.9962.41 %,159.6347.48 %,180.8884.14 %,187.4720.21 %,183.325.97 %,174.419.26 %,,176.47-2.44 %,,,,,,,,,177.87-5.12 %
LICN,Net Profit Till QtrYOY,,,7.88 Cr.31.98 %,14.18 Cr.3.81 %,23.60 Cr.22.66 %,31.59 Cr.32.45 %,10.84 Cr.37.47 %,22.46 Cr.58.33 %,,32.05 Cr.35.78 %,,,,,,,,,40.58 Cr.28.45 %
LICN,Revenue Till QtrYOY,,,457.37 Cr.1.40 %,945.99 Cr.9.20 %,"1,403.90 Cr.8.85 %",93.83 Cr.-94.82 %,498.37 Cr.8.96 %,"1,022.94 Cr.8.13 %",,"1,517.31 Cr.8.08 %",,,,,,,,,"2,124.89 Cr.6.57 %"
LICN,Net Profit TTMYOY,,,25.76 Cr.35.35 %,24.37 Cr.49.94 %,28.21 Cr.20.87 %,31.59 Cr.32.45 %,34.54 Cr.34.09 %,39.86 Cr.63.56 %,,40.03 Cr.41.91 %,,,,,,,,,40.58 Cr.28.45 %
LICN,Revenue TTMYOY,,,"1,817.06 Cr.4.06 %","1,890.43 Cr.8.63 %","1,924.90 Cr.10.50 %",93.83 Cr.-94.82 %,"2,034.83 Cr.11.98 %","2,070.78 Cr.9.54 %",,"2,107.24 Cr.9.47 %",,,,,,,,,"2,124.89 Cr.6.57 %"
LLBS,PE Ratio,,,93.6,101.3,76.8,80.1,207.1,126.5,,118.1,,,,,,,,,36.6
LLBS,PB Ratio,,,6.9,7.1,6.1,6.4,5.7,5.3,,5.1,,,,,,,,,4.3
LLBS,PS Ratio,,,5.2,5.4,5.0,5.2,4.6,4.8,,4.9,,,,,,,,,4.6
LLBS,ROE TTM,,,7.97 %,6.62 %,7.90 %,2.69 %,4.52 %,4.73 %,,3.39 %,,,,,,,,,13.07 %
LLBS,ROA TTM,,,0.89 %,0.73 %,0.89 %,0.30 %,0.52 %,0.55 %,,0.41 %,,,,,,,,,1.60 %
LLBS,Net Margin TTM,,,6.24 %,5.36 %,6.50 %,2.22 %,3.80 %,4.15 %,,3.14 %,,,,,,,,,12.32 %
LLBS,Asset Turnover TTM,,,14.24 %,13.55 %,13.63 %,13.54 %,13.64 %,13.28 %,,13.09 %,,,,,,,,,12.99 %
LLBS,EPS TTMYOY,,,13.80-,11.22-,13.4211.52 %,4.44-63.34 %,7.58-45.05 %,8.11-27.69 %,,6.03-55.08 %,,,,,,,,,24.20445.34 %
LLBS,BVPSYOY,,,168.70-6.35 %,160.94-2.67 %,168.21-10.07 %,161.31-2.14 %,179.476.39 %,187.6716.61 %,,192.9114.68 %,,,,,,,,,204.1626.56 %
LLBS,Net Profit Till QtrYOY,,,1.70 Cr.78.48 %,1.76 Cr.-18.27 %,5.02 Cr.13.07 %,1.96 Cr.-63.34 %,3.09 Cr.81.67 %,3.38 Cr.92.23 %,,5.73 Cr.13.98 %,,,,,,,,,10.69 Cr.445.34 %
LLBS,Revenue Till QtrYOY,,,23.39 Cr.9.53 %,42.80 Cr.-6.93 %,65.53 Cr.-6.30 %,88.15 Cr.-7.85 %,23.45 Cr.0.26 %,40.97 Cr.-4.28 %,,62.22 Cr.-5.05 %,,,,,,,,,86.73 Cr.-1.60 %
LLBS,Net Profit TTMYOY,,,6.10 Cr.-,4.95 Cr.-,5.93 Cr.11.52 %,1.96 Cr.-63.34 %,3.35 Cr.-45.05 %,3.58 Cr.-27.69 %,,2.66 Cr.-55.08 %,,,,,,,,,10.69 Cr.445.34 %
LLBS,Revenue TTMYOY,,,97.69 Cr.5.03 %,92.46 Cr.1.26 %,91.24 Cr.-0.04 %,88.15 Cr.-7.85 %,88.21 Cr.-9.71 %,86.31 Cr.-6.65 %,,84.84 Cr.-7.02 %,,,,,,,,,86.73 Cr.-1.60 %
LSL,PE Ratio,,,16.9,14.7,16.7,13.8,13.7,14.8,,21.8,,,,,,,,,13.0
LSL,PB Ratio,,,1.4,1.2,1.2,1.3,1.2,1.3,,1.3,,,,,,,,,1.3
LSL,PS Ratio,,,1.8,1.5,1.7,1.9,1.9,2.0,,2.1,,,,,,,,,2.2
LSL,ROE TTM,,,8.75 %,7.72 %,7.40 %,9.66 %,9.00 %,6.10 %,,10.02 %,,,,,,,,,6.80 %
LSL,ROA TTM,,,0.90 %,0.79 %,0.76 %,0.99 %,0.92 %,0.61 %,,0.99 %,,,,,,,,,0.66 %
LSL,Net Margin TTM,,,10.37 %,9.91 %,10.21 %,13.98 %,13.76 %,9.73 %,,16.83 %,,,,,,,,,11.81 %
LSL,Asset Turnover TTM,,,8.66 %,7.99 %,7.45 %,7.08 %,6.67 %,6.30 %,,5.90 %,,,,,,,,,5.59 %
LSL,EPS TTMYOY,,,12.95741.38 %,11.7148.10 %,11.4742.56 %,15.3735.67 %,14.6112.83 %,10.01-14.54 %,,16.8146.64 %,,,,,,,,,11.64-24.29 %
LSL,BVPSYOY,,,156.6613.03 %,156.828.70 %,160.157.79 %,169.6711.47 %,168.097.29 %,166.236.00 %,,175.089.32 %,,,,,,,,,177.024.33 %
LSL,Net Profit Till QtrYOY,,,53.64 Cr.420.53 %,116.21 Cr.9.71 %,165.22 Cr.2.24 %,411.70 Cr.35.67 %,33.23 Cr.-38.04 %,"-2,736.15 Lac.-",,203.82 Cr.23.36 %,,,,,,,,,311.71 Cr.-24.29 %
LSL,Revenue Till QtrYOY,,,772.28 Cr.-17.23 %,"1,471.84 Cr.-18.75 %","2,160.95 Cr.-18.68 %","2,945.60 Cr.-15.96 %",671.01 Cr.-13.11 %,"1,282.01 Cr.-12.90 %",,"1,891.12 Cr.-12.49 %",,,,,,,,,"2,640.27 Cr.-10.37 %"
LSL,Net Profit TTMYOY,,,346.79 Cr.741.38 %,313.74 Cr.48.10 %,307.08 Cr.42.56 %,411.70 Cr.35.67 %,391.29 Cr.12.83 %,268.13 Cr.-14.54 %,,450.30 Cr.46.64 %,,,,,,,,,311.71 Cr.-24.29 %
LSL,Revenue TTMYOY,,,"3,344.39 Cr.-10.39 %","3,165.44 Cr.-12.63 %","3,008.75 Cr.-15.06 %","2,945.60 Cr.-15.96 %","2,844.33 Cr.-14.95 %","2,755.77 Cr.-12.94 %",,"2,675.77 Cr.-11.07 %",,,,,,,,,"2,640.27 Cr.-10.37 %"
MAKAR,PE Ratio,,,"-1,432.4",109.3,132.3,94.3,197.4,196.6,,48.0,,,,,,,,,41.3
MAKAR,PB Ratio,,,7.4,7.3,6.6,5.9,5.2,5.1,,4.4,,,,,,,,,3.7
MAKAR,PS Ratio,,,6.9,15.3,6.0,12.0,11.2,11.1,,9.7,,,,,,,,,8.2
MAKAR,ROE TTM,,,7.10 %,7.28 %,5.19 %,6.30 %,2.65 %,6.51 %,,9.70 %,,,,,,,,,9.23 %
MAKAR,ROA TTM,,,1.89 %,1.96 %,1.42 %,1.77 %,0.77 %,1.93 %,,2.93 %,,,,,,,,,2.86 %
MAKAR,Net Margin TTM,,,6.32 %,13.98 %,4.53 %,12.73 %,5.67 %,13.56 %,,20.31 %,,,,,,,,,19.96 %
MAKAR,Asset Turnover TTM,,,29.92 %,14.01 %,31.46 %,13.87 %,13.56 %,14.21 %,,14.44 %,,,,,,,,,14.35 %
MAKAR,EPS TTMYOY,,,6.90-,7.2459.69 %,5.27149.85 %,6.51-,2.82-59.11 %,7.05-2.59 %,,10.65102.21 %,,,,,,,,,10.3058.09 %
MAKAR,BVPSYOY,,,105.568.56 %,108.1713.08 %,105.5111.09 %,104.6912.68 %,108.022.33 %,114.856.18 %,,115.799.74 %,,,,,,,,,114.629.48 %
MAKAR,Net Profit Till QtrYOY,,,5.61 Cr.-,7.59 Cr.340.63 %,5.57 Cr.363.51 %,4.95 Cr.-,2.81 Cr.-49.96 %,8.00 Cr.5.41 %,,8.71 Cr.56.43 %,,,,,,,,,7.82 Cr.58.09 %
MAKAR,Revenue Till QtrYOY,,,13.79 Cr.103.35 %,24.53 Cr.-59.89 %,31.43 Cr.65.38 %,38.87 Cr.-48.85 %,12.78 Cr.-7.32 %,25.18 Cr.2.65 %,,32.40 Cr.3.07 %,,,,,,,,,39.21 Cr.0.87 %
MAKAR,Net Profit TTMYOY,,,5.25 Cr.-,5.50 Cr.59.69 %,4.00 Cr.149.85 %,4.95 Cr.-,2.15 Cr.-59.11 %,5.36 Cr.-2.59 %,,8.09 Cr.102.21 %,,,,,,,,,7.82 Cr.58.09 %
MAKAR,Revenue TTMYOY,,,83.00 Cr.206.09 %,39.36 Cr.-67.83 %,88.42 Cr.249.05 %,38.87 Cr.-48.85 %,37.86 Cr.-54.39 %,39.52 Cr.0.41 %,,39.84 Cr.-54.95 %,,,,,,,,,39.21 Cr.0.87 %
MANDU,PE Ratio,,,47.5,51.2,45.6,202.3,180.9,"2,426.0",,138.7,,,,,,,,,34.7
MANDU,PB Ratio,,,6.4,6.7,5.9,6.2,5.6,5.6,,5.3,,,,,,,,,5.0
MANDU,PS Ratio,,,17.4,25.5,22.7,57.9,51.8,66.6,,27.9,,,,,,,,,13.9
MANDU,ROE TTM,,,12.66 %,13.27 %,9.98 %,2.98 %,0.23 %,4.01 %,,7.75 %,,,,,,,,,15.42 %
MANDU,ROA TTM,,,5.96 %,6.32 %,4.69 %,1.34 %,0.10 %,1.64 %,,3.09 %,,,,,,,,,6.13 %
MANDU,Net Margin TTM,,,35.79 %,49.75 %,55.40 %,28.64 %,2.73 %,20.09 %,,27.21 %,,,,,,,,,40.07 %
MANDU,Asset Turnover TTM,,,16.66 %,12.70 %,8.46 %,4.68 %,3.63 %,8.16 %,,11.35 %,,,,,,,,,15.30 %
MANDU,EPS TTMYOY,,,18.05-51.64 %,19.11-23.63 %,14.50-33.05 %,4.30-78.20 %,0.33-98.16 %,5.84-69.43 %,,11.49-20.78 %,,,,,,,,,23.36443.23 %
MANDU,BVPSYOY,,,142.62-2.68 %,146.985.15 %,146.101.79 %,139.32-5.21 %,143.080.32 %,152.823.98 %,,159.459.14 %,,,,,,,,,162.8816.92 %
MANDU,Net Profit Till QtrYOY,,,10.44 Cr.-17.98 %,16.21 Cr.-4.98 %,15.03 Cr.-32.18 %,5.86 Cr.-78.20 %,5.03 Cr.-51.84 %,18.31 Cr.12.96 %,,24.83 Cr.65.22 %,,,,,,,,,31.86 Cr.443.23 %
MANDU,Revenue Till QtrYOY,,,20.48 Cr.-18.45 %,20.48 Cr.-50.69 %,20.48 Cr.-64.82 %,20.48 Cr.-72.11 %,16.64 Cr.-18.72 %,39.64 Cr.93.61 %,,57.57 Cr.181.13 %,,,,,,,,,79.49 Cr.288.20 %
MANDU,Net Profit TTMYOY,,,24.61 Cr.-51.64 %,26.05 Cr.-23.63 %,19.77 Cr.-33.05 %,5.86 Cr.-78.20 %,45.36 Lac.-98.16 %,7.96 Cr.-69.43 %,,15.66 Cr.-20.78 %,,,,,,,,,31.86 Cr.443.23 %
MANDU,Revenue TTMYOY,,,68.78 Cr.-31.51 %,52.37 Cr.-36.94 %,35.69 Cr.-54.00 %,20.48 Cr.-72.11 %,16.64 Cr.-75.80 %,39.65 Cr.-24.29 %,,57.57 Cr.61.30 %,,,,,,,,,79.49 Cr.288.20 %
MATRI,PE Ratio,,,111.0,-48.2,-45.5,-124.1,-103.3,199.8,,97.2,,,,,,,,,90.0
MATRI,PB Ratio,,,6.5,6.2,5.9,5.8,5.2,5.2,,7.6,,,,,,,,,6.2
MATRI,PS Ratio,,,9.0,6.0,5.7,5.5,4.5,4.7,,4.3,,,,,,,,,3.8
MATRI,ROE TTM,,,-,-,-,-,2.54 %,5.28 %,,5.52 %,,,,,,,,,29.46 %
MATRI,ROA TTM,,,-3.26 %,-1.28 %,-0.45 %,-0.45 %,0.24 %,0.47 %,,0.45 %,,,,,,,,,2.28 %
MATRI,Net Margin TTM,,,-31.25 %,-12.46 %,-4.44 %,-4.40 %,2.39 %,4.51 %,,4.28 %,,,,,,,,,18.68 %
MATRI,Asset Turnover TTM,,,10.44 %,10.24 %,10.22 %,10.25 %,10.09 %,10.39 %,,10.57 %,,,,,,,,,12.20 %
MATRI,EPS TTMYOY,,,-68.85-,-25.92-,-9.24-,-9.22-,4.85-,9.36-,,9.04-,,,,,,,,,45.13-
MATRI,BVPSYOY,,,189.22-,200.72-,197.99-,183.16-15.79 %,185.14-2.16 %,119.90-40.26 %,,132.30-33.18 %,,,,,,,,,145.42-20.60 %
MATRI,Net Profit Till QtrYOY,,,"-1,081.58 Lac.-",-814.38 Lac.-,-435.44 Lac.-,-579.49 Lac.-,-197.08 Lac.-,3.53 Cr.-,,7.12 Cr.-,,,,,,,,,28.36 Cr.-
MATRI,Revenue Till QtrYOY,,,34.61 Cr.-,65.37 Cr.-,98.10 Cr.-,131.62 Cr.34.29 %,30.48 Cr.-11.92 %,64.21 Cr.-1.77 %,,99.15 Cr.1.07 %,,,,,,,,,151.79 Cr.15.32 %
MATRI,Net Profit TTMYOY,,,"-4,326.31 Lac.-","-1,628.75 Lac.-",-580.45 Lac.-,-579.49 Lac.-,3.05 Cr.-,5.88 Cr.-,,5.68 Cr.-,,,,,,,,,28.36 Cr.-
MATRI,Revenue TTMYOY,,,138.44 Cr.-,130.74 Cr.-,130.76 Cr.-,131.62 Cr.34.29 %,127.50 Cr.-7.90 %,130.47 Cr.-0.21 %,,132.67 Cr.1.46 %,,,,,,,,,151.79 Cr.15.32 %
MBJC,PE Ratio,,,-840.6,-730.8,-643.7,-456.5,-413.3,441.3,,435.2,,,,,,,,,251.9
MBJC,PB Ratio,,,3.8,3.9,3.4,3.3,3.0,3.1,,3.0,,,,,,,,,2.8
MBJC,PS Ratio,,,765.7,754.0,664.1,"6,251.4","5,660.0",21.3,,21.3,,,,,,,,,11.2
MBJC,ROE TTM,,,-,-,-,-,-,0.70 %,,1.12 %,,,,,,,,,2.99 %
MBJC,ROA TTM,,,-0.13 %,-0.15 %,-0.17 %,-0.20 %,-0.06 %,0.18 %,,0.28 %,,,,,,,,,0.76 %
MBJC,Net Margin TTM,,,-91.03 %,-104.05 %,-120.61 %,"-1,308.22 %",-12.40 %,4.84 %,,4.42 %,,,,,,,,,7.90 %
MBJC,Asset Turnover TTM,,,0.14 %,0.14 %,0.14 %,0.01 %,0.49 %,3.71 %,,6.45 %,,,,,,,,,9.61 %
MBJC,EPS TTMYOY,,,-0.42-,-0.50-,-0.59-,-0.68-,-0.22-,0.65-,,1.05-,,,,,,,,,2.83-
MBJC,BVPSYOY,,,92.90-0.45 %,93.800.56 %,93.660.46 %,93.430.36 %,93.690.85 %,94.440.69 %,,94.701.11 %,,,,,,,,,96.253.01 %
MBJC,Net Profit Till QtrYOY,,,-116.46 Lac.-,-191.51 Lac.-,-274.91 Lac.-,-410.80 Lac.-,1.65 Cr.-,6.12 Cr.-,,7.67 Cr.-,,,,,,,,,16.96 Cr.-
MBJC,Revenue Till QtrYOY,,,10.11 Lac.-,19.50 Lac.-,25.59 Lac.-,31.40 Lac.-88.20 %,"10.22 Cr.10,006.34 %","81.13 Cr.41,511.23 %",,"142.98 Cr.55,764.38 %",,,,,,,,,"214.65 Cr.68,256.04 %"
MBJC,Net Profit TTMYOY,,,-251.40 Lac.-,-297.12 Lac.-,-351.76 Lac.-,-410.80 Lac.-,-129.39 Lac.-,3.93 Cr.-,,6.32 Cr.-,,,,,,,,,16.96 Cr.-
MBJC,Revenue TTMYOY,,,2.76 Cr.-,2.86 Cr.-,2.92 Cr.-,31.40 Lac.-88.20 %,10.43 Cr.277.81 %,"81.25 Cr.2,745.40 %",,"143.03 Cr.4,804.33 %",,,,,,,,,"214.65 Cr.68,256.04 %"
MBL,PE Ratio,,,24.5,21.8,21.0,15.0,13.2,13.2,,13.5,,,,,,,,,12.6
MBL,PB Ratio,,,1.7,1.5,1.5,1.6,1.4,1.5,,1.5,,,,,,,,,1.5
MBL,PS Ratio,,,1.9,1.6,1.7,2.1,1.8,2.1,,2.2,,,,,,,,,2.3
MBL,ROE TTM,,,7.09 %,7.22 %,8.50 %,11.15 %,10.51 %,11.87 %,,12.44 %,,,,,,,,,9.51 %
MBL,ROA TTM,,,0.64 %,0.65 %,0.76 %,0.99 %,0.92 %,1.02 %,,1.04 %,,,,,,,,,0.79 %
MBL,Net Margin TTM,,,7.65 %,8.30 %,10.20 %,13.80 %,13.60 %,15.82 %,,17.50 %,,,,,,,,,13.60 %
MBL,Asset Turnover TTM,,,8.31 %,7.82 %,7.48 %,7.19 %,6.74 %,6.42 %,,5.97 %,,,,,,,,,5.77 %
MBL,EPS TTMYOY,,,10.02-37.64 %,10.36-23.24 %,12.3910.53 %,16.6460.90 %,15.9459.03 %,18.3376.93 %,,19.7159.07 %,,,,,,,,,15.44-7.20 %
MBL,BVPSYOY,,,147.277.27 %,148.276.36 %,150.227.46 %,157.5010.07 %,154.614.99 %,161.639.02 %,,168.0511.87 %,,,,,,,,,169.917.88 %
MBL,Net Profit Till QtrYOY,,,50.33 Cr.-7.19 %,80.73 Cr.0.24 %,110.26 Cr.28.89 %,201.15 Cr.60.90 %,41.80 Cr.-16.95 %,101.12 Cr.25.25 %,,147.30 Cr.33.59 %,,,,,,,,,186.66 Cr.-7.20 %
MBL,Revenue Till QtrYOY,,,390.19 Cr.-16.85 %,742.93 Cr.-17.06 %,"1,091.61 Cr.-15.08 %","1,458.08 Cr.-12.27 %",348.54 Cr.-10.68 %,685.25 Cr.-7.76 %,,994.91 Cr.-8.86 %,,,,,,,,,"1,372.05 Cr.-5.90 %"
MBL,Net Profit TTMYOY,,,121.12 Cr.-37.64 %,125.21 Cr.-23.24 %,149.73 Cr.10.53 %,201.15 Cr.60.90 %,192.62 Cr.59.03 %,221.53 Cr.76.93 %,,238.19 Cr.59.07 %,,,,,,,,,186.66 Cr.-7.20 %
MBL,Revenue TTMYOY,,,"1,582.89 Cr.-17.47 %","1,509.12 Cr.-19.04 %","1,468.17 Cr.-16.93 %","1,458.08 Cr.-12.27 %","1,416.42 Cr.-10.52 %","1,400.39 Cr.-7.20 %",,"1,361.37 Cr.-7.27 %",,,,,,,,,"1,372.05 Cr.-5.90 %"
MCHL,PE Ratio,,,-161.0,-222.4,235.1,-15.6,-15.4,-38.7,,-28.5,,,,,,,,,200.6
MCHL,PB Ratio,,,9.1,17.4,20.1,34.3,32.7,-19.5,,-14.4,,,,,,,,,-11.7
MCHL,PS Ratio,,,21.6,22.8,30.5,20.6,19.6,12.6,,14.7,,,,,,,,,8.8
MCHL,ROE TTM,,,-,4.13 %,-,-,-,-,,-,,,,,,,,,-
MCHL,ROA TTM,,,-1.10 %,0.89 %,-14.29 %,-12.16 %,-9.44 %,-4.17 %,,0.53 %,,,,,,,,,-0.40 %
MCHL,Net Margin TTM,,,-10.25 %,12.97 %,-201.52 %,-132.30 %,-73.70 %,-51.61 %,,4.39 %,,,,,,,,,-4.20 %
MCHL,Asset Turnover TTM,,,10.70 %,6.87 %,7.09 %,9.19 %,12.80 %,8.08 %,,12.16 %,,,,,,,,,9.56 %
MCHL,EPS TTMYOY,,,-3.05-,2.44-,-38.92-,-33.07-,-25.11-,-11.05-,,1.40-,,,,,,,,,-1.03-
MCHL,BVPSYOY,,,38.97-57.55 %,28.53-65.50 %,14.32-80.99 %,15.03-78.59 %,-21.94-,-21.92-,,-23.87-,,,,,,,,,-25.60-
MCHL,Net Profit Till QtrYOY,,,-292.55 Lac.-,"-1,051.56 Lac.-","-1,832.46 Lac.-","-1,794.44 Lac.-",1.39 Cr.-,1.43 Cr.-,,37.71 Lac.-,,,,,,,,,-55.93 Lac.-
MCHL,Revenue Till QtrYOY,,,0.00 Lac.-,10.18 Cr.-36.73 %,10.48 Cr.-35.07 %,13.56 Cr.-15.96 %,4.92 Cr.-,8.23 Cr.-19.14 %,,14.16 Cr.35.10 %,,,,,,,,,13.31 Cr.-1.90 %
MCHL,Net Profit TTMYOY,,,-165.39 Lac.-,1.33 Cr.-,"-2,111.54 Lac.-","-1,794.44 Lac.-","-1,362.51 Lac.-",-599.41 Lac.-,,75.72 Lac.-,,,,,,,,,-55.93 Lac.-
MCHL,Revenue TTMYOY,,,16.14 Cr.-,10.23 Cr.-68.21 %,10.48 Cr.-51.29 %,13.56 Cr.-15.96 %,18.49 Cr.14.55 %,11.61 Cr.13.55 %,,17.24 Cr.64.55 %,,,,,,,,,13.31 Cr.-1.90 %
MDB,PE Ratio,,,46.8,55.7,56.1,42.3,47.7,53.8,,46.7,,,,,,,,,51.2
MDB,PB Ratio,,,4.4,4.7,4.7,4.6,4.1,4.6,,4.6,,,,,,,,,4.1
MDB,PS Ratio,,,9.5,11.4,11.5,12.8,12.1,13.6,,12.5,,,,,,,,,11.0
MDB,ROE TTM,,,9.74 %,8.74 %,11.48 %,7.93 %,8.87 %,9.60 %,,7.90 %,,,,,,,,,8.25 %
MDB,ROA TTM,,,1.86 %,1.71 %,2.30 %,1.62 %,1.79 %,1.84 %,,1.45 %,,,,,,,,,1.44 %
MDB,Net Margin TTM,,,20.36 %,20.53 %,30.24 %,22.83 %,25.38 %,26.49 %,,20.71 %,,,,,,,,,20.95 %
MDB,Asset Turnover TTM,,,9.14 %,8.32 %,7.61 %,7.11 %,7.04 %,6.96 %,,7.01 %,,,,,,,,,6.88 %
MDB,EPS TTMYOY,,,12.27-1.86 %,11.22-9.00 %,15.1040.78 %,10.71-18.27 %,12.18-0.75 %,13.2718.27 %,,11.02-26.98 %,,,,,,,,,11.608.29 %
MDB,BVPSYOY,,,131.529.24 %,132.608.13 %,138.0011.92 %,141.116.94 %,143.288.94 %,135.982.55 %,,139.360.98 %,,,,,,,,,143.201.48 %
MDB,Net Profit Till QtrYOY,,,73.62 Lac.-58.04 %,2.59 Cr.-47.04 %,9.25 Cr.35.41 %,13.04 Cr.-18.27 %,2.52 Cr.242.62 %,5.70 Cr.120.25 %,,9.62 Cr.4.07 %,,,,,,,,,14.12 Cr.8.29 %
MDB,Revenue Till QtrYOY,,,14.93 Cr.-35.68 %,28.57 Cr.-34.60 %,41.72 Cr.-33.37 %,57.12 Cr.-30.04 %,16.23 Cr.8.65 %,32.44 Cr.13.55 %,,49.38 Cr.18.34 %,,,,,,,,,67.42 Cr.18.03 %
MDB,Net Profit TTMYOY,,,14.94 Cr.-1.86 %,13.66 Cr.-9.00 %,18.37 Cr.40.78 %,13.04 Cr.-18.27 %,14.83 Cr.-0.75 %,16.15 Cr.18.27 %,,13.42 Cr.-26.98 %,,,,,,,,,14.12 Cr.8.29 %
MDB,Revenue TTMYOY,,,73.36 Cr.-24.10 %,66.53 Cr.-28.01 %,60.75 Cr.-30.89 %,57.12 Cr.-30.04 %,58.41 Cr.-20.38 %,60.99 Cr.-8.33 %,,64.77 Cr.6.61 %,,,,,,,,,67.42 Cr.18.03 %
MEHL,PE Ratio,,,-89.9,-137.5,-110.6,-170.5,-153.9,-636.7,,637.2,,,,,,,,,171.2
MEHL,PB Ratio,,,6.9,8.6,6.9,7.0,6.3,6.9,,5.9,,,,,,,,,4.6
MEHL,PS Ratio,,,30.5,36.4,29.3,29.4,26.6,28.1,,22.8,,,,,,,,,17.8
MEHL,ROE TTM,,,-,-,-,-,-,-,,0.91 %,,,,,,,,,2.70 %
MEHL,ROA TTM,,,-2.63 %,-2.48 %,-2.10 %,-1.55 %,-0.43 %,-0.18 %,,0.36 %,,,,,,,,,1.07 %
MEHL,Net Margin TTM,,,-24.38 %,-26.48 %,-21.77 %,-17.26 %,-4.43 %,-1.83 %,,3.48 %,,,,,,,,,9.53 %
MEHL,Asset Turnover TTM,,,10.80 %,9.37 %,9.64 %,8.99 %,9.64 %,10.11 %,,10.31 %,,,,,,,,,11.23 %
MEHL,EPS TTMYOY,,,-4.05-,-4.27-,-3.55-,-2.60-,-0.71-,-0.31-,,0.59-,,,,,,,,,1.73-
MEHL,BVPSYOY,,,68.59-12.12 %,68.63-11.05 %,66.37-9.39 %,63.77-6.28 %,66.21-3.48 %,62.93-8.30 %,,63.61-4.15 %,,,,,,,,,64.671.41 %
MEHL,Net Profit Till QtrYOY,,,44.35 Lac.-,2.91 Lac.-,-180.87 Lac.-,-207.99 Lac.-,1.95 Cr.340.15 %,"1.86 Cr.6,313.83 %",,74.04 Lac.-,,,,,,,,,1.39 Cr.-
MEHL,Revenue Till QtrYOY,,,4.57 Cr.29.32 %,7.58 Cr.9.06 %,9.14 Cr.9.46 %,12.05 Cr.-1.77 %,5.41 Cr.18.37 %,8.89 Cr.17.31 %,,10.56 Cr.15.58 %,,,,,,,,,14.56 Cr.20.81 %
MEHL,Net Profit TTMYOY,,,-324.33 Lac.-,-341.55 Lac.-,-284.27 Lac.-,-207.99 Lac.-,-57.14 Lac.-,-24.43 Lac.-,,46.91 Lac.-,,,,,,,,,1.39 Cr.-
MEHL,Revenue TTMYOY,,,13.30 Cr.-5.93 %,12.90 Cr.-7.22 %,13.06 Cr.17.33 %,12.05 Cr.-1.77 %,12.89 Cr.-3.11 %,13.36 Cr.3.61 %,,13.47 Cr.3.19 %,,,,,,,,,14.56 Cr.20.81 %
MEL,PE Ratio,,,-29.9,-84.0,-63.1,-92.7,-62.9,-70.2,,-56.1,,,,,,,,,-69.8
MEL,PB Ratio,,,4.9,5.6,5.0,5.0,4.5,5.0,,4.1,,,,,,,,,3.6
MEL,PS Ratio,,,22.2,26.3,17.4,16.7,16.2,18.1,,14.9,,,,,,,,,13.0
MEL,ROE TTM,,,-,-,-,-,-,-,,-,,,,,,,,,-
MEL,ROA TTM,,,-3.58 %,-2.49 %,-2.13 %,-1.67 %,-2.19 %,-2.23 %,,-1.60 %,,,,,,,,,-1.48 %
MEL,Net Margin TTM,,,-41.23 %,-27.53 %,-22.75 %,-17.97 %,-25.72 %,-26.81 %,,-18.58 %,,,,,,,,,-17.11 %
MEL,Asset Turnover TTM,,,8.69 %,9.05 %,9.37 %,9.27 %,8.50 %,8.31 %,,8.63 %,,,,,,,,,8.66 %
MEL,EPS TTMYOY,,,-7.24-,-4.99-,-4.22-,-3.27-,-4.23-,-4.26-,,-3.03-,,,,,,,,,-2.77-
MEL,BVPSYOY,,,63.83-10.79 %,63.21-7.44 %,61.80-6.52 %,61.10-5.20 %,59.79-6.34 %,58.80-6.97 %,,58.62-5.14 %,,,,,,,,,58.19-4.77 %
MEL,Net Profit Till QtrYOY,,,-131.08 Lac.-,-335.90 Lac.-,-745.17 Lac.-,-947.03 Lac.-,-411.67 Lac.-,-624.54 Lac.-,,-676.68 Lac.-,,,,,,,,,-803.00 Lac.-
MEL,Revenue Till QtrYOY,,,15.82 Cr.141.45 %,28.69 Cr.61.43 %,40.12 Cr.43.52 %,52.69 Cr.26.44 %,10.86 Cr.-31.35 %,22.08 Cr.-23.02 %,,34.72 Cr.-13.44 %,,,,,,,,,46.92 Cr.-10.95 %
MEL,Net Profit TTMYOY,,,"-2,100.11 Lac.-","-1,447.92 Lac.-","-1,224.63 Lac.-",-947.03 Lac.-,"-1,227.62 Lac.-","-1,235.67 Lac.-",,-878.54 Lac.-,,,,,,,,,-803.00 Lac.-
MEL,Revenue TTMYOY,,,50.94 Cr.94.32 %,52.59 Cr.47.94 %,53.83 Cr.44.49 %,52.69 Cr.26.44 %,47.73 Cr.-6.31 %,46.08 Cr.-12.37 %,,47.29 Cr.-12.15 %,,,,,,,,,46.92 Cr.-10.95 %
MEN,PE Ratio,,,80.1,65.0,42.0,25.8,22.1,27.6,,28.5,,,,,,,,,23.9
MEN,PB Ratio,,,5.0,4.4,4.0,4.1,3.8,4.1,,4.2,,,,,,,,,4.1
MEN,PS Ratio,,,16.6,15.5,14.5,12.4,11.3,12.7,,13.1,,,,,,,,,12.8
MEN,ROE TTM,,,7.13 %,10.36 %,10.01 %,17.02 %,19.10 %,16.12 %,,16.45 %,,,,,,,,,18.17 %
MEN,ROA TTM,,,3.48 %,5.18 %,5.10 %,8.89 %,10.36 %,9.05 %,,9.45 %,,,,,,,,,10.73 %
MEN,Net Margin TTM,,,23.88 %,34.85 %,34.60 %,47.89 %,51.22 %,46.09 %,,47.08 %,,,,,,,,,51.97 %
MEN,Asset Turnover TTM,,,14.57 %,14.85 %,14.73 %,18.56 %,20.22 %,19.63 %,,20.07 %,,,,,,,,,20.65 %
MEN,EPS TTMYOY,,,7.86-37.68 %,11.71-8.61 %,11.51-20.38 %,20.14208.86 %,23.92204.40 %,21.0880.07 %,,22.1592.33 %,,,,,,,,,25.5226.70 %
MEN,BVPSYOY,,,115.055.56 %,123.0510.13 %,121.5610.57 %,126.7620.29 %,139.8221.52 %,142.6815.95 %,,142.2417.01 %,,,,,,,,,150.7818.95 %
MEN,Net Profit Till QtrYOY,,,30.54 Cr.15.85 %,51.21 Cr.46.28 %,46.51 Cr.50.45 %,62.91 Cr.208.86 %,42.35 Cr.38.67 %,54.14 Cr.5.74 %,,52.76 Cr.13.46 %,,,,,,,,,79.70 Cr.26.70 %
MEN,Revenue Till QtrYOY,,,49.74 Cr.9.35 %,79.95 Cr.8.74 %,92.42 Cr.6.21 %,131.37 Cr.33.35 %,64.26 Cr.29.19 %,91.44 Cr.14.37 %,,107.97 Cr.16.83 %,,,,,,,,,153.35 Cr.16.73 %
MEN,Net Profit TTMYOY,,,24.55 Cr.-37.68 %,36.57 Cr.-8.61 %,35.96 Cr.-20.38 %,62.91 Cr.208.86 %,74.72 Cr.204.40 %,65.85 Cr.80.07 %,,69.17 Cr.92.33 %,,,,,,,,,79.70 Cr.26.70 %
MEN,Revenue TTMYOY,,,102.77 Cr.-14.38 %,104.94 Cr.-13.21 %,103.92 Cr.-15.20 %,131.37 Cr.33.35 %,145.89 Cr.41.96 %,142.86 Cr.36.13 %,,146.92 Cr.41.38 %,,,,,,,,,153.35 Cr.16.73 %
MERO,PE Ratio,,,47.7,32.9,43.7,55.6,48.5,55.1,,44.7,,,,,,,,,42.0
MERO,PB Ratio,,,4.9,4.4,4.5,5.4,4.7,4.9,,4.7,,,,,,,,,4.4
MERO,PS Ratio,,,5.2,4.7,5.0,6.1,5.3,5.6,,5.5,,,,,,,,,5.0
MERO,ROE TTM,,,14.14 %,11.33 %,10.65 %,10.02 %,9.19 %,10.70 %,,10.59 %,,,,,,,,,5.63 %
MERO,ROA TTM,,,1.97 %,1.60 %,1.51 %,1.43 %,1.31 %,1.50 %,,1.44 %,,,,,,,,,0.73 %
MERO,Net Margin TTM,,,14.27 %,11.74 %,11.41 %,10.93 %,10.22 %,12.08 %,,11.91 %,,,,,,,,,6.22 %
MERO,Asset Turnover TTM,,,13.82 %,13.65 %,13.24 %,13.10 %,12.83 %,12.41 %,,12.11 %,,,,,,,,,11.66 %
MERO,EPS TTMYOY,,,19.23-,15.80243.07 %,15.1423.21 %,14.54-1.59 %,13.47-29.92 %,15.810.10 %,,15.834.54 %,,,,,,,,,8.47-41.75 %
MERO,BVPSYOY,,,142.8713.96 %,142.967.89 %,145.986.93 %,150.945.88 %,150.215.14 %,148.724.02 %,,151.874.03 %,,,,,,,,,149.87-0.71 %
MERO,Net Profit Till QtrYOY,,,36.50 Lac.-,7.96 Cr.23.70 %,12.94 Cr.4.45 %,21.61 Cr.-1.59 %,-121.77 Lac.-,9.85 Cr.23.83 %,,14.86 Cr.14.86 %,,,,,,,,,12.59 Cr.-41.75 %
MERO,Revenue Till QtrYOY,,,47.87 Cr.-0.91 %,98.90 Cr.-0.71 %,144.49 Cr.-2.29 %,197.69 Cr.-1.48 %,46.16 Cr.-3.58 %,95.74 Cr.-3.19 %,,144.33 Cr.-0.12 %,,,,,,,,,202.34 Cr.2.35 %
MERO,Net Profit TTMYOY,,,28.58 Cr.-,23.48 Cr.243.07 %,22.51 Cr.23.21 %,21.61 Cr.-1.59 %,20.03 Cr.-29.92 %,23.50 Cr.0.10 %,,23.53 Cr.4.54 %,,,,,,,,,12.59 Cr.-41.75 %
MERO,Revenue TTMYOY,,,200.22 Cr.207.78 %,199.95 Cr.228.96 %,197.28 Cr.230.60 %,197.69 Cr.-1.48 %,195.97 Cr.-2.12 %,194.53 Cr.-2.71 %,,197.52 Cr.0.12 %,,,,,,,,,202.34 Cr.2.35 %
MFIL,PE Ratio,,,35.3,29.0,28.9,30.6,25.2,33.3,,29.6,,,,,,,,,28.6
MFIL,PB Ratio,,,4.4,3.6,3.6,3.9,3.2,4.7,,4.4,,,,,,,,,4.2
MFIL,PS Ratio,,,4.5,3.7,3.5,4.2,3.5,5.0,,4.9,,,,,,,,,4.9
MFIL,ROE TTM,,,13.37 %,12.50 %,12.64 %,13.55 %,11.47 %,14.30 %,,15.28 %,,,,,,,,,15.47 %
MFIL,ROA TTM,,,1.43 %,1.29 %,1.26 %,1.30 %,1.06 %,1.29 %,,1.37 %,,,,,,,,,1.38 %
MFIL,Net Margin TTM,,,12.62 %,12.16 %,12.52 %,13.72 %,12.03 %,14.98 %,,16.61 %,,,,,,,,,17.93 %
MFIL,Asset Turnover TTM,,,11.35 %,10.59 %,10.04 %,9.49 %,8.79 %,8.63 %,,8.24 %,,,,,,,,,7.71 %
MFIL,EPS TTMYOY,,,21.742.47 %,20.536.50 %,21.165.59 %,23.2618.27 %,19.72-9.26 %,24.6119.92 %,,26.8026.66 %,,,,,,,,,27.8519.72 %
MFIL,BVPSYOY,,,173.939.98 %,166.217.73 %,170.156.51 %,180.858.28 %,168.34-3.21 %,175.295.47 %,,182.207.08 %,,,,,,,,,193.637.07 %
MFIL,Net Profit Till QtrYOY,,,9.42 Cr.42.16 %,11.71 Cr.11.01 %,17.11 Cr.13.33 %,31.44 Cr.18.27 %,4.64 Cr.-50.76 %,13.54 Cr.15.63 %,,21.89 Cr.27.93 %,,,,,,,,,37.64 Cr.19.72 %
MFIL,Revenue Till QtrYOY,,,62.71 Cr.9.60 %,114.71 Cr.0.73 %,169.65 Cr.0.72 %,229.07 Cr.0.80 %,55.16 Cr.-12.05 %,107.65 Cr.-6.15 %,,158.56 Cr.-6.54 %,,,,,,,,,209.87 Cr.-8.38 %
MFIL,Net Profit TTMYOY,,,29.38 Cr.2.47 %,27.74 Cr.6.50 %,28.60 Cr.5.59 %,31.44 Cr.18.27 %,26.66 Cr.-9.26 %,33.27 Cr.19.92 %,,36.22 Cr.26.66 %,,,,,,,,,37.64 Cr.19.72 %
MFIL,Revenue TTMYOY,,,232.75 Cr.5.74 %,228.09 Cr.0.58 %,228.47 Cr.1.20 %,229.07 Cr.0.80 %,221.52 Cr.-4.83 %,222.02 Cr.-2.66 %,,217.98 Cr.-4.59 %,,,,,,,,,209.87 Cr.-8.38 %
MHCL,PE Ratio,,,-394.0,173.3,143.7,132.4,117.2,89.5,,47.7,,,,,,,,,41.8
MHCL,PB Ratio,,,5.5,7.4,6.1,5.6,5.0,4.6,,4.0,,,,,,,,,3.5
MHCL,PS Ratio,,,161.0,50.0,41.5,22.4,19.9,19.2,,15.1,,,,,,,,,13.9
MHCL,ROE TTM,,,-,4.38 %,6.37 %,4.26 %,5.36 %,8.18 %,,8.82 %,,,,,,,,,8.38 %
MHCL,ROA TTM,,,-0.74 %,2.30 %,3.39 %,2.30 %,2.97 %,4.64 %,,5.13 %,,,,,,,,,4.98 %
MHCL,Net Margin TTM,,,-40.87 %,28.84 %,30.14 %,16.95 %,21.16 %,29.76 %,,32.85 %,,,,,,,,,31.58 %
MHCL,Asset Turnover TTM,,,1.82 %,7.99 %,11.24 %,13.54 %,14.01 %,15.60 %,,15.61 %,,,,,,,,,15.78 %
MHCL,EPS TTMYOY,,,-1.13-,3.47121.95 %,5.06-,3.40-,4.38-,6.8095.73 %,,7.4447.02 %,,,,,,,,,7.19111.20 %
MHCL,BVPSYOY,,,80.781.97 %,81.672.36 %,80.433.74 %,80.073.92 %,85.185.44 %,88.498.35 %,,87.899.28 %,,,,,,,,,87.289.01 %
MHCL,Net Profit Till QtrYOY,,,3.30 Cr.-3.90 %,4.02 Cr.778.42 %,3.02 Cr.-,2.73 Cr.-,4.08 Cr.23.66 %,6.74 Cr.67.77 %,,6.26 Cr.107.36 %,,,,,,,,,5.77 Cr.111.20 %
MHCL,Revenue Till QtrYOY,,,6.79 Cr.-8.36 %,10.67 Cr.177.33 %,12.80 Cr.492.59 %,16.12 Cr.467.18 %,7.28 Cr.7.13 %,12.89 Cr.20.75 %,,14.86 Cr.16.12 %,,,,,,,,,18.27 Cr.13.34 %
MHCL,Net Profit TTMYOY,,,-90.84 Lac.-,2.79 Cr.121.95 %,4.06 Cr.-,2.73 Cr.-,3.51 Cr.-,5.46 Cr.95.73 %,,5.97 Cr.47.02 %,,,,,,,,,5.77 Cr.111.20 %
MHCL,Revenue TTMYOY,,,2.22 Cr.-92.50 %,9.67 Cr.113.20 %,13.48 Cr.327.31 %,16.12 Cr.467.18 %,16.61 Cr.647.07 %,18.34 Cr.89.69 %,,18.18 Cr.34.89 %,,,,,,,,,18.27 Cr.13.34 %
MHL,PE Ratio,,,"1,524.9",183.3,134.7,94.0,77.2,92.9,,79.7,,,,,,,,,53.7
MHL,PB Ratio,,,7.8,7.9,5.8,5.4,4.4,4.7,,4.4,,,,,,,,,4.1
MHL,PS Ratio,,,47.3,34.4,25.3,31.7,26.1,30.1,,28.5,,,,,,,,,25.9
MHL,ROE TTM,,,1.12 %,4.43 %,5.96 %,5.85 %,5.22 %,5.71 %,,6.21 %,,,,,,,,,7.81 %
MHL,ROA TTM,,,0.77 %,3.09 %,4.24 %,4.21 %,3.81 %,4.20 %,,4.54 %,,,,,,,,,5.57 %
MHL,Net Margin TTM,,,6.38 %,18.77 %,21.58 %,33.77 %,32.66 %,35.55 %,,38.26 %,,,,,,,,,46.55 %
MHL,Asset Turnover TTM,,,12.06 %,16.49 %,19.64 %,12.46 %,11.66 %,11.80 %,,11.87 %,,,,,,,,,11.96 %
MHL,EPS TTMYOY,,,1.14-84.44 %,4.57-4.60 %,6.2199.14 %,"6.171,095.27 %",5.61390.25 %,6.2236.16 %,,6.8510.31 %,,,,,,,,,8.7642.01 %
MHL,BVPSYOY,,,105.345.56 %,106.495.16 %,106.645.56 %,107.135.80 %,111.425.77 %,112.665.80 %,,113.446.38 %,,,,,,,,,115.858.13 %
MHL,Net Profit Till QtrYOY,,,2.80 Cr.16.94 %,3.57 Cr.275.15 %,3.67 Cr.-,"3.99 Cr.1,095.27 %",2.44 Cr.-13.01 %,3.60 Cr.0.89 %,,4.11 Cr.12.01 %,,,,,,,,,5.67 Cr.42.01 %
MHL,Revenue Till QtrYOY,,,5.20 Cr.19.17 %,7.82 Cr.175.83 %,9.60 Cr.450.37 %,11.81 Cr.9.85 %,4.49 Cr.-13.71 %,7.31 Cr.-6.44 %,,9.37 Cr.-2.45 %,,,,,,,,,12.17 Cr.3.02 %
MHL,Net Profit TTMYOY,,,73.95 Lac.-84.44 %,2.95 Cr.-4.60 %,4.02 Cr.99.14 %,"3.99 Cr.1,095.27 %",3.63 Cr.390.25 %,4.02 Cr.36.16 %,,4.43 Cr.10.31 %,,,,,,,,,5.67 Cr.42.01 %
MHL,Revenue TTMYOY,,,11.59 Cr.8.14 %,15.74 Cr.123.70 %,18.61 Cr.355.48 %,11.81 Cr.9.85 %,11.10 Cr.-4.24 %,11.31 Cr.-28.13 %,,11.58 Cr.-37.79 %,,,,,,,,,12.17 Cr.3.02 %
MHNL,PE Ratio,,,-7.7,-7.9,-7.8,-8.0,-7.2,-126.9,,-123.6,,,,,,,,,57.3
MHNL,PB Ratio,,,10.3,10.4,10.2,11.2,10.0,8.9,,8.7,,,,,,,,,6.7
MHNL,PS Ratio,,,6.9,7.7,7.6,6.8,6.1,7.2,,7.4,,,,,,,,,6.8
MHNL,ROE TTM,,,-,-,-,-,16.68 %,-,,14.46 %,,,,,,,,,33.21 %
MHNL,ROA TTM,,,-11.21 %,-11.69 %,-10.84 %,-11.92 %,1.62 %,-0.80 %,,1.56 %,,,,,,,,,4.51 %
MHNL,Net Margin TTM,,,-89.61 %,-97.81 %,-87.84 %,-85.41 %,11.06 %,-6.05 %,,11.99 %,,,,,,,,,28.65 %
MHNL,Asset Turnover TTM,,,12.51 %,11.95 %,12.34 %,13.95 %,14.66 %,13.31 %,,13.02 %,,,,,,,,,15.73 %
MHNL,EPS TTMYOY,,,-35.16-,-34.58-,-31.09-,-33.29-,4.41-,-2.18-,,4.27-,,,,,,,,,12.78-
MHNL,BVPSYOY,,,26.07-60.33 %,26.28-59.88 %,25.40-55.24 %,23.80-58.31 %,30.5917.32 %,31.1618.57 %,,36.7344.58 %,,,,,,,,,70.11194.64 %
MHNL,Net Profit Till QtrYOY,,,"-3,862.47 Lac.-","-3,816.29 Lac.-","-3,927.17 Lac.-","-4,160.65 Lac.-",8.49 Cr.-,71.40 Lac.-,,7.67 Cr.-,,,,,,,,,15.97 Cr.-
MHNL,Revenue Till QtrYOY,,,18.48 Cr.20.88 %,24.64 Cr.-6.31 %,33.07 Cr.-4.62 %,48.71 Cr.6.25 %,19.56 Cr.5.80 %,21.06 Cr.-14.55 %,,28.89 Cr.-12.62 %,,,,,,,,,55.75 Cr.14.43 %
MHNL,Net Profit TTMYOY,,,"-4,394.51 Lac.-","-4,321.97 Lac.-","-3,886.56 Lac.-","-4,160.65 Lac.-",5.51 Cr.-,-272.96 Lac.-,,5.34 Cr.-,,,,,,,,,15.97 Cr.-
MHNL,Revenue TTMYOY,,,49.04 Cr.21.10 %,44.19 Cr.11.91 %,44.25 Cr.12.54 %,48.71 Cr.6.25 %,49.79 Cr.1.52 %,45.13 Cr.2.13 %,,44.54 Cr.0.67 %,,,,,,,,,55.75 Cr.14.43 %
MKCL,PE Ratio,,,425.2,181.8,275.3,115.1,103.0,108.9,,94.1,,,,,,,,,131.7
MKCL,PB Ratio,,,17.9,17.7,15.7,15.2,13.6,12.6,,11.9,,,,,,,,,9.8
MKCL,PS Ratio,,,17.7,141.7,10.6,15.6,14.0,11.7,,18.7,,,,,,,,,11.1
MKCL,ROE TTM,,,9.74 %,5.71 %,4.35 %,14.54 %,13.15 %,13.79 %,,7.52 %,,,,,,,,,0.36 %
MKCL,ROA TTM,,,6.48 %,3.84 %,2.74 %,9.20 %,8.05 %,8.39 %,,4.54 %,,,,,,,,,0.22 %
MKCL,Net Margin TTM,,,77.92 %,3.83 %,3.69 %,13.58 %,10.73 %,19.54 %,,8.20 %,,,,,,,,,1.93 %
MKCL,Asset Turnover TTM,,,8.32 %,100.30 %,74.21 %,67.72 %,75.04 %,42.96 %,,55.38 %,,,,,,,,,11.14 %
MKCL,EPS TTMYOY,,,8.75-,4.99283.24 %,3.852.67 %,13.30259.43 %,12.5743.55 %,13.70174.72 %,,7.71100.19 %,,,,,,,,,0.38-97.16 %
MKCL,BVPSYOY,,,89.87-,87.423.27 %,91.435.32 %,100.9515.14 %,108.2120.41 %,108.7124.35 %,,103.7513.47 %,,,,,,,,,103.482.51 %
MKCL,Net Profit Till QtrYOY,,,1.65 Cr.-,1.47 Cr.197.98 %,2.24 Cr.5.46 %,10.05 Cr.259.43 %,1.10 Cr.-33.47 %,1.77 Cr.20.91 %,,-197.63 Lac.-,,,,,,,,,28.59 Lac.-97.16 %
MKCL,Revenue Till QtrYOY,,,2.12 Cr.-,50.80 Cr.160.97 %,49.71 Cr.31.25 %,74.02 Cr.10.41 %,16.60 Cr.682.05 %,29.80 Cr.-41.34 %,,46.79 Cr.-5.87 %,,,,,,,,,14.81 Cr.-79.99 %
MKCL,Net Profit TTMYOY,,,6.62 Cr.-,3.77 Cr.283.24 %,2.91 Cr.2.67 %,10.05 Cr.259.43 %,9.50 Cr.43.55 %,10.36 Cr.174.72 %,,5.83 Cr.100.19 %,,,,,,,,,28.59 Lac.-97.16 %
MKCL,Revenue TTMYOY,,,8.49 Cr.-,98.38 Cr.152.69 %,78.88 Cr.56.24 %,74.02 Cr.10.41 %,88.50 Cr.942.08 %,53.02 Cr.-46.11 %,,71.10 Cr.-9.86 %,,,,,,,,,14.81 Cr.-79.99 %
MKHC,PE Ratio,,,-13.4,-37.9,-29.4,-75.3,-59.0,-53.9,,215.9,,,,,,,,,172.1
MKHC,PB Ratio,,,6.9,8.7,6.8,8.2,5.8,5.3,,5.1,,,,,,,,,4.4
MKHC,PS Ratio,,,37.8,22.2,17.3,14.2,10.8,10.3,,8.7,,,,,,,,,7.0
MKHC,ROE TTM,,,-,-,-,-,-,-,,2.40 %,,,,,,,,,2.55 %
MKHC,ROA TTM,,,-7.12 %,-4.63 %,-4.17 %,-1.92 %,-1.90 %,-0.83 %,,0.47 %,,,,,,,,,0.50 %
MKHC,Net Margin TTM,,,-125.42 %,-58.59 %,-51.05 %,-18.89 %,-18.27 %,-7.45 %,,3.85 %,,,,,,,,,4.18 %
MKHC,Asset Turnover TTM,,,5.68 %,7.90 %,8.17 %,10.18 %,10.38 %,11.15 %,,12.08 %,,,,,,,,,11.96 %
MKHC,EPS TTMYOY,,,-23.89-,-15.50-,-13.89-,-6.36-,-6.23-,-2.69-,,1.49-,,,,,,,,,1.58-
MKHC,BVPSYOY,,,69.09-21.19 %,67.50-12.65 %,61.86-11.67 %,58.21-4.66 %,63.17-8.57 %,64.61-4.29 %,,63.152.09 %,,,,,,,,,61.776.11 %
MKHC,Net Profit Till QtrYOY,,,2.71 Cr.-,71.82 Lac.-,-492.44 Lac.-,-635.81 Lac.-,2.84 Cr.4.81 %,4.38 Cr.510.11 %,,2.93 Cr.-,,,,,,,,,1.58 Cr.-
MKHC,Revenue Till QtrYOY,,,13.50 Cr.138.03 %,21.08 Cr.260.39 %,24.63 Cr.185.17 %,33.66 Cr.199.89 %,13.92 Cr.3.16 %,23.59 Cr.11.90 %,,29.70 Cr.20.56 %,,,,,,,,,37.94 Cr.12.72 %
MKHC,Net Profit TTMYOY,,,"-2,389.45 Lac.-","-1,550.12 Lac.-","-1,389.47 Lac.-",-635.81 Lac.-,-622.77 Lac.-,-269.45 Lac.-,,1.49 Cr.-,,,,,,,,,1.58 Cr.-
MKHC,Revenue TTMYOY,,,19.05 Cr.-16.00 %,26.46 Cr.292.17 %,27.22 Cr.185.48 %,33.66 Cr.199.89 %,34.09 Cr.78.93 %,36.17 Cr.36.72 %,,38.73 Cr.42.28 %,,,,,,,,,37.94 Cr.12.72 %
MKHL,PE Ratio,,,"2,035.9","-5,795.5","-5,905.9","1,218.0","1,120.2","4,052.1",,-221.7,,,,,,,,,166.7
MKHL,PB Ratio,,,5.6,6.9,7.1,8.2,7.6,8.0,,5.3,,,,,,,,,4.8
MKHL,PS Ratio,,,34.7,45.0,45.9,51.5,47.4,54.0,,43.5,,,,,,,,,48.9
MKHL,ROE TTM,,,0.28 %,-,0.33 %,0.67 %,0.20 %,-,,2.95 %,,,,,,,,,13.28 %
MKHL,ROA TTM,,,0.15 %,-0.07 %,0.18 %,0.37 %,0.11 %,-1.31 %,,1.64 %,,,,,,,,,7.03 %
MKHL,Net Margin TTM,,,1.70 %,-0.78 %,2.07 %,4.23 %,1.32 %,-19.96 %,,29.33 %,,,,,,,,,144.12 %
MKHL,Asset Turnover TTM,,,8.73 %,8.44 %,8.65 %,8.80 %,8.39 %,6.56 %,,5.61 %,,,,,,,,,4.88 %
MKHL,EPS TTMYOY,,,0.28-96.44 %,-0.12-,0.33-63.31 %,0.6876.90 %,0.20-28.57 %,-2.37-,,3.00803.97 %,,,,,,,,,"13.831,927.91 %"
MKHL,BVPSYOY,,,102.480.47 %,102.550.58 %,101.741.03 %,100.950.42 %,102.36-0.12 %,99.34-3.13 %,,103.902.12 %,,,,,,,,,114.3413.26 %
MKHL,Net Profit Till QtrYOY,,,73.68 Lac.-5.23 %,56.09 Lac.-26.21 %,24.50 Lac.-7.92 %,26.75 Lac.76.90 %,54.83 Lac.-25.58 %,-63.53 Lac.-,,1.15 Cr.370.99 %,,,,,,,,,"5.42 Cr.1,927.91 %"
MKHL,Revenue Till QtrYOY,,,2.32 Cr.-17.44 %,3.64 Cr.-17.93 %,4.80 Cr.-12.90 %,6.32 Cr.-9.52 %,1.97 Cr.-15.01 %,1.97 Cr.-45.80 %,,2.49 Cr.-48.10 %,,,,,,,,,3.76 Cr.-40.45 %
MKHL,Net Profit TTMYOY,,,11.06 Lac.-96.44 %,-4.80 Lac.-,13.01 Lac.-63.31 %,26.75 Lac.76.90 %,7.90 Lac.-28.57 %,-92.88 Lac.-,,1.18 Cr.803.97 %,,,,,,,,,"5.42 Cr.1,927.91 %"
MKHL,Revenue TTMYOY,,,6.49 Cr.-42.23 %,6.19 Cr.-30.19 %,6.27 Cr.-14.60 %,6.32 Cr.-9.52 %,5.97 Cr.-8.05 %,4.65 Cr.-24.82 %,,4.01 Cr.-36.06 %,,,,,,,,,3.76 Cr.-40.45 %
MKJC,PE Ratio,,,"-1,074.0","-1,256.0",227.3,341.4,,569.0,,-371.3,,,,,,,,,973.0
MKJC,PB Ratio,,,5.0,5.8,4.8,5.4,,5.2,,4.7,,,,,,,,,4.4
MKJC,PS Ratio,,,19.0,22.2,19.8,22.3,,21.8,,20.4,,,,,,,,,17.5
MKJC,ROE TTM,,,-,2.21 %,1.59 %,0.90 %,,-,,0.10 %,,,,,,,,,0.44 %
MKJC,ROA TTM,,,-0.22 %,1.04 %,0.75 %,0.43 %,,-0.61 %,,0.05 %,,,,,,,,,0.22 %
MKJC,Net Margin TTM,,,-1.77 %,8.72 %,6.52 %,3.78 %,,-5.43 %,,0.42 %,,,,,,,,,1.78 %
MKJC,Asset Turnover TTM,,,12.28 %,11.93 %,11.49 %,11.27 %,,11.27 %,,11.97 %,,,,,,,,,12.39 %
MKJC,EPS TTMYOY,,,-0.48-,2.291.39 %,1.651.22 %,0.93-,,-1.33-,,0.11-93.51 %,,,,,,,,,0.46-50.59 %
MKJC,BVPSYOY,,,103.20-0.55 %,107.342.83 %,104.282.39 %,101.311.72 %,,106.21-1.05 %,,104.590.30 %,,,,,,,,,101.970.65 %
MKJC,Net Profit Till QtrYOY,,,1.38 Cr.3.97 %,2.62 Cr.71.49 %,1.47 Cr.138.48 %,35.07 Lac.-,,1.77 Cr.-32.53 %,,1.16 Cr.-21.18 %,,,,,,,,,17.33 Lac.-50.59 %
MKJC,Revenue Till QtrYOY,,,4.03 Cr.7.86 %,6.38 Cr.0.70 %,7.59 Cr.-4.10 %,9.27 Cr.-5.66 %,,6.35 Cr.-0.50 %,,7.93 Cr.4.37 %,,,,,,,,,9.71 Cr.4.77 %
MKJC,Net Profit TTMYOY,,,-17.91 Lac.-,86.05 Lac.1.39 %,61.95 Lac.1.22 %,35.07 Lac.-,,-50.18 Lac.-,,4.02 Lac.-93.51 %,,,,,,,,,17.33 Lac.-50.59 %
MKJC,Revenue TTMYOY,,,10.12 Cr.-4.38 %,9.87 Cr.-5.95 %,9.50 Cr.-9.28 %,9.27 Cr.-5.66 %,,9.24 Cr.-6.41 %,,9.60 Cr.1.06 %,,,,,,,,,9.71 Cr.4.77 %
MLBBL,PE Ratio,,,74.4,55.1,44.6,43.2,38.9,34.3,,30.7,,,,,,,,,54.8
MLBBL,PB Ratio,,,10.9,10.1,8.2,8.5,7.6,6.8,,6.1,,,,,,,,,6.5
MLBBL,PS Ratio,,,9.3,9.6,7.8,8.8,7.9,7.7,,7.0,,,,,,,,,6.5
MLBBL,ROE TTM,,,15.21 %,20.80 %,19.85 %,22.41 %,26.57 %,22.85 %,,22.74 %,,,,,,,,,10.96 %
MLBBL,ROA TTM,,,1.70 %,2.38 %,2.27 %,2.61 %,3.27 %,2.97 %,,3.04 %,,,,,,,,,1.44 %
MLBBL,Net Margin TTM,,,12.77 %,17.39 %,16.95 %,20.37 %,24.07 %,22.46 %,,23.70 %,,,,,,,,,11.92 %
MLBBL,Asset Turnover TTM,,,13.34 %,13.67 %,13.42 %,12.83 %,13.60 %,13.23 %,,12.81 %,,,,,,,,,12.12 %
MLBBL,EPS TTMYOY,,,19.6353.36 %,28.03239.22 %,27.6584.31 %,32.8976.99 %,42.09114.46 %,38.9138.83 %,,40.8547.76 %,,,,,,,,,20.07-38.97 %
MLBBL,BVPSYOY,,,136.369.58 %,152.7419.23 %,150.9116.28 %,167.4332.27 %,184.5635.35 %,195.7628.16 %,,199.7132.34 %,,,,,,,,,167.930.30 %
MLBBL,Net Profit Till QtrYOY,,,1.01 Cr.35.80 %,3.75 Cr.181.29 %,5.32 Cr.77.14 %,8.42 Cr.76.99 %,3.36 Cr.232.74 %,5.29 Cr.41.06 %,,7.36 Cr.38.24 %,,,,,,,,,5.14 Cr.-38.97 %
MLBBL,Revenue Till QtrYOY,,,9.31 Cr.13.57 %,19.59 Cr.18.20 %,29.39 Cr.13.57 %,41.31 Cr.8.11 %,12.74 Cr.36.84 %,22.59 Cr.15.36 %,,32.16 Cr.9.46 %,,,,,,,,,43.09 Cr.4.30 %
MLBBL,Net Profit TTMYOY,,,5.02 Cr.53.36 %,7.17 Cr.239.22 %,7.07 Cr.84.31 %,8.42 Cr.76.99 %,10.77 Cr.114.46 %,9.95 Cr.38.83 %,,10.45 Cr.47.76 %,,,,,,,,,5.14 Cr.-38.97 %
MLBBL,Revenue TTMYOY,,,39.33 Cr.17.72 %,41.23 Cr.24.40 %,41.73 Cr.21.64 %,41.31 Cr.8.11 %,44.74 Cr.13.77 %,44.32 Cr.7.50 %,,44.09 Cr.5.67 %,,,,,,,,,43.09 Cr.4.30 %
MLBL,PE Ratio,,,35.3,32.7,34.9,33.6,32.0,32.9,,31.8,,,,,,,,,25.6
MLBL,PB Ratio,,,2.5,2.3,2.4,2.4,2.3,2.4,,2.3,,,,,,,,,2.2
MLBL,PS Ratio,,,2.6,2.8,2.9,3.4,3.4,3.5,,3.6,,,,,,,,,3.7
MLBL,ROE TTM,,,7.10 %,7.19 %,7.85 %,7.33 %,7.28 %,7.44 %,,7.42 %,,,,,,,,,8.72 %
MLBL,ROA TTM,,,0.74 %,0.76 %,0.84 %,0.80 %,0.80 %,0.83 %,,0.83 %,,,,,,,,,0.98 %
MLBL,Net Margin TTM,,,7.72 %,8.38 %,10.13 %,10.22 %,10.73 %,11.37 %,,11.85 %,,,,,,,,,14.52 %
MLBL,Asset Turnover TTM,,,9.58 %,9.03 %,8.34 %,7.79 %,7.49 %,7.26 %,,7.04 %,,,,,,,,,6.78 %
MLBL,EPS TTMYOY,,,10.404.93 %,10.6310.78 %,11.8214.52 %,11.237.77 %,11.308.71 %,11.649.49 %,,11.75-0.58 %,,,,,,,,,13.9624.33 %
MLBL,BVPSYOY,,,151.163.87 %,152.897.35 %,156.057.99 %,158.136.60 %,157.554.23 %,157.603.08 %,,162.013.81 %,,,,,,,,,165.424.61 %
MLBL,Net Profit Till QtrYOY,,,9.43 Cr.-1.14 %,28.75 Cr.3.40 %,43.66 Cr.16.87 %,50.67 Cr.7.77 %,9.75 Cr.3.42 %,30.59 Cr.6.41 %,,46.00 Cr.5.36 %,,,,,,,,,63.00 Cr.24.33 %
MLBL,Revenue Till QtrYOY,,,133.51 Cr.-22.36 %,259.81 Cr.-22.10 %,378.65 Cr.-24.00 %,495.57 Cr.-23.29 %,113.28 Cr.-15.15 %,225.92 Cr.-13.04 %,,330.40 Cr.-12.74 %,,,,,,,,,433.80 Cr.-12.46 %
MLBL,Net Profit TTMYOY,,,46.91 Cr.4.93 %,47.96 Cr.10.78 %,53.31 Cr.14.52 %,50.67 Cr.7.77 %,50.99 Cr.8.71 %,52.51 Cr.9.49 %,,53.01 Cr.-0.58 %,,,,,,,,,63.00 Cr.24.33 %
MLBL,Revenue TTMYOY,,,607.61 Cr.-10.45 %,572.36 Cr.-14.50 %,526.47 Cr.-21.42 %,495.57 Cr.-23.29 %,475.34 Cr.-21.77 %,461.68 Cr.-19.34 %,,447.31 Cr.-15.04 %,,,,,,,,,433.80 Cr.-12.46 %
MLBS,PE Ratio,,,83.7,63.0,49.4,136.8,74.8,69.4,,66.4,,,,,,,,,72.3
MLBS,PB Ratio,,,12.9,14.5,11.4,13.0,11.7,10.9,,9.2,,,,,,,,,7.9
MLBS,PS Ratio,,,10.3,11.7,9.1,8.7,8.4,7.8,,6.4,,,,,,,,,5.7
MLBS,ROE TTM,,,16.82 %,25.24 %,24.07 %,8.68 %,15.41 %,14.26 %,,11.67 %,,,,,,,,,19.22 %
MLBS,ROA TTM,,,1.63 %,2.51 %,2.38 %,0.86 %,1.50 %,1.33 %,,1.05 %,,,,,,,,,1.62 %
MLBS,Net Margin TTM,,,12.29 %,18.49 %,17.29 %,6.36 %,11.18 %,9.97 %,,7.72 %,,,,,,,,,12.50 %
MLBS,Asset Turnover TTM,,,13.26 %,13.55 %,13.76 %,13.52 %,13.38 %,13.34 %,,13.59 %,,,,,,,,,12.93 %
MLBS,EPS TTMYOY,,,22.71-,34.69-,32.649.39 %,11.92-32.01 %,20.98-7.63 %,19.12-44.88 %,,15.43-52.73 %,,,,,,,,,24.66106.91 %
MLBS,BVPSYOY,,,147.847.14 %,150.2913.87 %,122.934.32 %,125.82-9.66 %,133.66-9.59 %,137.81-8.31 %,,141.2014.86 %,,,,,,,,,103.10-18.06 %
MLBS,Net Profit Till QtrYOY,,,-56.16 Lac.-,9.87 Lac.-,93.31 Lac.-,1.30 Cr.-32.01 %,42.91 Lac.-,88.68 Lac.798.59 %,,1.32 Cr.41.19 %,,,,,,,,,2.70 Cr.106.91 %
MLBS,Revenue Till QtrYOY,,,5.18 Cr.11.59 %,10.19 Cr.8.97 %,14.78 Cr.7.04 %,20.49 Cr.4.12 %,5.22 Cr.0.67 %,10.67 Cr.4.73 %,,16.15 Cr.9.21 %,,,,,,,,,21.58 Cr.5.35 %
MLBS,Net Profit TTMYOY,,,2.48 Cr.-,3.79 Cr.-,3.57 Cr.9.39 %,1.30 Cr.-32.01 %,2.29 Cr.-7.63 %,2.09 Cr.-44.88 %,,1.69 Cr.-52.73 %,,,,,,,,,2.70 Cr.106.91 %
MLBS,Revenue TTMYOY,,,20.22 Cr.-3.66 %,20.52 Cr.2.15 %,20.65 Cr.6.96 %,20.49 Cr.4.12 %,20.52 Cr.1.51 %,20.97 Cr.2.21 %,,21.85 Cr.5.80 %,,,,,,,,,21.58 Cr.5.35 %
MLBSL,PE Ratio,,,54.1,51.1,34.9,30.3,51.5,50.5,,83.5,,,,,,,,,85.8
MLBSL,PB Ratio,,,10.1,10.4,9.4,8.7,8.4,7.5,,7.0,,,,,,,,,5.3
MLBSL,PS Ratio,,,7.5,7.8,6.6,5.7,6.3,6.2,,6.3,,,,,,,,,4.6
MLBSL,ROE TTM,,,22.09 %,28.97 %,31.58 %,16.41 %,15.45 %,8.73 %,,6.01 %,,,,,,,,,16.64 %
MLBSL,ROA TTM,,,2.04 %,2.63 %,2.91 %,1.53 %,1.44 %,0.82 %,,0.57 %,,,,,,,,,1.45 %
MLBSL,Net Margin TTM,,,15.18 %,18.90 %,18.96 %,12.15 %,12.09 %,7.49 %,,5.18 %,,,,,,,,,9.84 %
MLBSL,Asset Turnover TTM,,,13.41 %,13.91 %,15.34 %,12.58 %,11.93 %,11.00 %,,10.91 %,,,,,,,,,14.76 %
MLBSL,EPS TTMYOY,,,47.3246.23 %,63.05142.60 %,72.15147.95 %,38.68-7.00 %,37.26-21.26 %,21.52-65.87 %,,14.91-79.33 %,,,,,,,,,37.91-1.97 %
MLBSL,BVPSYOY,,,231.616.39 %,234.9419.82 %,250.1423.92 %,238.076.42 %,251.238.47 %,258.109.86 %,,243.39-2.70 %,,,,,,,,,148.70-37.54 %
MLBSL,Net Profit Till QtrYOY,,,2.33 Cr.114.51 %,7.33 Cr.175.57 %,10.68 Cr.165.07 %,8.41 Cr.-7.00 %,2.02 Cr.-13.25 %,3.60 Cr.-50.93 %,,5.51 Cr.-48.43 %,,,,,,,,,8.25 Cr.-1.97 %
MLBSL,Revenue Till QtrYOY,,,19.93 Cr.14.88 %,39.87 Cr.22.58 %,60.50 Cr.40.81 %,69.24 Cr.6.13 %,17.71 Cr.-11.15 %,33.15 Cr.-16.86 %,,53.84 Cr.-11.02 %,,,,,,,,,83.82 Cr.21.04 %
MLBSL,Net Profit TTMYOY,,,10.29 Cr.46.23 %,13.72 Cr.142.60 %,15.70 Cr.147.95 %,8.41 Cr.-7.00 %,8.11 Cr.-21.26 %,4.68 Cr.-65.87 %,,3.24 Cr.-79.33 %,,,,,,,,,8.25 Cr.-1.97 %
MLBSL,Revenue TTMYOY,,,67.83 Cr.-5.29 %,72.59 Cr.5.01 %,82.78 Cr.31.57 %,69.24 Cr.6.13 %,67.02 Cr.-1.19 %,62.52 Cr.-13.87 %,,62.58 Cr.-24.41 %,,,,,,,,,83.82 Cr.21.04 %
MMKJL,PE Ratio,,,"-1,554.4","-1,062.0",-835.7,-920.6,593.4,581.7,,82.4,,,,,,,,,40.9
MMKJL,PB Ratio,,,6.4,8.4,6.6,6.6,6.4,6.3,,5.0,,,,,,,,,4.5
MMKJL,PS Ratio,,,13.3,13.3,10.4,210.0,36.5,35.8,,100.4,,,,,,,,,0.0
MMKJL,ROE TTM,,,-,-,-,-,1.10 %,4.66 %,,32.11 %,,,,,,,,,11.55 %
MMKJL,ROA TTM,,,-0.13 %,-0.24 %,-0.00 %,-0.20 %,0.12 %,0.49 %,,3.45 %,,,,,,,,,1.26 %
MMKJL,Net Margin TTM,,,-0.85 %,-1.25 %,-0.03 %,-22.80 %,6.16 %,88.11 %,,-109.08 %,,,,,,,,,25.81 %
MMKJL,Asset Turnover TTM,,,15.05 %,19.18 %,16.36 %,0.89 %,1.89 %,0.56 %,,-3.16 %,,,,,,,,,4.89 %
MMKJL,EPS TTMYOY,,,-0.39-,-0.74-,-0.01-,-0.64-,1.03-,4.37-,,30.38-,,,,,,,,,11.13-
MMKJL,BVPSYOY,,,94.4714.81 %,93.68-0.74 %,92.020.03 %,89.52-0.62 %,95.531.13 %,98.044.65 %,,97.946.43 %,,,,,,,,,100.5712.34 %
MMKJL,Net Profit Till QtrYOY,,,4.39 Cr.-,3.56 Cr.-,1.90 Cr.-,-63.87 Lac.-,6.06 Cr.37.96 %,8.57 Cr.140.63 %,,"32.92 Cr.1,631.81 %",,,,,,,,,11.13 Cr.-
MMKJL,Revenue Till QtrYOY,,,1.07 Cr.-89.62 %,23.74 Cr.23.21 %,31.21 Cr.-10.60 %,2.80 Cr.-94.90 %,"14.97 Cr.1,292.86 %",25.90 Cr.9.08 %,,56.48 Lac.-98.19 %,,,,,,,,,"43.11 Cr.1,439.07 %"
MMKJL,Net Profit TTMYOY,,,-38.99 Lac.-,-74.20 Lac.-,-1.47 Lac.-,-63.87 Lac.-,1.03 Cr.-,4.37 Cr.-,,30.38 Cr.-,,,,,,,,,11.13 Cr.-
MMKJL,Revenue TTMYOY,,,45.64 Cr.10.21 %,59.39 Cr.54.08 %,51.21 Cr.10.03 %,2.80 Cr.-94.90 %,16.70 Cr.-63.41 %,4.96 Cr.-91.65 %,,"-2,784.88 Lac.-",,,,,,,,,"43.11 Cr.1,439.07 %"
MNBBL,PE Ratio,,,21.8,19.0,18.7,21.0,19.1,19.6,,17.4,,,,,,,,,19.2
MNBBL,PB Ratio,,,2.6,2.4,2.3,2.7,2.4,2.4,,2.5,,,,,,,,,2.3
MNBBL,PS Ratio,,,2.0,2.2,2.1,2.9,2.6,2.7,,2.8,,,,,,,,,2.9
MNBBL,ROE TTM,,,13.11 %,13.07 %,10.56 %,13.85 %,13.01 %,14.67 %,,14.72 %,,,,,,,,,12.36 %
MNBBL,ROA TTM,,,1.05 %,1.08 %,0.89 %,1.19 %,1.14 %,1.30 %,,1.32 %,,,,,,,,,1.12 %
MNBBL,Net Margin TTM,,,10.46 %,11.45 %,10.01 %,13.92 %,13.71 %,16.26 %,,17.40 %,,,,,,,,,15.66 %
MNBBL,Asset Turnover TTM,,,10.05 %,9.43 %,8.94 %,8.56 %,8.28 %,7.97 %,,7.59 %,,,,,,,,,7.16 %
MNBBL,EPS TTMYOY,,,16.653.65 %,17.0317.67 %,14.15-20.80 %,19.2220.19 %,18.5011.13 %,21.3325.26 %,,21.9455.03 %,,,,,,,,,18.98-1.24 %
MNBBL,BVPSYOY,,,135.7212.82 %,136.7713.32 %,139.4310.33 %,149.6913.52 %,149.7510.33 %,151.3510.66 %,,155.0911.23 %,,,,,,,,,161.828.10 %
MNBBL,Net Profit Till QtrYOY,,,28.18 Cr.23.17 %,50.31 Cr.19.79 %,72.49 Cr.-16.86 %,153.74 Cr.20.19 %,22.48 Cr.-20.24 %,67.20 Cr.33.57 %,,94.26 Cr.30.04 %,,,,,,,,,151.84 Cr.-1.24 %
MNBBL,Revenue Till QtrYOY,,,287.51 Cr.-25.58 %,557.44 Cr.-24.69 %,820.71 Cr.-22.66 %,"1,104.61 Cr.-19.49 %",262.72 Cr.-8.62 %,502.15 Cr.-9.92 %,,724.85 Cr.-11.68 %,,,,,,,,,969.66 Cr.-12.22 %
MNBBL,Net Profit TTMYOY,,,133.21 Cr.3.65 %,136.22 Cr.17.67 %,113.22 Cr.-20.80 %,153.74 Cr.20.19 %,148.04 Cr.11.13 %,170.63 Cr.25.26 %,,175.52 Cr.55.03 %,,,,,,,,,151.84 Cr.-1.24 %
MNBBL,Revenue TTMYOY,,,"1,273.17 Cr.-18.08 %","1,189.25 Cr.-21.99 %","1,131.49 Cr.-22.26 %","1,104.61 Cr.-19.49 %","1,079.82 Cr.-15.19 %","1,049.32 Cr.-11.77 %",,"1,008.74 Cr.-10.85 %",,,,,,,,,969.66 Cr.-12.22 %
MPFL,PE Ratio,,,224.4,136.2,130.4,141.6,147.1,176.5,,547.4,,,,,,,,,551.3
MPFL,PB Ratio,,,6.5,5.5,5.4,5.2,4.5,5.4,,5.3,,,,,,,,,5.3
MPFL,PS Ratio,,,19.3,15.5,15.1,14.3,36.7,44.0,,45.4,,,,,,,,,47.1
MPFL,ROE TTM,,,4.14 %,4.16 %,3.70 %,3.24 %,3.05 %,1.53 %,,0.96 %,,,,,,,,,7.36 %
MPFL,ROA TTM,,,1.12 %,1.04 %,0.84 %,0.69 %,0.60 %,0.29 %,,0.17 %,,,,,,,,,1.28 %
MPFL,Net Margin TTM,,,11.76 %,11.60 %,10.11 %,26.63 %,24.95 %,13.28 %,,8.66 %,,,,,,,,,20.59 %
MPFL,Asset Turnover TTM,,,9.55 %,8.93 %,8.32 %,2.59 %,2.42 %,2.15 %,,1.99 %,,,,,,,,,6.24 %
MPFL,EPS TTMYOY,,,4.68134.79 %,4.7795.38 %,4.2757.37 %,3.8214.66 %,3.62-22.50 %,1.82-61.83 %,,1.15-73.13 %,,,,,,,,,8.91133.01 %
MPFL,BVPSYOY,,,115.736.81 %,116.332.87 %,116.592.48 %,126.0110.05 %,119.603.34 %,118.581.94 %,,119.312.33 %,,,,,,,,,121.76-3.38 %
MPFL,Net Profit Till QtrYOY,,,1.48 Cr.124.53 %,2.00 Cr.78.12 %,2.16 Cr.35.87 %,2.33 Cr.14.66 %,1.36 Cr.-8.17 %,78.35 Lac.-60.90 %,,53.24 Lac.-75.41 %,,,,,,,,,5.43 Cr.133.01 %
MPFL,Revenue Till QtrYOY,,,6.32 Cr.11.18 %,13.06 Cr.12.88 %,19.43 Cr.12.37 %,8.76 Cr.-62.92 %,6.43 Cr.1.66 %,12.67 Cr.-2.95 %,,18.76 Cr.-3.49 %,,,,,,,,,26.40 Cr.201.33 %
MPFL,Net Profit TTMYOY,,,2.85 Cr.134.79 %,2.91 Cr.95.38 %,2.61 Cr.57.37 %,2.33 Cr.14.66 %,2.21 Cr.-22.50 %,1.11 Cr.-61.83 %,,70.01 Lac.-73.13 %,,,,,,,,,5.43 Cr.133.01 %
MPFL,Revenue TTMYOY,,,24.26 Cr.19.12 %,25.12 Cr.21.43 %,25.77 Cr.22.81 %,8.76 Cr.-62.92 %,8.87 Cr.-63.46 %,8.38 Cr.-66.65 %,,8.08 Cr.-68.63 %,,,,,,,,,26.40 Cr.201.33 %
MSHL,PE Ratio,,,319.5,110.8,86.0,48.8,47.8,48.0,,42.3,,,,,,,,,33.1
MSHL,PB Ratio,,,10.0,9.8,7.6,7.5,7.4,7.5,,6.1,,,,,,,,,5.1
MSHL,PS Ratio,,,28.8,27.3,21.2,19.4,19.0,20.1,,17.9,,,,,,,,,16.9
MSHL,ROE TTM,,,7.04 %,9.38 %,11.09 %,16.62 %,16.84 %,15.62 %,,16.52 %,,,,,,,,,12.95 %
MSHL,ROA TTM,,,2.62 %,3.44 %,4.16 %,6.40 %,6.72 %,6.45 %,,7.03 %,,,,,,,,,5.67 %
MSHL,Net Margin TTM,,,19.03 %,24.62 %,29.45 %,39.82 %,41.82 %,41.61 %,,50.30 %,,,,,,,,,39.66 %
MSHL,Asset Turnover TTM,,,13.76 %,13.98 %,14.11 %,16.08 %,16.07 %,15.50 %,,13.98 %,,,,,,,,,14.29 %
MSHL,EPS TTMYOY,,,6.58729.06 %,8.6166.49 %,10.40210.64 %,16.10477.24 %,16.98158.03 %,16.3689.92 %,,17.9372.33 %,,,,,,,,,14.55-9.67 %
MSHL,BVPSYOY,,,93.517.48 %,97.559.21 %,99.2611.22 %,104.4916.72 %,109.3516.94 %,113.1616.00 %,,116.4117.28 %,,,,,,,,,118.2613.18 %
MSHL,Net Profit Till QtrYOY,,,"3.43 Cr.1,910.12 %",7.24 Cr.225.14 %,8.71 Cr.303.03 %,13.86 Cr.477.24 %,4.18 Cr.21.89 %,7.46 Cr.3.05 %,,10.28 Cr.18.00 %,,,,,,,,,12.52 Cr.-9.67 %
MSHL,Revenue Till QtrYOY,,,8.84 Cr.54.05 %,17.79 Cr.24.16 %,24.13 Cr.18.35 %,34.80 Cr.30.57 %,8.97 Cr.1.57 %,16.82 Cr.-5.43 %,,20.00 Cr.-17.11 %,,,,,,,,,31.57 Cr.-9.30 %
MSHL,Net Profit TTMYOY,,,5.66 Cr.729.06 %,7.41 Cr.66.49 %,8.95 Cr.210.64 %,13.86 Cr.477.24 %,14.61 Cr.158.03 %,14.08 Cr.89.92 %,,15.43 Cr.72.33 %,,,,,,,,,12.52 Cr.-9.67 %
MSHL,Revenue TTMYOY,,,29.75 Cr.29.70 %,30.11 Cr.5.09 %,30.39 Cr.11.85 %,34.80 Cr.30.57 %,34.94 Cr.17.43 %,33.83 Cr.12.35 %,,30.67 Cr.0.92 %,,,,,,,,,31.57 Cr.-9.30 %
MSLB,PE Ratio,,,85.0,88.1,72.3,47.1,35.4,34.4,,28.4,,,,,,,,,26.4
MSLB,PB Ratio,,,8.7,7.1,6.1,6.8,6.4,6.2,,6.5,,,,,,,,,5.8
MSLB,PS Ratio,,,9.1,6.7,5.8,7.5,7.1,6.9,,6.5,,,,,,,,,5.8
MSLB,ROE TTM,,,8.36 %,7.99 %,11.58 %,16.37 %,20.33 %,23.44 %,,25.11 %,,,,,,,,,23.68 %
MSLB,ROA TTM,,,1.38 %,1.28 %,1.83 %,2.59 %,3.21 %,3.04 %,,4.06 %,,,,,,,,,3.82 %
MSLB,Net Margin TTM,,,8.09 %,7.63 %,11.14 %,15.96 %,20.17 %,22.81 %,,24.13 %,,,,,,,,,22.94 %
MSLB,Asset Turnover TTM,,,17.10 %,16.83 %,16.42 %,16.21 %,15.90 %,13.34 %,,16.83 %,,,,,,,,,16.63 %
MSLB,EPS TTMYOY,,,13.95455.64 %,13.41-,19.98313.01 %,29.5665.67 %,38.34174.90 %,45.31237.82 %,,50.78154.22 %,,,,,,,,,49.8868.76 %
MSLB,BVPSYOY,,,173.408.33 %,165.811.86 %,185.6913.05 %,204.6618.04 %,213.4623.10 %,196.8618.72 %,,210.3713.29 %,,,,,,,,,227.9111.36 %
MSLB,Net Profit Till QtrYOY,,,4.50 Lac.-97.11 %,89.60 Lac.-65.69 %,4.06 Cr.25.63 %,11.45 Cr.65.67 %,"3.45 Cr.7,563.69 %",7.00 Cr.681.50 %,,12.28 Cr.202.80 %,,,,,,,,,19.33 Cr.68.76 %
MSLB,Revenue Till QtrYOY,,,17.67 Cr.13.68 %,34.17 Cr.11.24 %,51.77 Cr.10.26 %,71.74 Cr.10.98 %,19.59 Cr.10.86 %,39.42 Cr.15.34 %,,61.57 Cr.18.94 %,,,,,,,,,84.24 Cr.17.42 %
MSLB,Net Profit TTMYOY,,,5.40 Cr.455.64 %,5.20 Cr.-,7.74 Cr.313.01 %,11.45 Cr.65.67 %,14.86 Cr.174.90 %,17.56 Cr.237.82 %,,19.68 Cr.154.22 %,,,,,,,,,19.33 Cr.68.76 %
MSLB,Revenue TTMYOY,,,66.77 Cr.30.84 %,68.10 Cr.47.70 %,69.46 Cr.47.94 %,71.74 Cr.10.98 %,73.66 Cr.10.32 %,76.98 Cr.13.05 %,,81.54 Cr.17.40 %,,,,,,,,,84.24 Cr.17.42 %
NABBC,PE Ratio,,,751.3,64.4,75.8,-643.7,-97.1,-114.9,,-87.9,,,,,,,,,-79.3
NABBC,PB Ratio,,,21.4,72.1,84.9,81.7,83.5,54.7,,41.8,,,,,,,,,27.6
NABBC,PS Ratio,,,28.8,0.0,0.0,83.5,125.8,3.2,,2.5,,,,,,,,,198.3
NABBC,ROE TTM,,,14.56 %,101.08 %,-,-,-,-,,-,,,,,,,,,-
NABBC,ROA TTM,,,1.36 %,8.97 %,-0.92 %,-3.93 %,-7.38 %,-12.17 %,,-10.85 %,,,,,,,,,-8.66 %
NABBC,Net Margin TTM,,,18.81 %,-2.63 %,-12.97 %,-70.47 %,-129.48 %,-2.82 %,,-287.59 %,,,,,,,,,-235.15 %
NABBC,Asset Turnover TTM,,,7.24 %,-340.67 %,7.12 %,5.58 %,5.70 %,432.03 %,,3.77 %,,,,,,,,,3.68 %
NABBC,EPS TTMYOY,,,1.81-,11.72-,-1.18-,-4.79-,-8.08-,-12.95-,,-11.86-,,,,,,,,,-10.25-
NABBC,BVPSYOY,,,11.94-19.02 %,10.4735.32 %,9.31-28.73 %,63.57330.77 %,9.40-21.26 %,27.21159.97 %,,32.98254.32 %,,,,,,,,,29.47-53.64 %
NABBC,Net Profit Till QtrYOY,,,-48.51 Lac.-,-45.53 Lac.-,-126.75 Lac.-,-251.69 Lac.-,-221.07 Lac.-,-473.48 Lac.-,,-497.82 Lac.-,,,,,,,,,-537.97 Lac.-
NABBC,Revenue Till QtrYOY,,,79.97 Lac.-46.19 %,"-23,668.60 Lac.-",3.04 Cr.-24.09 %,3.57 Cr.-37.81 %,50.44 Lac.-36.93 %,99.94 Lac.-,,1.63 Cr.-46.27 %,,,,,,,,,2.29 Cr.-35.95 %
NABBC,Net Profit TTMYOY,,,95.13 Lac.-,6.15 Cr.-,-61.99 Lac.-,-251.69 Lac.-,-424.25 Lac.-,-679.64 Lac.-,,-622.76 Lac.-,,,,,,,,,-537.97 Lac.-
NABBC,Revenue TTMYOY,,,5.06 Cr.-27.52 %,"-23,357.80 Lac.-",4.78 Cr.-21.13 %,3.57 Cr.-37.81 %,3.28 Cr.-35.21 %,241.26 Cr.-,,2.17 Cr.-54.69 %,,,,,,,,,2.29 Cr.-35.95 %
NABIL,PE Ratio,,,21.0,18.5,18.7,19.9,20.1,18.4,,19.5,,,,,,,,,20.1
NABIL,PB Ratio,,,2.6,2.2,2.2,2.2,2.1,2.3,,2.4,,,,,,,,,2.3
NABIL,PS Ratio,,,3.6,3.1,3.1,3.5,3.5,4.1,,4.2,,,,,,,,,4.0
NABIL,ROE TTM,,,13.08 %,12.13 %,12.47 %,11.65 %,10.96 %,13.58 %,,13.15 %,,,,,,,,,11.36 %
NABIL,ROA TTM,,,1.42 %,1.28 %,1.30 %,1.20 %,1.10 %,1.35 %,,1.28 %,,,,,,,,,1.08 %
NABIL,Net Margin TTM,,,17.00 %,16.56 %,18.08 %,17.61 %,17.31 %,22.02 %,,22.30 %,,,,,,,,,19.99 %
NABIL,Asset Turnover TTM,,,8.34 %,7.71 %,7.17 %,6.79 %,6.37 %,6.12 %,,5.73 %,,,,,,,,,5.42 %
NABIL,EPS TTMYOY,,,28.263.00 %,26.25-2.89 %,27.515.15 %,26.340.96 %,25.24-10.71 %,31.9421.71 %,,31.5714.74 %,,,,,,,,,27.745.31 %
NABIL,BVPSYOY,,,229.485.14 %,219.017.13 %,226.368.62 %,235.587.00 %,240.724.90 %,254.1216.03 %,,243.307.48 %,,,,,,,,,247.284.97 %
NABIL,Net Profit Till QtrYOY,,,205.66 Cr.39.97 %,324.43 Cr.1.29 %,505.14 Cr.8.21 %,712.76 Cr.0.96 %,175.70 Cr.-14.57 %,475.96 Cr.46.71 %,,646.46 Cr.27.98 %,,,,,,,,,750.58 Cr.5.31 %
NABIL,Revenue Till QtrYOY,,,"1,082.00 Cr.-10.81 %","2,041.94 Cr.-14.36 %","3,031.38 Cr.-14.46 %","4,047.05 Cr.-12.60 %",980.11 Cr.-9.42 %,"1,920.08 Cr.-5.97 %",,"2,814.37 Cr.-7.16 %",,,,,,,,,"3,755.54 Cr.-7.20 %"
NABIL,Net Profit TTMYOY,,,764.73 Cr.3.00 %,710.12 Cr.-2.89 %,744.34 Cr.5.15 %,712.76 Cr.0.96 %,682.80 Cr.-10.71 %,864.29 Cr.21.71 %,,854.08 Cr.14.74 %,,,,,,,,,750.58 Cr.5.31 %
NABIL,Revenue TTMYOY,,,"4,499.13 Cr.-6.79 %","4,287.88 Cr.-12.24 %","4,117.74 Cr.-15.87 %","4,047.05 Cr.-12.60 %","3,945.16 Cr.-12.31 %","3,925.19 Cr.-8.46 %",,"3,830.04 Cr.-6.99 %",,,,,,,,,"3,755.54 Cr.-7.20 %"
NADEP,PE Ratio,,,39.0,61.6,29.0,85.1,66.1,34.2,,49.5,,,,,,,,,31.1
NADEP,PB Ratio,,,5.6,5.9,5.5,5.7,4.4,5.0,,4.8,,,,,,,,,4.4
NADEP,PS Ratio,,,6.0,5.8,4.5,5.6,4.3,4.5,,4.5,,,,,,,,,4.3
NADEP,ROE TTM,,,9.23 %,16.33 %,16.72 %,6.65 %,14.10 %,9.84 %,,14.34 %,,,,,,,,,17.72 %
NADEP,ROA TTM,,,1.28 %,2.13 %,2.10 %,0.83 %,1.66 %,1.12 %,,1.64 %,,,,,,,,,2.08 %
NADEP,Net Margin TTM,,,9.35 %,15.42 %,14.74 %,6.54 %,13.07 %,8.95 %,,13.55 %,,,,,,,,,17.10 %
NADEP,Asset Turnover TTM,,,13.66 %,13.82 %,14.24 %,12.71 %,12.69 %,12.52 %,,12.07 %,,,,,,,,,12.18 %
NADEP,EPS TTMYOY,,,"16.451,590.52 %","27.911,305.92 %",28.00942.22 %,11.06-58.71 %,22.4836.69 %,15.39-44.87 %,,22.88-18.31 %,,,,,,,,,29.52166.90 %
NADEP,BVPSYOY,,,172.94-5.78 %,147.23-15.48 %,156.85-8.94 %,166.08-11.63 %,154.24-10.81 %,157.366.89 %,,162.873.84 %,,,,,,,,,192.2915.78 %
NADEP,Net Profit Till QtrYOY,,,-497.25 Lac.-,1.67 Cr.48.67 %,77.05 Lac.325.39 %,5.37 Cr.-58.71 %,57.68 Lac.-,3.77 Cr.126.12 %,,6.51 Cr.744.95 %,,,,,,,,,14.34 Cr.166.90 %
NADEP,Revenue Till QtrYOY,,,16.98 Cr.5.42 %,37.93 Cr.9.81 %,58.99 Cr.15.11 %,82.13 Cr.-2.85 %,18.43 Cr.8.51 %,39.32 Cr.3.66 %,,58.87 Cr.-0.20 %,,,,,,,,,83.87 Cr.2.12 %
NADEP,Net Profit TTMYOY,,,"7.99 Cr.1,590.52 %","13.56 Cr.1,305.92 %",13.60 Cr.942.22 %,5.37 Cr.-58.71 %,10.92 Cr.36.69 %,7.47 Cr.-44.87 %,,11.11 Cr.-18.31 %,,,,,,,,,14.34 Cr.166.90 %
NADEP,Revenue TTMYOY,,,85.41 Cr.19.78 %,87.93 Cr.26.02 %,92.28 Cr.31.35 %,82.13 Cr.-2.85 %,83.57 Cr.-2.15 %,83.52 Cr.-5.02 %,,82.01 Cr.-11.13 %,,,,,,,,,83.87 Cr.2.12 %
NBL,PE Ratio,,,20.3,17.4,24.8,10.4,9.5,7.9,,10.7,,,,,,,,,9.0
NBL,PB Ratio,,,1.1,0.9,1.0,1.0,0.9,0.9,,1.0,,,,,,,,,1.0
NBL,PS Ratio,,,1.8,1.5,1.6,1.7,1.6,1.6,,1.8,,,,,,,,,1.8
NBL,ROE TTM,,,5.67 %,4.05 %,11.36 %,9.84 %,9.78 %,12.04 %,,9.78 %,,,,,,,,,11.40 %
NBL,ROA TTM,,,0.65 %,0.46 %,1.24 %,1.04 %,1.00 %,1.17 %,,0.92 %,,,,,,,,,1.04 %
NBL,Net Margin TTM,,,8.67 %,6.52 %,18.87 %,16.36 %,16.50 %,20.98 %,,16.90 %,,,,,,,,,20.50 %
NBL,Asset Turnover TTM,,,7.53 %,6.98 %,6.57 %,6.33 %,6.04 %,5.60 %,,5.46 %,,,,,,,,,5.08 %
NBL,EPS TTMYOY,,,14.40-28.24 %,10.40-46.03 %,29.33144.92 %,25.68127.72 %,25.5877.60 %,31.42202.19 %,,25.74-12.24 %,,,,,,,,,30.6319.27 %
NBL,BVPSYOY,,,264.716.54 %,261.963.73 %,260.745.81 %,259.810.87 %,260.32-1.66 %,262.430.18 %,,272.794.62 %,,,,,,,,,287.7010.73 %
NBL,Net Profit Till QtrYOY,,,60.22 Cr.322.98 %,46.10 Cr.-21.87 %,"278.35 Cr.2,032.80 %",377.30 Cr.127.72 %,58.83 Cr.-2.31 %,130.49 Cr.183.04 %,,279.30 Cr.0.34 %,,,,,,,,,450.02 Cr.19.27 %
NBL,Revenue Till QtrYOY,,,586.70 Cr.-12.63 %,"1,144.51 Cr.-13.62 %","1,688.69 Cr.-12.49 %","2,306.86 Cr.-8.65 %",558.33 Cr.-4.84 %,"1,037.77 Cr.-9.33 %",,"1,619.76 Cr.-4.08 %",,,,,,,,,"2,195.38 Cr.-4.83 %"
NBL,Net Profit TTMYOY,,,211.67 Cr.-28.24 %,152.78 Cr.-46.03 %,430.98 Cr.144.92 %,377.30 Cr.127.72 %,375.91 Cr.77.60 %,461.68 Cr.202.19 %,,378.25 Cr.-12.24 %,,,,,,,,,450.02 Cr.19.27 %
NBL,Revenue TTMYOY,,,"2,440.45 Cr.-7.99 %","2,344.85 Cr.-13.84 %","2,284.21 Cr.-14.14 %","2,306.86 Cr.-8.65 %","2,278.49 Cr.-6.64 %","2,200.11 Cr.-6.17 %",,"2,237.93 Cr.-2.03 %",,,,,,,,,"2,195.38 Cr.-4.83 %"
NESDO,PE Ratio,,,91.3,120.3,-50.5,-51.0,296.4,20.3,,20.9,,,,,,,,,17.2
NESDO,PB Ratio,,,6.1,5.9,7.3,7.3,5.4,5.6,,5.8,,,,,,,,,5.1
NESDO,PS Ratio,,,9.9,9.6,7.9,7.9,8.0,8.3,,8.3,,,,,,,,,7.9
NESDO,ROE TTM,,,4.92 %,-,-,-,1.88 %,29.92 %,,32.31 %,,,,,,,,,17.06 %
NESDO,ROA TTM,,,1.05 %,-2.11 %,-2.14 %,-0.24 %,0.35 %,5.27 %,,5.98 %,,,,,,,,,3.30 %
NESDO,Net Margin TTM,,,8.00 %,-15.59 %,-15.57 %,-1.90 %,2.69 %,40.58 %,,46.27 %,,,,,,,,,25.97 %
NESDO,Asset Turnover TTM,,,13.16 %,13.56 %,13.76 %,12.46 %,12.82 %,12.99 %,,12.92 %,,,,,,,,,12.69 %
NESDO,EPS TTMYOY,,,16.88-57.95 %,-32.89-,-32.36-,-3.47-,4.99-70.44 %,74.93-,,85.18-,,,,,,,,,47.03-
NESDO,BVPSYOY,,,345.113.37 %,221.66-35.06 %,224.72-35.00 %,263.44-24.62 %,272.45-21.05 %,269.9421.79 %,,287.4927.93 %,,,,,,,,,285.098.22 %
NESDO,Net Profit Till QtrYOY,,,79.91 Lac.-70.04 %,"-1,351.87 Lac.-","-1,160.58 Lac.-",-101.00 Lac.-,3.26 Cr.308.33 %,9.32 Cr.-,,14.22 Cr.-,,,,,,,,,13.70 Cr.-
NESDO,Revenue Till QtrYOY,,,12.09 Cr.-8.85 %,25.49 Cr.-4.38 %,37.99 Cr.-5.17 %,53.04 Cr.-15.31 %,13.08 Cr.8.17 %,26.25 Cr.2.98 %,,38.58 Cr.1.55 %,,,,,,,,,52.76 Cr.-0.53 %
NESDO,Net Profit TTMYOY,,,4.92 Cr.-57.95 %,-958.17 Lac.-,-942.72 Lac.-,-101.00 Lac.-,1.45 Cr.-70.44 %,21.83 Cr.-,,24.82 Cr.-,,,,,,,,,13.70 Cr.-
NESDO,Revenue TTMYOY,,,61.45 Cr.0.26 %,61.46 Cr.4.31 %,60.55 Cr.4.03 %,53.04 Cr.-15.31 %,54.03 Cr.-12.08 %,53.80 Cr.-12.46 %,,53.63 Cr.-11.43 %,,,,,,,,,52.76 Cr.-0.53 %
NFS,PE Ratio,,,543.6,375.9,130.8,284.0,-364.0,-359.3,,-53.5,,,,,,,,,-62.4
NFS,PB Ratio,,,9.8,5.4,4.9,5.2,5.3,5.3,,4.9,,,,,,,,,4.5
NFS,PS Ratio,,,31.7,16.6,14.6,16.6,14.9,14.7,,14.2,,,,,,,,,12.2
NFS,ROE TTM,,,1.45 %,3.80 %,1.86 %,2.16 %,-,-,,-,,,,,,,,,-
NFS,ROA TTM,,,0.39 %,0.94 %,0.43 %,0.47 %,-0.28 %,-1.68 %,,-1.11 %,,,,,,,,,-1.28 %
NFS,Net Margin TTM,,,4.34 %,11.14 %,5.83 %,6.41 %,-4.09 %,-26.42 %,,-16.32 %,,,,,,,,,-20.63 %
NFS,Asset Turnover TTM,,,8.98 %,8.47 %,7.31 %,7.28 %,6.89 %,6.36 %,,6.79 %,,,,,,,,,6.23 %
NFS,EPS TTMYOY,,,1.85-,4.87190.53 %,2.3911.01 %,2.8020.02 %,-1.78-,-11.10-,,-7.55-,,,,,,,,,-8.98-
NFS,BVPSYOY,,,127.852.01 %,128.990.50 %,129.031.76 %,134.513.94 %,121.70-4.81 %,121.25-6.00 %,,122.40-5.14 %,,,,,,,,,123.58-8.12 %
NFS,Net Profit Till QtrYOY,,,-240.01 Lac.-,"2.05 Cr.2,424.29 %",17.01 Lac.28.96 %,2.17 Cr.20.02 %,-595.60 Lac.-,-873.49 Lac.-,,-786.25 Lac.-,,,,,,,,,-696.16 Lac.-
NFS,Revenue Till QtrYOY,,,8.65 Cr.31.62 %,17.31 Cr.20.23 %,22.75 Cr.3.14 %,33.91 Cr.9.26 %,8.49 Cr.-1.81 %,15.99 Cr.-7.60 %,,24.74 Cr.8.71 %,,,,,,,,,33.75 Cr.-0.49 %
NFS,Net Profit TTMYOY,,,1.44 Cr.-,3.78 Cr.190.53 %,1.85 Cr.11.01 %,2.17 Cr.20.02 %,-138.13 Lac.-,-861.08 Lac.-,,-585.80 Lac.-,,,,,,,,,-696.16 Lac.-
NFS,Revenue TTMYOY,,,33.11 Cr.22.96 %,33.95 Cr.21.32 %,31.73 Cr.8.10 %,33.91 Cr.9.26 %,33.75 Cr.1.94 %,32.60 Cr.-3.98 %,,35.89 Cr.13.13 %,,,,,,,,,33.75 Cr.-0.49 %
NGPL,PE Ratio,,,350.6,546.4,923.5,874.8,797.2,774.1,,569.5,,,,,,,,,466.4
NGPL,PB Ratio,,,2.6,1.8,2.4,2.5,2.3,2.8,,2.9,,,,,,,,,2.7
NGPL,PS Ratio,,,73.3,87.9,125.8,130.4,118.9,137.2,,136.3,,,,,,,,,124.9
NGPL,ROE TTM,,,0.55 %,0.37 %,0.42 %,0.32 %,0.36 %,0.51 %,,0.59 %,,,,,,,,,0.85 %
NGPL,ROA TTM,,,0.49 %,0.36 %,0.41 %,0.31 %,0.35 %,0.46 %,,0.50 %,,,,,,,,,0.71 %
NGPL,Net Margin TTM,,,16.07 %,13.60 %,17.95 %,14.89 %,17.86 %,23.75 %,,26.39 %,,,,,,,,,35.60 %
NGPL,Asset Turnover TTM,,,3.04 %,2.63 %,2.26 %,2.08 %,1.94 %,1.93 %,,1.88 %,,,,,,,,,2.00 %
NGPL,EPS TTMYOY,,,0.48-,0.39-79.89 %,0.51-56.90 %,0.44-32.47 %,0.5413.27 %,0.7796.01 %,,0.8974.35 %,,,,,,,,,1.26187.17 %
NGPL,BVPSYOY,,,144.87178.29 %,149.9996.27 %,150.4991.36 %,155.7679.05 %,148.232.32 %,150.290.20 %,,151.520.68 %,,,,,,,,,138.02-11.39 %
NGPL,Net Profit Till QtrYOY,,,1.77 Cr.-27.46 %,2.32 Cr.-30.13 %,2.30 Cr.-19.32 %,1.71 Cr.-32.47 %,2.17 Cr.22.51 %,3.62 Cr.55.65 %,,4.05 Cr.76.00 %,,,,,,,,,4.92 Cr.187.17 %
NGPL,Revenue Till QtrYOY,,,4.30 Cr.-10.91 %,7.28 Cr.-10.51 %,8.95 Cr.-10.68 %,11.49 Cr.-5.18 %,4.62 Cr.7.50 %,8.44 Cr.15.90 %,,10.56 Cr.18.03 %,,,,,,,,,13.81 Cr.20.10 %
NGPL,Net Profit TTMYOY,,,1.86 Cr.-,1.53 Cr.-79.89 %,1.98 Cr.-56.90 %,1.71 Cr.-32.47 %,2.11 Cr.13.27 %,3.00 Cr.96.01 %,,3.46 Cr.74.35 %,,,,,,,,,4.92 Cr.187.17 %
NGPL,Revenue TTMYOY,,,11.60 Cr.-7.35 %,11.27 Cr.-9.44 %,11.05 Cr.-10.58 %,11.49 Cr.-5.18 %,11.82 Cr.1.91 %,12.65 Cr.12.29 %,,13.11 Cr.18.60 %,,,,,,,,,13.81 Cr.20.10 %
NHDL,PE Ratio,,,35.4,63.7,56.8,51.3,75.2,51.0,,49.9,,,,,,,,,47.5
NHDL,PB Ratio,,,5.4,6.9,6.2,5.8,5.3,5.4,,5.3,,,,,,,,,5.2
NHDL,PS Ratio,,,14.7,31.2,27.8,25.0,51.6,25.2,,24.4,,,,,,,,,23.4
NHDL,ROE TTM,,,15.50 %,11.81 %,11.93 %,11.90 %,7.54 %,11.34 %,,11.48 %,,,,,,,,,11.69 %
NHDL,ROA TTM,,,12.09 %,9.17 %,9.21 %,9.17 %,5.82 %,8.77 %,,9.11 %,,,,,,,,,9.52 %
NHDL,Net Margin TTM,,,41.49 %,49.04 %,49.64 %,48.73 %,68.56 %,49.50 %,,50.47 %,,,,,,,,,52.44 %
NHDL,Asset Turnover TTM,,,29.15 %,18.70 %,18.56 %,18.83 %,8.49 %,17.71 %,,18.04 %,,,,,,,,,18.16 %
NHDL,EPS TTMYOY,,,15.1891.59 %,11.9232.10 %,12.3529.38 %,12.6333.18 %,8.27-45.52 %,12.938.49 %,,13.428.62 %,,,,,,,,,14.0010.82 %
NHDL,BVPSYOY,,,99.375.64 %,109.3611.84 %,110.8712.15 %,111.6312.33 %,116.7517.49 %,121.7611.34 %,,123.6011.49 %,,,,,,,,,124.9211.90 %
NHDL,Net Profit Till QtrYOY,,,4.01 Cr.150.28 %,4.35 Cr.31.10 %,4.98 Cr.32.26 %,5.34 Cr.33.18 %,2.17 Cr.-46.00 %,4.47 Cr.2.94 %,,5.32 Cr.6.71 %,,,,,,,,,5.92 Cr.10.82 %
NHDL,Revenue Till QtrYOY,,,9.55 Cr.164.08 %,7.30 Cr.11.23 %,9.14 Cr.12.07 %,10.97 Cr.14.85 %,3.68 Cr.-61.41 %,7.39 Cr.1.20 %,,9.42 Cr.3.13 %,,,,,,,,,11.29 Cr.2.99 %
NHDL,Net Profit TTMYOY,,,6.42 Cr.91.59 %,5.04 Cr.32.10 %,5.23 Cr.29.38 %,5.34 Cr.33.18 %,3.50 Cr.-45.52 %,5.47 Cr.8.49 %,,5.68 Cr.8.62 %,,,,,,,,,5.92 Cr.10.82 %
NHDL,Revenue TTMYOY,,,15.48 Cr.53.76 %,10.28 Cr.1.34 %,10.53 Cr.5.26 %,10.97 Cr.14.85 %,5.10 Cr.-67.04 %,11.05 Cr.7.47 %,,11.25 Cr.6.83 %,,,,,,,,,11.29 Cr.2.99 %
NHPC,PE Ratio,,,-224.9,-198.8,-204.2,-238.2,"1,480.6",352.8,,314.0,,,,,,,,,216.6
NHPC,PB Ratio,,,2.3,2.3,2.3,2.2,2.0,2.4,,2.9,,,,,,,,,2.8
NHPC,PS Ratio,,,139.5,141.6,145.4,92.2,26.1,28.8,,29.7,,,,,,,,,25.0
NHPC,ROE TTM,,,-,-,-,0.13 %,0.68 %,0.94 %,,1.28 %,,,,,,,,,-
NHPC,ROA TTM,,,-1.07 %,-0.88 %,-0.69 %,0.10 %,0.50 %,0.67 %,,0.91 %,,,,,,,,,-0.67 %
NHPC,Net Margin TTM,,,-253.22 %,-71.32 %,-38.73 %,1.76 %,8.37 %,9.46 %,,11.37 %,,,,,,,,,-16.60 %
NHPC,Asset Turnover TTM,,,0.42 %,1.23 %,1.78 %,5.55 %,5.99 %,7.10 %,,7.98 %,,,,,,,,,4.05 %
NHPC,EPS TTMYOY,,,-1.30-,-1.10-,-0.88-,0.13-,0.66-,0.91-,,1.24-,,,,,,,,,-0.93-
NHPC,BVPSYOY,,,100.28-1.08 %,96.81-4.96 %,96.48-4.85 %,96.39-3.98 %,96.79-3.48 %,97.410.62 %,,97.140.68 %,,,,,,,,,95.46-0.96 %
NHPC,Net Profit Till QtrYOY,,,-25.88 Lac.-,67.36 Lac.-23.87 %,-81.41 Lac.-,31.33 Lac.-,1.07 Cr.-,2.60 Cr.285.85 %,,1.93 Cr.-,,,,,,,,,-229.29 Lac.-
NHPC,Revenue Till QtrYOY,,,3.77 Cr.-42.21 %,5.24 Cr.-4.23 %,4.47 Cr.53.11 %,17.77 Cr.341.37 %,5.60 Cr.48.38 %,11.12 Cr.112.41 %,,13.55 Cr.203.53 %,,,,,,,,,13.81 Cr.-22.24 %
NHPC,Net Profit TTMYOY,,,-321.26 Lac.-,-270.57 Lac.-,-215.90 Lac.-,31.33 Lac.-,1.64 Cr.-,2.24 Cr.-,,3.05 Cr.-,,,,,,,,,-229.29 Lac.-
NHPC,Revenue TTMYOY,,,1.27 Cr.-73.84 %,3.79 Cr.-16.85 %,5.57 Cr.18.97 %,17.77 Cr.341.37 %,"19.59 Cr.1,444.25 %",23.65 Cr.523.46 %,,26.85 Cr.381.76 %,,,,,,,,,13.81 Cr.-22.24 %
NICA,PE Ratio,,,48.8,-144.1,-146.6,321.9,272.3,290.5,,379.7,,,,,,,,,262.7
NICA,PB Ratio,,,2.2,1.8,1.8,1.8,1.6,1.7,,1.8,,,,,,,,,1.9
NICA,PS Ratio,,,1.8,1.6,1.6,1.8,1.8,1.9,,2.2,,,,,,,,,2.0
NICA,ROE TTM,,,1.59 %,-,-,0.54 %,0.58 %,0.48 %,,0.50 %,,,,,,,,,0.65 %
NICA,ROA TTM,,,0.14 %,-0.11 %,-0.12 %,0.05 %,0.05 %,0.04 %,,0.04 %,,,,,,,,,0.05 %
NICA,Net Margin TTM,,,1.31 %,-1.11 %,-1.20 %,0.56 %,0.65 %,0.56 %,,0.61 %,,,,,,,,,0.80 %
NICA,Asset Turnover TTM,,,10.89 %,10.33 %,10.20 %,9.47 %,7.07 %,6.70 %,,6.27 %,,,,,,,,,5.85 %
NICA,EPS TTMYOY,,,3.23-87.66 %,-2.48-,-2.52-,1.08-88.31 %,1.16-64.07 %,0.95-,,0.97-,,,,,,,,,1.2212.46 %
NICA,BVPSYOY,,,203.790.86 %,198.92-3.01 %,199.30-3.00 %,197.90-2.15 %,198.74-2.48 %,198.33-0.30 %,,172.97-13.21 %,,,,,,,,,172.32-12.93 %
NICA,Net Profit Till QtrYOY,,,11.05 Cr.-89.06 %,15.17 Cr.-92.03 %,15.68 Cr.-91.81 %,16.16 Cr.-88.31 %,12.22 Cr.10.53 %,13.12 Cr.-13.54 %,,14.03 Cr.-10.49 %,,,,,,,,,18.17 Cr.12.46 %
NICA,Revenue Till QtrYOY,,,849.15 Cr.-16.49 %,"1,565.29 Cr.-23.81 %","2,246.93 Cr.-23.63 %","2,881.62 Cr.-24.91 %",633.50 Cr.-25.40 %,"1,203.31 Cr.-23.13 %",,"1,748.79 Cr.-22.17 %",,,,,,,,,"2,273.21 Cr.-21.11 %"
NICA,Net Profit TTMYOY,,,48.20 Cr.-87.66 %,"-3,702.08 Lac.-","-3,762.46 Lac.-",16.16 Cr.-88.31 %,17.32 Cr.-64.07 %,14.10 Cr.-,,14.51 Cr.-,,,,,,,,,18.17 Cr.12.46 %
NICA,Revenue TTMYOY,,,"3,669.79 Cr.-4.89 %","3,348.24 Cr.-15.33 %","3,142.36 Cr.-19.46 %","2,881.62 Cr.-24.91 %","2,665.97 Cr.-27.35 %","2,519.64 Cr.-24.75 %",,"2,383.48 Cr.-24.15 %",,,,,,,,,"2,273.21 Cr.-21.11 %"
NICL,PE Ratio,,,23.6,29.1,50.7,58.1,40.4,60.7,,53.3,,,,,,,,,52.2
NICL,PB Ratio,,,4.7,4.7,4.1,3.6,2.9,2.9,,2.9,,,,,,,,,2.9
NICL,PS Ratio,,,9.8,10.2,6.4,8.7,7.0,6.4,,6.3,,,,,,,,,6.4
NICL,ROE TTM,,,16.65 %,8.27 %,7.21 %,8.19 %,5.21 %,5.62 %,,5.60 %,,,,,,,,,2.89 %
NICL,ROA TTM,,,9.03 %,4.46 %,3.95 %,4.64 %,2.80 %,3.11 %,,3.18 %,,,,,,,,,1.65 %
NICL,Net Margin TTM,,,34.88 %,12.57 %,14.92 %,17.23 %,10.60 %,11.76 %,,12.10 %,,,,,,,,,5.89 %
NICL,Asset Turnover TTM,,,25.88 %,35.45 %,26.45 %,26.95 %,26.46 %,26.41 %,,26.30 %,,,,,,,,,27.98 %
NICL,EPS TTMYOY,,,22.1618.69 %,11.33-61.21 %,10.38-63.64 %,12.42-54.83 %,8.23-62.88 %,9.24-18.51 %,,9.57-7.79 %,,,,,,,,,5.00-59.69 %
NICL,BVPSYOY,,,138.7016.72 %,138.954.48 %,167.4523.40 %,173.3624.52 %,171.5823.71 %,170.1122.43 %,,173.043.34 %,,,,,,,,,176.852.01 %
NICL,Net Profit Till QtrYOY,,,1.04 Cr.-92.88 %,8.60 Cr.-82.72 %,17.85 Cr.-70.96 %,31.65 Cr.-54.83 %,-963.79 Lac.-,49.58 Lac.-94.24 %,,10.60 Cr.-40.59 %,,,,,,,,,12.76 Cr.-59.69 %
NICL,Revenue Till QtrYOY,,,27.56 Cr.-19.42 %,81.64 Cr.298.06 %,127.97 Cr.7.37 %,183.69 Cr.8.96 %,41.73 Cr.51.43 %,98.11 Cr.20.17 %,,145.95 Cr.14.05 %,,,,,,,,,216.51 Cr.17.87 %
NICL,Net Profit TTMYOY,,,56.49 Cr.18.69 %,28.89 Cr.-61.21 %,26.47 Cr.-63.64 %,31.65 Cr.-54.83 %,20.97 Cr.-62.88 %,23.54 Cr.-18.51 %,,24.40 Cr.-7.79 %,,,,,,,,,12.76 Cr.-59.69 %
NICL,Revenue TTMYOY,,,161.94 Cr.8.67 %,229.72 Cr.130.35 %,177.36 Cr.12.65 %,183.69 Cr.8.96 %,197.86 Cr.22.18 %,200.15 Cr.-12.87 %,,201.66 Cr.13.70 %,,,,,,,,,216.51 Cr.17.87 %
NICLBSL,PE Ratio,,,103.6,93.3,84.2,87.8,-21.8,-22.6,,-30.3,,,,,,,,,-28.1
NICLBSL,PB Ratio,,,4.5,4.7,4.2,4.4,4.5,4.6,,4.7,,,,,,,,,4.4
NICLBSL,PS Ratio,,,5.7,5.8,5.4,5.6,4.6,4.7,,5.1,,,,,,,,,4.3
NICLBSL,ROE TTM,,,2.83 %,4.65 %,4.62 %,-,-,-,,-,,,,,,,,,5.84 %
NICLBSL,ROA TTM,,,0.41 %,0.64 %,0.62 %,-2.14 %,-2.05 %,-1.99 %,,-1.54 %,,,,,,,,,0.53 %
NICLBSL,Net Margin TTM,,,3.78 %,6.18 %,6.39 %,-23.74 %,-21.20 %,-20.94 %,,-15.55 %,,,,,,,,,4.92 %
NICLBSL,Asset Turnover TTM,,,10.92 %,10.38 %,9.67 %,9.01 %,9.65 %,9.52 %,,9.89 %,,,,,,,,,10.85 %
NICLBSL,EPS TTMYOY,,,4.73-70.49 %,7.49-14.23 %,7.3184.83 %,-25.79-,-25.27-,-24.95-,,-19.72-,,,,,,,,,7.01-
NICLBSL,BVPSYOY,,,166.52-7.02 %,147.45-8.51 %,147.24-8.58 %,121.24-27.91 %,121.77-26.87 %,122.30-17.05 %,,127.35-13.51 %,,,,,,,,,107.77-11.11 %
NICLBSL,Net Profit Till QtrYOY,,,0.69 Lac.-99.85 %,42.14 Lac.280.83 %,12.98 Lac.3.42 %,"-4,486.65 Lac.-","90.91 Lac.13,115.09 %",1.88 Cr.346.47 %,,"10.69 Cr.8,133.81 %",,,,,,,,,12.20 Cr.-
NICLBSL,Revenue Till QtrYOY,,,46.79 Cr.-21.20 %,90.63 Cr.-17.99 %,134.20 Cr.-19.04 %,189.00 Cr.-17.99 %,65.19 Cr.39.32 %,108.95 Cr.20.22 %,,165.85 Cr.23.58 %,,,,,,,,,248.21 Cr.31.33 %
NICLBSL,Net Profit TTMYOY,,,8.24 Cr.-70.49 %,13.02 Cr.-14.23 %,12.72 Cr.84.83 %,"-4,486.65 Lac.-","-4,396.43 Lac.-","-4,340.65 Lac.-",,"-3,430.48 Lac.-",,,,,,,,,12.20 Cr.-
NICLBSL,Revenue TTMYOY,,,217.87 Cr.-39.01 %,210.58 Cr.-18.15 %,198.90 Cr.-17.03 %,189.00 Cr.-17.99 %,207.39 Cr.-4.81 %,207.32 Cr.-1.55 %,,220.64 Cr.10.93 %,,,,,,,,,248.21 Cr.31.33 %
NIFRA,PE Ratio,,,47.7,43.1,51.2,48.1,59.9,62.3,,64.8,,,,,,,,,55.6
NIFRA,PB Ratio,,,2.4,2.2,2.6,2.5,2.7,2.3,,2.3,,,,,,,,,2.2
NIFRA,PS Ratio,,,22.9,20.5,25.7,24.2,28.0,23.4,,24.0,,,,,,,,,22.7
NIFRA,ROE TTM,,,5.19 %,5.21 %,3.98 %,4.60 %,3.99 %,3.63 %,,3.54 %,,,,,,,,,3.90 %
NIFRA,ROA TTM,,,4.43 %,4.26 %,3.13 %,3.37 %,2.74 %,2.34 %,,2.22 %,,,,,,,,,2.38 %
NIFRA,Net Margin TTM,,,47.93 %,50.32 %,51.89 %,46.74 %,40.98 %,37.58 %,,36.96 %,,,,,,,,,40.73 %
NIFRA,Asset Turnover TTM,,,9.24 %,8.46 %,6.03 %,7.21 %,6.67 %,6.23 %,,6.00 %,,,,,,,,,5.84 %
NIFRA,EPS TTMYOY,,,5.87-15.18 %,5.94-7.27 %,4.56-23.32 %,5.34-13.27 %,4.68-20.19 %,4.27-28.11 %,,4.15-27.83 %,,,,,,,,,4.57-14.44 %
NIFRA,BVPSYOY,,,115.383.00 %,116.542.69 %,116.545.32 %,118.884.55 %,119.973.97 %,114.75-1.54 %,,115.84-1.68 %,,,,,,,,,117.22-1.40 %
NIFRA,Net Profit Till QtrYOY,,,35.09 Cr.-15.22 %,64.20 Cr.-6.96 %,64.20 Cr.-34.98 %,115.41 Cr.-13.27 %,20.85 Cr.-40.57 %,40.99 Cr.-36.15 %,,64.33 Cr.-28.53 %,,,,,,,,,98.74 Cr.-14.44 %
NIFRA,Revenue Till QtrYOY,,,62.23 Cr.-18.22 %,124.39 Cr.-15.86 %,124.39 Cr.-41.56 %,246.90 Cr.-11.29 %,62.19 Cr.-0.06 %,122.81 Cr.-1.27 %,,180.70 Cr.-2.22 %,,,,,,,,,242.40 Cr.-1.82 %
NIFRA,Net Profit TTMYOY,,,126.76 Cr.-15.18 %,128.26 Cr.-7.27 %,98.52 Cr.-23.32 %,115.41 Cr.-13.27 %,101.17 Cr.-20.19 %,92.20 Cr.-28.11 %,,89.73 Cr.-27.83 %,,,,,,,,,98.74 Cr.-14.44 %
NIFRA,Revenue TTMYOY,,,264.47 Cr.-10.87 %,254.89 Cr.-15.00 %,189.87 Cr.-34.83 %,246.90 Cr.-11.29 %,246.86 Cr.-6.66 %,245.32 Cr.-3.75 %,,242.80 Cr.-2.99 %,,,,,,,,,242.40 Cr.-1.82 %
NIL,PE Ratio,,,,29.4,30.5,28.1,28.0,43.2,,42.2,,,,,,,,,48.6
NIL,PB Ratio,,,,3.2,3.3,3.2,2.5,2.8,,2.7,,,,,,,,,2.7
NIL,PS Ratio,,,,7.3,6.2,6.0,4.7,5.2,,5.1,,,,,,,,,5.2
NIL,ROE TTM,,,,11.59 %,12.09 %,9.38 %,6.62 %,6.73 %,,5.64 %,,,,,,,,,4.65 %
NIL,ROA TTM,,,,5.98 %,6.37 %,5.05 %,3.50 %,3.54 %,,2.98 %,,,,,,,,,2.42 %
NIL,Net Margin TTM,,,,20.28 %,21.31 %,16.76 %,12.01 %,12.40 %,,10.62 %,,,,,,,,,8.74 %
NIL,Asset Turnover TTM,,,,29.48 %,29.89 %,30.12 %,29.17 %,28.51 %,,28.03 %,,,,,,,,,27.67 %
NIL,EPS TTMYOY,,,,22.383.70 %,24.4415.08 %,19.87-19.67 %,14.33-40.55 %,14.63-34.64 %,,12.46-49.01 %,,,,,,,,,10.40-47.66 %
NIL,BVPSYOY,,,,204.6722.58 %,212.2521.32 %,222.8012.51 %,220.53-0.33 %,226.5510.69 %,,223.115.12 %,,,,,,,,,226.331.59 %
NIL,Net Profit Till QtrYOY,,,,15.60 Cr.-29.48 %,36.93 Cr.-2.16 %,55.08 Cr.-19.67 %,-831.35 Lac.-,1.08 Cr.-93.09 %,,16.40 Cr.-55.61 %,,,,,,,,,28.83 Cr.-47.66 %
NIL,Revenue Till QtrYOY,,,,120.16 Cr.9.81 %,216.14 Cr.11.75 %,328.69 Cr.11.33 %,52.63 Cr.4.25 %,118.54 Cr.-1.34 %,,212.59 Cr.-1.64 %,,,,,,,,,329.87 Cr.0.36 %
NIL,Net Profit TTMYOY,,,,62.05 Cr.3.70 %,67.75 Cr.15.08 %,55.08 Cr.-19.67 %,39.72 Cr.-40.55 %,40.56 Cr.-34.64 %,,34.55 Cr.-49.01 %,,,,,,,,,28.83 Cr.-47.66 %
NIL,Revenue TTMYOY,,,,305.98 Cr.23.84 %,317.97 Cr.22.57 %,328.69 Cr.11.33 %,330.84 Cr.22.87 %,327.08 Cr.6.90 %,,325.14 Cr.2.26 %,,,,,,,,,329.87 Cr.0.36 %
NIMB,PE Ratio,,,15.9,13.7,11.2,10.7,12.7,11.9,,12.4,,,,,,,,,23.5
NIMB,PB Ratio,,,1.3,1.1,1.1,1.1,1.0,1.0,,1.0,,,,,,,,,1.0
NIMB,PS Ratio,,,1.9,1.7,1.9,2.0,2.0,2.0,,2.1,,,,,,,,,2.0
NIMB,ROE TTM,,,8.55 %,10.23 %,10.38 %,10.57 %,8.21 %,8.42 %,,8.03 %,,,,,,,,,4.08 %
NIMB,ROA TTM,,,1.05 %,1.24 %,1.25 %,1.27 %,0.97 %,0.98 %,,0.92 %,,,,,,,,,0.46 %
NIMB,Net Margin TTM,,,12.42 %,15.70 %,17.34 %,18.72 %,15.42 %,16.50 %,,16.24 %,,,,,,,,,8.74 %
NIMB,Asset Turnover TTM,,,8.48 %,7.87 %,7.19 %,6.77 %,6.28 %,5.91 %,,5.65 %,,,,,,,,,5.27 %
NIMB,EPS TTMYOY,,,15.069.87 %,18.2555.24 %,18.9442.81 %,19.8029.98 %,15.643.84 %,16.22-11.10 %,,15.72-17.01 %,,,,,,,,,8.05-59.34 %
NIMB,BVPSYOY,,,184.336.32 %,185.058.42 %,190.3910.33 %,197.389.95 %,195.896.27 %,194.775.25 %,,199.724.90 %,,,,,,,,,197.710.17 %
NIMB,Net Profit Till QtrYOY,,,146.41 Cr.-3.82 %,283.23 Cr.57.18 %,454.00 Cr.38.61 %,675.66 Cr.29.98 %,4.50 Cr.-96.92 %,161.30 Cr.-43.05 %,,314.68 Cr.-30.69 %,,,,,,,,,274.72 Cr.-59.34 %
NIMB,Revenue Till QtrYOY,,,982.86 Cr.-14.55 %,"1,868.46 Cr.-15.32 %","2,680.01 Cr.-17.76 %","3,610.12 Cr.-16.17 %",834.03 Cr.-15.14 %,"1,613.85 Cr.-13.63 %",,"2,372.51 Cr.-11.47 %",,,,,,,,,"3,145.01 Cr.-12.88 %"
NIMB,Net Profit TTMYOY,,,514.01 Cr.9.87 %,622.87 Cr.55.24 %,646.30 Cr.42.81 %,675.66 Cr.29.98 %,533.76 Cr.3.84 %,553.74 Cr.-11.10 %,,536.34 Cr.-17.01 %,,,,,,,,,274.72 Cr.-59.34 %
NIMB,Revenue TTMYOY,,,"4,139.14 Cr.1.65 %","3,968.53 Cr.-12.18 %","3,727.62 Cr.-16.42 %","3,610.12 Cr.-16.17 %","3,461.29 Cr.-16.38 %","3,355.52 Cr.-15.45 %",,"3,302.62 Cr.-11.40 %",,,,,,,,,"3,145.01 Cr.-12.88 %"
NLG,PE Ratio,,,89.2,113.7,82.2,128.1,109.3,"1,633.0",,157.0,,,,,,,,,207.5
NLG,PB Ratio,,,5.3,6.7,4.8,4.5,3.9,4.2,,3.4,,,,,,,,,3.3
NLG,PS Ratio,,,8.8,11.2,7.2,8.7,7.4,7.0,,5.5,,,,,,,,,4.7
NLG,ROE TTM,,,7.07 %,6.38 %,5.94 %,3.72 %,0.26 %,2.22 %,,1.62 %,,,,,,,,,1.29 %
NLG,ROA TTM,,,3.94 %,3.54 %,3.26 %,2.06 %,0.13 %,1.07 %,,0.76 %,,,,,,,,,0.61 %
NLG,Net Margin TTM,,,9.88 %,8.72 %,8.84 %,6.77 %,0.43 %,3.52 %,,2.25 %,,,,,,,,,1.44 %
NLG,Asset Turnover TTM,,,39.92 %,40.56 %,36.94 %,30.41 %,30.84 %,30.44 %,,33.91 %,,,,,,,,,42.76 %
NLG,EPS TTMYOY,,,9.405.45 %,9.018.28 %,9.0019.78 %,6.04-36.39 %,0.42-95.53 %,3.66-59.34 %,,2.72-69.73 %,,,,,,,,,2.17-64.13 %
NLG,BVPSYOY,,,159.7740.41 %,154.3031.47 %,169.1646.28 %,170.257.30 %,162.271.57 %,167.458.52 %,,170.931.05 %,,,,,,,,,166.36-2.28 %
NLG,Net Profit Till QtrYOY,,,4.89 Cr.-4.96 %,7.45 Cr.-14.90 %,12.33 Cr.-9.78 %,16.12 Cr.-36.39 %,"-1,010.52 Lac.-",1.10 Cr.-85.18 %,,3.48 Cr.-71.78 %,,,,,,,,,5.78 Cr.-64.13 %
NLG,Revenue Till QtrYOY,,,57.49 Cr.-7.11 %,123.71 Cr.16.28 %,187.64 Cr.7.69 %,237.94 Cr.-7.86 %,82.22 Cr.43.02 %,163.60 Cr.32.25 %,,272.99 Cr.45.49 %,,,,,,,,,402.57 Cr.69.19 %
NLG,Net Profit TTMYOY,,,25.08 Cr.5.45 %,24.04 Cr.8.28 %,24.00 Cr.19.78 %,16.12 Cr.-36.39 %,1.12 Cr.-95.53 %,9.77 Cr.-59.34 %,,7.26 Cr.-69.73 %,,,,,,,,,5.78 Cr.-64.13 %
NLG,Revenue TTMYOY,,,253.83 Cr.-12.65 %,275.55 Cr.21.63 %,271.63 Cr.16.25 %,237.94 Cr.-7.86 %,262.68 Cr.3.49 %,277.84 Cr.0.83 %,,323.29 Cr.19.02 %,,,,,,,,,402.57 Cr.69.19 %
NLIC,PE Ratio,,,138.1,116.3,122.7,117.4,121.2,116.5,,153.1,,,,,,,,,171.4
NLIC,PB Ratio,,,6.7,6.0,5.4,5.7,5.9,5.7,,6.1,,,,,,,,,5.8
NLIC,PS Ratio,,,1.7,1.8,1.6,1.5,1.5,1.4,,1.4,,,,,,,,,1.3
NLIC,ROE TTM,,,5.16 %,4.88 %,4.84 %,5.15 %,5.07 %,3.84 %,,3.34 %,,,,,,,,,3.84 %
NLIC,ROA TTM,,,0.27 %,0.26 %,0.26 %,0.26 %,0.26 %,0.19 %,,0.16 %,,,,,,,,,0.17 %
NLIC,Net Margin TTM,,,1.51 %,1.28 %,1.28 %,1.25 %,1.23 %,0.92 %,,0.77 %,,,,,,,,,0.86 %
NLIC,Asset Turnover TTM,,,18.01 %,20.10 %,20.28 %,21.14 %,20.92 %,20.83 %,,20.26 %,,,,,,,,,19.68 %
NLIC,EPS TTMYOY,,,5.92-14.50 %,5.85-16.26 %,5.97-31.68 %,6.3617.37 %,6.479.25 %,4.98-14.86 %,,4.28-28.26 %,,,,,,,,,4.91-22.84 %
NLIC,BVPSYOY,,,114.285.83 %,133.7820.71 %,128.20-0.39 %,130.2416.51 %,131.5615.12 %,124.86-6.67 %,,126.33-1.46 %,,,,,,,,,126.07-3.20 %
NLIC,Net Profit Till QtrYOY,,,20.54 Cr.30.06 %,46.82 Cr.9.45 %,65.22 Cr.8.64 %,60.33 Cr.17.37 %,21.56 Cr.4.94 %,33.69 Cr.-28.03 %,,45.49 Cr.-30.25 %,,,,,,,,,46.55 Cr.-22.84 %
NLIC,Revenue Till QtrYOY,,,"1,196.90 Cr.-23.90 %","2,239.60 Cr.11.98 %","3,287.67 Cr.11.71 %","4,820.22 Cr.18.00 %","1,350.39 Cr.12.82 %","2,566.97 Cr.14.62 %",,"3,710.52 Cr.12.86 %",,,,,,,,,"5,403.43 Cr.12.10 %"
NLIC,Net Profit TTMYOY,,,56.15 Cr.-14.50 %,55.44 Cr.-16.26 %,56.58 Cr.-31.68 %,60.33 Cr.17.37 %,61.34 Cr.9.25 %,47.20 Cr.-14.86 %,,40.59 Cr.-28.26 %,,,,,,,,,46.55 Cr.-22.84 %
NLIC,Revenue TTMYOY,,,"3,709.10 Cr.-13.42 %","4,324.48 Cr.12.22 %","4,429.52 Cr.12.61 %","4,820.22 Cr.18.00 %","4,973.71 Cr.34.09 %","5,147.59 Cr.19.03 %",,"5,243.06 Cr.18.37 %",,,,,,,,,"5,403.43 Cr.12.10 %"
NLICL,PE Ratio,,,80.8,74.8,74.2,79.6,79.0,80.2,,79.2,,,,,,,,,77.9
NLICL,PB Ratio,,,4.5,4.5,4.6,4.6,4.6,4.6,,4.6,,,,,,,,,4.4
NLICL,PS Ratio,,,1.7,1.6,1.6,1.5,1.5,1.5,,1.4,,,,,,,,,1.4
NLICL,ROE TTM,,,6.09 %,6.23 %,6.09 %,5.84 %,5.88 %,5.90 %,,5.83 %,,,,,,,,,5.11 %
NLICL,ROA TTM,,,0.49 %,0.49 %,0.47 %,0.43 %,0.42 %,0.41 %,,0.40 %,,,,,,,,,0.34 %
NLICL,Net Margin TTM,,,2.08 %,2.12 %,2.07 %,1.89 %,1.84 %,1.81 %,,1.77 %,,,,,,,,,1.49 %
NLICL,Asset Turnover TTM,,,23.58 %,23.02 %,22.50 %,22.91 %,22.94 %,22.69 %,,22.47 %,,,,,,,,,22.61 %
NLICL,EPS TTMYOY,,,7.289.73 %,7.569.68 %,7.49-6.47 %,7.251.60 %,7.300.21 %,7.39-2.28 %,,7.40-1.30 %,,,,,,,,,6.51-10.23 %
NLICL,BVPSYOY,,,121.296.68 %,122.725.42 %,124.974.55 %,124.73-1.84 %,126.484.28 %,127.644.00 %,,130.394.34 %,,,,,,,,,127.752.42 %
NLICL,Net Profit Till QtrYOY,,,13.84 Cr.6.24 %,27.91 Cr.9.40 %,40.85 Cr.5.19 %,41.28 Cr.1.60 %,14.09 Cr.1.81 %,28.68 Cr.2.76 %,,41.66 Cr.1.98 %,,,,,,,,,37.06 Cr.-10.23 %
NLICL,Revenue Till QtrYOY,,,491.50 Cr.17.19 %,961.33 Cr.12.20 %,"1,426.95 Cr.10.59 %","2,182.22 Cr.13.54 %",572.06 Cr.16.39 %,"1,100.11 Cr.14.44 %",,"1,629.37 Cr.14.19 %",,,,,,,,,"2,484.67 Cr.13.86 %"
NLICL,Net Profit TTMYOY,,,41.45 Cr.9.73 %,43.03 Cr.9.68 %,42.65 Cr.-6.47 %,41.28 Cr.1.60 %,41.53 Cr.0.21 %,42.05 Cr.-2.28 %,,42.10 Cr.-1.30 %,,,,,,,,,37.06 Cr.-10.23 %
NLICL,Revenue TTMYOY,,,"1,994.11 Cr.22.86 %","2,026.56 Cr.17.16 %","2,058.69 Cr.14.72 %","2,182.22 Cr.13.54 %","2,262.78 Cr.13.47 %","2,321.00 Cr.14.53 %",,"2,384.64 Cr.15.83 %",,,,,,,,,"2,484.67 Cr.13.86 %"
NLO,PE Ratio,,,13.6,,4.5,,3.5,6.6,,6.9,,,,,,,,,3.7
NLO,PB Ratio,,,0.4,,0.5,,0.5,0.5,,0.5,,,,,,,,,0.5
NLO,PS Ratio,,,0.2,,0.2,,0.2,0.2,,0.2,,,,,,,,,0.1
NLO,ROE TTM,,,11.84 %,,15.01 %,,10.93 %,7.98 %,,14.53 %,,,,,,,,,11.93 %
NLO,ROA TTM,,,5.16 %,,6.41 %,,4.53 %,3.25 %,,5.96 %,,,,,,,,,5.00 %
NLO,Net Margin TTM,,,3.82 %,,4.87 %,,3.34 %,3.07 %,,4.00 %,,,,,,,,,3.47 %
NLO,Asset Turnover TTM,,,134.99 %,,131.56 %,,135.55 %,105.58 %,,148.98 %,,,,,,,,,143.80 %
NLO,EPS TTMYOY,,,52.30-,,69.53367.71 %,,52.560.50 %,39.28-50.24 %,,73.806.14 %,,,,,,,,,62.9620.55 %
NLO,BVPSYOY,,,449.998.20 %,,480.697.25 %,,507.7512.83 %,507.625.60 %,,559.4516.39 %,,,,,,,,,579.9519.79 %
NLO,Net Profit Till QtrYOY,,,55.75 Lac.28.53 %,,3.24 Cr.101.25 %,,58.64 Lac.5.19 %,2.11 Cr.-34.91 %,,5.13 Cr.58.20 %,,,,,,,,,5.50 Cr.20.55 %
NLO,Revenue Till QtrYOY,,,26.67 Cr.8.22 %,,89.54 Cr.8.82 %,,28.99 Cr.8.73 %,65.97 Cr.-26.32 %,,115.58 Cr.29.08 %,,,,,,,,,158.44 Cr.17.12 %
NLO,Net Profit TTMYOY,,,4.57 Cr.-,,6.08 Cr.367.71 %,,4.60 Cr.0.50 %,3.43 Cr.-50.24 %,,6.45 Cr.6.14 %,,,,,,,,,5.50 Cr.20.55 %
NLO,Revenue TTMYOY,,,119.57 Cr.-,,124.81 Cr.16.31 %,,137.61 Cr.15.08 %,111.71 Cr.-28.08 %,,161.32 Cr.29.25 %,,,,,,,,,158.44 Cr.17.12 %
NMB,PE Ratio,,,20.7,17.4,15.5,14.2,13.2,15.8,,15.1,,,,,,,,,12.6
NMB,PB Ratio,,,1.7,1.5,1.5,1.4,1.3,1.4,,1.5,,,,,,,,,1.4
NMB,PS Ratio,,,1.9,1.5,1.9,2.1,1.9,2.2,,2.2,,,,,,,,,2.3
NMB,ROE TTM,,,8.66 %,10.07 %,8.18 %,10.61 %,9.63 %,9.10 %,,10.42 %,,,,,,,,,11.27 %
NMB,ROA TTM,,,0.84 %,0.96 %,0.78 %,1.00 %,0.90 %,0.84 %,,0.95 %,,,,,,,,,1.02 %
NMB,Net Margin TTM,,,8.53 %,12.39 %,10.63 %,14.74 %,13.90 %,13.73 %,,16.36 %,,,,,,,,,18.11 %
NMB,Asset Turnover TTM,,,9.84 %,7.75 %,7.34 %,6.80 %,6.45 %,6.12 %,,5.81 %,,,,,,,,,5.64 %
NMB,EPS TTMYOY,,,13.06-27.40 %,15.372.73 %,12.80-16.88 %,17.0240.45 %,15.8321.17 %,15.18-1.26 %,,17.6938.18 %,,,,,,,,,19.5314.76 %
NMB,BVPSYOY,,,157.103.30 %,161.0511.21 %,163.709.39 %,169.0512.15 %,170.768.69 %,169.365.16 %,,175.797.39 %,,,,,,,,,181.807.54 %
NMB,Net Profit Till QtrYOY,,,114.56 Cr.18.94 %,200.35 Cr.45.61 %,237.33 Cr.5.88 %,328.18 Cr.40.45 %,91.60 Cr.-20.04 %,164.86 Cr.-17.71 %,,250.22 Cr.5.43 %,,,,,,,,,376.62 Cr.14.76 %
NMB,Revenue Till QtrYOY,,,591.04 Cr.165.69 %,"1,160.97 Cr.-14.05 %","1,721.53 Cr.-13.15 %","2,226.80 Cr.-13.78 %",559.43 Cr.-5.35 %,"1,065.35 Cr.-8.24 %",,"1,579.85 Cr.-8.23 %",,,,,,,,,"2,079.41 Cr.-6.62 %"
NMB,Net Profit TTMYOY,,,251.90 Cr.-27.40 %,296.42 Cr.2.73 %,246.83 Cr.-16.88 %,328.18 Cr.40.45 %,305.22 Cr.21.17 %,292.69 Cr.-1.26 %,,341.07 Cr.38.18 %,,,,,,,,,376.62 Cr.14.76 %
NMB,Revenue TTMYOY,,,"2,951.37 Cr.31.08 %","2,393.05 Cr.-11.81 %","2,322.19 Cr.-12.75 %","2,226.80 Cr.-13.78 %","2,195.19 Cr.-25.62 %","2,131.17 Cr.-10.94 %",,"2,085.11 Cr.-10.21 %",,,,,,,,,"2,079.41 Cr.-6.62 %"
NMBMF,PE Ratio,,,"4,932.0","4,989.4",101.0,83.5,73.9,70.4,,53.5,,,,,,,,,35.4
NMBMF,PB Ratio,,,5.8,5.9,5.2,5.3,4.7,4.8,,4.6,,,,,,,,,4.2
NMBMF,PS Ratio,,,8.3,8.4,6.8,6.7,5.9,5.6,,5.1,,,,,,,,,4.4
NMBMF,ROE TTM,,,0.12 %,2.76 %,5.20 %,6.62 %,7.09 %,8.74 %,,12.29 %,,,,,,,,,14.30 %
NMBMF,ROA TTM,,,0.02 %,0.45 %,0.82 %,1.00 %,1.03 %,1.19 %,,1.59 %,,,,,,,,,1.74 %
NMBMF,Net Margin TTM,,,0.17 %,3.70 %,6.70 %,8.02 %,8.09 %,9.52 %,,12.59 %,,,,,,,,,14.25 %
NMBMF,Asset Turnover TTM,,,11.96 %,12.20 %,12.18 %,12.52 %,12.74 %,12.54 %,,12.62 %,,,,,,,,,12.24 %
NMBMF,EPS TTMYOY,,,0.15-,3.60-,6.80-,8.85-,"9.626,176.67 %",12.05234.45 %,,17.09151.33 %,,,,,,,,,20.43130.89 %
NMBMF,BVPSYOY,,,130.24-2.15 %,135.814.51 %,131.794.43 %,140.618.34 %,140.017.50 %,140.613.54 %,,142.448.08 %,,,,,,,,,150.767.22 %
NMBMF,Net Profit Till QtrYOY,,,71.55 Lac.-,1.18 Cr.-,2.75 Cr.-,6.38 Cr.-,1.27 Cr.77.85 %,3.49 Cr.195.31 %,,8.70 Cr.216.12 %,,,,,,,,,14.74 Cr.130.89 %
NMBMF,Revenue Till QtrYOY,,,17.29 Cr.7.52 %,35.31 Cr.18.82 %,54.23 Cr.18.93 %,79.65 Cr.23.19 %,23.44 Cr.35.56 %,46.94 Cr.32.95 %,,72.53 Cr.33.74 %,,,,,,,,,103.47 Cr.29.90 %
NMBMF,Net Profit TTMYOY,,,11.06 Lac.-,2.60 Cr.-,4.91 Cr.-,6.38 Cr.-,"6.94 Cr.6,176.67 %",8.69 Cr.234.45 %,,12.33 Cr.151.33 %,,,,,,,,,14.74 Cr.130.89 %
NMBMF,Revenue TTMYOY,,,65.87 Cr.-13.73 %,70.25 Cr.0.15 %,73.29 Cr.11.38 %,79.65 Cr.23.19 %,85.80 Cr.30.26 %,91.29 Cr.29.94 %,,97.95 Cr.33.65 %,,,,,,,,,103.47 Cr.29.90 %
NMFBS,PE Ratio,,,52.2,37.9,35.3,37.1,35.8,33.2,,27.1,,,,,,,,,24.7
NMFBS,PB Ratio,,,6.2,5.8,5.5,5.4,5.2,5.0,,4.5,,,,,,,,,4.4
NMFBS,PS Ratio,,,6.5,5.6,5.2,5.6,5.4,5.2,,5.0,,,,,,,,,4.8
NMFBS,ROE TTM,,,14.35 %,15.84 %,17.57 %,15.79 %,16.51 %,19.07 %,,20.09 %,,,,,,,,,23.96 %
NMFBS,ROA TTM,,,1.85 %,1.99 %,2.13 %,1.84 %,1.88 %,2.17 %,,2.34 %,,,,,,,,,2.84 %
NMFBS,Net Margin TTM,,,13.33 %,14.76 %,16.35 %,14.99 %,15.66 %,18.40 %,,19.94 %,,,,,,,,,24.93 %
NMFBS,Asset Turnover TTM,,,13.87 %,13.51 %,13.02 %,12.25 %,11.97 %,11.79 %,,11.72 %,,,,,,,,,11.38 %
NMFBS,EPS TTMYOY,,,25.68132.76 %,29.71186.66 %,33.70153.04 %,31.1639.05 %,33.7631.45 %,41.1138.37 %,,46.0236.56 %,,,,,,,,,58.5988.02 %
NMFBS,BVPSYOY,,,189.8027.45 %,192.276.27 %,202.068.41 %,214.4413.83 %,223.9718.01 %,245.3727.62 %,,259.5128.43 %,,,,,,,,,279.3230.25 %
NMFBS,Net Profit Till QtrYOY,,,10.48 Cr.90.32 %,21.53 Cr.106.62 %,36.25 Cr.90.05 %,47.40 Cr.39.05 %,14.43 Cr.37.68 %,36.67 Cr.70.33 %,,58.87 Cr.62.37 %,,,,,,,,,89.13 Cr.88.02 %
NMFBS,Revenue Till QtrYOY,,,72.57 Cr.32.15 %,146.21 Cr.26.63 %,218.80 Cr.21.15 %,316.18 Cr.14.77 %,84.28 Cr.16.15 %,169.87 Cr.16.18 %,,253.75 Cr.15.97 %,,,,,,,,,357.52 Cr.13.08 %
NMFBS,Net Profit TTMYOY,,,39.07 Cr.132.76 %,45.20 Cr.186.66 %,51.27 Cr.153.04 %,47.40 Cr.39.05 %,51.35 Cr.31.45 %,62.55 Cr.38.37 %,,70.02 Cr.36.56 %,,,,,,,,,89.13 Cr.88.02 %
NMFBS,Revenue TTMYOY,,,293.13 Cr.12.65 %,306.23 Cr.9.38 %,313.68 Cr.2.21 %,316.18 Cr.14.77 %,327.90 Cr.11.86 %,339.84 Cr.10.98 %,,351.13 Cr.11.94 %,,,,,,,,,357.52 Cr.13.08 %
NMIC,PE Ratio,,,,,0.0,"6,700.9","6,065.2",308.4,,281.3,,,,,,,,,250.1
NMIC,PB Ratio,,,,,0.0,14.8,13.4,12.6,,10.0,,,,,,,,,8.9
NMIC,PS Ratio,,,,,0.0,57.3,51.9,43.5,,43.7,,,,,,,,,28.7
NMIC,ROE TTM,,,,,0.08 %,0.22 %,4.10 %,3.55 %,,3.55 %,,,,,,,,,5.52 %
NMIC,ROA TTM,,,,,0.06 %,0.16 %,2.92 %,2.53 %,,2.42 %,,,,,,,,,3.74 %
NMIC,Net Margin TTM,,,,,0.38 %,0.86 %,13.80 %,15.35 %,,11.36 %,,,,,,,,,16.54 %
NMIC,Asset Turnover TTM,,,,,16.93 %,19.16 %,21.13 %,16.46 %,,21.33 %,,,,,,,,,22.64 %
NMIC,EPS TTMYOY,,,,,0.09-,0.22-,4.38-,3.61-,,"3.564,058.38 %",,,,,,,,,"5.682,471.51 %"
NMIC,BVPSYOY,,,,,100.69-,99.86-,106.89-,101.65-,,100.17-0.52 %,,,,,,,,,106.366.51 %
NMIC,Net Profit Till QtrYOY,,,,,4.81 Lac.-,16.57 Lac.-,82.07 Lac.-,1.35 Cr.-,,"2.55 Cr.5,198.96 %",,,,,,,,,"4.26 Cr.2,471.51 %"
NMIC,Revenue Till QtrYOY,,,,,12.77 Cr.-,19.37 Cr.-,5.95 Cr.-,8.83 Cr.-,,16.90 Cr.32.32 %,,,,,,,,,25.77 Cr.33.02 %
NMIC,Net Profit TTMYOY,,,,,6.42 Lac.-,16.57 Lac.-,3.28 Cr.-,2.71 Cr.-,,"2.67 Cr.4,058.38 %",,,,,,,,,"4.26 Cr.2,471.51 %"
NMIC,Revenue TTMYOY,,,,,17.02 Cr.-,19.37 Cr.-,23.78 Cr.-,17.65 Cr.-,,23.50 Cr.38.03 %,,,,,,,,,25.77 Cr.33.02 %
NMLBBL,PE Ratio,,,24.0,-77.8,112.4,39.0,34.6,15.4,,20.9,,,,,,,,,30.8
NMLBBL,PB Ratio,,,3.9,3.8,3.2,3.4,3.0,3.0,,2.8,,,,,,,,,2.8
NMLBBL,PS Ratio,,,4.9,3.6,3.2,3.5,3.1,3.0,,3.1,,,,,,,,,2.9
NMLBBL,ROE TTM,,,-,-,2.87 %,8.79 %,21.31 %,14.02 %,,8.55 %,,,,,,,,,8.46 %
NMLBBL,ROA TTM,,,-4.90 %,-0.57 %,0.35 %,1.17 %,2.64 %,1.82 %,,1.12 %,,,,,,,,,1.11 %
NMLBBL,Net Margin TTM,,,-43.93 %,-4.61 %,2.80 %,9.07 %,19.53 %,14.55 %,,9.53 %,,,,,,,,,9.49 %
NMLBBL,Asset Turnover TTM,,,11.15 %,12.41 %,12.60 %,12.92 %,13.51 %,12.54 %,,11.72 %,,,,,,,,,11.67 %
NMLBBL,EPS TTMYOY,,,-74.73-,-8.97-,5.52-,18.17-43.17 %,40.82-,28.25-,,17.17210.89 %,,,,,,,,,16.88-7.13 %
NMLBBL,BVPSYOY,,,162.95-,184.24-,192.66-,206.776.37 %,211.2129.62 %,212.7615.48 %,,180.10-6.52 %,,,,,,,,,186.59-9.76 %
NMLBBL,Net Profit Till QtrYOY,,,"-2,611.51 Lac.-",-627.09 Lac.-,5.79 Cr.-,25.40 Cr.-43.17 %,5.54 Cr.-,7.82 Cr.-,,4.38 Cr.-24.30 %,,,,,,,,,23.59 Cr.-7.13 %
NMLBBL,Revenue Till QtrYOY,,,59.44 Cr.-,135.96 Cr.-,206.65 Cr.-,280.10 Cr.28.97 %,71.50 Cr.20.29 %,127.31 Cr.-6.36 %,,178.24 Cr.-13.75 %,,,,,,,,,248.51 Cr.-11.28 %
NMLBBL,Net Profit TTMYOY,,,"-10,446.03 Lac.-","-1,254.17 Lac.-",7.72 Cr.-,25.40 Cr.-43.17 %,57.05 Cr.-,39.49 Cr.-,,23.99 Cr.210.89 %,,,,,,,,,23.59 Cr.-7.13 %
NMLBBL,Revenue TTMYOY,,,237.77 Cr.-,271.91 Cr.-,275.47 Cr.-,280.10 Cr.28.97 %,292.16 Cr.22.88 %,271.45 Cr.-0.17 %,,251.69 Cr.-8.63 %,,,,,,,,,248.51 Cr.-11.28 %
NRIC,PE Ratio,,147.0,153.7,99.0,237.5,185.9,-17.9,-19.5,,20.9,,,,,,,,,
NRIC,PB Ratio,,9.6,8.9,8.5,11.2,8.7,10.7,10.6,,9.0,,,,,,,,,
NRIC,PS Ratio,,28.5,15.4,13.8,16.8,13.1,10.8,10.8,,10.9,,,,,,,,,
NRIC,ROE TTM,,5.94 %,8.85 %,6.87 %,4.82 %,5.20 %,-,-,,39.37 %,,,,,,,,,
NRIC,ROA TTM,,3.80 %,5.47 %,4.19 %,2.88 %,3.06 %,-19.41 %,-20.41 %,,16.80 %,,,,,,,,,
NRIC,Net Margin TTM,,10.03 %,13.97 %,10.83 %,7.08 %,8.02 %,-55.60 %,-61.05 %,,57.42 %,,,,,,,,,
NRIC,Asset Turnover TTM,,37.90 %,39.12 %,38.65 %,40.70 %,38.13 %,34.90 %,33.43 %,,29.25 %,,,,,,,,,
NRIC,EPS TTMYOY,,8.433.95 %,12.45293.97 %,9.8816.99 %,7.02-23.31 %,7.71-8.50 %,-51.33-,-55.75-,,47.14571.09 %,,,,,,,,,
NRIC,BVPSYOY,,145.00-4.78 %,145.549.57 %,148.967.06 %,149.155.96 %,152.945.47 %,94.27-35.23 %,93.16-37.46 %,,109.20-26.79 %,,,,,,,,,
NRIC,Net Profit Till QtrYOY,,113.16 Cr.3.95 %,6.33 Cr.-,53.27 Cr.57.71 %,54.82 Cr.-25.61 %,103.55 Cr.-8.50 %,"-78,615.83 Lac.-","-79,851.32 Lac.-",,584.03 Cr.965.28 %,,,,,,,,,
NRIC,Revenue Till QtrYOY,,"1,128.51 Cr.522.00 %",240.71 Cr.38.72 %,492.85 Cr.24.18 %,857.17 Cr.31.19 %,"1,290.91 Cr.14.39 %",188.92 Cr.-21.52 %,427.54 Cr.-13.25 %,,668.17 Cr.-22.05 %,,,,,,,,,
NRIC,Net Profit TTMYOY,,113.16 Cr.3.95 %,167.06 Cr.293.97 %,132.66 Cr.16.99 %,94.29 Cr.-23.31 %,103.55 Cr.-8.50 %,"-68,894.15 Lac.-","-74,823.59 Lac.-",,632.75 Cr.571.09 %,,,,,,,,,
NRIC,Revenue TTMYOY,,"1,128.51 Cr.522.00 %","1,195.71 Cr.322.39 %","1,224.48 Cr.171.26 %","1,332.29 Cr.110.51 %","1,290.91 Cr.14.39 %","1,239.12 Cr.3.63 %","1,225.60 Cr.0.09 %",,"1,101.91 Cr.-17.29 %",,,,,,,,,
NRM,PE Ratio,,,"1,205.5",326.8,"1,791.7","3,785.5","2,797.2",-393.6,,-363.3,,,,,,,,,-90.1
NRM,PB Ratio,,,5.7,6.6,5.3,6.3,4.7,4.9,,4.5,,,,,,,,,3.5
NRM,PS Ratio,,,25.0,27.3,21.8,28.1,20.7,24.2,,24.8,,,,,,,,,21.4
NRM,ROE TTM,,,2.03 %,0.30 %,1.63 %,0.17 %,0.23 %,-,,-,,,,,,,,,-
NRM,ROA TTM,,,1.34 %,0.20 %,1.08 %,0.11 %,0.15 %,-0.84 %,,-2.68 %,,,,,,,,,-2.56 %
NRM,Net Margin TTM,,,8.34 %,1.22 %,7.12 %,0.74 %,1.14 %,-6.70 %,,-23.74 %,,,,,,,,,-27.03 %
NRM,Asset Turnover TTM,,,16.05 %,16.05 %,15.17 %,15.18 %,13.53 %,12.55 %,,11.28 %,,,,,,,,,9.45 %
NRM,EPS TTMYOY,,,1.79-,0.26-,1.44-,0.15-64.71 %,0.20-88.79 %,-1.07-,,-3.37-,,,,,,,,,-3.18-
NRM,BVPSYOY,,,88.691.80 %,87.990.07 %,89.071.44 %,88.70-0.08 %,87.23-1.64 %,87.00-1.12 %,,85.78-3.69 %,,,,,,,,,85.63-3.46 %
NRM,Net Profit Till QtrYOY,,,9.41 Lac.-,-58.05 Lac.-,46.29 Lac.-,14.39 Lac.-64.71 %,14.39 Lac.52.97 %,-176.31 Lac.-,,-293.76 Lac.-,,,,,,,,,-307.21 Lac.-
NRM,Revenue Till QtrYOY,,,5.32 Cr.25.11 %,9.88 Cr.13.53 %,13.49 Cr.-0.66 %,19.42 Cr.-1.23 %,2.89 Cr.-45.71 %,5.98 Cr.-39.54 %,,7.79 Cr.-42.26 %,,,,,,,,,11.36 Cr.-41.48 %
NRM,Net Profit TTMYOY,,,1.73 Cr.-,25.36 Lac.-,1.39 Cr.-,14.39 Lac.-64.71 %,19.37 Lac.-88.79 %,-103.87 Lac.-,,-325.66 Lac.-,,,,,,,,,-307.21 Lac.-
NRM,Revenue TTMYOY,,,20.73 Cr.21.90 %,20.84 Cr.19.68 %,19.57 Cr.8.16 %,19.42 Cr.-1.23 %,16.99 Cr.-18.05 %,15.51 Cr.-25.57 %,,13.72 Cr.-29.90 %,,,,,,,,,11.36 Cr.-41.48 %
NRN,PE Ratio,,,169.1,178.5,249.5,350.2,37.0,45.0,,40.4,,,,,,,,,47.4
NRN,PB Ratio,,,5.9,8.9,11.9,12.9,7.7,9.2,,7.9,,,,,,,,,8.1
NRN,PS Ratio,,,388.0,214.0,281.8,258.3,24.8,30.2,,26.7,,,,,,,,,27.7
NRN,ROE TTM,,,5.59 %,5.34 %,3.97 %,28.88 %,24.75 %,22.06 %,,17.88 %,,,,,,,,,-
NRN,ROA TTM,,,5.05 %,4.76 %,3.51 %,24.87 %,21.05 %,18.80 %,,15.31 %,,,,,,,,,-2.15 %
NRN,Net Margin TTM,,,119.97 %,112.92 %,73.73 %,67.01 %,66.48 %,65.60 %,,57.17 %,,,,,,,,,-265.87 %
NRN,Asset Turnover TTM,,,4.21 %,4.21 %,4.76 %,37.11 %,31.66 %,28.65 %,,26.78 %,,,,,,,,,0.81 %
NRN,EPS TTMYOY,,,5.68304.97 %,5.84367.73 %,4.5019.72 %,37.31891.82 %,35.18519.64 %,34.03482.61 %,,29.34551.32 %,,,,,,,,,-4.32-
NRN,BVPSYOY,,,113.9436.57 %,122.9320.82 %,122.3021.78 %,178.6865.22 %,172.7951.65 %,174.4941.95 %,,172.4441.00 %,,,,,,,,,169.23-5.29 %
NRN,Net Profit Till QtrYOY,,,4.33 Cr.387.80 %,5.37 Cr.228.55 %,6.92 Cr.23.94 %,67.09 Cr.891.82 %,50.67 Lac.-88.31 %,-52.94 Lac.-,,-740.73 Lac.-,,,,,,,,,-776.89 Lac.-
NRN,Revenue Till QtrYOY,,,6.21 Cr.850.48 %,8.02 Cr.380.52 %,10.38 Cr.342.57 %,"100.11 Cr.3,292.50 %",1.25 Cr.-79.82 %,1.18 Cr.-85.32 %,,2.56 Cr.-75.31 %,,,,,,,,,2.92 Cr.-97.08 %
NRN,Net Profit TTMYOY,,,10.21 Cr.304.97 %,10.50 Cr.367.73 %,8.10 Cr.19.72 %,67.09 Cr.891.82 %,63.26 Cr.519.64 %,61.18 Cr.482.61 %,,52.76 Cr.551.32 %,,,,,,,,,-776.89 Lac.-
NRN,Revenue TTMYOY,,,8.51 Cr.116.55 %,9.30 Cr.180.29 %,10.99 Cr.256.41 %,"100.11 Cr.3,292.50 %","95.15 Cr.1,018.11 %",93.27 Cr.902.88 %,,92.29 Cr.740.06 %,,,,,,,,,2.92 Cr.-97.08 %
NTC,PE Ratio,,,26.8,25.1,40.5,53.8,57.7,67.7,,38.2,,,,,,,,,26.4
NTC,PB Ratio,,,1.9,1.6,1.7,1.7,1.7,1.7,,1.6,,,,,,,,,1.6
NTC,PS Ratio,,,5.1,4.6,5.5,6.0,4.5,4.4,,4.3,,,,,,,,,4.2
NTC,ROE TTM,,,6.73 %,5.72 %,4.16 %,2.89 %,2.46 %,4.57 %,,6.53 %,,,,,,,,,9.30 %
NTC,ROA TTM,,,4.24 %,3.75 %,2.88 %,2.11 %,1.81 %,3.35 %,,4.77 %,,,,,,,,,6.76 %
NTC,Net Margin TTM,,,18.32 %,15.55 %,13.53 %,7.73 %,6.53 %,11.42 %,,16.02 %,,,,,,,,,25.36 %
NTC,Asset Turnover TTM,,,23.13 %,24.11 %,21.30 %,27.27 %,27.71 %,29.32 %,,29.78 %,,,,,,,,,26.66 %
NTC,EPS TTMYOY,,,35.17-16.78 %,29.56-28.87 %,21.48-51.59 %,14.82-59.68 %,12.52-64.39 %,23.32-21.12 %,,33.8857.75 %,,,,,,,,,49.25232.23 %
NTC,BVPSYOY,,,535.090.25 %,506.340.51 %,503.93-1.77 %,495.33-5.73 %,505.75-5.48 %,539.516.55 %,,550.889.32 %,,,,,,,,,557.5412.56 %
NTC,Net Profit Till QtrYOY,,,173.96 Cr.-14.20 %,263.51 Cr.-32.97 %,284.23 Cr.-49.19 %,266.82 Cr.-59.68 %,132.52 Cr.-23.82 %,416.45 Cr.58.04 %,,627.30 Cr.120.70 %,,,,,,,,,886.46 Cr.232.23 %
NTC,Revenue Till QtrYOY,,,868.02 Cr.1.11 %,"1,700.49 Cr.-1.40 %","2,531.76 Cr.-18.87 %","3,453.24 Cr.0.21 %",867.95 Cr.-0.01 %,"1,922.73 Cr.13.07 %",,"2,885.49 Cr.13.97 %",,,,,,,,,"3,495.04 Cr.1.21 %"
NTC,Net Profit TTMYOY,,,632.99 Cr.-16.78 %,532.15 Cr.-28.87 %,386.63 Cr.-51.59 %,266.82 Cr.-59.68 %,225.38 Cr.-64.39 %,419.76 Cr.-21.12 %,,609.89 Cr.57.75 %,,,,,,,,,886.46 Cr.232.23 %
NTC,Revenue TTMYOY,,,"3,455.63 Cr.-4.83 %","3,421.93 Cr.-4.88 %","2,857.39 Cr.-29.73 %","3,453.24 Cr.0.21 %","3,453.18 Cr.-0.07 %","3,675.48 Cr.7.41 %",,"3,806.97 Cr.33.23 %",,,,,,,,,"3,495.04 Cr.1.21 %"
NUBL,PE Ratio,,,37.9,28.9,28.5,25.0,23.0,19.4,,22.4,,,,,,,,,32.3
NUBL,PB Ratio,,,3.7,3.5,3.5,3.7,3.3,3.3,,3.1,,,,,,,,,2.8
NUBL,PS Ratio,,,5.2,4.7,4.8,5.8,5.4,5.7,,5.1,,,,,,,,,4.4
NUBL,ROE TTM,,,13.08 %,12.43 %,15.76 %,15.68 %,18.01 %,14.67 %,,8.89 %,,,,,,,,,32.10 %
NUBL,ROA TTM,,,2.26 %,2.21 %,2.92 %,3.03 %,3.56 %,2.95 %,,1.81 %,,,,,,,,,6.50 %
NUBL,Net Margin TTM,,,16.24 %,16.92 %,23.14 %,23.49 %,28.97 %,22.79 %,,13.74 %,,,,,,,,,51.23 %
NUBL,Asset Turnover TTM,,,13.89 %,13.07 %,12.61 %,12.89 %,12.30 %,12.94 %,,13.13 %,,,,,,,,,12.70 %
NUBL,EPS TTMYOY,,,22.97-,22.49-,29.58510.53 %,30.4865.08 %,35.8055.86 %,29.8932.89 %,,18.61-37.07 %,,,,,,,,,68.71125.41 %
NUBL,BVPSYOY,,,188.2318.58 %,185.5812.64 %,198.1311.78 %,210.6811.38 %,210.9712.08 %,213.1714.87 %,,214.438.23 %,,,,,,,,,221.184.98 %
NUBL,Net Profit Till QtrYOY,,,-195.58 Lac.-,13.60 Cr.431.47 %,48.06 Cr.173.28 %,83.61 Cr.65.08 %,12.62 Cr.-,11.97 Cr.-11.97 %,,15.50 Cr.-67.74 %,,,,,,,,,188.46 Cr.125.41 %
NUBL,Revenue Till QtrYOY,,,104.83 Cr.18.19 %,174.95 Cr.-3.90 %,255.35 Cr.-7.63 %,356.00 Cr.-4.23 %,87.75 Cr.-16.30 %,178.68 Cr.2.13 %,,270.79 Cr.6.05 %,,,,,,,,,367.90 Cr.3.34 %
NUBL,Net Profit TTMYOY,,,62.99 Cr.-,61.69 Cr.-,81.12 Cr.510.53 %,83.61 Cr.65.08 %,98.18 Cr.55.86 %,81.98 Cr.32.89 %,,51.05 Cr.-37.07 %,,,,,,,,,188.46 Cr.125.41 %
NUBL,Revenue TTMYOY,,,387.84 Cr.-0.36 %,364.60 Cr.-4.99 %,350.60 Cr.-8.60 %,356.00 Cr.-4.23 %,338.92 Cr.-12.61 %,359.73 Cr.-1.34 %,,371.44 Cr.5.94 %,,,,,,,,,367.90 Cr.3.34 %
NWCL,PE Ratio,,-35.3,-40.9,-74.1,-71.1,-109.7,-95.4,-143.7,,-169.6,,,,,,,,,-196.6
NWCL,PB Ratio,,12.8,14.8,10.9,10.4,12.0,10.4,9.1,,7.8,,,,,,,,,6.9
NWCL,PS Ratio,,0.7,0.9,178.5,171.2,19.5,17.0,19.1,,16.0,,,,,,,,,12.3
NWCL,ROE TTM,,-,-,-,-,-,-,-,,-,,,,,,,,,-
NWCL,ROA TTM,,-4.95 %,-5.55 %,-2.06 %,-0.45 %,-3.37 %,-2.68 %,-1.88 %,,-1.40 %,,,,,,,,,-2.60 %
NWCL,Net Margin TTM,,-538.96 %,-240.94 %,-121.44 %,0.11 %,-17.79 %,-13.60 %,-9.44 %,,-6.23 %,,,,,,,,,-14.16 %
NWCL,Asset Turnover TTM,,0.92 %,2.30 %,1.70 %,-407.52 %,18.95 %,19.73 %,19.91 %,,22.54 %,,,,,,,,,18.39 %
NWCL,EPS TTMYOY,,-11.64-,-13.06-,-4.78-,-1.06-,-8.13-,-6.53-,-4.64-,,-3.49-,,,,,,,,,-6.54-
NWCL,BVPSYOY,,88.46-,88.89-,75.41-3.06 %,72.11-4.03 %,74.31-15.99 %,103.1716.06 %,101.2434.26 %,,99.0937.41 %,,,,,,,,,102.9138.49 %
NWCL,Net Profit Till QtrYOY,,-800.30 Lac.-,-224.47 Lac.-,-449.20 Lac.-,-675.49 Lac.-,-558.78 Lac.-,-114.96 Lac.-,-209.35 Lac.-,,-356.96 Lac.-,,,,,,,,,-449.36 Lac.-
NWCL,Revenue Till QtrYOY,,1.48 Cr.-,93.16 Lac.-,1.88 Cr.184.32 %,2.45 Cr.-99.63 %,"31.40 Cr.2,014.70 %",2.57 Cr.175.43 %,4.27 Cr.127.43 %,,9.58 Cr.291.43 %,,,,,,,,,31.73 Cr.1.04 %
NWCL,Net Profit TTMYOY,,-800.30 Lac.-,-897.86 Lac.-,-328.29 Lac.-,-72.84 Lac.-,-558.78 Lac.-,-449.27 Lac.-,-318.94 Lac.-,,-240.25 Lac.-,,,,,,,,,-449.36 Lac.-
NWCL,Revenue TTMYOY,,1.48 Cr.-,3.73 Cr.-,2.70 Cr.104.48 %,"-65,969.59 Lac.-","31.40 Cr.2,014.70 %",33.04 Cr.786.51 %,"33.80 Cr.1,150.17 %",,38.54 Cr.-,,,,,,,,,31.73 Cr.1.04 %
NYADI,PE Ratio,,,-36.2,-161.1,-104.5,-67.1,-62.5,-65.0,,185.3,,,,,,,,,135.7
NYADI,PB Ratio,,,5.3,10.0,6.5,6.1,5.8,6.0,,5.2,,,,,,,,,5.3
NYADI,PS Ratio,,,7.6,16.6,10.7,9.7,9.6,9.9,,8.0,,,,,,,,,7.4
NYADI,ROE TTM,,,-,-,-,-,-,2.94 %,,9.09 %,,,,,,,,,3.81 %
NYADI,ROA TTM,,,-0.83 %,-1.16 %,-0.98 %,-1.59 %,-1.94 %,0.65 %,,2.04 %,,,,,,,,,0.86 %
NYADI,Net Margin TTM,,,-20.87 %,-10.27 %,-8.71 %,-14.39 %,-15.39 %,4.27 %,,12.98 %,,,,,,,,,6.20 %
NYADI,Asset Turnover TTM,,,3.98 %,11.27 %,11.31 %,11.03 %,12.59 %,15.24 %,,15.72 %,,,,,,,,,13.93 %
NYADI,EPS TTMYOY,,,-9.37-,-4.59-,-3.89-,-6.22-,-6.23-,2.08-,,6.49-,,,,,,,,,2.70-
NYADI,BVPSYOY,,,63.78-11.76 %,73.705.24 %,71.426.52 %,68.063.09 %,67.495.83 %,73.840.18 %,,75.966.36 %,,,,,,,,,68.801.10 %
NYADI,Net Profit Till QtrYOY,,,-75.75 Lac.-,-86.55 Lac.-,-429.03 Lac.-,-933.56 Lac.-,-76.97 Lac.-,11.59 Cr.-,,14.78 Cr.-,,,,,,,,,4.04 Cr.-
NYADI,Revenue Till QtrYOY,,,21.22 Cr.62.14 %,36.55 Cr.27.33 %,50.90 Cr.18.21 %,64.90 Cr.9.61 %,17.07 Cr.-19.53 %,44.75 Cr.22.45 %,,60.98 Cr.19.81 %,,,,,,,,,65.20 Cr.0.47 %
NYADI,Net Profit TTMYOY,,,"-1,405.14 Lac.-",-688.85 Lac.-,-583.96 Lac.-,-933.56 Lac.-,-934.78 Lac.-,3.12 Cr.-,,9.73 Cr.-,,,,,,,,,4.04 Cr.-
NYADI,Revenue TTMYOY,,,67.34 Cr.18.31 %,67.05 Cr.-23.69 %,67.04 Cr.14.17 %,64.90 Cr.9.61 %,60.75 Cr.-9.78 %,73.10 Cr.9.03 %,,74.98 Cr.11.83 %,,,,,,,,,65.20 Cr.0.47 %
OHL,PE Ratio,,,94.7,95.5,109.3,343.0,283.0,"-25,909.0",,-305.4,,,,,,,,,-177.8
OHL,PB Ratio,,,3.0,2.7,2.7,2.6,2.1,2.2,,2.1,,,,,,,,,2.0
OHL,PS Ratio,,,10.0,9.1,9.8,9.7,8.0,7.9,,7.9,,,,,,,,,7.7
OHL,ROE TTM,,,2.85 %,2.53 %,2.61 %,0.76 %,-,-,,-,,,,,,,,,-
OHL,ROA TTM,,,1.91 %,1.69 %,1.72 %,0.50 %,-0.01 %,-0.45 %,,-0.74 %,,,,,,,,,-0.79 %
OHL,Net Margin TTM,,,9.52 %,8.99 %,9.29 %,2.82 %,-0.03 %,-2.57 %,,-4.33 %,,,,,,,,,-4.74 %
OHL,Asset Turnover TTM,,,20.08 %,18.79 %,18.55 %,17.68 %,17.74 %,17.40 %,,17.12 %,,,,,,,,,16.60 %
OHL,EPS TTMYOY,,,9.28-38.91 %,8.25-49.98 %,8.53-45.17 %,2.49-75.84 %,-0.03-,-2.26-,,-3.76-,,,,,,,,,-4.01-
OHL,BVPSYOY,,,327.231.37 %,329.641.04 %,330.772.63 %,329.450.73 %,328.160.28 %,328.33-0.40 %,,328.17-0.78 %,,,,,,,,,326.64-0.85 %
OHL,Net Profit Till QtrYOY,,,3.20 Lac.-97.48 %,2.89 Cr.-46.00 %,4.48 Cr.-32.16 %,2.96 Cr.-75.84 %,-295.56 Lac.-,-274.31 Lac.-,,-293.51 Lac.-,,,,,,,,,-474.47 Lac.-
OHL,Revenue Till QtrYOY,,,21.07 Cr.-0.36 %,49.17 Cr.-12.21 %,75.17 Cr.-8.30 %,104.93 Cr.-9.20 %,21.98 Cr.4.30 %,48.46 Cr.-1.45 %,,73.16 Cr.-2.67 %,,,,,,,,,100.11 Cr.-4.60 %
OHL,Net Profit TTMYOY,,,10.99 Cr.-38.91 %,9.77 Cr.-49.98 %,10.11 Cr.-45.17 %,2.96 Cr.-75.84 %,-3.24 Lac.-,-267.62 Lac.-,,-445.58 Lac.-,,,,,,,,,-474.47 Lac.-
OHL,Revenue TTMYOY,,,115.49 Cr.4.18 %,108.73 Cr.-10.52 %,108.76 Cr.-10.77 %,104.93 Cr.-9.20 %,105.84 Cr.-8.35 %,104.22 Cr.-4.14 %,,102.93 Cr.-5.36 %,,,,,,,,,100.11 Cr.-4.60 %
OMPL,PE Ratio,,,,,0.0,902.1,759.4,-102.2,,-91.2,,,,,,,,,-135.8
OMPL,PB Ratio,,,,,0.0,12.9,10.9,13.4,,11.9,,,,,,,,,9.2
OMPL,PS Ratio,,,,,0.0,29.0,24.4,38.7,,33.8,,,,,,,,,27.0
OMPL,ROE TTM,,,,,1.62 %,1.43 %,-,-,,-,,,,,,,,,-
OMPL,ROA TTM,,,,,0.74 %,0.63 %,-6.35 %,-5.03 %,,-2.72 %,,,,,,,,,-2.53 %
OMPL,Net Margin TTM,,,,,3.52 %,3.22 %,-44.71 %,-36.67 %,,-19.63 %,,,,,,,,,-17.97 %
OMPL,Asset Turnover TTM,,,,,21.17 %,19.70 %,14.21 %,13.71 %,,13.87 %,,,,,,,,,14.09 %
OMPL,EPS TTMYOY,,,,,1.68-,1.49-,-15.38-,-12.81-,,-6.60-,,,,,,,,,-6.29-
OMPL,BVPSYOY,,,,,103.54-,103.94-,100.09-,97.99-,,97.50-5.83 %,,,,,,,,,98.04-5.67 %
OMPL,Net Profit Till QtrYOY,,,,,75.60 Lac.-,89.28 Lac.-,-230.77 Lac.-,-384.37 Lac.-,,-409.70 Lac.-,,,,,,,,,-377.57 Lac.-
OMPL,Revenue Till QtrYOY,,,,,21.49 Cr.-,27.76 Cr.-,5.16 Cr.-,10.48 Cr.-,,13.91 Cr.-35.26 %,,,,,,,,,21.01 Cr.-24.30 %
OMPL,Net Profit TTMYOY,,,,,1.01 Cr.-,89.28 Lac.-,-923.08 Lac.-,-768.74 Lac.-,,-396.02 Lac.-,,,,,,,,,-377.57 Lac.-
OMPL,Revenue TTMYOY,,,,,28.65 Cr.-,27.76 Cr.-,20.64 Cr.-,20.97 Cr.-,,20.18 Cr.-29.56 %,,,,,,,,,21.01 Cr.-24.30 %
PCBL,PE Ratio,,,15.0,12.1,14.1,12.3,11.6,11.9,,12.1,,,,,,,,,10.4
PCBL,PB Ratio,,,1.8,1.5,1.6,1.5,1.3,1.4,,1.5,,,,,,,,,1.4
PCBL,PS Ratio,,,2.2,1.8,2.0,2.1,2.0,2.2,,2.2,,,,,,,,,2.3
PCBL,ROE TTM,,,12.86 %,11.23 %,9.97 %,12.55 %,12.25 %,12.59 %,,14.28 %,,,,,,,,,11.69 %
PCBL,ROA TTM,,,1.49 %,1.28 %,1.12 %,1.39 %,1.34 %,1.36 %,,1.55 %,,,,,,,,,1.27 %
PCBL,Net Margin TTM,,,15.34 %,14.05 %,12.95 %,17.10 %,17.10 %,18.34 %,,21.99 %,,,,,,,,,19.02 %
PCBL,Asset Turnover TTM,,,9.73 %,9.13 %,8.66 %,8.11 %,7.84 %,7.41 %,,7.03 %,,,,,,,,,6.69 %
PCBL,EPS TTMYOY,,,18.6653.89 %,16.5223.88 %,14.9116.85 %,19.216.63 %,19.212.94 %,20.0321.28 %,,23.3156.31 %,,,,,,,,,19.632.19 %
PCBL,BVPSYOY,,,153.809.24 %,150.597.56 %,152.446.49 %,160.868.98 %,166.047.95 %,165.8010.10 %,,171.2812.36 %,,,,,,,,,175.809.29 %
PCBL,Net Profit Till QtrYOY,,,128.68 Cr.11.75 %,187.00 Cr.-14.34 %,222.93 Cr.-22.56 %,402.44 Cr.6.63 %,128.68 Cr.-,204.34 Cr.9.27 %,,308.93 Cr.38.58 %,,,,,,,,,411.26 Cr.2.19 %
PCBL,Revenue Till QtrYOY,,,626.28 Cr.-5.55 %,"1,186.45 Cr.-9.25 %","1,762.30 Cr.-8.88 %","2,353.27 Cr.-8.97 %",626.28 Cr.-,"1,121.84 Cr.-5.45 %",,"1,629.87 Cr.-7.51 %",,,,,,,,,"2,161.86 Cr.-8.13 %"
PCBL,Net Profit TTMYOY,,,390.96 Cr.53.89 %,346.13 Cr.23.88 %,312.49 Cr.16.85 %,402.44 Cr.6.63 %,402.44 Cr.2.94 %,419.79 Cr.21.28 %,,488.45 Cr.56.31 %,,,,,,,,,411.26 Cr.2.19 %
PCBL,Revenue TTMYOY,,,"2,548.25 Cr.5.23 %","2,464.16 Cr.-1.73 %","2,413.20 Cr.-4.99 %","2,353.27 Cr.-8.97 %","2,353.27 Cr.-7.65 %","2,288.66 Cr.-7.12 %",,"2,220.84 Cr.-7.97 %",,,,,,,,,"2,161.86 Cr.-8.13 %"
PFL,PE Ratio,,,-71.1,-46.2,-5.8,39.1,42.9,4.2,,4.1,,,,,,,,,34.3
PFL,PB Ratio,,,6.0,3.9,7.7,7.7,8.1,4.9,,4.9,,,,,,,,,5.7
PFL,PS Ratio,,,5.1,3.1,3.6,4.9,5.6,6.6,,6.6,,,,,,,,,7.2
PFL,ROE TTM,,,-,-,14.10 %,13.52 %,14.48 %,163.01 %,,18.19 %,,,,,,,,,32.06 %
PFL,ROA TTM,,,-0.69 %,-5.65 %,1.10 %,1.02 %,1.00 %,11.35 %,,1.41 %,,,,,,,,,2.83 %
PFL,Net Margin TTM,,,-7.12 %,-61.77 %,12.06 %,12.51 %,13.09 %,158.12 %,,20.96 %,,,,,,,,,46.28 %
PFL,Asset Turnover TTM,,,9.73 %,9.15 %,9.13 %,8.16 %,7.62 %,7.18 %,,6.74 %,,,,,,,,,6.11 %
PFL,EPS TTMYOY,,,-Infinity-,-Infinity-,Infinity-,Infinity-,Infinity-,Infinity-,,Infinity-16.58 %,,,,,,,,,Infinity123.25 %
PFL,BVPSYOY,,,Infinity-21.26 %,Infinity-60.10 %,Infinity-58.10 %,Infinity-56.53 %,Infinity-55.99 %,Infinity44.94 %,,Infinity30.06 %,,,,,,,,,Infinity129.04 %
PFL,Net Profit Till QtrYOY,,,-490.01 Lac.-,"-6,500.32 Lac.-",7.20 Cr.-,11.39 Cr.-,-645.24 Lac.-,23.38 Cr.-,,7.31 Cr.1.55 %,,,,,,,,,25.43 Cr.123.25 %
PFL,Revenue Till QtrYOY,,,30.79 Cr.-23.76 %,55.94 Cr.-29.17 %,79.28 Cr.-30.43 %,91.05 Cr.-38.89 %,14.92 Cr.-51.56 %,28.00 Cr.-49.96 %,,43.12 Cr.-45.62 %,,,,,,,,,54.94 Cr.-39.66 %
PFL,Net Profit TTMYOY,,,-992.90 Lac.-,"-7,779.85 Lac.-",13.79 Cr.-,11.39 Cr.-,9.84 Cr.-,99.78 Cr.-,,11.50 Cr.-16.58 %,,,,,,,,,25.43 Cr.123.25 %
PFL,Revenue TTMYOY,,,139.40 Cr.-17.30 %,125.94 Cr.-24.29 %,114.31 Cr.-27.87 %,91.05 Cr.-38.89 %,75.18 Cr.-46.07 %,63.10 Cr.-49.90 %,,54.88 Cr.-51.99 %,,,,,,,,,54.94 Cr.-39.66 %
PHCL,PE Ratio,,,-260.0,"-1,587.5","-1,687.5",-97.6,-68.0,-91.7,,-99.3,,,,,,,,,-517.8
PHCL,PB Ratio,,,6.4,6.2,6.6,5.2,3.6,2.8,,3.1,,,,,,,,,3.0
PHCL,PS Ratio,,,29.8,18.1,19.2,15.7,10.9,8.7,,9.6,,,,,,,,,9.2
PHCL,ROE TTM,,,0.76 %,-,-,-,-,-,,-,,,,,,,,,2.29 %
PHCL,ROA TTM,,,0.20 %,-0.10 %,-2.24 %,-1.36 %,-1.14 %,-0.87 %,,-0.16 %,,,,,,,,,0.62 %
PHCL,Net Margin TTM,,,2.82 %,-1.14 %,-21.25 %,-16.04 %,-13.34 %,-9.47 %,,-1.78 %,,,,,,,,,5.65 %
PHCL,Asset Turnover TTM,,,7.20 %,8.97 %,10.56 %,8.51 %,8.54 %,9.17 %,,9.22 %,,,,,,,,,11.05 %
PHCL,EPS TTMYOY,,,0.74-,-0.37-,-8.16-,-4.93-,-4.08-,-3.10-,,-0.58-,,,,,,,,,2.23-
PHCL,BVPSYOY,,,96.680.48 %,95.25-0.77 %,92.81-6.73 %,92.08-5.38 %,92.33-4.50 %,100.195.19 %,,100.237.99 %,,,,,,,,,102.2411.04 %
PHCL,Net Profit Till QtrYOY,,,-204.98 Lac.-,-561.09 Lac.-,"-1,352.05 Lac.-","-1,577.11 Lac.-",65.64 Lac.-,25.41 Lac.-,,38.19 Lac.-,,,,,,,,,7.14 Cr.-
PHCL,Revenue Till QtrYOY,,,27.06 Cr.166.79 %,53.54 Cr.240.17 %,76.09 Cr.277.17 %,98.35 Cr.46.97 %,26.66 Cr.-1.49 %,59.74 Cr.11.60 %,,82.99 Cr.9.07 %,,,,,,,,,126.47 Cr.28.59 %
PHCL,Net Profit TTMYOY,,,2.37 Cr.-,-119.37 Lac.-,"-2,609.92 Lac.-","-1,577.11 Lac.-","-1,306.50 Lac.-",-990.62 Lac.-,,-186.88 Lac.-,,,,,,,,,7.14 Cr.-
PHCL,Revenue TTMYOY,,,83.84 Cr.106.63 %,104.72 Cr.294.02 %,122.84 Cr.296.09 %,98.35 Cr.46.97 %,97.95 Cr.16.83 %,104.56 Cr.-0.15 %,,105.25 Cr.-14.32 %,,,,,,,,,126.47 Cr.28.59 %
PMHPL,PE Ratio,,,870.8,-165.7,-253.7,-69.8,-50.9,-59.7,,-291.9,,,,,,,,,52.5
PMHPL,PB Ratio,,,3.3,3.9,3.7,5.6,4.1,4.3,,4.1,,,,,,,,,3.8
PMHPL,PS Ratio,,,8.4,12.0,11.0,16.2,11.8,13.3,,11.1,,,,,,,,,10.0
PMHPL,ROE TTM,,,-,-,-,-,-,-,,1.04 %,,,,,,,,,7.39 %
PMHPL,ROA TTM,,,-1.04 %,-0.83 %,-0.50 %,-2.55 %,-2.42 %,-0.49 %,,0.36 %,,,,,,,,,2.61 %
PMHPL,Net Margin TTM,,,-7.45 %,-7.23 %,-4.35 %,-23.27 %,-22.21 %,-3.89 %,,2.69 %,,,,,,,,,14.35 %
PMHPL,Asset Turnover TTM,,,13.93 %,11.43 %,11.46 %,10.96 %,10.89 %,12.67 %,,13.38 %,,,,,,,,,18.16 %
PMHPL,EPS TTMYOY,,,-2.59-,-2.04-,-1.22-,-6.23-,-5.86-,-1.18-,,0.85-,,,,,,,,,6.07-
PMHPL,BVPSYOY,,,86.37-2.92 %,85.99-2.31 %,83.81-1.43 %,77.18-7.47 %,80.61-6.67 %,84.95-1.21 %,,84.801.18 %,,,,,,,,,83.398.05 %
PMHPL,Net Profit Till QtrYOY,,,3.26 Cr.-49.55 %,2.84 Cr.-47.77 %,43.15 Lac.-79.74 %,-685.61 Lac.-,3.67 Cr.12.54 %,8.40 Cr.195.74 %,,"8.23 Cr.1,806.32 %",,,,,,,,,6.68 Cr.-
PMHPL,Revenue Till QtrYOY,,,12.33 Cr.18.18 %,19.07 Cr.-21.90 %,23.77 Cr.-18.62 %,29.47 Cr.-18.98 %,11.89 Cr.-3.55 %,23.03 Cr.20.80 %,,29.16 Cr.22.70 %,,,,,,,,,46.55 Cr.57.98 %
PMHPL,Net Profit TTMYOY,,,-284.92 Lac.-,-224.43 Lac.-,-134.62 Lac.-,-685.61 Lac.-,-644.72 Lac.-,-129.93 Lac.-,,93.79 Lac.-,,,,,,,,,6.68 Cr.-
PMHPL,Revenue TTMYOY,,,38.27 Cr.19.84 %,31.02 Cr.-16.48 %,30.93 Cr.-15.97 %,29.47 Cr.-18.98 %,29.03 Cr.-24.15 %,33.43 Cr.7.76 %,,34.86 Cr.12.71 %,,,,,,,,,46.55 Cr.57.98 %
PMLI,PE Ratio,,,75.9,68.7,70.7,68.8,65.9,84.9,,77.3,,,,,,,,,61.0
PMLI,PB Ratio,,,5.1,4.8,4.5,4.3,4.1,4.4,,4.1,,,,,,,,,3.7
PMLI,PS Ratio,,,6.4,6.1,5.3,4.7,4.5,4.7,,4.2,,,,,,,,,3.7
PMLI,ROE TTM,,,7.36 %,6.85 %,6.62 %,6.52 %,5.33 %,5.49 %,,6.30 %,,,,,,,,,6.22 %
PMLI,ROA TTM,,,2.52 %,2.27 %,2.12 %,2.01 %,1.58 %,1.56 %,,1.72 %,,,,,,,,,1.63 %
PMLI,Net Margin TTM,,,8.85 %,7.95 %,7.52 %,6.90 %,5.50 %,5.44 %,,6.15 %,,,,,,,,,5.78 %
PMLI,Asset Turnover TTM,,,28.50 %,28.55 %,28.17 %,29.13 %,28.76 %,28.64 %,,28.02 %,,,,,,,,,28.18 %
PMLI,EPS TTMYOY,,,7.39-2.38 %,7.015.52 %,6.932.65 %,6.981.25 %,5.81-21.36 %,6.05-13.70 %,,7.071.93 %,,,,,,,,,7.081.31 %
PMLI,BVPSYOY,,,106.2511.13 %,106.529.58 %,108.529.05 %,111.478.41 %,112.085.48 %,113.026.11 %,,115.606.53 %,,,,,,,,,116.584.59 %
PMLI,Net Profit Till QtrYOY,,,12.62 Cr.25.74 %,18.26 Cr.3.49 %,27.07 Cr.0.67 %,37.07 Cr.1.25 %,6.38 Cr.-49.48 %,13.32 Cr.-27.07 %,,27.51 Cr.1.61 %,,,,,,,,,37.56 Cr.1.31 %
PMLI,Revenue Till QtrYOY,,,120.72 Cr.4.83 %,234.98 Cr.15.29 %,358.25 Cr.16.92 %,537.33 Cr.22.89 %,144.35 Cr.19.58 %,287.95 Cr.22.54 %,,431.31 Cr.20.39 %,,,,,,,,,649.84 Cr.20.94 %
PMLI,Net Profit TTMYOY,,,39.20 Cr.-2.38 %,37.23 Cr.5.52 %,36.80 Cr.2.65 %,37.07 Cr.1.25 %,30.83 Cr.-21.36 %,32.13 Cr.-13.70 %,,37.51 Cr.1.93 %,,,,,,,,,37.56 Cr.1.31 %
PMLI,Revenue TTMYOY,,,442.79 Cr.-3.87 %,468.39 Cr.14.90 %,489.08 Cr.19.75 %,537.33 Cr.22.89 %,560.97 Cr.26.69 %,590.30 Cr.26.03 %,,610.39 Cr.24.80 %,,,,,,,,,649.84 Cr.20.94 %
PPCL,PE Ratio,,,-37.8,-50.6,-145.3,-70.9,87.1,30.5,,29.3,,,,,,,,,37.9
PPCL,PB Ratio,,,2.6,3.8,3.7,3.7,3.4,3.9,,3.7,,,,,,,,,3.4
PPCL,PS Ratio,,,0.0,"3,350.0",57.5,30.1,12.2,10.7,,10.3,,,,,,,,,9.5
PPCL,ROE TTM,,,-,-,-,-,3.97 %,13.61 %,,7.20 %,,,,,,,,,9.19 %
PPCL,ROA TTM,,,-2.56 %,-2.34 %,-0.79 %,-1.56 %,1.19 %,4.11 %,,2.21 %,,,,,,,,,2.91 %
PPCL,Net Margin TTM,,,-,"-6,369.21 %",-39.60 %,-42.42 %,14.00 %,35.14 %,,19.22 %,,,,,,,,,22.54 %
PPCL,Asset Turnover TTM,,,-,0.04 %,1.99 %,3.69 %,8.53 %,11.69 %,,11.51 %,,,,,,,,,12.91 %
PPCL,EPS TTMYOY,,,-6.93-,-6.62-,-2.34-,-4.79-,3.69-,12.68-,,6.82-,,,,,,,,,8.85-
PPCL,BVPSYOY,,,98.82-5.85 %,88.15-11.59 %,90.85-7.42 %,91.42-9.63 %,96.03-2.82 %,99.2012.54 %,,96.065.73 %,,,,,,,,,98.657.91 %
PPCL,Net Profit Till QtrYOY,,,-301.52 Lac.-,-776.34 Lac.-,-516.11 Lac.-,-461.23 Lac.-,5.15 Cr.-,9.05 Cr.-,,6.02 Cr.-,,,,,,,,,8.52 Cr.-
PPCL,Revenue Till QtrYOY,,,0.00 Lac.-,10.00 Lac.-,5.68 Cr.-,10.87 Cr.-,14.52 Cr.-,"23.95 Cr.23,849.56 %",,28.97 Cr.410.32 %,,,,,,,,,37.78 Cr.247.45 %
PPCL,Net Profit TTMYOY,,,-667.41 Lac.-,-636.92 Lac.-,-224.79 Lac.-,-461.23 Lac.-,3.56 Cr.-,12.20 Cr.-,,6.57 Cr.-,,,,,,,,,8.52 Cr.-
PPCL,Revenue TTMYOY,,,0.00 Lac.-100.00 %,10.00 Lac.-98.87 %,5.68 Cr.77.70 %,10.87 Cr.-,25.40 Cr.-,"34.72 Cr.34,623.62 %",,34.17 Cr.501.87 %,,,,,,,,,37.78 Cr.247.45 %
PPL,PE Ratio,,,113.5,111.5,88.2,"1,075.8",980.3,"-3,011.8",,-459.9,,,,,,,,,-133.5
PPL,PB Ratio,,,5.4,5.8,4.6,3.8,3.5,3.8,,3.3,,,,,,,,,3.1
PPL,PS Ratio,,,31.6,37.8,29.9,36.7,33.5,37.7,,31.1,,,,,,,,,37.5
PPL,ROE TTM,,,5.90 %,5.42 %,3.69 %,0.44 %,-,-,,-,,,,,,,,,-
PPL,ROA TTM,,,3.74 %,3.49 %,2.64 %,0.35 %,-0.13 %,-0.75 %,,-2.32 %,,,,,,,,,-2.23 %
PPL,Net Margin TTM,,,35.55 %,33.90 %,26.59 %,3.41 %,-1.29 %,-6.74 %,,-27.77 %,,,,,,,,,-242.11 %
PPL,Asset Turnover TTM,,,10.53 %,10.30 %,9.94 %,10.11 %,10.24 %,11.06 %,,8.37 %,,,,,,,,,0.92 %
PPL,EPS TTMYOY,,,3.88833.65 %,3.61-,2.71151.15 %,0.35-89.02 %,-0.13-,-0.76-,,-2.37-,,,,,,,,,-2.29-
PPL,BVPSYOY,,,68.085.15 %,68.966.11 %,98.6852.47 %,98.2147.45 %,106.2156.00 %,104.6551.75 %,,102.984.36 %,,,,,,,,,102.594.46 %
PPL,Net Profit Till QtrYOY,,,1.72 Cr.62.82 %,83.19 Lac.94.51 %,78.02 Lac.-36.76 %,33.19 Lac.-89.02 %,1.26 Cr.-26.72 %,-22.22 Lac.-,,-180.50 Lac.-,,,,,,,,,-217.63 Lac.-
PPL,Revenue Till QtrYOY,,,3.02 Cr.-13.57 %,2.18 Cr.-25.21 %,6.97 Cr.-14.52 %,9.72 Cr.-10.32 %,3.18 Cr.5.32 %,3.17 Cr.45.77 %,,5.36 Cr.-23.06 %,,,,,,,,,89.89 Lac.-90.75 %
PPL,Net Profit TTMYOY,,,3.69 Cr.833.65 %,3.43 Cr.-,2.57 Cr.151.15 %,33.19 Lac.-89.02 %,-12.76 Lac.-,-72.22 Lac.-,,-225.33 Lac.-,,,,,,,,,-217.63 Lac.-
PPL,Revenue TTMYOY,,,10.37 Cr.88.31 %,10.11 Cr.187.28 %,9.66 Cr.15.12 %,9.72 Cr.-10.32 %,9.88 Cr.-4.68 %,10.72 Cr.6.04 %,,8.11 Cr.-15.97 %,,,,,,,,,89.89 Lac.-90.75 %
PRIN,PE Ratio,,,29.6,29.1,25.0,62.0,52.1,54.3,,56.4,,,,,,,,,54.5
PRIN,PB Ratio,,,4.5,4.4,3.7,3.9,3.3,3.5,,3.5,,,,,,,,,3.4
PRIN,PS Ratio,,,8.5,9.4,8.4,7.2,6.0,6.5,,6.8,,,,,,,,,7.1
PRIN,ROE TTM,,,16.48 %,16.13 %,9.26 %,6.38 %,6.50 %,6.29 %,,6.48 %,,,,,,,,,7.07 %
PRIN,ROA TTM,,,8.55 %,8.38 %,4.76 %,3.24 %,3.17 %,2.99 %,,3.04 %,,,,,,,,,3.30 %
PRIN,Net Margin TTM,,,32.18 %,33.81 %,16.98 %,11.55 %,11.75 %,12.15 %,,12.87 %,,,,,,,,,14.10 %
PRIN,Asset Turnover TTM,,,26.58 %,24.79 %,28.05 %,28.10 %,26.98 %,24.65 %,,23.58 %,,,,,,,,,23.39 %
PRIN,EPS TTMYOY,,,26.84123.74 %,27.1796.65 %,16.21-35.25 %,11.46-56.82 %,11.85-55.85 %,11.59-57.33 %,,12.07-25.52 %,,,,,,,,,13.3316.27 %
PRIN,BVPSYOY,,,176.2513.76 %,182.5422.07 %,182.8313.90 %,183.385.86 %,186.085.58 %,186.852.36 %,,192.785.44 %,,,,,,,,,193.005.24 %
PRIN,Net Profit Till QtrYOY,,,5.60 Cr.10.54 %,12.00 Cr.10.53 %,20.03 Cr.-48.84 %,21.20 Cr.-56.82 %,6.31 Cr.12.72 %,12.25 Cr.2.01 %,,21.16 Cr.5.63 %,,,,,,,,,24.64 Cr.16.27 %
PRIN,Revenue Till QtrYOY,,,26.70 Cr.-39.78 %,67.36 Cr.-25.67 %,116.66 Cr.4.20 %,183.54 Cr.6.81 %,29.69 Cr.11.19 %,60.27 Cr.-10.53 %,,106.56 Cr.-8.66 %,,,,,,,,,174.81 Cr.-4.76 %
PRIN,Net Profit TTMYOY,,,49.62 Cr.123.74 %,50.23 Cr.96.65 %,29.97 Cr.-35.25 %,21.20 Cr.-56.82 %,21.91 Cr.-55.85 %,21.44 Cr.-57.33 %,,22.32 Cr.-25.52 %,,,,,,,,,24.64 Cr.16.27 %
PRIN,Revenue TTMYOY,,,154.20 Cr.-8.72 %,148.58 Cr.-14.63 %,176.54 Cr.8.74 %,183.54 Cr.6.81 %,186.52 Cr.20.96 %,176.45 Cr.18.76 %,,173.44 Cr.-1.76 %,,,,,,,,,174.81 Cr.-4.76 %
PROFL,PE Ratio,,,-373.4,-314.5,29.1,39.4,36.3,36.7,,"-1,404.0",,,,,,,,,"-1,101.6"
PROFL,PB Ratio,,,14.5,12.2,7.0,6.6,6.0,6.5,,6.0,,,,,,,,,5.6
PROFL,PS Ratio,,,4.5,3.8,6.9,6.8,6.8,35.8,,6.7,,,,,,,,,6.4
PROFL,ROE TTM,,,-,30.61 %,20.46 %,20.55 %,18.72 %,-,,-,,,,,,,,,7.67 %
PROFL,ROA TTM,,,-0.23 %,2.21 %,1.48 %,1.48 %,1.43 %,-0.03 %,,-0.04 %,,,,,,,,,0.59 %
PROFL,Net Margin TTM,,,-1.21 %,23.60 %,17.26 %,18.85 %,97.65 %,-0.47 %,,-0.59 %,,,,,,,,,9.26 %
PROFL,Asset Turnover TTM,,,18.99 %,9.38 %,8.58 %,7.87 %,1.46 %,6.98 %,,6.70 %,,,,,,,,,6.42 %
PROFL,EPS TTMYOY,,,-1.76-,18.04-,12.65-,13.20-,13.08-,-0.31-,,-0.38-,,,,,,,,,5.92-55.18 %
PROFL,BVPSYOY,,,45.33-31.42 %,75.1421.87 %,76.0713.16 %,79.2474.78 %,73.6062.34 %,73.93-1.61 %,,75.05-1.34 %,,,,,,,,,83.845.81 %
PROFL,Net Profit Till QtrYOY,,,-380.76 Lac.-,8.54 Cr.-,9.04 Cr.-,11.19 Cr.-,-390.81 Lac.-,-292.52 Lac.-,,-247.43 Lac.-,,,,,,,,,5.02 Cr.-55.18 %
PROFL,Revenue Till QtrYOY,,,"62.24 Cr.4,767.35 %",30.08 Cr.9.49 %,44.73 Cr.-0.19 %,59.38 Cr.-4.60 %,14.22 Cr.-77.15 %,26.97 Cr.-10.32 %,,40.36 Cr.-9.77 %,,,,,,,,,54.20 Cr.-8.73 %
PROFL,Net Profit TTMYOY,,,-149.67 Lac.-,15.30 Cr.-,10.73 Cr.-,11.19 Cr.-,11.09 Cr.-,-26.64 Lac.-,,-32.47 Lac.-,,,,,,,,,5.02 Cr.-55.18 %
PROFL,Revenue TTMYOY,,,123.21 Cr.159.24 %,64.85 Cr.12.80 %,62.16 Cr.2.21 %,59.38 Cr.-4.60 %,11.36 Cr.-90.78 %,56.28 Cr.-13.22 %,,55.01 Cr.-11.50 %,,,,,,,,,54.20 Cr.-8.73 %
PRVU,PE Ratio,,,13.0,11.6,9.6,9.4,8.5,8.6,,9.2,,,,,,,,,10.0
PRVU,PB Ratio,,,1.6,1.4,1.4,1.3,1.2,1.3,,1.4,,,,,,,,,1.3
PRVU,PS Ratio,,,1.8,1.7,1.6,2.2,2.0,2.0,,2.2,,,,,,,,,2.1
PRVU,ROE TTM,,,12.88 %,14.68 %,12.88 %,15.04 %,13.55 %,14.24 %,,12.26 %,,,,,,,,,-
PRVU,ROA TTM,,,0.47 %,0.53 %,0.47 %,1.43 %,1.27 %,1.29 %,,1.09 %,,,,,,,,,-0.06 %
PRVU,Net Margin TTM,,,14.57 %,17.16 %,16.64 %,23.43 %,21.89 %,23.51 %,,21.11 %,,,,,,,,,-1.10 %
PRVU,Asset Turnover TTM,,,3.20 %,3.07 %,2.80 %,6.12 %,5.81 %,5.47 %,,5.16 %,,,,,,,,,5.35 %
PRVU,EPS TTMYOY,,,19.0642.25 %,21.65117.28 %,19.3069.37 %,23.1221.47 %,21.0710.55 %,21.750.48 %,,18.77-2.78 %,,,,,,,,,-1.02-
PRVU,BVPSYOY,,,159.938.19 %,144.797.24 %,147.293.29 %,162.004.68 %,163.552.27 %,146.170.96 %,,146.26-0.70 %,,,,,,,,,140.92-13.01 %
PRVU,Net Profit Till QtrYOY,,,104.07 Cr.0.62 %,133.61 Cr.85.49 %,187.61 Cr.3.51 %,544.27 Cr.21.47 %,55.85 Cr.-46.33 %,101.45 Cr.-24.08 %,,85.15 Cr.-54.61 %,,,,,,,,,"-2,412.44 Lac.-"
PRVU,Revenue Till QtrYOY,,,703.32 Cr.-14.89 %,"1,317.32 Cr.-15.08 %","1,911.91 Cr.-19.83 %","2,322.95 Cr.-27.48 %",645.99 Cr.-8.15 %,"1,172.66 Cr.-10.98 %",,"1,681.97 Cr.-12.03 %",,,,,,,,,"2,197.69 Cr.-5.39 %"
PRVU,Net Profit TTMYOY,,,448.73 Cr.42.25 %,509.66 Cr.117.28 %,454.44 Cr.69.37 %,544.27 Cr.21.47 %,496.05 Cr.10.55 %,512.10 Cr.0.48 %,,441.82 Cr.-2.78 %,,,,,,,,,"-2,412.44 Lac.-"
PRVU,Revenue TTMYOY,,,"3,080.38 Cr.-5.39 %","2,969.53 Cr.-13.67 %","2,730.33 Cr.-18.12 %","2,322.95 Cr.-27.48 %","2,265.62 Cr.-26.45 %","2,178.28 Cr.-26.65 %",,"2,093.01 Cr.-23.34 %",,,,,,,,,"2,197.69 Cr.-5.39 %"
PURE,PE Ratio,,,,,,0.0,178.6,226.3,,423.5,,,,,,,,,420.2
PURE,PB Ratio,,,,,,0.0,7.9,10.0,,9.6,,,,,,,,,8.0
PURE,PS Ratio,,,,,,0.0,24.5,31.3,,31.9,,,,,,,,,28.1
PURE,ROE TTM,,,,,,3.98 %,4.43 %,2.27 %,,1.91 %,,,,,,,,,3.05 %
PURE,ROA TTM,,,,,,1.38 %,1.55 %,0.81 %,,0.66 %,,,,,,,,,1.09 %
PURE,Net Margin TTM,,,,,,11.65 %,13.74 %,7.94 %,,6.61 %,,,,,,,,,10.21 %
PURE,Asset Turnover TTM,,,,,,11.83 %,11.29 %,10.14 %,,9.96 %,,,,,,,,,10.64 %
PURE,EPS TTMYOY,,,,,,4.00-,4.50-,2.31-,,1.95-,,,,,,,,,3.16-20.88 %
PURE,BVPSYOY,,,,,,100.48-,101.61-,101.63-,,101.94-,,,,,,,,,103.643.15 %
PURE,Net Profit Till QtrYOY,,,,,,3.20 Cr.-,90.05 Lac.-,92.29 Lac.-,,1.17 Cr.-,,,,,,,,,2.53 Cr.-20.88 %
PURE,Revenue Till QtrYOY,,,,,,27.44 Cr.-,6.56 Cr.-,11.62 Cr.-,,17.72 Cr.-,,,,,,,,,24.78 Cr.-9.71 %
PURE,Net Profit TTMYOY,,,,,,3.20 Cr.-,3.60 Cr.-,1.85 Cr.-,,1.56 Cr.-,,,,,,,,,2.53 Cr.-20.88 %
PURE,Revenue TTMYOY,,,,,,27.44 Cr.-,26.22 Cr.-,23.24 Cr.-,,23.62 Cr.-,,,,,,,,,24.78 Cr.-9.71 %
RADHI,PE Ratio,,,76.1,81.0,166.6,37.4,22.5,24.8,,22.7,,,,,,,,,21.4
RADHI,PB Ratio,,,3.4,3.4,6.4,5.7,5.0,5.5,,4.4,,,,,,,,,4.1
RADHI,PS Ratio,,,34.6,34.8,54.9,22.8,14.4,15.8,,14.4,,,,,,,,,21.0
RADHI,ROE TTM,,,4.32 %,3.90 %,3.77 %,17.10 %,26.57 %,24.03 %,,22.44 %,,,,,,,,,12.24 %
RADHI,ROA TTM,,,3.97 %,3.48 %,3.23 %,14.15 %,21.70 %,19.55 %,,18.45 %,,,,,,,,,10.28 %
RADHI,Net Margin TTM,,,42.98 %,32.92 %,37.12 %,60.94 %,63.76 %,63.84 %,,98.99 %,,,,,,,,,62.10 %
RADHI,Asset Turnover TTM,,,9.24 %,10.56 %,8.70 %,23.21 %,34.03 %,30.62 %,,18.64 %,,,,,,,,,16.55 %
RADHI,EPS TTMYOY,,,4.93-27.26 %,4.51-37.21 %,4.39-32.39 %,20.65309.38 %,34.14591.75 %,33.44640.62 %,,33.86670.94 %,,,,,,,,,19.75-4.36 %
RADHI,BVPSYOY,,,117.746.53 %,117.663.54 %,117.612.56 %,136.4019.25 %,153.0329.97 %,171.0245.36 %,,176.2649.88 %,,,,,,,,,170.1424.74 %
RADHI,Net Profit Till QtrYOY,,,3.06 Cr.-6.22 %,6.34 Cr.-13.34 %,8.11 Cr.-12.90 %,37.98 Cr.309.38 %,27.85 Cr.811.62 %,29.85 Cr.370.76 %,,32.39 Cr.299.43 %,,,,,,,,,36.33 Cr.-4.36 %
RADHI,Revenue Till QtrYOY,,,3.89 Cr.22.43 %,12.22 Cr.65.09 %,10.39 Cr.14.99 %,62.33 Cr.205.50 %,40.02 Cr.928.87 %,46.20 Cr.278.14 %,,10.96 Cr.5.53 %,,,,,,,,,58.50 Cr.-6.15 %
RADHI,Net Profit TTMYOY,,,9.08 Cr.-27.26 %,8.30 Cr.-37.21 %,8.08 Cr.-32.39 %,37.98 Cr.309.38 %,62.78 Cr.591.75 %,61.49 Cr.640.62 %,,62.27 Cr.670.94 %,,,,,,,,,36.33 Cr.-4.36 %
RADHI,Revenue TTMYOY,,,21.11 Cr.75.75 %,25.22 Cr.102.48 %,21.76 Cr.96.87 %,62.33 Cr.205.50 %,98.46 Cr.366.29 %,96.31 Cr.281.89 %,,62.90 Cr.189.12 %,,,,,,,,,58.50 Cr.-6.15 %
RAWA,PE Ratio,,,-498.7,251.0,251.3,304.5,108.0,73.4,,54.6,,,,,,,,,38.5
RAWA,PB Ratio,,,11.2,11.4,11.4,10.6,9.4,9.1,,7.2,,,,,,,,,5.1
RAWA,PS Ratio,,,135.0,51.3,51.4,30.4,20.4,20.8,,16.5,,,,,,,,,11.5
RAWA,ROE TTM,,,0.09 %,4.42 %,3.43 %,8.86 %,13.20 %,12.60 %,,13.99 %,,,,,,,,,13.63 %
RAWA,ROA TTM,,,0.03 %,1.37 %,1.06 %,2.73 %,4.15 %,4.11 %,,4.71 %,,,,,,,,,4.75 %
RAWA,Net Margin TTM,,,0.61 %,20.45 %,9.97 %,18.89 %,27.82 %,26.93 %,,29.89 %,,,,,,,,,29.84 %
RAWA,Asset Turnover TTM,,,4.42 %,6.68 %,10.63 %,14.44 %,14.93 %,15.25 %,,15.76 %,,,,,,,,,15.91 %
RAWA,EPS TTMYOY,,,0.07-,3.34-,2.56148.68 %,6.53-,"9.8814,673.55 %",9.73190.95 %,,11.11334.00 %,,,,,,,,,11.1771.05 %
RAWA,BVPSYOY,,,71.58-9.75 %,73.65-6.93 %,73.82-7.61 %,75.351.83 %,79.9511.68 %,83.1812.94 %,,84.7314.79 %,,,,,,,,,86.3214.56 %
RAWA,Net Profit Till QtrYOY,,,40.07 Lac.-,1.35 Cr.-,1.40 Cr.546.75 %,1.83 Cr.-,1.34 Cr.234.45 %,2.24 Cr.66.34 %,,2.68 Cr.91.74 %,,,,,,,,,3.13 Cr.71.05 %
RAWA,Revenue Till QtrYOY,,,2.82 Cr.91.78 %,5.50 Cr.108.05 %,7.36 Cr.289.95 %,9.68 Cr.463.23 %,3.09 Cr.9.59 %,5.94 Cr.7.96 %,,8.09 Cr.9.91 %,,,,,,,,,10.48 Cr.8.30 %
RAWA,Net Profit TTMYOY,,,1.87 Lac.-,93.59 Lac.-,71.67 Lac.148.68 %,1.83 Cr.-,"2.77 Cr.14,673.55 %",2.72 Cr.190.95 %,,3.11 Cr.334.00 %,,,,,,,,,3.13 Cr.71.05 %
RAWA,Revenue TTMYOY,,,3.07 Cr.-47.86 %,4.58 Cr.-13.51 %,7.19 Cr.185.79 %,9.68 Cr.463.23 %,9.95 Cr.224.22 %,10.11 Cr.120.98 %,,10.41 Cr.44.71 %,,,,,,,,,10.48 Cr.8.30 %
RBCL,PE Ratio,,,72.5,70.7,71.3,94.9,92.0,234.1,,155.2,,,,,,,,,118.0
RBCL,PB Ratio,,,10.5,2.3,2.3,2.3,2.3,2.4,,2.3,,,,,,,,,2.2
RBCL,PS Ratio,,,27.6,20.7,20.9,27.3,26.5,37.2,,41.4,,,,,,,,,26.5
RBCL,ROE TTM,,,9.44 %,5.82 %,4.25 %,2.95 %,1.01 %,1.51 %,,1.87 %,,,,,,,,,2.00 %
RBCL,ROA TTM,,,3.41 %,2.49 %,2.28 %,1.86 %,0.72 %,1.05 %,,1.29 %,,,,,,,,,1.38 %
RBCL,Net Margin TTM,,,36.95 %,29.26 %,33.39 %,28.81 %,15.97 %,25.87 %,,22.73 %,,,,,,,,,23.25 %
RBCL,Asset Turnover TTM,,,9.24 %,8.52 %,6.83 %,6.44 %,4.48 %,4.06 %,,5.70 %,,,,,,,,,5.95 %
RBCL,EPS TTMYOY,,,242.36-24.54 %,205.05-33.78 %,190.01-15.90 %,160.38-31.83 %,64.34-73.45 %,96.84-52.77 %,,120.36-36.65 %,,,,,,,,,129.18-19.46 %
RBCL,BVPSYOY,,,"6,460.00319.40 %","6,322.83296.52 %","6,321.44292.32 %","6,489.08297.59 %","6,401.84-0.90 %","6,461.262.19 %",,"6,524.103.21 %",,,,,,,,,"6,407.05-1.26 %"
RBCL,Net Profit Till QtrYOY,,,15.66 Cr.13.74 %,34.67 Cr.-18.86 %,39.57 Cr.-23.37 %,42.76 Cr.-31.83 %,-995.10 Lac.-,17.73 Cr.-48.87 %,,28.90 Cr.-26.97 %,,,,,,,,,34.44 Cr.-19.46 %
RBCL,Revenue Till QtrYOY,,,63.46 Cr.18.30 %,97.30 Cr.28.84 %,102.10 Cr.-11.58 %,148.46 Cr.-10.08 %,22.42 Cr.-64.68 %,48.66 Cr.-49.99 %,,94.83 Cr.-7.12 %,,,,,,,,,148.14 Cr.-0.21 %
RBCL,Net Profit TTMYOY,,,64.62 Cr.-24.54 %,54.67 Cr.-33.78 %,50.66 Cr.-15.90 %,42.76 Cr.-31.83 %,17.16 Cr.-73.45 %,25.82 Cr.-52.77 %,,32.09 Cr.-36.65 %,,,,,,,,,34.44 Cr.-19.46 %
RBCL,Revenue TTMYOY,,,174.91 Cr.-1.28 %,186.88 Cr.1.16 %,151.72 Cr.3.19 %,148.46 Cr.-10.08 %,107.41 Cr.-38.59 %,99.82 Cr.-46.59 %,,141.19 Cr.-6.94 %,,,,,,,,,148.14 Cr.-0.21 %
RFPL,PE Ratio,,,91.7,,38.2,"4,947.4","4,774.7","-5,982.0",,161.2,,,,,,,,,259.6
RFPL,PB Ratio,,,8.1,,4.9,3.8,3.7,4.0,,3.1,,,,,,,,,2.9
RFPL,PS Ratio,,,17.2,,9.9,20.5,19.7,21.4,,22.4,,,,,,,,,18.0
RFPL,ROE TTM,,,14.41 %,,14.16 %,0.11 %,-,2.41 %,,1.21 %,,,,,,,,,2.42 %
RFPL,ROA TTM,,,3.63 %,,5.26 %,0.05 %,-0.04 %,1.39 %,,0.67 %,,,,,,,,,1.36 %
RFPL,Net Margin TTM,,,25.84 %,,30.87 %,0.41 %,-0.37 %,13.90 %,,6.79 %,,,,,,,,,14.36 %
RFPL,Asset Turnover TTM,,,14.03 %,,17.05 %,11.61 %,11.54 %,9.97 %,,9.84 %,,,,,,,,,9.50 %
RFPL,EPS TTMYOY,,,6.72-,,8.37-,0.08-98.25 %,-0.07-,2.29-66.90 %,,1.31-84.40 %,,,,,,,,,"2.713,416.66 %"
RFPL,BVPSYOY,,,52.4615.22 %,,100.29139.98 %,100.26100.24 %,102.5195.39 %,119.39134.05 %,,118.4118.07 %,,,,,,,,,119.7819.47 %
RFPL,Net Profit Till QtrYOY,,,"3.35 Cr.3,023.08 %",,14.46 Lac.-,10.79 Lac.-98.25 %,3.14 Cr.-6.09 %,"3.24 Cr.2,138.08 %",,"1.87 Cr.1,190.15 %",,,,,,,,,"3.79 Cr.3,416.66 %"
RFPL,Revenue Till QtrYOY,,,10.06 Cr.52.84 %,,19.35 Cr.35.51 %,26.09 Cr.-20.68 %,10.07 Cr.0.04 %,16.28 Cr.-15.85 %,,20.17 Cr.4.25 %,,,,,,,,,26.43 Cr.1.30 %
RFPL,Net Profit TTMYOY,,,9.40 Cr.-,,11.72 Cr.-,10.79 Lac.-98.25 %,-9.60 Lac.-,3.20 Cr.-66.90 %,,1.83 Cr.-84.40 %,,,,,,,,,"3.79 Cr.3,416.66 %"
RFPL,Revenue TTMYOY,,,36.38 Cr.452.50 %,,37.97 Cr.165.88 %,26.09 Cr.-20.68 %,26.10 Cr.-28.26 %,23.03 Cr.-43.83 %,,26.92 Cr.-29.11 %,,,,,,,,,26.43 Cr.1.30 %
RHGCL,PE Ratio,,,-45.2,-89.0,-218.9,-47.7,-38.1,-41.5,,-51.1,,,,,,,,,-90.3
RHGCL,PB Ratio,,,5.2,7.2,5.9,3.5,2.8,3.1,,3.1,,,,,,,,,2.8
RHGCL,PS Ratio,,,27.2,34.5,25.1,35.1,28.0,40.6,,39.7,,,,,,,,,38.4
RHGCL,ROE TTM,,,-,-,-,-,-,-,,-,,,,,,,,,-
RHGCL,ROA TTM,,,-2.61 %,-0.88 %,-1.96 %,-3.92 %,-4.54 %,-3.80 %,,-1.93 %,,,,,,,,,-1.41 %
RHGCL,Net Margin TTM,,,-38.76 %,-11.45 %,-24.78 %,-73.44 %,-100.37 %,-76.96 %,,-42.80 %,,,,,,,,,-30.24 %
RHGCL,Asset Turnover TTM,,,6.73 %,7.67 %,7.92 %,5.34 %,4.52 %,4.93 %,,4.52 %,,,,,,,,,4.65 %
RHGCL,EPS TTMYOY,,,-3.82-,-1.28-,-2.85-,-6.02-,-6.96-,-5.81-,,-2.95-,,,,,,,,,-2.16-
RHGCL,BVPSYOY,,,47.31-5.01 %,47.21-0.65 %,90.0594.71 %,81.2875.02 %,94.71100.20 %,95.75102.83 %,,95.746.31 %,,,,,,,,,93.5615.11 %
RHGCL,Net Profit Till QtrYOY,,,-12.06 Lac.-,-24.22 Lac.-,-372.88 Lac.-,-737.39 Lac.-,-127.77 Lac.-,1.06 Lac.-,,2.64 Lac.-,,,,,,,,,-264.19 Lac.-
RHGCL,Revenue Till QtrYOY,,,3.28 Cr.64.21 %,6.50 Cr.80.43 %,9.18 Cr.57.00 %,10.04 Cr.-6.87 %,1.74 Cr.-47.00 %,5.71 Cr.-12.13 %,,7.59 Cr.-17.28 %,,,,,,,,,8.74 Cr.-13.00 %
RHGCL,Net Profit TTMYOY,,,-467.64 Lac.-,-156.55 Lac.-,-349.70 Lac.-,-737.39 Lac.-,-853.10 Lac.-,-712.11 Lac.-,,-361.87 Lac.-,,,,,,,,,-264.19 Lac.-
RHGCL,Revenue TTMYOY,,,12.06 Cr.266.82 %,13.68 Cr.188.43 %,14.12 Cr.102.56 %,10.04 Cr.-6.87 %,8.50 Cr.-29.55 %,9.25 Cr.-32.35 %,,8.46 Cr.-40.10 %,,,,,,,,,8.74 Cr.-13.00 %
RHPL,PE Ratio,,,-696.3,-581.1,-515.4,-43.1,-37.6,-17.0,,-12.3,,,,,,,,,-11.1
RHPL,PB Ratio,,,4.6,4.7,4.2,3.5,3.1,3.6,,3.8,,,,,,,,,3.6
RHPL,PS Ratio,,,0.0,304.8,270.4,21.6,18.9,20.0,,17.1,,,,,,,,,15.6
RHPL,ROE TTM,,,-,-,-,-,-,-,,-,,,,,,,,,-
RHPL,ROA TTM,,,-0.17 %,-0.23 %,-0.69 %,-2.06 %,-4.77 %,-6.50 %,,-6.70 %,,,,,,,,,-6.15 %
RHPL,Net Margin TTM,,,-,-52.49 %,-26.47 %,-50.21 %,-117.77 %,-136.68 %,,-139.04 %,,,,,,,,,-119.56 %
RHPL,Asset Turnover TTM,,,-,0.43 %,2.61 %,4.11 %,4.05 %,4.75 %,,4.82 %,,,,,,,,,5.15 %
RHPL,EPS TTMYOY,,,-0.56-,-0.77-,-2.36-,-7.12-,-16.52-,-22.49-,,-23.10-,,,,,,,,,-21.13-
RHPL,BVPSYOY,,,94.27-0.63 %,93.98-0.83 %,92.29-2.51 %,87.30-7.54 %,77.52-17.76 %,72.34-23.03 %,,70.04-24.11 %,,,,,,,,,67.01-23.24 %
RHPL,Net Profit Till QtrYOY,,,-104.49 Lac.-,-301.83 Lac.-,"-1,460.32 Lac.-","-4,872.34 Lac.-","-6,533.54 Lac.-","-10,814.74 Lac.-",,"-12,396.53 Lac.-",,,,,,,,,"-14,458.90 Lac.-"
RHPL,Revenue Till QtrYOY,,,0.00 Lac.-,9.98 Cr.-,61.11 Cr.-,97.03 Cr.-,-107.12 Lac.-,25.52 Cr.155.62 %,,77.77 Cr.27.27 %,,,,,,,,,120.93 Cr.24.63 %
RHPL,Net Profit TTMYOY,,,-380.23 Lac.-,-523.98 Lac.-,"-1,617.67 Lac.-","-4,872.34 Lac.-","-11,301.39 Lac.-","-15,385.25 Lac.-",,"-15,808.55 Lac.-",,,,,,,,,"-14,458.90 Lac.-"
RHPL,Revenue TTMYOY,,,0.00 Lac.-,9.98 Cr.-,61.11 Cr.-,97.03 Cr.-,95.96 Cr.-,"112.56 Cr.1,027.71 %",,113.70 Cr.86.06 %,,,,,,,,,120.93 Cr.24.63 %
RIDI,PE Ratio,,,-26.0,-51.2,-58.3,54.6,48.9,63.9,,67.7,,,,,,,,,48.5
RIDI,PB Ratio,,,2.6,2.4,2.8,2.5,2.3,3.2,,3.4,,,,,,,,,3.6
RIDI,PS Ratio,,,18.8,13.6,15.5,12.5,11.2,16.1,,16.1,,,,,,,,,16.6
RIDI,ROE TTM,,,-,-,-,4.80 %,2.79 %,5.26 %,,7.61 %,,,,,,,,,2.01 %
RIDI,ROA TTM,,,-4.96 %,-2.94 %,-3.12 %,2.87 %,1.69 %,3.22 %,,4.70 %,,,,,,,,,1.25 %
RIDI,Net Margin TTM,,,-44.61 %,-26.53 %,-26.30 %,22.89 %,13.46 %,23.93 %,,33.91 %,,,,,,,,,12.98 %
RIDI,Asset Turnover TTM,,,11.11 %,11.09 %,11.88 %,12.55 %,12.54 %,13.45 %,,13.84 %,,,,,,,,,9.65 %
RIDI,EPS TTMYOY,,,-7.46-,-4.53-,-4.95-,4.60-,2.70-,5.15-,,7.58-,,,,,,,,,2.04-55.68 %
RIDI,BVPSYOY,,,96.18-5.32 %,95.10-2.46 %,94.2713.41 %,98.634.43 %,100.264.24 %,101.626.85 %,,103.209.47 %,,,,,,,,,102.033.45 %
RIDI,Net Profit Till QtrYOY,,,"5.00 Cr.10,861.45 %",2.49 Cr.-,55.95 Lac.-,10.68 Cr.-,59.27 Lac.-88.15 %,3.78 Cr.51.74 %,,"7.49 Cr.1,239.05 %",,,,,,,,,4.73 Cr.-55.68 %
RIDI,Revenue Till QtrYOY,,,12.01 Cr.198.32 %,18.67 Cr.90.08 %,24.56 Cr.110.73 %,46.67 Cr.51.28 %,11.92 Cr.-0.76 %,22.02 Cr.17.90 %,,29.83 Cr.21.45 %,,,,,,,,,36.48 Cr.-21.84 %
RIDI,Net Profit TTMYOY,,,"-1,732.49 Lac.-","-1,053.08 Lac.-","-1,150.75 Lac.-",10.68 Cr.-,6.27 Cr.-,11.97 Cr.-,,17.61 Cr.-,,,,,,,,,4.73 Cr.-55.68 %
RIDI,Revenue TTMYOY,,,38.83 Cr.37.47 %,39.70 Cr.61.04 %,43.76 Cr.135.59 %,46.67 Cr.51.28 %,46.58 Cr.19.94 %,50.01 Cr.25.98 %,,51.94 Cr.18.70 %,,,,,,,,,36.48 Cr.-21.84 %
RLFL,PE Ratio,,,242.4,-72.0,-160.0,-54.8,115.0,-80.7,,29.6,,,,,,,,,19.7
RLFL,PB Ratio,,,6.1,5.1,5.3,5.2,4.0,4.8,,3.9,,,,,,,,,3.9
RLFL,PS Ratio,,,7.6,6.7,6.7,6.5,6.1,6.5,,6.1,,,,,,,,,6.1
RLFL,ROE TTM,,,-,-,-,3.76 %,-,14.37 %,,21.56 %,,,,,,,,,4.09 %
RLFL,ROA TTM,,,-0.89 %,-0.38 %,-1.02 %,0.44 %,-0.66 %,1.64 %,,2.45 %,,,,,,,,,0.46 %
RLFL,Net Margin TTM,,,-9.34 %,-4.20 %,-11.83 %,5.28 %,-8.08 %,20.58 %,,30.69 %,,,,,,,,,6.45 %
RLFL,Asset Turnover TTM,,,9.50 %,9.03 %,8.62 %,8.26 %,8.11 %,7.95 %,,7.98 %,,,,,,,,,7.12 %
RLFL,EPS TTMYOY,,,-7.36-,-3.21-,-8.79-,3.8147.66 %,-5.76-,14.64-,,22.77-,,,,,,,,,4.5118.46 %
RLFL,BVPSYOY,,,102.99-3.72 %,97.19-0.93 %,92.97-5.49 %,110.097.06 %,97.21-5.62 %,112.0315.27 %,,115.8024.56 %,,,,,,,,,116.786.08 %
RLFL,Net Profit Till QtrYOY,,,-575.55 Lac.-,"-1,197.39 Lac.-","-1,747.11 Lac.-",4.27 Cr.47.66 %,"-1,648.27 Lac.-",17.23 Lac.-,,3.79 Cr.-,,,,,,,,,5.06 Cr.18.46 %
RLFL,Revenue Till QtrYOY,,,20.14 Cr.-14.63 %,38.07 Cr.-13.87 %,57.37 Cr.-12.99 %,80.84 Cr.-12.03 %,19.18 Cr.-4.78 %,36.99 Cr.-2.83 %,,59.73 Cr.4.11 %,,,,,,,,,78.46 Cr.-2.94 %
RLFL,Net Profit TTMYOY,,,-825.77 Lac.-,-360.53 Lac.-,-985.39 Lac.-,4.27 Cr.47.66 %,-645.68 Lac.-,16.42 Cr.-,,25.53 Cr.-,,,,,,,,,5.06 Cr.18.46 %
RLFL,Revenue TTMYOY,,,88.45 Cr.-11.31 %,85.76 Cr.-10.19 %,83.33 Cr.-8.13 %,80.84 Cr.-12.03 %,79.88 Cr.-9.69 %,79.76 Cr.-7.00 %,,83.20 Cr.-0.16 %,,,,,,,,,78.46 Cr.-2.94 %
RNLI,PE Ratio,,,58.4,47.1,42.9,43.2,42.7,37.4,,38.9,,,,,,,,,38.6
RNLI,PB Ratio,,,3.4,3.3,3.0,3.2,3.2,2.9,,3.2,,,,,,,,,2.9
RNLI,PS Ratio,,,5.9,4.8,4.4,17.1,16.9,13.5,,16.2,,,,,,,,,9.4
RNLI,ROE TTM,,,6.70 %,7.36 %,7.32 %,7.48 %,8.12 %,7.95 %,,7.44 %,,,,,,,,,7.56 %
RNLI,ROA TTM,,,2.96 %,3.04 %,2.92 %,2.86 %,3.01 %,2.83 %,,2.53 %,,,,,,,,,2.44 %
RNLI,Net Margin TTM,,,11.50 %,10.25 %,13.29 %,39.62 %,36.07 %,41.40 %,,24.38 %,,,,,,,,,8.78 %
RNLI,Asset Turnover TTM,,,25.70 %,29.64 %,21.94 %,7.22 %,8.35 %,6.83 %,,10.38 %,,,,,,,,,27.81 %
RNLI,EPS TTMYOY,,,9.746.02 %,10.5018.14 %,10.6221.66 %,10.9733.74 %,12.1124.29 %,11.8512.81 %,,11.064.16 %,,,,,,,,,11.212.18 %
RNLI,BVPSYOY,,,145.527.48 %,148.807.58 %,149.977.85 %,147.473.99 %,154.296.03 %,144.97-2.58 %,,146.17-2.54 %,,,,,,,,,148.490.69 %
RNLI,Net Profit Till QtrYOY,,,19.94 Cr.66.99 %,35.04 Cr.51.70 %,46.58 Cr.36.88 %,57.02 Cr.33.74 %,25.85 Cr.29.65 %,39.59 Cr.12.98 %,,47.04 Cr.0.99 %,,,,,,,,,58.26 Cr.2.18 %
RNLI,Revenue Till QtrYOY,,,120.80 Cr.19.00 %,304.85 Cr.57.75 %,369.12 Cr.-1.50 %,143.91 Cr.-65.81 %,151.37 Cr.25.30 %,309.66 Cr.1.58 %,,460.98 Cr.24.89 %,,,,,,,,,663.42 Cr.361.01 %
RNLI,Net Profit TTMYOY,,,50.63 Cr.6.02 %,54.58 Cr.18.14 %,55.19 Cr.21.66 %,57.02 Cr.33.74 %,62.93 Cr.24.29 %,61.57 Cr.12.81 %,,57.48 Cr.4.16 %,,,,,,,,,58.26 Cr.2.18 %
RNLI,Revenue TTMYOY,,,440.19 Cr.8.41 %,532.50 Cr.37.77 %,415.29 Cr.-16.86 %,143.91 Cr.-65.81 %,174.47 Cr.-60.36 %,148.71 Cr.-72.07 %,,235.76 Cr.-43.23 %,,,,,,,,,663.42 Cr.361.01 %
RSDC,PE Ratio,,,51.6,55.3,58.4,75.2,67.5,50.7,,71.9,,,,,,,,,50.0
RSDC,PB Ratio,,,5.5,5.4,5.7,6.0,5.0,5.3,,5.5,,,,,,,,,5.1
RSDC,PS Ratio,,,8.8,9.4,10.0,12.9,12.2,13.3,,14.0,,,,,,,,,15.0
RSDC,ROE TTM,,,11.32 %,10.17 %,8.56 %,8.28 %,7.70 %,10.54 %,,7.64 %,,,,,,,,,10.54 %
RSDC,ROA TTM,,,1.88 %,1.72 %,1.46 %,1.39 %,1.33 %,2.22 %,,1.70 %,,,,,,,,,2.55 %
RSDC,Net Margin TTM,,,17.04 %,17.06 %,15.97 %,17.20 %,18.10 %,26.20 %,,21.25 %,,,,,,,,,33.40 %
RSDC,Asset Turnover TTM,,,11.06 %,10.08 %,9.14 %,8.11 %,7.34 %,8.47 %,,8.00 %,,,,,,,,,7.63 %
RSDC,EPS TTMYOY,,,12.7615.59 %,11.7519.71 %,10.10-24.17 %,9.98-29.64 %,9.50-25.60 %,13.1211.63 %,,9.57-5.26 %,,,,,,,,,13.3733.96 %
RSDC,BVPSYOY,,,119.1411.61 %,120.819.66 %,122.787.83 %,125.9510.78 %,128.047.48 %,125.153.59 %,,124.071.05 %,,,,,,,,,131.074.06 %
RSDC,Net Profit Till QtrYOY,,,2.61 Cr.-35.99 %,4.42 Cr.-36.25 %,6.99 Cr.-37.66 %,10.32 Cr.-29.64 %,2.11 Cr.-19.12 %,7.67 Cr.73.54 %,,6.56 Cr.-6.08 %,,,,,,,,,13.82 Cr.33.96 %
RSDC,Revenue Till QtrYOY,,,17.42 Cr.-27.10 %,32.09 Cr.-28.31 %,46.42 Cr.-28.55 %,60.01 Cr.-28.50 %,11.68 Cr.-32.95 %,23.87 Cr.-25.63 %,,32.98 Cr.-28.96 %,,,,,,,,,41.39 Cr.-31.03 %
RSDC,Net Profit TTMYOY,,,13.20 Cr.15.59 %,12.15 Cr.19.71 %,10.44 Cr.-24.17 %,10.32 Cr.-29.64 %,9.82 Cr.-25.60 %,13.57 Cr.11.63 %,,9.89 Cr.-5.26 %,,,,,,,,,13.82 Cr.33.96 %
RSDC,Revenue TTMYOY,,,77.45 Cr.-19.56 %,71.25 Cr.-24.25 %,65.38 Cr.-27.41 %,60.01 Cr.-28.50 %,54.27 Cr.-29.93 %,51.79 Cr.-27.32 %,,46.57 Cr.-28.77 %,,,,,,,,,41.39 Cr.-31.03 %
RURU,PE Ratio,,,83.2,43.9,41.4,50.8,59.9,52.8,,53.1,,,,,,,,,51.0
RURU,PB Ratio,,,6.1,5.8,5.5,5.4,5.8,5.1,,4.9,,,,,,,,,4.8
RURU,PS Ratio,,,31.7,31.2,29.4,22.3,24.8,21.7,,21.4,,,,,,,,,20.2
RURU,ROE TTM,,,7.50 %,13.97 %,10.66 %,11.39 %,10.41 %,9.72 %,,9.44 %,,,,,,,,,8.07 %
RURU,ROA TTM,,,6.37 %,11.81 %,9.08 %,9.63 %,8.73 %,8.07 %,,7.69 %,,,,,,,,,6.45 %
RURU,Net Margin TTM,,,38.07 %,70.93 %,54.20 %,43.90 %,41.48 %,39.98 %,,39.69 %,,,,,,,,,46.28 %
RURU,Asset Turnover TTM,,,16.74 %,16.65 %,16.76 %,21.93 %,21.06 %,20.19 %,,19.37 %,,,,,,,,,13.94 %
RURU,EPS TTMYOY,,,8.33-44.57 %,15.60113.37 %,12.076.67 %,13.2912.59 %,12.6051.29 %,12.12-22.33 %,,11.98-0.71 %,,,,,,,,,10.40-21.75 %
RURU,BVPSYOY,,,114.24-0.10 %,117.285.94 %,118.7910.41 %,124.9815.42 %,130.2614.02 %,132.2112.73 %,,128.348.04 %,,,,,,,,,128.843.08 %
RURU,Net Profit Till QtrYOY,,,3.72 Cr.-36.81 %,6.01 Cr.64.98 %,7.02 Cr.2.37 %,8.30 Cr.12.59 %,3.29 Cr.-11.58 %,5.27 Cr.-12.23 %,,6.20 Cr.-11.65 %,,,,,,,,,6.49 Cr.-21.75 %
RURU,Revenue Till QtrYOY,,,5.33 Cr.0.58 %,9.24 Cr.1.09 %,11.86 Cr.2.32 %,18.90 Cr.38.71 %,5.40 Cr.1.19 %,9.25 Cr.0.13 %,,11.80 Cr.-0.50 %,,,,,,,,,14.03 Cr.-25.78 %
RURU,Net Profit TTMYOY,,,5.20 Cr.-44.57 %,9.73 Cr.113.37 %,7.53 Cr.6.67 %,8.30 Cr.12.59 %,7.86 Cr.51.29 %,7.56 Cr.-22.33 %,,7.48 Cr.-0.71 %,,,,,,,,,6.49 Cr.-21.75 %
RURU,Revenue TTMYOY,,,13.65 Cr.-1.03 %,13.72 Cr.1.78 %,13.89 Cr.3.95 %,18.90 Cr.38.71 %,18.96 Cr.38.86 %,18.91 Cr.37.78 %,,18.84 Cr.35.59 %,,,,,,,,,14.03 Cr.-25.78 %
SADBL,PE Ratio,,,27.5,22.3,23.3,20.5,25.9,25.1,,24.2,,,,,,,,,17.8
SADBL,PB Ratio,,,2.9,2.7,2.8,2.6,2.5,2.8,,2.7,,,,,,,,,2.5
SADBL,PS Ratio,,,2.2,2.4,2.5,2.6,2.7,3.3,,3.2,,,,,,,,,3.4
SADBL,ROE TTM,,,11.25 %,12.62 %,13.53 %,10.26 %,10.53 %,11.69 %,,10.39 %,,,,,,,,,15.26 %
SADBL,ROA TTM,,,0.88 %,1.00 %,1.10 %,0.85 %,0.90 %,1.02 %,,0.93 %,,,,,,,,,1.39 %
SADBL,Net Margin TTM,,,8.67 %,10.88 %,12.71 %,10.36 %,11.43 %,13.18 %,,12.59 %,,,,,,,,,18.64 %
SADBL,Asset Turnover TTM,,,10.16 %,9.20 %,8.64 %,8.23 %,7.83 %,7.71 %,,7.35 %,,,,,,,,,7.47 %
SADBL,EPS TTMYOY,,,14.3059.44 %,16.52122.36 %,18.3586.75 %,14.383.19 %,15.135.82 %,17.224.27 %,,15.73-14.28 %,,,,,,,,,23.8365.69 %
SADBL,BVPSYOY,,,135.0212.80 %,138.4813.84 %,145.3015.03 %,149.2612.17 %,150.3111.32 %,153.2410.66 %,,158.809.28 %,,,,,,,,,169.5013.56 %
SADBL,Net Profit Till QtrYOY,,,6.02 Cr.29.16 %,19.66 Cr.96.10 %,43.42 Cr.61.19 %,53.71 Cr.3.19 %,8.82 Cr.46.58 %,30.26 Cr.53.95 %,,48.45 Cr.11.59 %,,,,,,,,,88.99 Cr.65.69 %
SADBL,Revenue Till QtrYOY,,,146.05 Cr.-12.76 %,264.36 Cr.-21.04 %,392.36 Cr.-19.99 %,518.64 Cr.-18.59 %,121.68 Cr.-16.68 %,233.69 Cr.-11.60 %,,340.15 Cr.-13.31 %,,,,,,,,,477.45 Cr.-7.94 %
SADBL,Net Profit TTMYOY,,,53.41 Cr.59.44 %,61.68 Cr.122.36 %,68.53 Cr.86.75 %,53.71 Cr.3.19 %,56.51 Cr.5.82 %,64.31 Cr.4.27 %,,58.74 Cr.-14.28 %,,,,,,,,,88.99 Cr.65.69 %
SADBL,Revenue TTMYOY,,,615.75 Cr.-12.36 %,566.67 Cr.-18.04 %,539.09 Cr.-19.15 %,518.64 Cr.-18.59 %,494.28 Cr.-19.73 %,487.98 Cr.-13.89 %,,466.44 Cr.-13.48 %,,,,,,,,,477.45 Cr.-7.94 %
SAHAS,PE Ratio,,,44.3,40.7,30.3,28.5,27.9,25.5,,26.8,,,,,,,,,22.8
SAHAS,PB Ratio,,,3.2,3.0,3.0,3.7,3.6,3.4,,3.8,,,,,,,,,3.8
SAHAS,PS Ratio,,,8.6,7.9,8.0,9.7,9.5,9.3,,10.5,,,,,,,,,10.7
SAHAS,ROE TTM,,,7.67 %,10.59 %,11.96 %,13.63 %,14.46 %,15.32 %,,16.84 %,,,,,,,,,17.64 %
SAHAS,ROA TTM,,,2.74 %,3.86 %,4.43 %,5.14 %,5.62 %,6.10 %,,6.89 %,,,,,,,,,7.42 %
SAHAS,Net Margin TTM,,,19.46 %,26.36 %,30.04 %,34.03 %,36.80 %,40.04 %,,44.06 %,,,,,,,,,47.78 %
SAHAS,Asset Turnover TTM,,,14.07 %,14.63 %,14.74 %,15.09 %,15.26 %,15.23 %,,15.63 %,,,,,,,,,15.54 %
SAHAS,EPS TTMYOY,,,10.3124.84 %,14.5976.82 %,16.88121.98 %,19.74116.98 %,21.81111.56 %,24.0064.50 %,,27.3662.07 %,,,,,,,,,29.7250.56 %
SAHAS,BVPSYOY,,,141.377.78 %,147.7410.70 %,150.4512.37 %,151.9414.66 %,162.6015.02 %,170.6015.48 %,,176.7417.48 %,,,,,,,,,180.5818.85 %
SAHAS,Net Profit Till QtrYOY,,,40.02 Cr.16.07 %,70.99 Cr.54.78 %,83.42 Cr.74.45 %,90.27 Cr.116.98 %,49.49 Cr.23.66 %,90.48 Cr.27.46 %,,118.27 Cr.41.78 %,,,,,,,,,135.92 Cr.50.56 %
SAHAS,Revenue Till QtrYOY,,,86.79 Cr.-2.85 %,161.75 Cr.5.47 %,214.69 Cr.6.00 %,265.26 Cr.8.35 %,92.53 Cr.6.62 %,170.65 Cr.5.50 %,,233.39 Cr.8.71 %,,,,,,,,,284.45 Cr.7.24 %
SAHAS,Net Profit TTMYOY,,,47.15 Cr.24.84 %,66.73 Cr.76.82 %,77.20 Cr.121.98 %,90.27 Cr.116.98 %,99.74 Cr.111.56 %,109.77 Cr.64.50 %,,125.13 Cr.62.07 %,,,,,,,,,135.92 Cr.50.56 %
SAHAS,Revenue TTMYOY,,,242.26 Cr.60.85 %,253.19 Cr.17.96 %,256.96 Cr.6.18 %,265.26 Cr.8.35 %,271.00 Cr.11.86 %,274.16 Cr.8.28 %,,283.96 Cr.10.51 %,,,,,,,,,284.45 Cr.7.24 %
SALICO,PE Ratio,,,32.8,40.6,37.3,46.5,38.0,69.8,,54.4,,,,,,,,,54.2
SALICO,PB Ratio,,,3.1,3.0,2.7,2.7,2.4,2.6,,2.5,,,,,,,,,2.5
SALICO,PS Ratio,,,4.3,4.5,4.1,4.0,3.1,2.9,,2.7,,,,,,,,,3.1
SALICO,ROE TTM,,,7.44 %,7.53 %,6.04 %,6.32 %,3.57 %,6.00 %,,4.60 %,,,,,,,,,5.14 %
SALICO,ROA TTM,,,2.96 %,2.88 %,2.30 %,2.41 %,1.30 %,2.26 %,,1.78 %,,,,,,,,,2.06 %
SALICO,Net Margin TTM,,,11.19 %,11.04 %,8.58 %,8.05 %,4.10 %,6.49 %,,5.65 %,,,,,,,,,6.58 %
SALICO,Asset Turnover TTM,,,26.45 %,26.05 %,26.84 %,29.90 %,31.80 %,34.79 %,,31.52 %,,,,,,,,,31.39 %
SALICO,EPS TTMYOY,,,17.63-4.24 %,18.07-1.22 %,14.70-39.68 %,15.37-33.78 %,8.59-51.26 %,14.29-20.94 %,,10.85-26.20 %,,,,,,,,,11.94-22.35 %
SALICO,BVPSYOY,,,241.405.12 %,245.185.48 %,248.824.09 %,239.12-1.21 %,229.48-4.94 %,227.43-7.24 %,,233.64-6.10 %,,,,,,,,,232.72-2.68 %
SALICO,Net Profit Till QtrYOY,,,-895.10 Lac.-,6.59 Cr.-67.21 %,25.19 Cr.-47.00 %,40.32 Cr.-33.78 %,"-2,673.72 Lac.-",3.73 Cr.-43.29 %,,13.32 Cr.-47.13 %,,,,,,,,,31.31 Cr.-22.35 %
SALICO,Revenue Till QtrYOY,,,77.81 Cr.-40.95 %,153.38 Cr.-19.90 %,294.89 Cr.-5.74 %,500.76 Cr.7.17 %,126.18 Cr.62.17 %,230.17 Cr.50.07 %,,297.50 Cr.0.89 %,,,,,,,,,476.17 Cr.-4.91 %
SALICO,Net Profit TTMYOY,,,46.23 Cr.-4.24 %,47.39 Cr.-1.22 %,38.54 Cr.-39.68 %,40.32 Cr.-33.78 %,22.53 Cr.-51.26 %,37.47 Cr.-20.94 %,,28.45 Cr.-26.20 %,,,,,,,,,31.31 Cr.-22.35 %
SALICO,Revenue TTMYOY,,,413.28 Cr.-9.59 %,429.13 Cr.11.89 %,449.29 Cr.532.75 %,500.76 Cr.7.17 %,549.13 Cr.32.87 %,577.55 Cr.34.59 %,,503.38 Cr.12.04 %,,,,,,,,,476.17 Cr.-4.91 %
SAMAJ,PE Ratio,,,60.7,115.5,80.1,38.0,,,,,,,,,,,,,
SAMAJ,PB Ratio,,,15.7,15.5,10.8,9.1,,,,,,,,,,,,,
SAMAJ,PS Ratio,,,7.3,12.7,8.8,9.4,,,,,,,,,,,,,
SAMAJ,ROE TTM,,,29.01 %,13.86 %,22.05 %,26.09 %,,,,,,,,,,,,,
SAMAJ,ROA TTM,,,3.01 %,1.47 %,2.40 %,2.89 %,,,,,,,,,,,,,
SAMAJ,Net Margin TTM,,,12.08 %,10.96 %,11.19 %,24.62 %,,,,,,,,,,,,,
SAMAJ,Asset Turnover TTM,,,24.88 %,13.38 %,21.50 %,11.74 %,,,,,,,,,,,,,
SAMAJ,EPS TTMYOY,,,Infinity-,Infinity-,Infinity-,Infinity176.60 %,,,,,,,,,,,,,
SAMAJ,BVPSYOY,,,Infinity31.44 %,Infinity11.98 %,Infinity27.45 %,Infinity12.55 %,,,,,,,,,,,,,
SAMAJ,Net Profit Till QtrYOY,,,51.31 Lac.-,0.12 Lac.-,39.22 Lac.-,1.42 Cr.176.60 %,,,,,,,,,,,,,
SAMAJ,Revenue Till QtrYOY,,,6.28 Cr.392.36 %,2.74 Cr.-2.26 %,4.26 Cr.991.35 %,5.76 Cr.-8.26 %,,,,,,,,,,,,,
SAMAJ,Net Profit TTMYOY,,,1.36 Cr.-,68.13 Lac.-,1.14 Cr.-,1.42 Cr.176.60 %,,,,,,,,,,,,,
SAMAJ,Revenue TTMYOY,,,11.29 Cr.121.18 %,6.22 Cr.10.81 %,"10.15 Cr.1,852.49 %",5.76 Cr.-8.26 %,,,,,,,,,,,,,
SANIMA,PE Ratio,,,18.6,17.3,17.4,19.5,16.0,16.3,,16.7,,,,,,,,,16.1
SANIMA,PB Ratio,,,2.1,1.9,2.0,2.3,1.8,1.9,,2.1,,,,,,,,,2.1
SANIMA,PS Ratio,,,2.1,2.0,2.3,2.8,2.3,2.6,,3.1,,,,,,,,,2.9
SANIMA,ROE TTM,,,11.29 %,11.78 %,12.29 %,11.85 %,11.83 %,12.24 %,,13.55 %,,,,,,,,,14.13 %
SANIMA,ROA TTM,,,1.00 %,1.04 %,1.08 %,1.04 %,1.04 %,1.07 %,,1.18 %,,,,,,,,,1.24 %
SANIMA,Net Margin TTM,,,11.73 %,12.99 %,14.41 %,14.25 %,14.66 %,15.67 %,,18.17 %,,,,,,,,,20.59 %
SANIMA,Asset Turnover TTM,,,8.55 %,8.02 %,7.52 %,7.32 %,7.08 %,6.80 %,,6.52 %,,,,,,,,,6.02 %
SANIMA,EPS TTMYOY,,,16.92-10.00 %,17.93-1.49 %,19.1110.56 %,18.937.94 %,19.3414.27 %,20.3913.72 %,,23.1621.20 %,,,,,,,,,24.9231.66 %
SANIMA,BVPSYOY,,,156.967.73 %,157.568.65 %,161.329.56 %,168.839.38 %,172.7110.03 %,172.399.41 %,,179.5511.30 %,,,,,,,,,188.4211.60 %
SANIMA,Net Profit Till QtrYOY,,,39.95 Cr.-17.27 %,119.23 Cr.4.72 %,165.25 Cr.14.80 %,257.12 Cr.7.94 %,45.49 Cr.13.86 %,139.11 Cr.16.67 %,,222.65 Cr.34.73 %,,,,,,,,,338.51 Cr.31.66 %
SANIMA,Revenue Till QtrYOY,,,445.56 Cr.-20.14 %,883.08 Cr.-18.25 %,"1,302.47 Cr.-17.24 %","1,804.08 Cr.-12.93 %",433.22 Cr.-2.77 %,846.64 Cr.-4.13 %,,"1,229.06 Cr.-5.64 %",,,,,,,,,"1,643.88 Cr.-8.88 %"
SANIMA,Net Profit TTMYOY,,,229.86 Cr.-10.00 %,243.56 Cr.-1.49 %,259.50 Cr.10.56 %,257.12 Cr.7.94 %,262.65 Cr.14.27 %,276.99 Cr.13.72 %,,314.51 Cr.21.20 %,,,,,,,,,338.51 Cr.31.66 %
SANIMA,Revenue TTMYOY,,,"1,959.67 Cr.-11.29 %","1,874.94 Cr.-14.79 %","1,800.65 Cr.-15.91 %","1,804.08 Cr.-12.93 %","1,791.74 Cr.-8.57 %","1,767.64 Cr.-5.72 %",,"1,730.67 Cr.-3.89 %",,,,,,,,,"1,643.88 Cr.-8.88 %"
SANVI,PE Ratio,,,,,,214.5,181.9,-82.5,,-67.7,,,,,,,,,-69.1
SANVI,PB Ratio,,,,,,5.9,5.0,7.6,,6.3,,,,,,,,,5.5
SANVI,PS Ratio,,,,,,25.6,21.8,29.2,,24.1,,,,,,,,,33.7
SANVI,ROE TTM,,,,,,2.76 %,14.65 %,-,,-,,,,,,,,,-
SANVI,ROA TTM,,,,,,1.01 %,5.53 %,-3.33 %,,-2.72 %,,,,,,,,,-2.48 %
SANVI,Net Margin TTM,,,,,,11.96 %,34.42 %,-35.42 %,,-48.10 %,,,,,,,,,-30.53 %
SANVI,Asset Turnover TTM,,,,,,8.42 %,16.06 %,9.40 %,,5.66 %,,,,,,,,,8.13 %
SANVI,EPS TTMYOY,,,,,,3.14-,17.33-,-10.06-,,-8.49-,,,,,,,,,-7.72-
SANVI,BVPSYOY,,,,,,113.96-,118.29-,108.90-,,107.55-,,,,,,,,,106.21-6.80 %
SANVI,Net Profit Till QtrYOY,,,,,,2.76 Cr.-,3.81 Cr.-,-442.68 Lac.-,,-560.80 Lac.-,,,,,,,,,-679.07 Lac.-
SANVI,Revenue Till QtrYOY,,,,,,23.12 Cr.-,11.07 Cr.-,12.50 Cr.-,,11.66 Cr.-,,,,,,,,,22.24 Cr.-3.79 %
SANVI,Net Profit TTMYOY,,,,,,2.76 Cr.-,15.25 Cr.-,-885.35 Lac.-,,-747.55 Lac.-,,,,,,,,,-679.07 Lac.-
SANVI,Revenue TTMYOY,,,,,,23.12 Cr.-,44.30 Cr.-,24.99 Cr.-,,15.54 Cr.-,,,,,,,,,22.24 Cr.-3.79 %
SAPDBL,PE Ratio,,,211.0,95.0,86.1,104.9,86.8,44.6,,52.4,,,,,,,,,43.8
SAPDBL,PB Ratio,,,7.2,16.5,15.0,11.0,12.3,12.1,,11.0,,,,,,,,,11.8
SAPDBL,PS Ratio,,,8.0,17.1,15.5,11.5,11.4,12.6,,12.9,,,,,,,,,13.4
SAPDBL,ROE TTM,,,9.71 %,18.87 %,10.97 %,12.48 %,27.05 %,21.77 %,,26.98 %,,,,,,,,,24.21 %
SAPDBL,ROA TTM,,,0.76 %,1.47 %,0.85 %,0.93 %,1.96 %,1.57 %,,1.89 %,,,,,,,,,1.66 %
SAPDBL,Net Margin TTM,,,8.82 %,18.03 %,10.96 %,13.17 %,28.14 %,24.51 %,,31.19 %,,,,,,,,,27.27 %
SAPDBL,Asset Turnover TTM,,,8.63 %,8.13 %,7.74 %,7.04 %,6.97 %,6.41 %,,6.05 %,,,,,,,,,6.09 %
SAPDBL,EPS TTMYOY,,,6.47-,13.40-,8.13-,9.18240.22 %,19.56202.45 %,15.9819.29 %,,19.59140.93 %,,,,,,,,,18.0496.39 %
SAPDBL,BVPSYOY,,,70.3227.87 %,76.9324.62 %,77.3715.02 %,64.58-18.09 %,72.272.77 %,75.96-1.26 %,,72.90-5.77 %,,,,,,,,,86.7134.27 %
SAPDBL,Net Profit Till QtrYOY,,,-877.84 Lac.-,-299.18 Lac.-,-277.98 Lac.-,7.66 Cr.240.22 %,-12.15 Lac.-,2.68 Cr.-,,5.90 Cr.-,,,,,,,,,15.05 Cr.96.39 %
SAPDBL,Revenue Till QtrYOY,,,14.52 Cr.13.28 %,30.06 Cr.9.34 %,44.59 Cr.5.89 %,58.17 Cr.-2.13 %,14.35 Cr.-1.18 %,26.29 Cr.-12.54 %,,38.83 Cr.-12.92 %,,,,,,,,,55.19 Cr.-5.13 %
SAPDBL,Net Profit TTMYOY,,,5.40 Cr.-,11.18 Cr.-,6.78 Cr.-,7.66 Cr.240.22 %,16.32 Cr.202.45 %,13.34 Cr.19.29 %,,16.34 Cr.140.93 %,,,,,,,,,15.05 Cr.96.39 %
SAPDBL,Revenue TTMYOY,,,61.14 Cr.5.26 %,62.01 Cr.7.78 %,61.92 Cr.8.55 %,58.17 Cr.-2.13 %,58.00 Cr.-5.14 %,54.40 Cr.-12.27 %,,52.41 Cr.-15.35 %,,,,,,,,,55.19 Cr.-5.13 %
SARBTM,PE Ratio,,,207.6,-441.7,87.9,45.5,43.8,33.6,,33.0,,,,,,,,,31.9
SARBTM,PB Ratio,,,3.9,4.3,4.6,4.5,4.4,4.4,,4.4,,,,,,,,,4.1
SARBTM,PS Ratio,,,5.7,6.9,5.3,4.8,4.6,4.5,,4.5,,,,,,,,,4.3
SARBTM,ROE TTM,,,-,5.20 %,6.80 %,10.58 %,13.91 %,13.22 %,,13.03 %,,,,,,,,,10.87 %
SARBTM,ROA TTM,,,-0.60 %,3.29 %,4.55 %,6.85 %,9.02 %,8.62 %,,8.45 %,,,,,,,,,6.99 %
SARBTM,Net Margin TTM,,,-1.55 %,6.06 %,7.61 %,10.52 %,13.42 %,13.49 %,,13.41 %,,,,,,,,,10.80 %
SARBTM,Asset Turnover TTM,,,38.79 %,54.23 %,59.75 %,65.14 %,67.25 %,63.90 %,,62.99 %,,,,,,,,,64.77 %
SARBTM,EPS TTMYOY,,,-1.73-,9.24-,12.57307.83 %,19.23476.41 %,25.87-,24.91169.58 %,,25.0299.13 %,,,,,,,,,21.2010.24 %
SARBTM,BVPSYOY,,,176.53-,177.77-,184.69-2.46 %,192.388.71 %,198.2012.28 %,188.926.27 %,,195.966.10 %,,,,,,,,,199.823.87 %
SARBTM,Net Profit Till QtrYOY,,,-225.84 Lac.-,24.14 Cr.-,60.30 Cr.399.33 %,100.46 Cr.476.41 %,32.43 Cr.-,53.84 Cr.123.01 %,,90.58 Cr.50.21 %,,,,,,,,,110.74 Cr.10.24 %
SARBTM,Revenue Till QtrYOY,,,145.52 Cr.-,398.23 Cr.-,681.14 Cr.49.40 %,955.03 Cr.49.84 %,197.57 Cr.35.77 %,408.26 Cr.2.52 %,,700.80 Cr.2.89 %,,,,,,,,,"1,025.85 Cr.7.42 %"
SARBTM,Net Profit TTMYOY,,,-903.36 Lac.-,48.28 Cr.-,65.66 Cr.307.83 %,100.46 Cr.476.41 %,135.15 Cr.-,130.15 Cr.169.58 %,,130.74 Cr.99.13 %,,,,,,,,,110.74 Cr.10.24 %
SARBTM,Revenue TTMYOY,,,582.07 Cr.-,796.45 Cr.-,862.61 Cr.41.94 %,955.03 Cr.49.84 %,"1,007.09 Cr.73.02 %",965.07 Cr.21.17 %,,974.69 Cr.12.99 %,,,,,,,,,"1,025.85 Cr.7.42 %"
SBI,PE Ratio,,,25.2,19.7,22.3,23.8,24.1,23.9,,22.1,,,,,,,,,22.4
SBI,PB Ratio,,,2.6,2.3,2.4,2.1,2.1,2.2,,2.1,,,,,,,,,2.1
SBI,PS Ratio,,,2.8,2.2,2.8,2.8,2.8,3.1,,3.1,,,,,,,,,3.1
SBI,ROE TTM,,,12.33 %,10.75 %,10.47 %,9.02 %,7.34 %,9.46 %,,9.90 %,,,,,,,,,9.62 %
SBI,ROA TTM,,,1.13 %,0.97 %,0.95 %,0.82 %,0.65 %,0.82 %,,0.85 %,,,,,,,,,0.83 %
SBI,Net Margin TTM,,,11.37 %,12.73 %,12.93 %,11.66 %,9.89 %,12.82 %,,13.77 %,,,,,,,,,14.12 %
SBI,Asset Turnover TTM,,,9.95 %,7.64 %,7.37 %,7.03 %,6.61 %,6.40 %,,6.18 %,,,,,,,,,5.85 %
SBI,EPS TTMYOY,,,20.7212.22 %,18.298.84 %,18.1128.10 %,15.90-10.49 %,13.14-36.60 %,17.06-6.74 %,,18.180.40 %,,,,,,,,,18.0413.41 %
SBI,BVPSYOY,,,179.219.87 %,173.287.27 %,176.046.99 %,181.345.48 %,185.733.64 %,185.677.15 %,,189.577.69 %,,,,,,,,,194.737.38 %
SBI,Net Profit Till QtrYOY,,,81.47 Cr.70.01 %,90.03 Cr.7.11 %,120.33 Cr.3.36 %,180.26 Cr.-10.49 %,50.16 Cr.-38.43 %,103.13 Cr.14.56 %,,146.18 Cr.21.49 %,,,,,,,,,204.43 Cr.13.41 %
SBI,Revenue Till QtrYOY,,,414.12 Cr.199.65 %,765.07 Cr.-17.34 %,"1,130.75 Cr.-15.12 %","1,546.29 Cr.-13.59 %",374.41 Cr.-9.59 %,727.01 Cr.-4.97 %,,"1,081.19 Cr.-4.38 %",,,,,,,,,"1,448.10 Cr.-6.35 %"
SBI,Net Profit TTMYOY,,,234.92 Cr.12.22 %,207.35 Cr.8.84 %,205.28 Cr.28.10 %,180.26 Cr.-10.49 %,148.95 Cr.-36.60 %,193.36 Cr.-6.74 %,,206.11 Cr.0.40 %,,,,,,,,,204.43 Cr.13.41 %
SBI,Revenue TTMYOY,,,"2,065.37 Cr.35.43 %","1,629.01 Cr.-13.67 %","1,588.03 Cr.-13.46 %","1,546.29 Cr.-13.59 %","1,506.58 Cr.-27.06 %","1,508.24 Cr.-7.41 %",,"1,496.73 Cr.-5.75 %",,,,,,,,,"1,448.10 Cr.-6.35 %"
SBL,PE Ratio,,,16.2,11.8,16.4,17.5,14.9,13.7,,19.0,,,,,,,,,19.1
SBL,PB Ratio,,,1.8,1.4,1.4,1.8,1.6,1.8,,2.0,,,,,,,,,1.8
SBL,PS Ratio,,,1.9,1.6,1.7,2.3,2.3,2.7,,2.7,,,,,,,,,3.0
SBL,ROE TTM,,,12.60 %,8.85 %,10.75 %,11.76 %,11.32 %,13.96 %,,11.43 %,,,,,,,,,10.19 %
SBL,ROA TTM,,,1.15 %,0.81 %,1.00 %,1.09 %,1.05 %,1.28 %,,1.04 %,,,,,,,,,0.91 %
SBL,Net Margin TTM,,,13.58 %,10.24 %,13.07 %,15.22 %,15.32 %,19.56 %,,16.96 %,,,,,,,,,15.56 %
SBL,Asset Turnover TTM,,,8.47 %,7.95 %,7.62 %,7.17 %,6.84 %,6.54 %,,6.12 %,,,,,,,,,5.85 %
SBL,EPS TTMYOY,,,22.6822.67 %,16.28-23.91 %,20.28-11.36 %,22.9512.59 %,22.56-0.52 %,28.3374.01 %,,23.8317.52 %,,,,,,,,,21.84-4.85 %
SBL,BVPSYOY,,,192.1213.54 %,189.158.66 %,197.6011.48 %,209.5012.03 %,207.678.09 %,211.2311.67 %,,216.739.68 %,,,,,,,,,225.907.83 %
SBL,Net Profit Till QtrYOY,,,38.21 Cr.791.41 %,53.02 Cr.-53.36 %,166.83 Cr.-0.94 %,339.53 Cr.12.59 %,32.41 Cr.-15.18 %,132.67 Cr.150.20 %,,179.83 Cr.7.79 %,,,,,,,,,323.07 Cr.-4.85 %
SBL,Revenue Till QtrYOY,,,586.57 Cr.-15.15 %,"1,131.64 Cr.-16.38 %","1,676.65 Cr.-14.32 %","2,231.22 Cr.-13.33 %",533.50 Cr.-9.05 %,"1,043.13 Cr.-7.82 %",,"1,524.27 Cr.-9.09 %",,,,,,,,,"2,076.53 Cr.-6.93 %"
SBL,Net Profit TTMYOY,,,335.48 Cr.22.67 %,240.89 Cr.-23.91 %,299.97 Cr.-11.36 %,339.53 Cr.12.59 %,333.73 Cr.-0.52 %,419.17 Cr.74.01 %,,352.53 Cr.17.52 %,,,,,,,,,323.07 Cr.-4.85 %
SBL,Revenue TTMYOY,,,"2,469.75 Cr.-10.85 %","2,352.86 Cr.-15.23 %","2,294.26 Cr.-14.74 %","2,231.22 Cr.-13.33 %","2,178.14 Cr.-11.81 %","2,142.70 Cr.-8.93 %",,"2,078.84 Cr.-9.39 %",,,,,,,,,"2,076.53 Cr.-6.93 %"
SCB,PE Ratio,,,19.7,20.3,19.7,20.8,21.1,22.1,,22.0,,,,,,,,,22.9
SCB,PB Ratio,,,3.2,3.2,3.1,2.9,2.9,2.8,,2.9,,,,,,,,,2.9
SCB,PS Ratio,,,5.9,6.9,7.0,7.6,7.7,7.8,,8.2,,,,,,,,,8.6
SCB,ROE TTM,,,16.39 %,15.89 %,14.74 %,14.41 %,13.38 %,12.95 %,,13.57 %,,,,,,,,,12.96 %
SCB,ROA TTM,,,3.03 %,2.92 %,2.73 %,2.02 %,1.88 %,1.75 %,,1.81 %,,,,,,,,,1.69 %
SCB,Net Margin TTM,,,33.55 %,35.46 %,35.74 %,36.33 %,35.23 %,34.86 %,,38.12 %,,,,,,,,,38.39 %
SCB,Asset Turnover TTM,,,9.03 %,8.24 %,7.63 %,5.56 %,5.33 %,5.03 %,,4.75 %,,,,,,,,,4.41 %
SCB,EPS TTMYOY,,,33.29-5.60 %,32.10-7.86 %,30.23-9.72 %,30.17-8.45 %,28.47-14.48 %,27.50-14.31 %,,29.25-3.24 %,,,,,,,,,28.38-5.91 %
SCB,BVPSYOY,,,213.272.32 %,202.975.15 %,208.436.29 %,216.965.97 %,222.714.43 %,210.973.94 %,,218.594.87 %,,,,,,,,,225.774.06 %
SCB,Net Profit Till QtrYOY,,,86.22 Cr.4.17 %,164.06 Cr.-4.97 %,217.38 Cr.-11.17 %,302.93 Cr.-8.45 %,69.22 Cr.-19.72 %,137.33 Cr.-16.29 %,,208.16 Cr.-4.24 %,,,,,,,,,285.02 Cr.-5.91 %
SCB,Revenue Till QtrYOY,,,219.76 Cr.-33.65 %,414.20 Cr.-32.47 %,612.96 Cr.-29.68 %,833.72 Cr.-24.76 %,197.74 Cr.-10.02 %,372.71 Cr.-10.02 %,,549.66 Cr.-10.33 %,,,,,,,,,742.38 Cr.-10.96 %
SCB,Net Profit TTMYOY,,,334.35 Cr.-5.60 %,322.32 Cr.-7.86 %,303.56 Cr.-9.72 %,302.93 Cr.-8.45 %,285.93 Cr.-14.48 %,276.20 Cr.-14.31 %,,293.71 Cr.-3.24 %,,,,,,,,,285.02 Cr.-5.91 %
SCB,Revenue TTMYOY,,,996.57 Cr.-24.67 %,908.87 Cr.-29.96 %,849.33 Cr.-30.64 %,833.72 Cr.-24.76 %,811.70 Cr.-18.55 %,792.23 Cr.-12.83 %,,770.42 Cr.-9.29 %,,,,,,,,,742.38 Cr.-10.96 %
SFCL,PE Ratio,,,-68.3,-34.6,-31.5,-62.0,115.8,115.1,,32.4,,,,,,,,,
SFCL,PB Ratio,,,12.6,11.5,10.4,8.6,6.8,6.7,,6.3,,,,,,,,,
SFCL,PS Ratio,,,25.4,17.4,15.9,13.8,12.6,12.5,,12.0,,,,,,,,,
SFCL,ROE TTM,,,-,-,-,6.84 %,6.17 %,20.52 %,,14.13 %,,,,,,,,,
SFCL,ROA TTM,,,-3.75 %,-4.67 %,-1.99 %,1.24 %,1.06 %,3.47 %,,2.37 %,,,,,,,,,
SFCL,Net Margin TTM,,,-39.29 %,-50.40 %,-22.24 %,11.79 %,10.87 %,36.59 %,,25.51 %,,,,,,,,,
SFCL,Asset Turnover TTM,,,9.55 %,9.27 %,8.96 %,10.48 %,9.75 %,9.49 %,,9.31 %,,,,,,,,,
SFCL,EPS TTMYOY,,,-Infinity-,-Infinity-,-Infinity-,Infinity-,Infinity-,Infinity-,,Infinity-,,,,,,,,,
SFCL,BVPSYOY,,,Infinity-24.97 %,Infinity-33.32 %,Infinity-22.69 %,Infinity-1.27 %,Infinity6.06 %,Infinity19.45 %,,Infinity12.43 %,,,,,,,,,
SFCL,Net Profit Till QtrYOY,,,-182.05 Lac.-,-628.22 Lac.-,-357.06 Lac.-,3.19 Cr.-,-217.21 Lac.-,11.70 Lac.-,,7.41 Lac.-,,,,,,,,,
SFCL,Revenue Till QtrYOY,,,6.78 Cr.12.22 %,13.32 Cr.13.05 %,19.47 Cr.11.23 %,27.09 Cr.6.29 %,5.83 Cr.-13.98 %,12.44 Cr.-6.60 %,,19.18 Cr.-1.49 %,,,,,,,,,
SFCL,Net Profit TTMYOY,,,"-1,030.54 Lac.-","-1,362.13 Lac.-",-610.67 Lac.-,3.19 Cr.-,2.84 Cr.-,9.59 Cr.-,,6.84 Cr.-,,,,,,,,,
SFCL,Revenue TTMYOY,,,26.23 Cr.6.35 %,27.03 Cr.14.23 %,27.45 Cr.20.31 %,27.09 Cr.6.29 %,26.15 Cr.-0.31 %,26.21 Cr.-3.01 %,,26.80 Cr.-2.37 %,,,,,,,,,
SGHC,PE Ratio,,,-42.7,-151.1,-115.7,"-1,077.0",225.8,261.3,,54.7,,,,,,,,,28.3
SGHC,PB Ratio,,,6.2,8.0,6.3,5.4,4.7,5.4,,4.3,,,,,,,,,3.8
SGHC,PS Ratio,,,8.8,7.8,6.2,7.9,7.6,8.6,,7.3,,,,,,,,,6.3
SGHC,ROE TTM,,,-,-,-,-,2.12 %,4.12 %,,8.27 %,,,,,,,,,13.90 %
SGHC,ROA TTM,,,-1.96 %,-1.02 %,-0.26 %,-0.09 %,0.50 %,0.99 %,,2.03 %,,,,,,,,,3.49 %
SGHC,Net Margin TTM,,,-12.08 %,-5.19 %,-1.92 %,-0.73 %,3.35 %,6.51 %,,12.85 %,,,,,,,,,20.94 %
SGHC,Asset Turnover TTM,,,16.23 %,19.74 %,13.67 %,12.36 %,14.83 %,15.14 %,,15.76 %,,,,,,,,,16.65 %
SGHC,EPS TTMYOY,,,-8.05-,-4.17-,-1.06-,-0.36-,1.62-,3.20-,,6.51-,,,,,,,,,11.13-
SGHC,BVPSYOY,,,76.34-9.28 %,78.66-4.87 %,76.49-1.19 %,71.88-0.22 %,78.633.00 %,82.534.92 %,,83.679.39 %,,,,,,,,,83.6516.37 %
SGHC,Net Profit Till QtrYOY,,,6.56 Cr.151.71 %,"10.26 Cr.8,782.38 %",6.81 Cr.-,-57.89 Lac.-,9.73 Cr.48.20 %,15.93 Cr.55.26 %,,17.75 Cr.160.80 %,,,,,,,,,17.73 Cr.-
SGHC,Revenue Till QtrYOY,,,29.15 Cr.529.90 %,51.27 Cr.947.93 %,65.81 Cr.10.22 %,78.80 Cr.-3.51 %,27.53 Cr.-5.57 %,50.61 Cr.-1.28 %,,67.66 Cr.2.82 %,,,,,,,,,84.71 Cr.7.50 %
SGHC,Net Profit TTMYOY,,,"-1,282.79 Lac.-",-664.14 Lac.-,-168.92 Lac.-,-57.89 Lac.-,2.58 Cr.-,5.09 Cr.-,,10.37 Cr.-,,,,,,,,,17.73 Cr.-
SGHC,Revenue TTMYOY,,,106.20 Cr.119.77 %,128.05 Cr.276.31 %,87.77 Cr.18.89 %,78.80 Cr.-3.51 %,77.18 Cr.-27.33 %,78.14 Cr.-38.97 %,,80.66 Cr.-8.11 %,,,,,,,,,84.71 Cr.7.50 %
SGIC,PE Ratio,,,43.5,38.9,-112.8,34.6,27.8,102.6,,78.6,,,,,,,,,60.9
SGIC,PB Ratio,,,4.8,4.6,4.0,3.7,3.0,3.4,,3.3,,,,,,,,,3.1
SGIC,PS Ratio,,,5.7,5.4,3.9,4.8,3.8,3.9,,3.9,,,,,,,,,3.6
SGIC,ROE TTM,,,12.41 %,-,12.04 %,11.30 %,3.19 %,4.24 %,,5.30 %,,,,,,,,,4.05 %
SGIC,ROA TTM,,,4.67 %,-1.32 %,4.33 %,4.65 %,1.24 %,1.61 %,,2.07 %,,,,,,,,,1.62 %
SGIC,Net Margin TTM,,,13.98 %,-3.43 %,13.64 %,13.76 %,3.82 %,4.95 %,,5.94 %,,,,,,,,,4.76 %
SGIC,Asset Turnover TTM,,,33.39 %,38.58 %,31.73 %,33.76 %,32.55 %,32.54 %,,34.83 %,,,,,,,,,33.92 %
SGIC,EPS TTMYOY,,,15.70225.65 %,-4.75-,16.1035.62 %,15.525.93 %,4.40-71.98 %,5.88-,,7.45-53.71 %,,,,,,,,,5.76-62.89 %
SGIC,BVPSYOY,,,134.2814.13 %,135.3510.72 %,140.2610.98 %,144.889.52 %,133.84-0.32 %,138.682.46 %,,145.753.92 %,,,,,,,,,147.331.70 %
SGIC,Net Profit Till QtrYOY,,,5.09 Cr.86.95 %,12.17 Cr.-78.26 %,23.36 Cr.16.21 %,35.04 Cr.5.93 %,"-2,002.04 Lac.-",-959.05 Lac.-,,5.14 Cr.-78.01 %,,,,,,,,,13.00 Cr.-62.89 %
SGIC,Revenue Till QtrYOY,,,39.42 Cr.6.40 %,94.16 Cr.194.38 %,168.56 Cr.10.00 %,254.56 Cr.1.35 %,44.62 Cr.13.21 %,107.91 Cr.14.60 %,,197.23 Cr.17.01 %,,,,,,,,,272.96 Cr.7.23 %
SGIC,Net Profit TTMYOY,,,35.44 Cr.225.65 %,"-1,073.37 Lac.-",36.34 Cr.35.62 %,35.04 Cr.5.93 %,9.93 Cr.-71.98 %,13.28 Cr.-,,16.82 Cr.-53.71 %,,,,,,,,,13.00 Cr.-62.89 %
SGIC,Revenue TTMYOY,,,253.53 Cr.71.10 %,313.34 Cr.91.36 %,266.49 Cr.20.49 %,254.56 Cr.1.35 %,259.77 Cr.2.46 %,268.31 Cr.-14.37 %,,283.24 Cr.6.28 %,,,,,,,,,272.96 Cr.7.23 %
SHEL,PE Ratio,,,-817.0,111.2,114.8,61.2,54.5,59.0,,46.5,,,,,,,,,42.3
SHEL,PB Ratio,,,2.6,2.4,2.5,2.9,2.5,2.7,,2.8,,,,,,,,,2.8
SHEL,PS Ratio,,,90.8,22.2,22.9,13.2,11.9,12.9,,13.4,,,,,,,,,13.0
SHEL,ROE TTM,,,-,2.54 %,3.23 %,4.89 %,4.76 %,6.33 %,,6.77 %,,,,,,,,,6.27 %
SHEL,ROA TTM,,,-0.15 %,1.06 %,1.48 %,2.33 %,2.32 %,3.17 %,,3.42 %,,,,,,,,,3.21 %
SHEL,Net Margin TTM,,,-11.13 %,19.93 %,97.64 %,21.62 %,21.79 %,28.68 %,,30.64 %,,,,,,,,,29.40 %
SHEL,Asset Turnover TTM,,,1.32 %,5.32 %,1.52 %,10.77 %,10.66 %,11.06 %,,11.18 %,,,,,,,,,10.91 %
SHEL,EPS TTMYOY,,,-0.31-,2.28-,"3.192,447.83 %",4.93-,4.92-,6.70193.89 %,,7.24126.65 %,,,,,,,,,6.7837.64 %
SHEL,BVPSYOY,,,97.34126.41 %,104.0879.18 %,103.808.21 %,104.3111.39 %,107.039.95 %,109.815.50 %,,109.825.81 %,,,,,,,,,109.815.27 %
SHEL,Net Profit Till QtrYOY,,,11.26 Cr.113.05 %,"14.29 Cr.3,278.33 %",13.43 Cr.-,15.00 Cr.-,11.22 Cr.-0.30 %,19.69 Cr.37.84 %,,20.47 Cr.52.39 %,,,,,,,,,20.65 Cr.37.64 %
SHEL,Revenue Till QtrYOY,,,26.58 Cr.0.55 %,43.67 Cr.153.82 %,55.32 Cr.2.96 %,69.39 Cr.729.41 %,25.87 Cr.-2.67 %,45.44 Cr.4.06 %,,57.87 Cr.4.61 %,,,,,,,,,70.22 Cr.1.20 %
SHEL,Net Profit TTMYOY,,,-94.77 Lac.-,6.94 Cr.-,"9.72 Cr.2,447.83 %",15.00 Cr.-,14.97 Cr.-,20.41 Cr.193.89 %,,22.04 Cr.126.65 %,,,,,,,,,20.65 Cr.37.64 %
SHEL,Revenue TTMYOY,,,8.51 Cr.-38.16 %,34.83 Cr.139.24 %,9.96 Cr.-82.56 %,69.39 Cr.729.41 %,68.68 Cr.706.80 %,71.16 Cr.104.30 %,,71.94 Cr.622.33 %,,,,,,,,,70.22 Cr.1.20 %
SHINE,PE Ratio,,,32.2,30.2,30.8,30.5,28.9,29.9,,26.5,,,,,,,,,17.5
SHINE,PB Ratio,,,3.3,2.8,2.9,2.8,2.6,2.7,,2.7,,,,,,,,,2.6
SHINE,PS Ratio,,,3.2,2.9,3.0,3.3,3.1,3.2,,3.3,,,,,,,,,3.4
SHINE,ROE TTM,,,11.08 %,9.58 %,9.97 %,9.66 %,9.49 %,10.44 %,,12.95 %,,,,,,,,,15.55 %
SHINE,ROA TTM,,,1.06 %,0.90 %,0.93 %,0.90 %,0.88 %,0.96 %,,1.19 %,,,,,,,,,1.75 %
SHINE,Net Margin TTM,,,10.77 %,9.79 %,10.76 %,10.80 %,10.80 %,12.54 %,,15.80 %,,,,,,,,,19.66 %
SHINE,Asset Turnover TTM,,,9.80 %,9.21 %,8.69 %,8.33 %,8.16 %,7.62 %,,7.51 %,,,,,,,,,8.92 %
SHINE,EPS TTMYOY,,,14.84-3.14 %,13.08-9.78 %,13.88-6.72 %,13.71-1.26 %,13.71-7.59 %,15.1715.97 %,,19.1838.21 %,,,,,,,,,23.5271.54 %
SHINE,BVPSYOY,,,142.3612.66 %,139.566.76 %,143.487.65 %,147.017.25 %,150.145.46 %,146.605.05 %,,153.056.67 %,,,,,,,,,159.488.49 %
SHINE,Net Profit Till QtrYOY,,,23.94 Cr.24.89 %,33.09 Cr.-10.87 %,51.40 Cr.-0.13 %,68.86 Cr.-1.26 %,23.94 Cr.-,40.43 Cr.22.19 %,,78.84 Cr.53.38 %,,,,,,,,,118.13 Cr.71.54 %
SHINE,Revenue Till QtrYOY,,,169.42 Cr.-7.45 %,324.37 Cr.-9.59 %,475.26 Cr.-10.86 %,637.57 Cr.-9.66 %,169.42 Cr.-,294.33 Cr.-9.26 %,,447.30 Cr.-5.88 %,,,,,,,,,601.00 Cr.-5.74 %
SHINE,Net Profit TTMYOY,,,74.52 Cr.-3.14 %,65.71 Cr.-9.78 %,69.68 Cr.-6.72 %,68.86 Cr.-1.26 %,68.86 Cr.-7.59 %,76.21 Cr.15.97 %,,96.30 Cr.38.21 %,,,,,,,,,118.13 Cr.71.54 %
SHINE,Revenue TTMYOY,,,692.12 Cr.-4.17 %,671.33 Cr.-7.18 %,647.84 Cr.-10.32 %,637.57 Cr.-9.66 %,637.57 Cr.-7.88 %,607.53 Cr.-9.50 %,,609.60 Cr.-5.90 %,,,,,,,,,601.00 Cr.-5.74 %
SHIVM,PE Ratio,,,150.5,256.6,258.5,43.4,40.9,31.2,,34.6,,,,,,,,,34.9
SHIVM,PB Ratio,,,3.3,3.0,3.0,3.4,3.2,3.4,,3.8,,,,,,,,,3.4
SHIVM,PS Ratio,,,5.1,5.2,5.2,4.4,4.2,4.3,,5.0,,,,,,,,,4.8
SHIVM,ROE TTM,,,3.37 %,1.67 %,4.66 %,8.14 %,9.96 %,10.88 %,,9.91 %,,,,,,,,,7.57 %
SHIVM,ROA TTM,,,2.63 %,1.32 %,3.70 %,6.54 %,8.04 %,8.68 %,,7.89 %,,,,,,,,,6.05 %
SHIVM,Net Margin TTM,,,4.12 %,2.12 %,6.11 %,10.23 %,12.56 %,14.10 %,,13.83 %,,,,,,,,,11.33 %
SHIVM,Asset Turnover TTM,,,63.81 %,62.15 %,60.52 %,63.96 %,64.00 %,61.53 %,,57.02 %,,,,,,,,,53.39 %
SHIVM,EPS TTMYOY,,,5.66-,2.8329.87 %,7.98138.95 %,14.20217.36 %,17.72213.16 %,19.57590.73 %,,18.11126.83 %,,,,,,,,,14.03-1.21 %
SHIVM,BVPSYOY,,,170.125.46 %,171.031.39 %,176.694.46 %,183.978.29 %,187.4910.21 %,180.385.47 %,,185.314.88 %,,,,,,,,,188.762.60 %
SHIVM,Net Profit Till QtrYOY,,,1.28 Cr.-,5.68 Cr.-61.77 %,40.05 Cr.96.08 %,79.41 Cr.217.36 %,"20.97 Cr.1,538.15 %",35.71 Cr.528.52 %,,61.92 Cr.54.59 %,,,,,,,,,78.45 Cr.-1.21 %
SHIVM,Revenue Till QtrYOY,,,140.64 Cr.-13.59 %,310.17 Cr.-11.88 %,539.73 Cr.-10.01 %,776.43 Cr.-1.79 %,153.33 Cr.9.03 %,309.83 Cr.-0.11 %,,495.47 Cr.-8.20 %,,,,,,,,,692.27 Cr.-10.84 %
SHIVM,Net Profit TTMYOY,,,31.64 Cr.-,15.84 Cr.29.87 %,44.65 Cr.138.95 %,79.41 Cr.217.36 %,99.10 Cr.213.16 %,109.44 Cr.590.73 %,,101.28 Cr.126.83 %,,,,,,,,,78.45 Cr.-1.21 %
SHIVM,Revenue TTMYOY,,,768.48 Cr.-2.05 %,748.78 Cr.-5.57 %,730.56 Cr.-11.90 %,776.43 Cr.-1.79 %,789.12 Cr.2.69 %,776.09 Cr.3.65 %,,732.17 Cr.0.22 %,,,,,,,,,692.27 Cr.-10.84 %
SHL,PE Ratio,,,88.9,81.4,86.7,85.6,81.7,86.8,,81.7,,,,,,,,,78.6
SHL,PB Ratio,,,22.6,20.3,22.9,20.7,19.7,20.2,,19.9,,,,,,,,,18.9
SHL,PS Ratio,,,21.4,19.3,20.8,20.7,19.8,20.2,,19.5,,,,,,,,,19.1
SHL,ROE TTM,,,26.48 %,26.84 %,27.07 %,26.59 %,25.62 %,26.35 %,,26.33 %,,,,,,,,,25.21 %
SHL,ROA TTM,,,21.50 %,21.47 %,21.52 %,21.34 %,19.76 %,20.28 %,,20.68 %,,,,,,,,,24.45 %
SHL,Net Margin TTM,,,23.73 %,23.99 %,24.24 %,24.21 %,23.34 %,23.80 %,,24.10 %,,,,,,,,,24.18 %
SHL,Asset Turnover TTM,,,90.61 %,89.51 %,88.78 %,88.12 %,84.64 %,85.18 %,,85.82 %,,,,,,,,,101.15 %
SHL,EPS TTMYOY,,,5.2715.75 %,5.4414.88 %,5.5811.91 %,5.7111.58 %,5.738.60 %,6.1012.01 %,,6.4214.92 %,,,,,,,,,6.4813.48 %
SHL,BVPSYOY,,,21.1212.38 %,20.592.10 %,21.8812.61 %,23.6117.48 %,24.6116.51 %,25.0021.45 %,,26.7322.16 %,,,,,,,,,28.5220.79 %
SHL,Net Profit Till QtrYOY,,,12.11 Cr.18.34 %,30.17 Cr.14.68 %,46.74 Cr.13.36 %,67.07 Cr.11.58 %,12.36 Cr.2.04 %,34.76 Cr.15.19 %,,55.07 Cr.17.83 %,,,,,,,,,76.11 Cr.13.48 %
SHL,Revenue Till QtrYOY,,,51.44 Cr.28.69 %,121.96 Cr.16.06 %,189.08 Cr.12.48 %,277.01 Cr.10.91 %,62.79 Cr.22.08 %,145.97 Cr.19.69 %,,224.98 Cr.18.98 %,,,,,,,,,314.81 Cr.13.65 %
SHL,Net Profit TTMYOY,,,61.98 Cr.15.75 %,63.97 Cr.14.88 %,65.61 Cr.11.91 %,67.07 Cr.11.58 %,67.32 Cr.8.60 %,71.65 Cr.12.01 %,,75.40 Cr.14.92 %,,,,,,,,,76.11 Cr.13.48 %
SHL,Revenue TTMYOY,,,261.22 Cr.16.85 %,266.63 Cr.13.95 %,270.73 Cr.11.83 %,277.01 Cr.10.91 %,288.36 Cr.10.39 %,301.02 Cr.12.90 %,,312.91 Cr.15.58 %,,,,,,,,,314.81 Cr.13.65 %
SHLB,PE Ratio,,,79.0,14.3,10.6,49.2,43.1,946.1,,258.0,,,,,,,,,41.3
SHLB,PB Ratio,,,10.2,11.6,8.6,8.2,7.2,6.6,,6.1,,,,,,,,,5.2
SHLB,PS Ratio,,,36.7,8.4,6.2,6.1,5.3,4.6,,4.4,,,,,,,,,4.1
SHLB,ROE TTM,,,19.60 %,82.84 %,12.77 %,16.99 %,0.69 %,2.42 %,,14.03 %,,,,,,,,,11.95 %
SHLB,ROA TTM,,,1.98 %,8.00 %,1.29 %,1.61 %,0.06 %,0.21 %,,1.27 %,,,,,,,,,1.12 %
SHLB,Net Margin TTM,,,137.70 %,58.84 %,10.47 %,12.37 %,0.48 %,1.70 %,,9.94 %,,,,,,,,,9.00 %
SHLB,Asset Turnover TTM,,,1.44 %,13.59 %,12.34 %,13.05 %,13.20 %,12.48 %,,12.75 %,,,,,,,,,12.40 %
SHLB,EPS TTMYOY,,,43.65329.00 %,182.91-,31.35339.50 %,41.2228.96 %,1.68-96.16 %,5.72-96.87 %,,34.5310.13 %,,,,,,,,,30.81-25.25 %
SHLB,BVPSYOY,,,264.1812.60 %,225.09112.93 %,229.73-12.51 %,247.600.44 %,240.27-9.05 %,240.026.63 %,,272.7818.74 %,,,,,,,,,288.3816.47 %
SHLB,Net Profit Till QtrYOY,,,2.39 Cr.114.83 %,1.87 Cr.-,2.37 Cr.-2.75 %,4.51 Cr.28.96 %,-193.46 Lac.-,-200.84 Lac.-,,1.64 Cr.-30.88 %,,,,,,,,,3.37 Cr.-25.25 %
SHLB,Revenue Till QtrYOY,,,7.03 Cr.-79.77 %,17.34 Cr.19.25 %,24.94 Cr.6.63 %,36.44 Cr.16.79 %,8.87 Cr.26.11 %,17.75 Cr.2.32 %,,26.51 Cr.6.28 %,,,,,,,,,37.43 Cr.2.71 %
SHLB,Net Profit TTMYOY,,,4.77 Cr.329.00 %,20.01 Cr.-,3.43 Cr.339.50 %,4.51 Cr.28.96 %,18.34 Lac.-96.16 %,62.57 Lac.-96.87 %,,3.78 Cr.10.13 %,,,,,,,,,3.37 Cr.-25.25 %
SHLB,Revenue TTMYOY,,,3.47 Cr.-90.03 %,34.00 Cr.-,32.75 Cr.374.63 %,36.44 Cr.384.30 %,"38.28 Cr.1,004.09 %",36.85 Cr.8.36 %,,38.01 Cr.16.05 %,,,,,,,,,37.43 Cr.2.71 %
SHPC,PE Ratio,,,52.3,60.6,74.8,65.1,64.2,68.2,,107.0,,,,,,,,,63.2
SHPC,PB Ratio,,,3.2,3.1,3.4,3.3,2.9,3.1,,3.1,,,,,,,,,3.6
SHPC,PS Ratio,,,23.5,25.8,30.9,28.9,28.2,30.4,,39.0,,,,,,,,,38.1
SHPC,ROE TTM,,,5.52 %,4.96 %,5.30 %,5.12 %,4.46 %,2.80 %,,2.98 %,,,,,,,,,5.01 %
SHPC,ROA TTM,,,4.37 %,3.98 %,4.31 %,4.21 %,3.73 %,2.37 %,,2.57 %,,,,,,,,,4.43 %
SHPC,Net Margin TTM,,,42.57 %,41.31 %,44.36 %,46.59 %,43.91 %,35.71 %,,37.58 %,,,,,,,,,42.93 %
SHPC,Asset Turnover TTM,,,10.27 %,9.62 %,9.71 %,9.04 %,8.50 %,6.65 %,,6.85 %,,,,,,,,,10.31 %
SHPC,EPS TTMYOY,,,8.48-25.24 %,8.01-27.38 %,8.73-10.30 %,8.66-11.09 %,7.67-9.60 %,4.82-39.78 %,,4.88-44.12 %,,,,,,,,,7.85-9.36 %
SHPC,BVPSYOY,,,167.3023.31 %,174.5711.70 %,172.8515.05 %,173.349.49 %,170.601.97 %,169.00-3.19 %,,133.39-22.83 %,,,,,,,,,137.50-20.68 %
SHPC,Net Profit Till QtrYOY,,,20.20 Cr.-18.94 %,26.92 Cr.-19.43 %,27.69 Cr.-12.03 %,32.38 Cr.-11.09 %,16.48 Cr.-18.43 %,12.56 Cr.-53.33 %,,13.55 Cr.-51.07 %,,,,,,,,,29.35 Cr.-9.36 %
SHPC,Revenue Till QtrYOY,,,26.37 Cr.-20.07 %,41.28 Cr.-17.31 %,52.11 Cr.-12.63 %,69.50 Cr.-14.29 %,22.13 Cr.-16.07 %,22.25 Cr.-46.10 %,,31.13 Cr.-40.26 %,,,,,,,,,68.36 Cr.-1.64 %
SHPC,Net Profit TTMYOY,,,31.70 Cr.-25.24 %,29.92 Cr.-27.38 %,32.63 Cr.-10.30 %,32.38 Cr.-11.09 %,28.65 Cr.-9.60 %,18.02 Cr.-39.78 %,,18.23 Cr.-44.12 %,,,,,,,,,29.35 Cr.-9.36 %
SHPC,Revenue TTMYOY,,,74.46 Cr.-3.50 %,72.44 Cr.-4.40 %,73.55 Cr.-0.55 %,69.50 Cr.-14.29 %,65.26 Cr.-12.36 %,50.47 Cr.-30.34 %,,48.52 Cr.-34.04 %,,,,,,,,,68.36 Cr.-1.64 %
SICL,PE Ratio,,,44.7,43.2,42.6,45.4,40.3,108.2,,126.7,,,,,,,,,113.8
SICL,PB Ratio,,,4.2,4.0,3.9,3.8,3.1,3.4,,3.3,,,,,,,,,3.2
SICL,PS Ratio,,,44.7,41.6,4.0,3.9,3.2,3.4,,3.3,,,,,,,,,3.2
SICL,ROE TTM,,,9.60 %,9.54 %,8.68 %,8.04 %,3.15 %,2.64 %,,2.89 %,,,,,,,,,2.24 %
SICL,ROA TTM,,,4.30 %,4.14 %,3.72 %,3.43 %,1.28 %,1.03 %,,1.12 %,,,,,,,,,0.86 %
SICL,Net Margin TTM,,,96.37 %,9.45 %,8.65 %,7.94 %,3.09 %,2.59 %,,2.78 %,,,,,,,,,2.09 %
SICL,Asset Turnover TTM,,,4.47 %,43.84 %,43.02 %,43.22 %,41.39 %,39.93 %,,40.38 %,,,,,,,,,40.93 %
SICL,EPS TTMYOY,,,16.6335.50 %,16.7425.55 %,15.476.55 %,14.60-11.75 %,5.77-65.32 %,4.86-70.99 %,,5.36-65.35 %,,,,,,,,,4.19-71.26 %
SICL,BVPSYOY,,,179.445.21 %,181.576.51 %,184.548.07 %,187.527.08 %,181.551.17 %,185.332.07 %,,189.602.74 %,,,,,,,,,191.952.36 %
SICL,Net Profit Till QtrYOY,,,11.52 Cr.2.51 %,25.74 Cr.2.48 %,35.71 Cr.-8.51 %,45.27 Cr.-11.75 %,"-1,585.86 Lac.-",-447.32 Lac.-,,7.06 Cr.-80.23 %,,,,,,,,,13.01 Cr.-71.26 %
SICL,Revenue Till QtrYOY,,,81.67 Cr.2.80 %,205.03 Cr.5.58 %,373.39 Cr.4.53 %,570.26 Cr.5.90 %,90.68 Cr.11.03 %,216.16 Cr.5.43 %,,401.72 Cr.7.59 %,,,,,,,,,621.13 Cr.8.92 %
SICL,Net Profit TTMYOY,,,51.58 Cr.35.50 %,51.93 Cr.25.55 %,47.98 Cr.6.55 %,45.27 Cr.-11.75 %,17.89 Cr.-65.32 %,15.06 Cr.-70.99 %,,16.62 Cr.-65.35 %,,,,,,,,,13.01 Cr.-71.26 %
SICL,Revenue TTMYOY,,,53.53 Cr.-89.49 %,549.35 Cr.19.28 %,554.69 Cr.17.19 %,570.26 Cr.5.90 %,579.27 Cr.7.13 %,581.39 Cr.5.83 %,,598.60 Cr.7.92 %,,,,,,,,,621.13 Cr.8.92 %
SIFC,PE Ratio,,,91.1,75.4,94.4,60.8,70.6,93.6,,80.7,,,,,,,,,109.7
SIFC,PB Ratio,,,4.5,3.9,3.8,3.7,3.5,4.6,,4.0,,,,,,,,,3.6
SIFC,PS Ratio,,,6.4,5.5,5.7,5.8,6.3,8.4,,7.3,,,,,,,,,7.2
SIFC,ROE TTM,,,5.30 %,4.13 %,6.25 %,5.07 %,4.97 %,4.88 %,,3.30 %,,,,,,,,,3.31 %
SIFC,ROA TTM,,,0.79 %,0.60 %,0.90 %,0.73 %,0.71 %,0.68 %,,0.46 %,,,,,,,,,0.45 %
SIFC,Net Margin TTM,,,7.46 %,6.04 %,9.57 %,8.44 %,8.97 %,9.12 %,,6.49 %,,,,,,,,,6.55 %
SIFC,Asset Turnover TTM,,,10.56 %,9.98 %,9.37 %,8.59 %,7.87 %,7.49 %,,7.08 %,,,,,,,,,6.94 %
SIFC,EPS TTMYOY,,,7.078.92 %,5.54-23.54 %,8.4757.35 %,6.994.62 %,6.92-2.09 %,6.7922.72 %,,4.62-45.49 %,,,,,,,,,4.62-33.91 %
SIFC,BVPSYOY,,,136.222.14 %,136.133.20 %,140.347.00 %,142.236.03 %,140.983.49 %,136.250.09 %,,139.08-0.89 %,,,,,,,,,139.82-1.69 %
SIFC,Net Profit Till QtrYOY,,,"41.51 Lac.1,326.33 %",1.42 Cr.-44.78 %,4.91 Cr.57.31 %,6.99 Cr.4.62 %,34.44 Lac.-17.04 %,1.22 Cr.-14.10 %,,2.54 Cr.-48.36 %,,,,,,,,,4.62 Cr.-33.91 %
SIFC,Revenue Till QtrYOY,,,25.26 Cr.-1.16 %,45.00 Cr.-7.22 %,64.84 Cr.-9.24 %,82.83 Cr.-12.93 %,19.64 Cr.-22.26 %,36.65 Cr.-18.57 %,,53.19 Cr.-17.96 %,,,,,,,,,70.57 Cr.-14.80 %
SIFC,Net Profit TTMYOY,,,7.07 Cr.8.92 %,5.54 Cr.-23.54 %,8.47 Cr.57.35 %,6.99 Cr.4.62 %,6.92 Cr.-2.09 %,6.79 Cr.22.72 %,,4.62 Cr.-45.49 %,,,,,,,,,4.62 Cr.-33.91 %
SIFC,Revenue TTMYOY,,,94.83 Cr.-4.28 %,91.62 Cr.-7.86 %,88.52 Cr.-8.50 %,82.83 Cr.-12.93 %,77.21 Cr.-18.58 %,74.47 Cr.-18.72 %,,71.18 Cr.-19.59 %,,,,,,,,,70.57 Cr.-14.80 %
SIKLES,PE Ratio,,,143.8,175.7,105.3,125.8,69.4,72.3,,67.6,,,,,,,,,49.9
SIKLES,PB Ratio,,,7.4,11.5,8.8,9.9,5.5,5.6,,5.9,,,,,,,,,5.0
SIKLES,PS Ratio,,,22.1,36.9,28.7,32.2,17.7,19.8,,18.2,,,,,,,,,17.1
SIKLES,ROE TTM,,,6.92 %,8.78 %,8.41 %,7.88 %,8.19 %,8.35 %,,10.80 %,,,,,,,,,13.16 %
SIKLES,ROA TTM,,,3.03 %,3.94 %,3.87 %,3.74 %,4.03 %,4.19 %,,5.54 %,,,,,,,,,6.91 %
SIKLES,Net Margin TTM,,,20.98 %,27.23 %,27.08 %,25.57 %,27.52 %,26.89 %,,34.49 %,,,,,,,,,40.53 %
SIKLES,Asset Turnover TTM,,,14.44 %,14.45 %,14.31 %,14.61 %,14.62 %,15.57 %,,16.05 %,,,,,,,,,17.04 %
SIKLES,EPS TTMYOY,,,6.7247.31 %,8.60104.42 %,8.35143.19 %,7.9363.27 %,8.4926.34 %,8.59-0.08 %,,11.3135.47 %,,,,,,,,,14.0777.47 %
SIKLES,BVPSYOY,,,102.332.94 %,103.137.98 %,102.868.95 %,100.737.25 %,109.727.22 %,97.89-5.07 %,,112.289.16 %,,,,,,,,,114.1313.30 %
SIKLES,Net Profit Till QtrYOY,,,8.22 Cr.28.56 %,9.95 Cr.58.06 %,8.64 Cr.65.31 %,7.75 Cr.63.27 %,8.77 Cr.6.74 %,10.60 Cr.6.49 %,,11.95 Cr.38.26 %,,,,,,,,,13.75 Cr.77.47 %
SIKLES,Revenue Till QtrYOY,,,13.25 Cr.3.92 %,19.62 Cr.0.18 %,24.20 Cr.-2.73 %,30.30 Cr.-1.67 %,13.11 Cr.-1.03 %,20.54 Cr.4.70 %,,25.95 Cr.7.25 %,,,,,,,,,33.94 Cr.11.98 %
SIKLES,Net Profit TTMYOY,,,6.57 Cr.47.31 %,8.40 Cr.104.42 %,8.16 Cr.143.19 %,7.75 Cr.63.27 %,8.30 Cr.26.34 %,8.40 Cr.-0.08 %,,11.06 Cr.35.47 %,,,,,,,,,13.75 Cr.77.47 %
SIKLES,Revenue TTMYOY,,,31.32 Cr.-0.70 %,30.85 Cr.-55.99 %,30.14 Cr.-6.03 %,30.30 Cr.-1.67 %,30.17 Cr.-3.68 %,31.23 Cr.1.20 %,,32.06 Cr.6.36 %,,,,,,,,,33.94 Cr.11.98 %
SINDU,PE Ratio,,,63.0,74.4,72.6,39.5,77.8,76.9,,78.8,,,,,,,,,596.6
SINDU,PB Ratio,,,9.9,14.4,14.6,9.6,7.8,15.5,,8.1,,,,,,,,,7.4
SINDU,PS Ratio,,,6.3,10.4,11.4,10.4,8.9,12.1,,9.9,,,,,,,,,9.3
SINDU,ROE TTM,,,15.16 %,16.96 %,42.84 %,27.69 %,11.15 %,11.37 %,,1.29 %,,,,,,,,,0.20 %
SINDU,ROA TTM,,,1.31 %,1.31 %,3.05 %,1.88 %,0.81 %,0.86 %,,0.10 %,,,,,,,,,0.02 %
SINDU,Net Margin TTM,,,14.59 %,15.69 %,39.27 %,26.26 %,11.48 %,12.76 %,,1.55 %,,,,,,,,,0.26 %
SINDU,Asset Turnover TTM,,,8.97 %,8.37 %,7.77 %,7.17 %,7.03 %,6.75 %,,6.57 %,,,,,,,,,6.25 %
SINDU,EPS TTMYOY,,,14.39508.70 %,14.8244.21 %,34.37-,21.1599.58 %,9.01-37.37 %,9.63-34.98 %,,1.14-96.68 %,,,,,,,,,0.18-99.15 %
SINDU,BVPSYOY,,,74.22-33.32 %,73.61-36.33 %,79.89-24.66 %,86.7028.65 %,89.4720.55 %,94.1927.97 %,,91.3014.28 %,,,,,,,,,96.8711.74 %
SINDU,Net Profit Till QtrYOY,,,"2.31 Cr.1,094.85 %",4.87 Cr.93.55 %,7.85 Cr.-,11.79 Cr.99.58 %,-445.98 Lac.-,-154.68 Lac.-,,-330.74 Lac.-,,,,,,,,,10.02 Lac.-99.15 %
SINDU,Revenue Till QtrYOY,,,11.29 Cr.-26.49 %,22.17 Cr.-22.39 %,33.31 Cr.-23.52 %,44.89 Cr.-23.95 %,10.15 Cr.-10.11 %,19.38 Cr.-12.61 %,,29.34 Cr.-11.91 %,,,,,,,,,39.16 Cr.-12.76 %
SINDU,Net Profit TTMYOY,,,8.02 Cr.508.70 %,8.26 Cr.44.21 %,19.16 Cr.-,11.79 Cr.99.58 %,5.02 Cr.-37.37 %,5.37 Cr.-34.98 %,,63.54 Lac.-96.68 %,,,,,,,,,10.02 Lac.-99.15 %
SINDU,Revenue TTMYOY,,,54.96 Cr.-10.35 %,52.63 Cr.-11.75 %,48.79 Cr.-18.33 %,44.89 Cr.-23.95 %,43.75 Cr.-20.40 %,42.10 Cr.-20.02 %,,40.92 Cr.-16.11 %,,,,,,,,,39.16 Cr.-12.76 %
SJCL,PE Ratio,,,-86.8,-40.0,-36.4,-39.0,-147.7,-165.4,,-718.9,,,,,,,,,-658.4
SJCL,PB Ratio,,,4.1,4.2,3.8,3.7,3.3,3.7,,3.6,,,,,,,,,3.3
SJCL,PS Ratio,,,65.2,38.1,34.7,12.3,7.6,8.0,,6.8,,,,,,,,,6.2
SJCL,ROE TTM,,,-,-,-,-,-,-,,-,,,,,,,,,2.69 %
SJCL,ROA TTM,,,-1.53 %,-2.53 %,-2.09 %,-2.13 %,-0.54 %,-0.27 %,,-0.12 %,,,,,,,,,0.63 %
SJCL,Net Margin TTM,,,-71.71 %,-95.18 %,-48.13 %,-31.64 %,-5.12 %,-2.24 %,,-0.94 %,,,,,,,,,4.97 %
SJCL,Asset Turnover TTM,,,2.14 %,2.66 %,4.34 %,6.74 %,10.47 %,11.99 %,,12.23 %,,,,,,,,,12.77 %
SJCL,EPS TTMYOY,,,-5.32-,-8.95-,-7.46-,-7.65-,-1.93-,-0.96-,,-0.41-,,,,,,,,,2.25-
SJCL,BVPSYOY,,,87.64-5.77 %,85.43-9.48 %,82.50-12.61 %,81.50-8.56 %,85.53-2.41 %,84.49-1.10 %,,82.10-0.48 %,,,,,,,,,83.762.77 %
SJCL,Net Profit Till QtrYOY,,,-549.72 Lac.-,"-1,356.57 Lac.-","-2,428.68 Lac.-","-2,793.80 Lac.-",15.38 Cr.-,10.85 Cr.-,,2.15 Cr.-,,,,,,,,,8.20 Cr.-
SJCL,Revenue Till QtrYOY,,,6.39 Cr.-,21.46 Cr.174.30 %,48.19 Cr.291.39 %,88.29 Cr.326.78 %,55.86 Cr.774.84 %,90.47 Cr.321.50 %,,119.12 Cr.147.17 %,,,,,,,,,164.96 Cr.86.83 %
SJCL,Net Profit TTMYOY,,,"-1,941.45 Lac.-","-3,267.07 Lac.-","-2,722.79 Lac.-","-2,793.80 Lac.-",-705.82 Lac.-,-351.95 Lac.-,,-149.73 Lac.-,,,,,,,,,8.20 Cr.-
SJCL,Revenue TTMYOY,,,27.07 Cr.-,34.33 Cr.338.69 %,56.57 Cr.359.41 %,88.29 Cr.326.78 %,137.77 Cr.408.87 %,157.30 Cr.358.24 %,,159.22 Cr.181.47 %,,,,,,,,,164.96 Cr.86.83 %
SJLIC,PE Ratio,,,62.8,61.9,54.6,55.4,61.6,61.2,,56.0,,,,,,,,,53.7
SJLIC,PB Ratio,,,3.8,3.3,3.4,3.5,3.4,3.3,,3.4,,,,,,,,,3.3
SJLIC,PS Ratio,,,2.6,3.0,1.5,1.5,1.9,2.0,,1.8,,,,,,,,,1.6
SJLIC,ROE TTM,,,5.25 %,5.09 %,5.88 %,5.38 %,5.54 %,5.61 %,,6.04 %,,,,,,,,,5.99 %
SJLIC,ROA TTM,,,0.92 %,0.84 %,0.90 %,0.76 %,0.76 %,0.71 %,,0.74 %,,,,,,,,,0.69 %
SJLIC,Net Margin TTM,,,4.82 %,3.47 %,2.67 %,3.08 %,3.20 %,2.94 %,,3.09 %,,,,,,,,,2.22 %
SJLIC,Asset Turnover TTM,,,19.18 %,24.06 %,33.82 %,24.72 %,23.75 %,24.26 %,,23.96 %,,,,,,,,,31.19 %
SJLIC,EPS TTMYOY,,,7.58-28.13 %,7.1044.42 %,7.9217.99 %,6.99-11.66 %,7.24-4.42 %,7.10-0.01 %,,7.68-3.02 %,,,,,,,,,7.598.55 %
SJLIC,BVPSYOY,,,143.59-2.69 %,123.44-17.58 %,125.41-16.85 %,126.85-2.84 %,134.42-6.39 %,123.33-0.09 %,,125.490.06 %,,,,,,,,,122.68-3.29 %
SJLIC,Net Profit Till QtrYOY,,,11.53 Cr.-12.69 %,19.61 Cr.-17.11 %,29.58 Cr.0.11 %,35.03 Cr.-11.66 %,12.80 Cr.11.00 %,20.19 Cr.2.92 %,,33.03 Cr.11.69 %,,,,,,,,,38.02 Cr.8.55 %
SJLIC,Revenue Till QtrYOY,,,70.74 Cr.-69.30 %,506.48 Cr.18.24 %,763.71 Cr.240.90 %,"1,135.51 Cr.19.85 %",70.56 Cr.-0.26 %,579.88 Cr.14.49 %,,874.35 Cr.14.49 %,,,,,,,,,"1,709.91 Cr.50.58 %"
SJLIC,Net Profit TTMYOY,,,37.98 Cr.-28.13 %,35.60 Cr.44.42 %,39.69 Cr.17.99 %,35.03 Cr.-11.66 %,36.30 Cr.-4.42 %,35.60 Cr.-0.01 %,,38.49 Cr.-3.02 %,,,,,,,,,38.02 Cr.8.55 %
SJLIC,Revenue TTMYOY,,,787.77 Cr.-14.54 %,"1,025.61 Cr.14.60 %","1,487.16 Cr.206.86 %","1,135.51 Cr.19.85 %","1,135.33 Cr.44.12 %","1,208.91 Cr.17.87 %",,"1,246.15 Cr.-16.21 %",,,,,,,,,"1,709.91 Cr.50.58 %"
SKBBL,PE Ratio,,,38.0,36.5,33.4,39.1,41.7,48.3,,50.8,,,,,,,,,45.7
SKBBL,PB Ratio,,,3.8,3.6,3.4,3.8,3.6,3.6,,3.5,,,,,,,,,3.5
SKBBL,PS Ratio,,,8.7,9.2,9.6,11.6,12.7,14.4,,15.8,,,,,,,,,16.8
SKBBL,ROE TTM,,,10.46 %,10.81 %,9.93 %,8.87 %,7.76 %,7.21 %,,7.82 %,,,,,,,,,6.09 %
SKBBL,ROA TTM,,,2.17 %,2.36 %,2.27 %,2.11 %,1.92 %,1.83 %,,2.01 %,,,,,,,,,1.60 %
SKBBL,Net Margin TTM,,,25.12 %,28.79 %,29.61 %,30.36 %,29.89 %,30.86 %,,36.78 %,,,,,,,,,42.92 %
SKBBL,Asset Turnover TTM,,,8.63 %,8.19 %,7.66 %,6.94 %,6.42 %,5.92 %,,5.46 %,,,,,,,,,3.73 %
SKBBL,EPS TTMYOY,,,19.699.89 %,20.8024.74 %,19.4926.15 %,17.83-7.48 %,15.94-19.04 %,15.06-27.62 %,,16.58-14.92 %,,,,,,,,,13.26-16.84 %
SKBBL,BVPSYOY,,,198.579.25 %,202.3410.27 %,202.819.52 %,209.248.86 %,213.837.69 %,216.486.99 %,,218.407.69 %,,,,,,,,,221.763.71 %
SKBBL,Net Profit Till QtrYOY,,,32.18 Cr.6.77 %,51.78 Cr.17.01 %,54.50 Cr.1.96 %,87.87 Cr.-7.48 %,22.85 Cr.-29.00 %,38.10 Cr.-26.42 %,,48.33 Cr.-11.33 %,,,,,,,,,65.31 Cr.185.84 %
SKBBL,Revenue Till QtrYOY,,,83.26 Cr.-26.48 %,156.44 Cr.-27.77 %,224.52 Cr.-29.06 %,289.38 Cr.-30.47 %,56.66 Cr.-31.95 %,107.45 Cr.-31.32 %,,157.27 Cr.-29.95 %,,,,,,,,,208.84 Cr.268.59 %
SKBBL,Net Profit TTMYOY,,,97.01 Cr.9.89 %,102.50 Cr.24.74 %,96.02 Cr.26.15 %,87.87 Cr.-7.48 %,78.54 Cr.-19.04 %,74.19 Cr.-27.62 %,,81.69 Cr.-14.92 %,,,,,,,,,65.31 Cr.-16.84 %
SKBBL,Revenue TTMYOY,,,386.23 Cr.11.56 %,356.07 Cr.-5.61 %,324.25 Cr.-19.24 %,289.38 Cr.-30.47 %,262.78 Cr.-31.96 %,240.39 Cr.-32.49 %,,222.14 Cr.-31.49 %,,,,,,,,,152.18 Cr.-19.74 %
SLBBL,PE Ratio,,,89.7,52.8,50.9,47.3,26.0,29.3,,26.4,,,,,,,,,25.0
SLBBL,PB Ratio,,,6.9,5.9,5.6,6.4,5.1,5.7,,5.4,,,,,,,,,5.1
SLBBL,PS Ratio,,,6.0,5.3,5.1,6.0,5.0,5.6,,5.4,,,,,,,,,5.2
SLBBL,ROE TTM,,,9.49 %,12.24 %,15.18 %,21.45 %,21.33 %,22.50 %,,22.16 %,,,,,,,,,22.15 %
SLBBL,ROA TTM,,,1.06 %,1.36 %,1.72 %,2.50 %,3.14 %,3.32 %,,3.33 %,,,,,,,,,3.54 %
SLBBL,Net Margin TTM,,,7.80 %,10.05 %,12.62 %,18.64 %,19.13 %,20.70 %,,21.06 %,,,,,,,,,29.00 %
SLBBL,Asset Turnover TTM,,,13.62 %,13.56 %,13.64 %,13.39 %,16.43 %,16.05 %,,15.80 %,,,,,,,,,12.19 %
SLBBL,EPS TTMYOY,,,10.096.00 %,13.6248.84 %,17.8940.18 %,26.76227.53 %,28.31180.45 %,31.17128.84 %,,32.3580.78 %,,,,,,,,,34.8022.96 %
SLBBL,BVPSYOY,,,122.9925.47 %,122.8823.14 %,132.2825.39 %,140.2232.92 %,145.2618.11 %,151.9923.68 %,,160.0320.98 %,,,,,,,,,171.2317.88 %
SLBBL,Net Profit Till QtrYOY,,,3.68 Cr.87.75 %,8.80 Cr.124.61 %,16.02 Cr.118.96 %,23.97 Cr.227.53 %,5.06 Cr.37.52 %,12.75 Cr.44.88 %,,21.02 Cr.31.20 %,,,,,,,,,31.17 Cr.515.47 %
SLBBL,Revenue Till QtrYOY,,,29.92 Cr.26.39 %,60.91 Cr.23.67 %,93.42 Cr.22.74 %,128.58 Cr.17.22 %,33.85 Cr.13.12 %,67.21 Cr.10.35 %,,102.38 Cr.9.59 %,,,,,,,,,141.32 Cr.317.53 %
SLBBL,Net Profit TTMYOY,,,9.04 Cr.6.00 %,12.20 Cr.48.84 %,16.02 Cr.40.18 %,23.97 Cr.227.53 %,25.35 Cr.180.45 %,27.92 Cr.128.84 %,,28.97 Cr.80.78 %,,,,,,,,,31.17 Cr.22.96 %
SLBBL,Revenue TTMYOY,,,115.95 Cr.16.62 %,121.36 Cr.22.22 %,127.01 Cr.24.37 %,128.58 Cr.17.22 %,132.51 Cr.14.28 %,134.88 Cr.11.15 %,,137.54 Cr.8.29 %,,,,,,,,,107.47 Cr.5.87 %
SLBSL,PE Ratio,,,-100.9,"2,117.9",282.0,285.3,556.3,66.7,,42.2,,,,,,,,,22.1
SLBSL,PB Ratio,,,12.8,26.4,13.8,14.0,11.1,10.6,,12.3,,,,,,,,,6.9
SLBSL,PS Ratio,,,14.8,24.0,11.3,11.4,9.3,8.2,,7.2,,,,,,,,,5.4
SLBSL,ROE TTM,,,-,1.20 %,4.66 %,2.05 %,17.04 %,25.56 %,,36.12 %,,,,,,,,,21.97 %
SLBSL,ROA TTM,,,-1.01 %,0.13 %,0.45 %,0.19 %,1.55 %,2.17 %,,3.23 %,,,,,,,,,1.97 %
SLBSL,Net Margin TTM,,,-9.03 %,1.13 %,4.00 %,1.67 %,12.14 %,16.84 %,,31.65 %,,,,,,,,,20.91 %
SLBSL,Asset Turnover TTM,,,11.21 %,11.05 %,11.31 %,11.55 %,12.79 %,12.89 %,,10.19 %,,,,,,,,,9.44 %
SLBSL,EPS TTMYOY,,,-10.14-,1.35-,5.28-,2.33-,19.34-,"28.201,992.86 %",,"42.711,729.10 %",,,,,,,,,26.6637.83 %
SLBSL,BVPSYOY,,,112.900.65 %,107.913.48 %,107.73-4.72 %,116.82-5.93 %,122.068.11 %,97.12-10.00 %,,136.9117.20 %,,,,,,,,,129.295.92 %
SLBSL,Net Profit Till QtrYOY,,,-199.59 Lac.-,-108.68 Lac.-,-101.24 Lac.-,39.88 Lac.-,90.89 Lac.-,3.33 Cr.-,,"5.88 Cr.1,375.24 %",,,,,,,,,4.55 Cr.401.01 %
SLBSL,Revenue Till QtrYOY,,,4.70 Cr.24.20 %,10.69 Cr.23.33 %,16.95 Cr.33.93 %,23.89 Cr.30.84 %,8.00 Cr.70.44 %,15.40 Cr.44.01 %,,23.05 Cr.-3.53 %,,,,,,,,,29.79 Cr.272.14 %
SLBSL,Net Profit TTMYOY,,,-173.25 Lac.-,23.02 Lac.-,90.14 Lac.-,39.88 Lac.-,3.30 Cr.-,"4.82 Cr.1,992.86 %",,"7.29 Cr.1,729.10 %",,,,,,,,,4.55 Cr.37.83 %
SLBSL,Revenue TTMYOY,,,19.18 Cr.-5.96 %,20.28 Cr.2.22 %,22.56 Cr.18.26 %,23.89 Cr.30.84 %,27.20 Cr.41.85 %,28.60 Cr.41.00 %,,23.05 Cr.20.07 %,,,,,,,,,21.78 Cr.2.73 %
SMATA,PE Ratio,,,149.8,899.2,149.1,79.9,57.8,35.7,,32.7,,,,,,,,,33.8
SMATA,PB Ratio,,,7.2,7.1,5.9,8.0,5.8,5.6,,5.7,,,,,,,,,5.2
SMATA,PS Ratio,,,11.5,10.1,8.1,10.0,7.3,7.1,,6.5,,,,,,,,,5.9
SMATA,ROE TTM,,,-,0.88 %,4.43 %,11.08 %,18.14 %,18.61 %,,16.07 %,,,,,,,,,12.87 %
SMATA,ROA TTM,,,-0.03 %,0.13 %,0.65 %,1.60 %,2.54 %,2.60 %,,2.21 %,,,,,,,,,1.72 %
SMATA,Net Margin TTM,,,-0.20 %,1.12 %,5.45 %,12.56 %,19.85 %,19.95 %,,17.43 %,,,,,,,,,19.22 %
SMATA,Asset Turnover TTM,,,12.48 %,11.88 %,11.92 %,12.76 %,12.79 %,13.04 %,,12.67 %,,,,,,,,,8.95 %
SMATA,EPS TTMYOY,,,-0.16-,0.90-86.15 %,4.78-60.36 %,12.87139.32 %,22.11-,"23.802,557.35 %",,21.37346.77 %,,,,,,,,,18.04-18.40 %
SMATA,BVPSYOY,,,105.5336.04 %,114.1832.07 %,120.4436.08 %,128.9215.28 %,140.2932.94 %,135.7418.88 %,,139.5615.88 %,,,,,,,,,145.113.44 %
SMATA,Net Profit Till QtrYOY,,,-413.36 Lac.-,-156.84 Lac.-,2.61 Cr.-13.04 %,8.50 Cr.139.32 %,1.97 Cr.-,5.65 Cr.-,,8.23 Cr.214.76 %,,,,,,,,,11.92 Cr.504.42 %
SMATA,Revenue Till QtrYOY,,,13.58 Cr.38.21 %,28.20 Cr.27.95 %,45.99 Cr.33.31 %,67.68 Cr.45.68 %,19.48 Cr.43.43 %,39.34 Cr.39.49 %,,59.28 Cr.28.90 %,,,,,,,,,81.48 Cr.318.18 %
SMATA,Net Profit TTMYOY,,,-10.24 Lac.-,59.16 Lac.-86.15 %,3.16 Cr.-60.36 %,8.50 Cr.139.32 %,14.61 Cr.-,"15.72 Cr.2,557.35 %",,14.12 Cr.346.77 %,,,,,,,,,11.92 Cr.-18.40 %
SMATA,Revenue TTMYOY,,,50.21 Cr.12.62 %,52.62 Cr.17.20 %,57.95 Cr.21.24 %,67.68 Cr.45.68 %,73.58 Cr.46.54 %,78.82 Cr.49.79 %,,80.97 Cr.39.73 %,,,,,,,,,62.00 Cr.5.14 %
SMB,PE Ratio,,,78.7,110.7,97.1,58.4,50.1,40.4,,35.1,,,,,,,,,32.0
SMB,PB Ratio,,,11.9,19.6,17.2,14.4,12.4,11.8,,10.2,,,,,,,,,8.9
SMB,PS Ratio,,,8.1,13.8,12.1,11.5,9.9,9.2,,7.9,,,,,,,,,7.9
SMB,ROE TTM,,,16.01 %,19.19 %,25.15 %,28.69 %,33.58 %,32.66 %,,30.46 %,,,,,,,,,30.92 %
SMB,ROA TTM,,,1.36 %,1.67 %,2.25 %,2.67 %,3.28 %,3.26 %,,3.12 %,,,,,,,,,3.36 %
SMB,Net Margin TTM,,,10.29 %,12.49 %,16.76 %,19.69 %,22.88 %,22.80 %,,22.06 %,,,,,,,,,32.91 %
SMB,Asset Turnover TTM,,,13.18 %,13.36 %,13.46 %,13.54 %,14.32 %,14.31 %,,14.14 %,,,,,,,,,10.22 %
SMB,EPS TTMYOY,,,18.544.07 %,22.906.33 %,31.4446.69 %,38.19114.73 %,48.33160.72 %,50.31119.68 %,,50.2259.74 %,,,,,,,,,56.8217.58 %
SMB,BVPSYOY,,,122.059.76 %,129.0615.88 %,139.5322.16 %,154.9029.05 %,174.0242.58 %,172.6133.74 %,,183.3731.42 %,,,,,,,,,205.1317.88 %
SMB,Net Profit Till QtrYOY,,,26.07 Lac.63.09 %,1.55 Cr.79.39 %,3.06 Cr.148.36 %,5.12 Cr.114.73 %,1.62 Cr.521.53 %,3.18 Cr.104.83 %,,4.68 Cr.52.65 %,,,,,,,,,7.62 Cr.370.27 %
SMB,Revenue Till QtrYOY,,,5.31 Cr.-5.66 %,11.52 Cr.0.92 %,18.04 Cr.3.88 %,26.00 Cr.6.20 %,7.63 Cr.43.74 %,15.11 Cr.31.07 %,,22.57 Cr.25.10 %,,,,,,,,,30.78 Cr.303.60 %
SMB,Net Profit TTMYOY,,,2.49 Cr.4.07 %,3.07 Cr.6.33 %,4.22 Cr.46.69 %,5.12 Cr.114.73 %,6.48 Cr.160.72 %,6.75 Cr.119.68 %,,6.73 Cr.59.74 %,,,,,,,,,7.62 Cr.17.58 %
SMB,Revenue TTMYOY,,,24.16 Cr.6.64 %,24.58 Cr.6.45 %,25.15 Cr.5.16 %,26.00 Cr.6.20 %,28.32 Cr.17.20 %,29.58 Cr.20.31 %,,30.53 Cr.21.36 %,,,,,,,,,23.15 Cr.4.76 %
SMFBS,PE Ratio,,,131.3,66.7,49.1,41.1,35.4,27.9,,29.4,,,,,,,,,44.4
SMFBS,PB Ratio,,,13.5,12.1,12.1,10.4,8.9,8.7,,7.5,,,,,,,,,7.6
SMFBS,PS Ratio,,,9.5,11.8,7.7,7.4,6.4,5.7,,4.5,,,,,,,,,7.5
SMFBS,ROE TTM,,,13.69 %,18.93 %,25.14 %,29.98 %,36.11 %,29.84 %,,26.12 %,,,,,,,,,16.64 %
SMFBS,ROA TTM,,,1.26 %,1.67 %,2.13 %,2.57 %,3.16 %,2.63 %,,2.47 %,,,,,,,,,1.58 %
SMFBS,Net Margin TTM,,,9.51 %,17.73 %,15.65 %,18.06 %,20.96 %,15.05 %,,25.67 %,,,,,,,,,16.33 %
SMFBS,Asset Turnover TTM,,,13.26 %,9.44 %,13.58 %,14.24 %,15.08 %,17.46 %,,9.64 %,,,,,,,,,9.68 %
SMFBS,EPS TTMYOY,,,19.89257.44 %,27.71121.07 %,36.94187.31 %,47.15217.99 %,60.26203.03 %,52.9691.12 %,,52.3310.99 %,,,,,,,,,33.77-43.96 %
SMFBS,BVPSYOY,,,153.094.52 %,152.263.85 %,149.3910.08 %,187.2729.72 %,192.3525.65 %,206.1835.41 %,,215.6015.13 %,,,,,,,,,197.502.68 %
SMFBS,Net Profit Till QtrYOY,,,-120.92 Lac.-,"2.03 Cr.3,487.78 %","3.57 Cr.1,883.24 %",7.24 Cr.217.99 %,80.27 Lac.-,2.92 Cr.43.83 %,,4.37 Cr.-39.61 %,,,,,,,,,5.18 Cr.545.55 %
SMFBS,Revenue Till QtrYOY,,,6.18 Cr.9.87 %,6.94 Cr.-52.16 %,26.52 Cr.21.40 %,40.06 Cr.26.99 %,10.23 Cr.65.49 %,20.88 Cr.200.86 %,,31.29 Cr.-21.90 %,,,,,,,,,41.96 Cr.310.08 %
SMFBS,Net Profit TTMYOY,,,3.05 Cr.257.44 %,4.25 Cr.121.07 %,5.67 Cr.187.31 %,7.24 Cr.217.99 %,9.25 Cr.203.03 %,8.13 Cr.91.12 %,,8.03 Cr.10.99 %,,,,,,,,,5.18 Cr.-43.96 %
SMFBS,Revenue TTMYOY,,,32.10 Cr.4.56 %,23.98 Cr.-25.29 %,36.22 Cr.12.31 %,40.06 Cr.26.99 %,44.11 Cr.37.40 %,54.00 Cr.125.22 %,,31.29 Cr.-7.65 %,,,,,,,,,31.72 Cr.-26.82 %
SMH,PE Ratio,,,81.9,119.1,95.0,78.1,86.1,470.6,,46.6,,,,,,,,,
SMH,PB Ratio,,,9.3,8.7,7.0,7.3,6.3,6.3,,6.0,,,,,,,,,
SMH,PS Ratio,,,25.3,35.0,27.9,19.1,26.5,0.0,,19.4,,,,,,,,,
SMH,ROE TTM,,,14.74 %,7.74 %,9.45 %,7.34 %,1.44 %,12.31 %,,5.68 %,,,,,,,,,
SMH,ROA TTM,,,6.24 %,3.38 %,4.23 %,3.36 %,0.68 %,5.85 %,,2.78 %,,,,,,,,,
SMH,Net Margin TTM,,,37.14 %,29.40 %,24.49 %,30.79 %,-124.39 %,42.44 %,,27.30 %,,,,,,,,,
SMH,Asset Turnover TTM,,,16.79 %,11.51 %,17.28 %,10.92 %,-0.54 %,13.79 %,,10.18 %,,,,,,,,,
SMH,EPS TTMYOY,,,13.85252.92 %,7.52-23.07 %,9.28-7.71 %,7.28-33.72 %,1.46-89.47 %,12.5066.15 %,,5.89-19.14 %,,,,,,,,,
SMH,BVPSYOY,,,96.9312.78 %,102.417.89 %,99.795.13 %,99.792.95 %,108.6312.08 %,97.01-5.27 %,,109.139.36 %,,,,,,,,,
SMH,Net Profit Till QtrYOY,,,7.05 Cr.35.26 %,3.54 Cr.-38.57 %,4.67 Cr.-18.93 %,4.67 Cr.-33.72 %,3.31 Cr.-53.00 %,6.89 Cr.94.55 %,,3.78 Cr.-19.14 %,,,,,,,,,
SMH,Revenue Till QtrYOY,,,22.82 Cr.5.12 %,7.26 Cr.-46.86 %,15.18 Cr.11.08 %,15.18 Cr.-33.50 %,6.89 Cr.-69.79 %,10.98 Cr.51.27 %,,13.84 Cr.-8.81 %,,,,,,,,,
SMH,Net Profit TTMYOY,,,8.89 Cr.252.92 %,4.83 Cr.-23.07 %,5.96 Cr.-7.71 %,4.67 Cr.-33.72 %,93.60 Lac.-89.47 %,8.02 Cr.66.15 %,,3.78 Cr.-19.14 %,,,,,,,,,
SMH,Revenue TTMYOY,,,23.94 Cr.-3.16 %,16.42 Cr.-23.41 %,24.34 Cr.-,15.18 Cr.-33.50 %,-75.25 Lac.-,18.90 Cr.15.09 %,,13.84 Cr.-,,,,,,,,,
SMHL,PE Ratio,,,101.0,314.0,253.7,166.2,198.2,134.9,,38.8,,,,,,,,,27.0
SMHL,PB Ratio,,,6.8,11.0,8.8,9.8,7.3,4.9,,4.4,,,,,,,,,4.2
SMHL,PS Ratio,,,13.0,22.3,18.0,20.6,16.2,11.0,,9.5,,,,,,,,,12.3
SMHL,ROE TTM,,,7.13 %,3.59 %,4.57 %,5.98 %,3.78 %,9.28 %,,11.88 %,,,,,,,,,16.44 %
SMHL,ROA TTM,,,1.76 %,0.90 %,1.16 %,1.53 %,0.97 %,2.39 %,,3.06 %,,,,,,,,,4.38 %
SMHL,Net Margin TTM,,,12.92 %,7.11 %,9.91 %,12.39 %,8.19 %,18.77 %,,31.61 %,,,,,,,,,45.57 %
SMHL,Asset Turnover TTM,,,13.60 %,12.66 %,11.74 %,12.37 %,11.89 %,12.71 %,,9.67 %,,,,,,,,,9.62 %
SMHL,EPS TTMYOY,,,7.00-62.10 %,3.55-72.11 %,4.55-33.18 %,6.0329.51 %,3.89-44.41 %,9.67172.45 %,,12.78112.11 %,,,,,,,,,18.40372.70 %
SMHL,BVPSYOY,,,103.686.18 %,101.733.97 %,100.275.12 %,102.506.62 %,106.182.41 %,110.258.37 %,,111.658.92 %,,,,,,,,,119.5012.54 %
SMHL,Net Profit Till QtrYOY,,,16.13 Cr.50.84 %,12.17 Cr.-17.38 %,8.77 Cr.-2.77 %,13.95 Cr.29.51 %,11.19 Cr.-30.64 %,20.60 Cr.69.25 %,,24.42 Cr.74.99 %,,,,,,,,,42.60 Cr.280.75 %
SMHL,Revenue Till QtrYOY,,,42.16 Cr.-2.57 %,60.69 Cr.-15.30 %,74.21 Cr.-21.52 %,112.65 Cr.-11.01 %,39.56 Cr.-6.17 %,67.29 Cr.10.87 %,,93.64 Cr.-16.88 %,,,,,,,,,133.04 Cr.236.34 %
SMHL,Net Profit TTMYOY,,,16.21 Cr.-62.10 %,8.22 Cr.-72.11 %,10.52 Cr.-33.18 %,13.95 Cr.29.51 %,9.01 Cr.-44.41 %,22.38 Cr.172.45 %,,29.60 Cr.112.11 %,,,,,,,,,42.60 Cr.372.70 %
SMHL,Revenue TTMYOY,,,125.47 Cr.-27.51 %,115.62 Cr.-19.31 %,106.24 Cr.-16.34 %,112.65 Cr.-11.01 %,110.05 Cr.-12.29 %,119.25 Cr.3.14 %,,93.64 Cr.32.84 %,,,,,,,,,93.49 Cr.2.15 %
SMJC,PE Ratio,,,133.4,201.0,288.8,265.5,224.9,322.6,,492.9,,,,,,,,,246.8
SMJC,PB Ratio,,,5.4,5.4,4.9,5.4,4.6,4.5,,4.2,,,,,,,,,4.1
SMJC,PS Ratio,,,25.2,28.4,26.1,29.2,24.7,25.4,,24.4,,,,,,,,,29.9
SMJC,ROE TTM,,,2.77 %,1.71 %,2.37 %,2.03 %,1.39 %,0.85 %,,1.65 %,,,,,,,,,3.49 %
SMJC,ROA TTM,,,1.47 %,0.91 %,1.24 %,1.05 %,0.71 %,0.43 %,,0.83 %,,,,,,,,,1.77 %
SMJC,Net Margin TTM,,,14.14 %,9.02 %,12.16 %,11.00 %,7.76 %,4.94 %,,12.02 %,,,,,,,,,31.20 %
SMJC,Asset Turnover TTM,,,10.42 %,10.10 %,10.19 %,9.52 %,9.13 %,8.72 %,,6.93 %,,,,,,,,,5.67 %
SMJC,EPS TTMYOY,,,2.93-84.13 %,1.82-83.77 %,2.53-56.71 %,2.18-48.84 %,1.50-48.98 %,0.92-49.49 %,,1.77-18.55 %,,,,,,,,,3.78152.70 %
SMJC,BVPSYOY,,,108.693.52 %,108.592.45 %,107.262.22 %,106.621.95 %,108.42-0.25 %,107.73-0.79 %,,108.091.38 %,,,,,,,,,109.591.08 %
SMJC,Net Profit Till QtrYOY,,,3.87 Cr.-28.66 %,3.74 Cr.-43.34 %,3.16 Cr.-39.13 %,2.56 Cr.-48.84 %,3.07 Cr.-20.68 %,2.26 Cr.-39.51 %,,2.68 Cr.4.95 %,,,,,,,,,4.44 Cr.44.65 %
SMJC,Revenue Till QtrYOY,,,8.71 Cr.-19.14 %,13.63 Cr.-16.58 %,17.89 Cr.-10.07 %,23.24 Cr.-12.01 %,8.12 Cr.-6.86 %,12.27 Cr.-9.97 %,,17.32 Cr.-25.46 %,,,,,,,,,22.34 Cr.175.33 %
SMJC,Net Profit TTMYOY,,,3.44 Cr.-84.13 %,2.14 Cr.-83.77 %,2.97 Cr.-56.71 %,2.56 Cr.-48.84 %,1.76 Cr.-48.98 %,1.08 Cr.-49.49 %,,2.08 Cr.-18.55 %,,,,,,,,,4.44 Cr.152.70 %
SMJC,Revenue TTMYOY,,,24.35 Cr.-43.50 %,23.71 Cr.-27.43 %,24.41 Cr.-4.35 %,23.24 Cr.-12.01 %,22.65 Cr.-7.01 %,21.89 Cr.-7.69 %,,17.32 Cr.19.24 %,,,,,,,,,14.23 Cr.-19.76 %
SMPDA,PE Ratio,,,80.5,56.8,44.8,91.7,77.7,45.4,,56.8,,,,,,,,,49.7
SMPDA,PB Ratio,,,7.1,6.7,5.9,7.0,5.9,4.7,,5.4,,,,,,,,,4.7
SMPDA,PS Ratio,,,8.8,4.9,4.6,5.9,5.0,5.0,,5.0,,,,,,,,,5.2
SMPDA,ROE TTM,,,0.08 %,11.73 %,13.22 %,7.64 %,12.28 %,9.34 %,,9.22 %,,,,,,,,,19.17 %
SMPDA,ROA TTM,,,0.01 %,1.20 %,1.37 %,0.77 %,1.27 %,0.98 %,,0.97 %,,,,,,,,,2.09 %
SMPDA,Net Margin TTM,,,0.06 %,8.68 %,10.35 %,6.44 %,11.01 %,8.85 %,,10.48 %,,,,,,,,,20.84 %
SMPDA,Asset Turnover TTM,,,13.83 %,13.86 %,13.22 %,12.01 %,11.57 %,11.13 %,,9.30 %,,,,,,,,,10.03 %
SMPDA,EPS TTMYOY,,,0.12-,17.61-,20.36-,11.46-6.60 %,"19.1816,158.70 %",14.93-15.22 %,,15.0931.64 %,,,,,,,,,32.5269.57 %
SMPDA,BVPSYOY,,,139.85-,150.10-,153.98-,150.087.91 %,186.5833.41 %,158.155.36 %,,160.046.64 %,,,,,,,,,173.92-6.78 %
SMPDA,Net Profit Till QtrYOY,,,2.07 Lac.-,6.17 Cr.-,10.71 Cr.-,8.03 Cr.-6.60 %,"5.43 Cr.26,163.66 %",8.60 Cr.39.39 %,,13.25 Cr.64.91 %,,,,,,,,,22.79 Cr.319.89 %
SMPDA,Revenue Till QtrYOY,,,35.57 Cr.-,71.11 Cr.-,103.43 Cr.-,124.80 Cr.57.81 %,32.87 Cr.-7.60 %,64.60 Cr.-9.15 %,,100.92 Cr.-19.14 %,,,,,,,,,142.22 Cr.332.70 %
SMPDA,Net Profit TTMYOY,,,8.27 Lac.-,12.34 Cr.-,14.27 Cr.-,8.03 Cr.-6.60 %,"13.44 Cr.16,158.70 %",10.46 Cr.-15.22 %,,10.57 Cr.31.64 %,,,,,,,,,22.79 Cr.69.57 %
SMPDA,Revenue TTMYOY,,,142.29 Cr.-,142.22 Cr.-,137.88 Cr.-,124.80 Cr.57.81 %,122.09 Cr.-14.19 %,118.29 Cr.-16.83 %,,100.92 Cr.13.10 %,,,,,,,,,109.35 Cr.26.34 %
SNLI,PE Ratio,,,44.1,45.8,47.0,56.5,43.8,40.0,,43.6,,,,,,,,,39.0
SNLI,PB Ratio,,,4.1,4.1,3.2,3.6,3.1,3.0,,3.2,,,,,,,,,2.9
SNLI,PS Ratio,,,6.5,6.4,5.4,4.8,5.2,6.6,,5.4,,,,,,,,,6.2
SNLI,ROE TTM,,,8.87 %,8.11 %,6.20 %,7.83 %,8.43 %,7.29 %,,7.20 %,,,,,,,,,5.48 %
SNLI,ROA TTM,,,4.27 %,3.70 %,2.73 %,3.39 %,3.63 %,3.08 %,,2.93 %,,,,,,,,,2.14 %
SNLI,Net Margin TTM,,,14.03 %,11.59 %,8.53 %,11.95 %,16.48 %,12.29 %,,15.71 %,,,,,,,,,8.84 %
SNLI,Asset Turnover TTM,,,30.41 %,31.91 %,31.97 %,28.38 %,22.05 %,25.07 %,,18.66 %,,,,,,,,,24.24 %
SNLI,EPS TTMYOY,,,10.90-12.93 %,10.01-19.48 %,7.77-37.65 %,10.27-5.65 %,11.656.92 %,10.333.17 %,,10.482.03 %,,,,,,,,,7.92-32.00 %
SNLI,BVPSYOY,,,122.8511.60 %,144.8227.82 %,123.164.74 %,146.3423.61 %,154.1825.51 %,140.27-3.14 %,,141.38-3.39 %,,,,,,,,,142.88-7.33 %
SNLI,Net Profit Till QtrYOY,,,16.61 Cr.0.49 %,28.23 Cr.-14.05 %,32.90 Cr.-33.36 %,54.25 Cr.-5.65 %,23.93 Cr.44.02 %,28.54 Cr.1.11 %,,34.00 Cr.-37.32 %,,,,,,,,,41.86 Cr.74.94 %
SNLI,Revenue Till QtrYOY,,,116.18 Cr.22.98 %,245.71 Cr.38.08 %,371.31 Cr.33.11 %,453.94 Cr.16.83 %,35.90 Cr.-69.10 %,235.59 Cr.-4.12 %,,352.42 Cr.-22.36 %,,,,,,,,,"509.62 Cr.1,319.53 %"
SNLI,Net Profit TTMYOY,,,57.58 Cr.-12.93 %,52.88 Cr.-19.48 %,41.03 Cr.-37.65 %,54.25 Cr.-5.65 %,61.56 Cr.6.92 %,54.56 Cr.3.17 %,,55.35 Cr.2.03 %,,,,,,,,,41.86 Cr.-32.00 %
SNLI,Revenue TTMYOY,,,410.25 Cr.8.57 %,456.30 Cr.28.21 %,480.90 Cr.29.33 %,453.94 Cr.16.83 %,373.66 Cr.-8.92 %,443.81 Cr.-2.74 %,,352.42 Cr.4.34 %,,,,,,,,,473.72 Cr.94.05 %
SONA,PE Ratio,,,-32.0,42.2,-32.4,-52.7,"2,059.9",-369.6,,77.3,,,,,,,,,40.0
SONA,PB Ratio,,,3.0,2.9,2.5,1.4,2.2,2.2,,2.3,,,,,,,,,2.0
SONA,PS Ratio,,,9.2,10.5,7.8,6.3,4.8,4.5,,4.0,,,,,,,,,4.1
SONA,ROE TTM,,,6.93 %,-,-,0.10 %,-,2.66 %,,5.20 %,,,,,,,,,5.61 %
SONA,ROA TTM,,,6.93 %,-4.08 %,-2.38 %,0.05 %,-0.30 %,1.26 %,,2.15 %,,,,,,,,,2.30 %
SONA,Net Margin TTM,,,24.93 %,-23.97 %,-12.00 %,0.24 %,-1.21 %,5.18 %,,10.13 %,,,,,,,,,9.00 %
SONA,Asset Turnover TTM,,,27.81 %,17.03 %,19.85 %,22.51 %,24.54 %,24.29 %,,21.22 %,,,,,,,,,25.51 %
SONA,EPS TTMYOY,,,11.13-,-14.42-,-8.69-,0.20-,-1.16-,5.72-,,"10.024,911.52 %",,,,,,,,,10.96-
SONA,BVPSYOY,,,160.45-,184.365.36 %,315.9485.05 %,190.4916.70 %,191.9119.61 %,191.423.83 %,,197.223.54 %,,,,,,,,,200.814.64 %
SONA,Net Profit Till QtrYOY,,,8.55 Cr.-,"-1,220.85 Lac.-",-759.36 Lac.-,61.50 Lac.-,4.37 Cr.-48.92 %,4.75 Cr.-,,"22.61 Cr.3,576.83 %",,,,,,,,,33.71 Cr.671.71 %
SONA,Revenue Till QtrYOY,,,34.30 Cr.-,91.58 Cr.29.77 %,176.42 Cr.49.79 %,261.52 Cr.59.47 %,66.99 Cr.95.30 %,169.04 Cr.84.58 %,,304.18 Cr.16.31 %,,,,,,,,,441.59 Cr.559.17 %
SONA,Net Profit TTMYOY,,,34.21 Cr.-,"-4,435.18 Lac.-","-2,672.03 Lac.-",61.50 Lac.-,-356.94 Lac.-,17.57 Cr.-,,"30.82 Cr.4,911.52 %",,,,,,,,,33.71 Cr.-
SONA,Revenue TTMYOY,,,137.21 Cr.-,185.00 Cr.31.08 %,222.64 Cr.41.81 %,261.52 Cr.59.47 %,294.21 Cr.114.42 %,338.98 Cr.83.23 %,,304.18 Cr.33.87 %,,,,,,,,,374.60 Cr.58.10 %
SPC,PE Ratio,,,-70.4,-83.2,-67.2,683.0,593.1,203.1,,-183.1,,,,,,,,,143.0
SPC,PB Ratio,,,5.0,6.0,4.8,4.9,4.2,4.5,,4.3,,,,,,,,,3.9
SPC,PS Ratio,,,10.4,14.6,11.8,11.6,10.1,11.4,,11.7,,,,,,,,,13.7
SPC,ROE TTM,,,-,-,-,0.71 %,2.29 %,-,,2.71 %,,,,,,,,,3.65 %
SPC,ROA TTM,,,-2.23 %,-1.81 %,-1.36 %,0.18 %,0.58 %,-0.58 %,,0.68 %,,,,,,,,,0.93 %
SPC,Net Margin TTM,,,-21.11 %,-17.50 %,-12.95 %,1.71 %,5.62 %,-6.35 %,,9.56 %,,,,,,,,,12.66 %
SPC,Asset Turnover TTM,,,10.58 %,10.35 %,10.47 %,10.44 %,10.34 %,9.12 %,,7.14 %,,,,,,,,,7.34 %
SPC,EPS TTMYOY,,,-9.88-,-7.94-,-5.89-,0.77-,2.51-,-2.49-,,2.93279.17 %,,,,,,,,,3.9758.42 %
SPC,BVPSYOY,,,110.39-5.30 %,110.65-4.26 %,105.63-2.95 %,107.841.68 %,112.001.46 %,105.93-4.27 %,,106.74-1.02 %,,,,,,,,,109.88-1.90 %
SPC,Net Profit Till QtrYOY,,,1.31 Cr.-47.99 %,1.13 Cr.-17.38 %,-120.71 Lac.-,38.59 Lac.-,2.18 Cr.66.11 %,-49.44 Lac.-,,-12.98 Lac.-,,,,,,,,,1.98 Cr.-8.89 %
SPC,Revenue Till QtrYOY,,,8.18 Cr.-17.90 %,13.18 Cr.-15.98 %,17.12 Cr.-12.45 %,22.62 Cr.-10.15 %,7.84 Cr.-4.12 %,10.13 Cr.-23.15 %,,15.31 Cr.-32.32 %,,,,,,,,,23.52 Cr.199.93 %
SPC,Net Profit TTMYOY,,,-494.01 Lac.-,-396.86 Lac.-,-294.49 Lac.-,38.59 Lac.-,1.25 Cr.-,-124.27 Lac.-,,1.46 Cr.279.17 %,,,,,,,,,1.98 Cr.58.42 %
SPC,Revenue TTMYOY,,,23.40 Cr.-10.32 %,22.67 Cr.-10.86 %,22.75 Cr.-8.96 %,22.62 Cr.-10.15 %,22.29 Cr.-4.74 %,19.57 Cr.-13.67 %,,15.31 Cr.5.99 %,,,,,,,,,15.68 Cr.-9.28 %
SPDL,PE Ratio,,,189.3,190.0,151.7,80.1,80.8,77.3,,73.5,,,,,,,,,70.6
SPDL,PB Ratio,,,3.0,3.3,3.4,3.5,3.5,3.8,,3.7,,,,,,,,,3.5
SPDL,PS Ratio,,,24.9,29.9,30.8,25.5,25.8,26.0,,25.5,,,,,,,,,30.8
SPDL,ROE TTM,,,1.78 %,2.30 %,3.13 %,4.42 %,5.06 %,5.15 %,,4.94 %,,,,,,,,,5.62 %
SPDL,ROA TTM,,,1.40 %,1.85 %,2.54 %,3.62 %,4.14 %,4.19 %,,4.00 %,,,,,,,,,4.51 %
SPDL,Net Margin TTM,,,15.75 %,20.31 %,25.84 %,31.86 %,34.32 %,38.26 %,,43.24 %,,,,,,,,,54.38 %
SPDL,Asset Turnover TTM,,,8.89 %,9.13 %,9.84 %,11.37 %,12.06 %,10.96 %,,9.25 %,,,,,,,,,8.30 %
SPDL,EPS TTMYOY,,,1.78786.06 %,2.34101.07 %,3.19169.40 %,4.55188.19 %,5.28197.20 %,5.4565.98 %,,5.2715.80 %,,,,,,,,,6.0514.63 %
SPDL,BVPSYOY,,,102.529.19 %,103.702.31 %,103.633.21 %,104.904.57 %,106.674.05 %,107.834.06 %,,107.182.17 %,,,,,,,,,109.192.36 %
SPDL,Net Profit Till QtrYOY,,,2.93 Cr.9.75 %,4.50 Cr.29.03 %,4.37 Cr.96.64 %,6.06 Cr.188.19 %,3.89 Cr.32.85 %,5.55 Cr.27.20 %,,5.32 Cr.-12.14 %,,,,,,,,,8.05 Cr.106.72 %
SPDL,Revenue Till QtrYOY,,,6.82 Cr.-12.33 %,11.44 Cr.-5.19 %,13.53 Cr.3.66 %,19.02 Cr.19.14 %,8.26 Cr.21.16 %,13.45 Cr.-0.56 %,,16.23 Cr.-14.67 %,,,,,,,,,23.06 Cr.179.26 %
SPDL,Net Profit TTMYOY,,,2.36 Cr.786.06 %,3.11 Cr.101.07 %,4.25 Cr.169.40 %,6.06 Cr.188.19 %,7.02 Cr.197.20 %,7.25 Cr.65.98 %,,7.02 Cr.15.80 %,,,,,,,,,8.05 Cr.14.63 %
SPDL,Revenue TTMYOY,,,15.00 Cr.-18.16 %,15.34 Cr.-19.40 %,16.44 Cr.-6.30 %,19.02 Cr.19.14 %,20.46 Cr.36.36 %,18.94 Cr.40.05 %,,16.23 Cr.32.99 %,,,,,,,,,14.80 Cr.-6.50 %
SPHL,PE Ratio,,,"1,637.8",854.4,"-13,173.0",282.0,257.5,159.4,,145.8,,,,,,,,,262.3
SPHL,PB Ratio,,,8.9,9.1,7.4,6.3,5.4,5.8,,5.3,,,,,,,,,5.6
SPHL,PS Ratio,,,41.6,45.6,40.5,31.5,25.4,28.3,,30.5,,,,,,,,,34.2
SPHL,ROE TTM,,,1.09 %,-,2.27 %,2.09 %,2.82 %,3.74 %,,2.14 %,,,,,,,,,1.06 %
SPHL,ROA TTM,,,0.54 %,-0.03 %,1.15 %,1.07 %,1.47 %,1.99 %,,1.15 %,,,,,,,,,0.57 %
SPHL,Net Margin TTM,,,5.34 %,-0.31 %,11.19 %,9.87 %,13.48 %,21.31 %,,13.08 %,,,,,,,,,13.16 %
SPHL,Asset Turnover TTM,,,10.12 %,9.33 %,10.31 %,10.87 %,10.93 %,9.33 %,,8.81 %,,,,,,,,,4.36 %
SPHL,EPS TTMYOY,,,1.00-,-0.05-,2.09-,1.93296.28 %,2.64164.20 %,3.53-4.42 %,,2.035.30 %,,,,,,,,,1.00-62.12 %
SPHL,BVPSYOY,,,93.911.08 %,93.19-0.06 %,93.142.30 %,91.382.15 %,96.552.82 %,96.133.21 %,,94.633.56 %,,,,,,,,,91.84-4.87 %
SPHL,Net Profit Till QtrYOY,,,1.34 Cr.13.08 %,1.12 Cr.-12.61 %,1.11 Cr.76.89 %,57.78 Lac.296.28 %,1.55 Cr.16.13 %,1.59 Cr.43.37 %,,1.14 Cr.96.83 %,,,,,,,,,30.05 Lac.-80.62 %
SPHL,Revenue Till QtrYOY,,,2.72 Cr.-4.11 %,3.77 Cr.-13.94 %,4.94 Cr.-2.61 %,5.86 Cr.2.11 %,2.74 Cr.0.95 %,4.04 Cr.-18.08 %,,4.65 Cr.-20.56 %,,,,,,,,,5.03 Cr.83.20 %
SPHL,Net Profit TTMYOY,,,30.02 Lac.-,-1.58 Lac.-,62.68 Lac.-,57.78 Lac.296.28 %,79.31 Lac.164.20 %,1.06 Cr.-4.42 %,,60.84 Lac.5.30 %,,,,,,,,,30.05 Lac.-62.12 %
SPHL,Revenue TTMYOY,,,5.62 Cr.-3.21 %,5.13 Cr.-12.45 %,5.60 Cr.-2.20 %,5.86 Cr.2.11 %,5.88 Cr.4.68 %,4.96 Cr.0.58 %,,4.65 Cr.48.24 %,,,,,,,,,2.28 Cr.-52.78 %
SPIL,PE Ratio,,,,43.9,41.0,41.7,25.6,54.9,,0.0,,,,,,,,,64.2
SPIL,PB Ratio,,,,3.0,2.8,3.1,2.4,2.6,,2.9,,,,,,,,,2.7
SPIL,PS Ratio,,,,5.6,5.3,5.5,4.4,4.7,,5.2,,,,,,,,,7.2
SPIL,ROE TTM,,,,7.30 %,7.21 %,9.23 %,4.56 %,4.14 %,,4.14 %,,,,,,,,,4.58 %
SPIL,ROA TTM,,,,3.44 %,3.36 %,4.29 %,1.93 %,1.64 %,,1.49 %,,,,,,,,,1.53 %
SPIL,Net Margin TTM,,,,12.86 %,13.11 %,17.10 %,8.42 %,8.25 %,,11.10 %,,,,,,,,,8.62 %
SPIL,Asset Turnover TTM,,,,26.72 %,25.60 %,25.08 %,22.87 %,19.82 %,,13.39 %,,,,,,,,,17.75 %
SPIL,EPS TTMYOY,,,,19.82-22.94 %,19.56-21.62 %,25.413.01 %,12.49-43.10 %,11.03-3.31 %,,10.68-57.98 %,,,,,,,,,11.65-6.78 %
SPIL,BVPSYOY,,,,287.348.69 %,263.723.59 %,274.560.39 %,265.13-4.52 %,241.34-16.01 %,,250.06-8.93 %,,,,,,,,,260.26-1.84 %
SPIL,Net Profit Till QtrYOY,,,,22.50 Cr.-37.67 %,45.36 Cr.-24.03 %,71.32 Cr.3.01 %,"-2,985.42 Lac.-","-1,785.53 Lac.-",,4.01 Cr.-94.37 %,,,,,,,,,32.69 Cr.-
SPIL,Revenue Till QtrYOY,,,,154.17 Cr.15.63 %,267.55 Cr.2.67 %,416.95 Cr.1.26 %,66.29 Cr.-0.86 %,112.54 Cr.-27.00 %,,269.99 Cr.-35.25 %,,,,,,,,,445.55 Cr.572.13 %
SPIL,Net Profit TTMYOY,,,,55.63 Cr.-22.94 %,54.88 Cr.-21.62 %,71.32 Cr.3.01 %,35.06 Cr.-43.10 %,30.96 Cr.-3.31 %,,29.97 Cr.-57.98 %,,,,,,,,,32.69 Cr.-6.78 %
SPIL,Revenue TTMYOY,,,,432.63 Cr.62.24 %,418.75 Cr.14.30 %,416.95 Cr.1.26 %,416.38 Cr.0.17 %,375.32 Cr.22.91 %,,269.99 Cr.-22.88 %,,,,,,,,,379.26 Cr.15.25 %
SPL,PE Ratio,,,286.1,320.0,135.6,123.8,351.6,111.1,,108.6,,,,,,,,,99.8
SPL,PB Ratio,,,9.8,11.0,8.7,9.7,9.7,7.4,,7.2,,,,,,,,,6.5
SPL,PS Ratio,,,74.3,83.1,52.5,50.6,82.2,64.8,,84.6,,,,,,,,,81.4
SPL,ROE TTM,,,3.55 %,6.66 %,8.00 %,2.79 %,7.00 %,6.84 %,,6.64 %,,,,,,,,,5.24 %
SPL,ROA TTM,,,2.62 %,4.85 %,5.89 %,2.10 %,5.48 %,5.45 %,,5.39 %,,,,,,,,,4.34 %
SPL,Net Margin TTM,,,25.98 %,38.72 %,40.85 %,23.37 %,59.85 %,80.28 %,,83.97 %,,,,,,,,,74.21 %
SPL,Asset Turnover TTM,,,10.09 %,12.53 %,14.41 %,9.01 %,9.16 %,6.79 %,,6.42 %,,,,,,,,,5.85 %
SPL,EPS TTMYOY,,,3.22-,6.09-,7.40-,2.63377.10 %,6.69108.10 %,6.68211.01 %,,6.59151.13 %,,,,,,,,,5.29-20.96 %
SPL,BVPSYOY,,,93.393.38 %,94.746.66 %,94.498.33 %,95.052.73 %,100.027.10 %,101.207.10 %,,101.116.38 %,,,,,,,,,101.231.20 %
SPL,Net Profit Till QtrYOY,,,19.19 Lac.-,46.33 Lac.-,42.98 Lac.-,52.50 Lac.377.10 %,1.01 Cr.423.88 %,1.24 Cr.188.87 %,,1.22 Cr.133.00 %,,,,,,,,,1.06 Cr.5.23 %
SPL,Revenue Till QtrYOY,,,63.37 Lac.-,1.30 Cr.-,1.78 Cr.-,2.25 Cr.21.99 %,62.32 Lac.-1.66 %,1.20 Cr.-32.64 %,,1.57 Cr.-30.11 %,,,,,,,,,2.05 Cr.228.71 %
SPL,Net Profit TTMYOY,,,64.31 Lac.-,1.22 Cr.-,1.48 Cr.-,52.50 Lac.377.10 %,1.34 Cr.108.10 %,1.34 Cr.211.01 %,,1.32 Cr.151.13 %,,,,,,,,,1.06 Cr.-20.96 %
SPL,Revenue TTMYOY,,,2.48 Cr.-,3.14 Cr.-,"3.62 Cr.1,025.12 %",2.25 Cr.21.99 %,2.24 Cr.-9.66 %,1.67 Cr.-6.53 %,,1.57 Cr.-2.66 %,,,,,,,,,1.43 Cr.-9.07 %
SRLI,PE Ratio,,,64.6,58.0,56.5,52.7,52.3,49.9,,62.0,,,,,,,,,49.0
SRLI,PB Ratio,,,4.2,3.7,3.6,3.6,3.5,3.5,,3.6,,,,,,,,,3.3
SRLI,PS Ratio,,,3.7,3.2,3.1,3.0,2.8,2.6,,3.3,,,,,,,,,3.4
SRLI,ROE TTM,,,7.01 %,6.68 %,6.99 %,6.81 %,7.06 %,5.72 %,,6.87 %,,,,,,,,,6.91 %
SRLI,ROA TTM,,,1.84 %,1.70 %,1.70 %,1.59 %,1.57 %,1.18 %,,1.35 %,,,,,,,,,1.29 %
SRLI,Net Margin TTM,,,5.98 %,5.49 %,5.72 %,5.39 %,5.41 %,5.36 %,,6.93 %,,,,,,,,,6.15 %
SRLI,Asset Turnover TTM,,,30.82 %,30.92 %,29.81 %,29.46 %,29.11 %,21.99 %,,19.52 %,,,,,,,,,21.06 %
SRLI,EPS TTMYOY,,,7.44-15.90 %,7.23-17.45 %,7.655.64 %,7.537.60 %,7.865.70 %,6.30-6.41 %,,7.590.85 %,,,,,,,,,7.65-2.61 %
SRLI,BVPSYOY,,,111.038.41 %,112.977.95 %,110.604.39 %,111.594.62 %,110.57-0.41 %,108.26-2.12 %,,111.650.06 %,,,,,,,,,112.621.85 %
SRLI,Net Profit Till QtrYOY,,,13.29 Cr.19.93 %,23.17 Cr.5.44 %,33.77 Cr.10.77 %,37.75 Cr.7.60 %,14.96 Cr.12.53 %,27.62 Cr.-18.20 %,,34.09 Cr.-9.70 %,,,,,,,,,38.39 Cr.156.58 %
SRLI,Revenue Till QtrYOY,,,156.49 Cr.3.27 %,320.31 Cr.14.93 %,479.85 Cr.12.22 %,700.54 Cr.13.22 %,184.64 Cr.17.99 %,368.82 Cr.-23.14 %,,549.62 Cr.-21.54 %,,,,,,,,,809.06 Cr.338.19 %
SRLI,Net Profit TTMYOY,,,37.29 Cr.-15.90 %,36.28 Cr.-17.45 %,38.36 Cr.5.64 %,37.75 Cr.7.60 %,39.42 Cr.5.70 %,31.60 Cr.-6.41 %,,38.07 Cr.0.85 %,,,,,,,,,38.39 Cr.-2.61 %
SRLI,Revenue TTMYOY,,,623.68 Cr.2.89 %,660.34 Cr.18.47 %,670.96 Cr.184.48 %,700.54 Cr.13.22 %,728.68 Cr.16.84 %,589.50 Cr.22.85 %,,549.62 Cr.1.03 %,,,,,,,,,624.42 Cr.10.54 %
SSHL,PE Ratio,,,-9.8,-9.4,,569.4,138.5,165.3,,-64.4,,,,,,,,,-41.0
SSHL,PB Ratio,,,14.7,15.2,,3.4,5.4,6.5,,3.8,,,,,,,,,3.7
SSHL,PS Ratio,,,10.9,11.3,,14.4,7.8,9.4,,18.9,,,,,,,,,18.6
SSHL,ROE TTM,,,-,-,,1.25 %,2.53 %,-,,-,,,,,,,,,-
SSHL,ROA TTM,,,-7.25 %,-6.62 %,,0.20 %,0.44 %,-1.97 %,,-2.89 %,,,,,,,,,-2.39 %
SSHL,Net Margin TTM,,,-119.81 %,-94.42 %,,2.53 %,5.64 %,-29.41 %,,-44.94 %,,,,,,,,,-52.83 %
SSHL,Asset Turnover TTM,,,6.05 %,7.01 %,,7.98 %,7.87 %,6.70 %,,6.43 %,,,,,,,,,4.53 %
SSHL,EPS TTMYOY,,,-12.32-,-11.21-,,0.34-,0.75-,-3.32-,,-4.88-,,,,,,,,,-4.03-
SSHL,BVPSYOY,,,7.64-61.75 %,55.97225.81 %,,56.28598.88 %,19.06149.68 %,56.69542.11 %,,54.59-3.01 %,,,,,,,,,52.89177.42 %
SSHL,Net Profit Till QtrYOY,,,-123.39 Lac.-,-615.45 Lac.-,,1.01 Cr.-,-3.06 Lac.-,-229.67 Lac.-,,-688.91 Lac.-,,,,,,,,,"-1,191.10 Lac.-"
SSHL,Revenue Till QtrYOY,,,15.48 Cr.-9.48 %,27.83 Cr.12.35 %,,39.70 Cr.24.08 %,14.97 Cr.-3.31 %,25.77 Cr.-19.68 %,,32.06 Cr.-19.24 %,,,,,,,,,37.51 Cr.150.60 %
SSHL,Net Profit TTMYOY,,,"-3,639.17 Lac.-","-3,309.97 Lac.-",,1.01 Cr.-,2.21 Cr.-,-981.74 Lac.-,,"-1,440.97 Lac.-",,,,,,,,,"-1,191.10 Lac.-"
SSHL,Revenue TTMYOY,,,30.37 Cr.-17.46 %,35.05 Cr.-6.00 %,,39.70 Cr.24.08 %,39.19 Cr.29.01 %,33.39 Cr.4.07 %,,32.06 Cr.32.39 %,,,,,,,,,22.54 Cr.-16.01 %
STC,PE Ratio,,,296.7,282.0,266.0,273.3,270.3,270.8,,360.5,,,,,,,,,184.2
STC,PB Ratio,,,10.8,10.2,9.9,9.7,9.4,11.6,,12.4,,,,,,,,,11.4
STC,PS Ratio,,,1.4,1.3,1.5,1.5,1.8,1.7,,2.3,,,,,,,,,2.3
STC,ROE TTM,,,3.60 %,3.72 %,3.56 %,3.62 %,3.67 %,3.42 %,,6.30 %,,,,,,,,,7.95 %
STC,ROA TTM,,,0.70 %,0.72 %,0.70 %,0.74 %,0.69 %,0.62 %,,1.10 %,,,,,,,,,1.37 %
STC,Net Margin TTM,,,0.47 %,0.56 %,0.57 %,0.66 %,0.61 %,0.65 %,,1.26 %,,,,,,,,,1.50 %
STC,Asset Turnover TTM,,,148.14 %,128.33 %,123.93 %,112.45 %,113.51 %,96.31 %,,87.54 %,,,,,,,,,91.66 %
STC,EPS TTMYOY,,,15.54-34.63 %,16.25-34.47 %,15.66-35.40 %,16.03-2.05 %,16.083.44 %,15.1218.64 %,,28.0775.13 %,,,,,,,,,35.46120.52 %
STC,BVPSYOY,,,429.763.38 %,435.702.84 %,439.29-0.92 %,460.652.56 %,425.21-1.06 %,441.150.42 %,,454.95-1.24 %,,,,,,,,,463.639.04 %
STC,Net Profit Till QtrYOY,,,1.60 Cr.-16.52 %,3.54 Cr.-1.26 %,4.92 Cr.-5.23 %,6.19 Cr.-2.05 %,1.62 Cr.1.20 %,4.57 Cr.-7.11 %,,9.58 Cr.54.65 %,,,,,,,,,13.70 Cr.744.75 %
STC,Revenue Till QtrYOY,,,224.37 Cr.-23.40 %,458.35 Cr.-31.55 %,678.24 Cr.-28.29 %,938.65 Cr.-29.69 %,308.15 Cr.37.34 %,641.76 Cr.-5.38 %,,861.25 Cr.-8.25 %,,,,,,,,,"1,222.57 Cr.296.74 %"
STC,Net Profit TTMYOY,,,6.00 Cr.-34.63 %,6.28 Cr.-34.47 %,6.05 Cr.-35.40 %,6.19 Cr.-2.05 %,6.21 Cr.3.44 %,5.84 Cr.18.64 %,,10.84 Cr.75.13 %,,,,,,,,,13.70 Cr.120.52 %
STC,Revenue TTMYOY,,,"1,266.50 Cr.24.56 %","1,123.82 Cr.-6.54 %","1,067.47 Cr.-14.40 %",938.65 Cr.-29.69 %,"1,022.44 Cr.-19.27 %",902.18 Cr.33.02 %,,861.25 Cr.20.58 %,,,,,,,,,914.42 Cr.15.98 %
SWBBL,PE Ratio,,,28.9,25.8,22.8,27.9,29.3,29.9,,26.4,,,,,,,,,18.3
SWBBL,PB Ratio,,,4.3,4.3,3.8,4.3,3.4,3.4,,3.4,,,,,,,,,3.0
SWBBL,PS Ratio,,,5.2,9.4,8.3,4.7,4.0,3.7,,4.9,,,,,,,,,4.6
SWBBL,ROE TTM,,,17.40 %,17.11 %,15.61 %,12.38 %,12.01 %,13.31 %,,16.84 %,,,,,,,,,15.69 %
SWBBL,ROA TTM,,,2.76 %,2.75 %,2.51 %,2.01 %,1.91 %,2.07 %,,2.58 %,,,,,,,,,2.38 %
SWBBL,Net Margin TTM,,,18.98 %,36.35 %,16.97 %,13.52 %,12.54 %,18.47 %,,25.11 %,,,,,,,,,22.71 %
SWBBL,Asset Turnover TTM,,,14.52 %,7.57 %,14.82 %,14.85 %,15.24 %,11.19 %,,10.29 %,,,,,,,,,10.48 %
SWBBL,EPS TTMYOY,,,32.7976.30 %,32.99309.94 %,30.8550.23 %,25.30-17.75 %,24.75-24.50 %,28.29311.85 %,,36.8745.75 %,,,,,,,,,35.4143.08 %
SWBBL,BVPSYOY,,,199.3212.40 %,199.2112.29 %,201.3310.95 %,214.943.94 %,215.728.23 %,218.538.54 %,,226.595.42 %,,,,,,,,,241.9112.14 %
SWBBL,Net Profit Till QtrYOY,,,6.74 Cr.111.44 %,8.07 Cr.94.21 %,12.02 Cr.1.34 %,44.27 Cr.-17.75 %,5.79 Cr.-14.14 %,17.26 Cr.43.60 %,,32.27 Cr.-27.10 %,,,,,,,,,61.98 Cr.970.76 %
SWBBL,Revenue Till QtrYOY,,,74.75 Cr.3.55 %,14.94 Lac.-99.89 %,231.14 Cr.8.59 %,327.47 Cr.9.24 %,92.70 Cr.24.01 %,171.73 Cr.-25.70 %,,256.92 Cr.-21.54 %,,,,,,,,,365.63 Cr.294.43 %
SWBBL,Net Profit TTMYOY,,,57.37 Cr.76.30 %,57.74 Cr.309.94 %,53.98 Cr.50.23 %,44.27 Cr.-17.75 %,43.31 Cr.-24.50 %,49.51 Cr.311.85 %,,64.52 Cr.45.75 %,,,,,,,,,61.98 Cr.43.08 %
SWBBL,Revenue TTMYOY,,,302.32 Cr.-1.58 %,158.82 Cr.-47.17 %,318.04 Cr.5.30 %,327.47 Cr.9.24 %,345.42 Cr.14.26 %,268.06 Cr.15.97 %,,256.92 Cr.1.66 %,,,,,,,,,272.93 Cr.-35.02 %
SWMF,PE Ratio,,,88.9,75.3,69.4,60.0,54.3,30.1,,42.3,,,,,,,,,27.3
SWMF,PB Ratio,,,5.8,5.6,5.2,5.2,4.7,4.5,,4.6,,,,,,,,,4.0
SWMF,PS Ratio,,,5.9,5.6,5.2,5.3,4.8,4.4,,5.7,,,,,,,,,5.6
SWMF,ROE TTM,,,2.41 %,7.59 %,10.27 %,8.98 %,15.77 %,10.96 %,,15.12 %,,,,,,,,,13.01 %
SWMF,ROA TTM,,,0.34 %,0.95 %,1.28 %,1.13 %,2.00 %,1.40 %,,1.95 %,,,,,,,,,1.69 %
SWMF,Net Margin TTM,,,2.75 %,7.41 %,9.88 %,8.84 %,14.82 %,13.74 %,,20.63 %,,,,,,,,,16.21 %
SWMF,Asset Turnover TTM,,,12.32 %,12.89 %,12.97 %,12.73 %,13.46 %,10.21 %,,9.45 %,,,,,,,,,10.41 %
SWMF,EPS TTMYOY,,,3.59-15.82 %,10.19233.20 %,13.96233.61 %,12.5040.07 %,22.41524.06 %,15.97124.54 %,,22.5080.06 %,,,,,,,,,19.69-12.12 %
SWMF,BVPSYOY,,,136.65-34.78 %,137.354.58 %,140.168.18 %,145.256.58 %,150.9210.44 %,146.334.40 %,,152.825.21 %,,,,,,,,,155.262.88 %
SWMF,Net Profit Till QtrYOY,,,-471.84 Lac.-,3.75 Cr.59.76 %,7.87 Cr.243.06 %,13.82 Cr.40.07 %,6.25 Cr.-,11.71 Cr.48.86 %,,18.94 Cr.36.99 %,,,,,,,,,21.78 Cr.248.82 %
SWMF,Revenue Till QtrYOY,,,29.41 Cr.-15.43 %,70.59 Cr.3.25 %,108.30 Cr.6.27 %,156.47 Cr.4.35 %,40.17 Cr.36.58 %,80.46 Cr.-25.70 %,,120.67 Cr.-22.87 %,,,,,,,,,174.57 Cr.334.62 %
SWMF,Net Profit TTMYOY,,,3.97 Cr.-15.82 %,11.27 Cr.233.20 %,15.45 Cr.233.61 %,13.82 Cr.40.07 %,24.79 Cr.524.06 %,17.67 Cr.124.54 %,,24.89 Cr.80.06 %,,,,,,,,,21.78 Cr.-12.12 %
SWMF,Revenue TTMYOY,,,144.57 Cr.-0.25 %,152.16 Cr.7.56 %,156.33 Cr.12.83 %,156.47 Cr.4.35 %,167.22 Cr.15.67 %,128.63 Cr.18.77 %,,120.67 Cr.-5.02 %,,,,,,,,,134.41 Cr.6.63 %
TAMOR,PE Ratio,,,"3,977.6",119.3,61.5,42.3,33.5,31.1,,57.6,,,,,,,,,24.2
TAMOR,PB Ratio,,,5.5,5.6,5.1,4.7,4.1,3.8,,3.7,,,,,,,,,3.5
TAMOR,PS Ratio,,,5.4,5.6,5.7,6.5,6.4,6.0,,6.6,,,,,,,,,11.5
TAMOR,ROE TTM,,,4.86 %,8.77 %,7.26 %,11.69 %,13.08 %,10.09 %,,11.62 %,,,,,,,,,15.66 %
TAMOR,ROA TTM,,,1.23 %,2.17 %,1.78 %,2.90 %,3.33 %,2.65 %,,3.14 %,,,,,,,,,4.40 %
TAMOR,Net Margin TTM,,,4.68 %,9.28 %,11.12 %,15.37 %,19.04 %,17.47 %,,33.94 %,,,,,,,,,43.21 %
TAMOR,Asset Turnover TTM,,,26.21 %,23.36 %,16.00 %,18.85 %,17.50 %,15.19 %,,9.26 %,,,,,,,,,10.18 %
TAMOR,EPS TTMYOY,,,4.78-,8.78-,"7.37247,812.19 %","12.178,847.73 %",14.10194.98 %,11.2677.41 %,,13.369.76 %,,,,,,,,,18.7332.88 %
TAMOR,BVPSYOY,,,102.294.95 %,105.978.93 %,104.177.51 %,110.0312.37 %,116.4413.84 %,115.5710.95 %,,117.676.95 %,,,,,,,,,128.8310.64 %
TAMOR,Net Profit Till QtrYOY,,,14.58 Cr.-,27.16 Cr.-,21.14 Cr.-,"40.56 Cr.8,847.73 %",21.00 Cr.44.06 %,18.10 Cr.-14.39 %,,25.10 Cr.-38.11 %,,,,,,,,,62.43 Cr.197.26 %
TAMOR,Revenue Till QtrYOY,,,75.10 Cr.14.78 %,131.75 Cr.-10.60 %,138.26 Cr.-44.30 %,263.79 Cr.-20.27 %,58.04 Cr.-22.71 %,89.17 Cr.-35.51 %,,131.17 Cr.-50.27 %,,,,,,,,,202.52 Cr.248.91 %
TAMOR,Net Profit TTMYOY,,,15.93 Cr.-,29.25 Cr.-,"24.55 Cr.247,812.19 %","40.56 Cr.8,847.73 %",46.98 Cr.194.98 %,37.51 Cr.77.41 %,,44.51 Cr.9.76 %,,,,,,,,,62.43 Cr.32.88 %
TAMOR,Revenue TTMYOY,,,340.53 Cr.420.49 %,315.23 Cr.113.90 %,220.90 Cr.-11.01 %,263.79 Cr.-20.27 %,246.73 Cr.-27.55 %,214.69 Cr.55.28 %,,131.17 Cr.-30.48 %,,,,,,,,,144.47 Cr.-23.99 %
TPC,PE Ratio,,,-24.2,759.9,741.6,124.2,79.6,93.8,,44.5,,,,,,,,,32.4
TPC,PB Ratio,,,9.4,9.4,9.1,4.5,3.4,4.0,,3.7,,,,,,,,,3.5
TPC,PS Ratio,,,11.1,16.6,16.2,18.7,17.3,20.0,,19.8,,,,,,,,,22.0
TPC,ROE TTM,,,-,1.34 %,3.56 %,5.71 %,6.41 %,9.32 %,,8.42 %,,,,,,,,,11.04 %
TPC,ROA TTM,,,-7.01 %,0.27 %,0.96 %,1.94 %,2.79 %,5.64 %,,5.36 %,,,,,,,,,7.46 %
TPC,Net Margin TTM,,,-45.78 %,2.18 %,7.84 %,15.05 %,21.67 %,45.58 %,,49.27 %,,,,,,,,,89.07 %
TPC,Asset Turnover TTM,,,15.31 %,12.15 %,12.25 %,12.90 %,12.87 %,12.37 %,,10.87 %,,,,,,,,,8.37 %
TPC,EPS TTMYOY,,,-10.84-,0.41-,1.46-,2.92-,4.20-,8.43205.77 %,,8.03174.77 %,,,,,,,,,11.17165.84 %
TPC,BVPSYOY,,,28.06-20.16 %,32.860.72 %,80.65175.26 %,80.81188.00 %,99.61195.62 %,100.8525.05 %,,100.4524.30 %,,,,,,,,,103.644.04 %
TPC,Net Profit Till QtrYOY,,,-300.59 Lac.-,3.98 Cr.515.31 %,2.21 Cr.-,2.34 Cr.-,5.62 Cr.22.19 %,6.61 Cr.199.77 %,,6.29 Cr.169.11 %,,,,,,,,,8.93 Cr.58.83 %
TPC,Revenue Till QtrYOY,,,12.98 Cr.85.26 %,10.89 Cr.20.83 %,12.13 Cr.18.44 %,15.55 Cr.19.79 %,8.23 Cr.-0.49 %,11.39 Cr.-6.12 %,,13.04 Cr.-16.09 %,,,,,,,,,18.26 Cr.121.87 %
TPC,Net Profit TTMYOY,,,-867.52 Lac.-,32.42 Lac.-,1.17 Cr.-,2.34 Cr.-,3.36 Cr.-,6.75 Cr.205.77 %,,6.43 Cr.174.77 %,,,,,,,,,8.93 Cr.165.84 %
TPC,Revenue TTMYOY,,,18.95 Cr.41.36 %,14.85 Cr.15.18 %,14.87 Cr.16.87 %,15.55 Cr.19.79 %,15.51 Cr.8.85 %,14.80 Cr.22.02 %,,13.04 Cr.79.32 %,,,,,,,,,10.03 Cr.-22.18 %
TRH,PE Ratio,,,44.8,41.5,37.4,35.8,29.1,37.2,,371.6,,,,,,,,,"-1,193.3"
TRH,PB Ratio,,,8.1,7.1,6.4,5.8,4.3,4.8,,5.1,,,,,,,,,5.7
TRH,PS Ratio,,,15.5,14.0,12.6,12.1,9.0,10.4,,24.4,,,,,,,,,95.3
TRH,ROE TTM,,,18.79 %,18.28 %,17.94 %,15.58 %,13.09 %,1.32 %,,-,,,,,,,,,-
TRH,ROA TTM,,,12.44 %,12.19 %,11.96 %,10.48 %,8.80 %,0.89 %,,-0.31 %,,,,,,,,,-17.01 %
TRH,Net Margin TTM,,,33.77 %,33.71 %,33.29 %,30.79 %,28.16 %,6.58 %,,-8.03 %,,,,,,,,,"-78,598.24 %"
TRH,Asset Turnover TTM,,,36.84 %,36.16 %,35.92 %,34.02 %,31.24 %,13.57 %,,3.91 %,,,,,,,,,0.02 %
TRH,EPS TTMYOY,,,26.4929.29 %,26.6814.26 %,26.639.53 %,23.88-9.59 %,20.35-23.21 %,2.05-88.09 %,,-0.70-,,,,,,,,,-35.97-
TRH,BVPSYOY,,,149.1913.09 %,156.4811.74 %,152.5911.22 %,161.6510.25 %,157.495.56 %,150.05-1.66 %,,147.30-8.88 %,,,,,,,,,118.71-24.63 %
TRH,Net Profit Till QtrYOY,,,4.56 Cr.3.52 %,18.68 Cr.2.84 %,33.76 Cr.1.28 %,46.86 Cr.-9.59 %,-237.43 Lac.-,-908.31 Lac.-,,"-1,448.32 Lac.-",,,,,,,,,"-7,057.89 Lac.-"
TRH,Revenue Till QtrYOY,,,27.52 Cr.18.51 %,69.49 Cr.8.82 %,108.29 Cr.7.25 %,152.16 Cr.1.68 %,17.10 Cr.-37.86 %,17.19 Cr.-84.12 %,,17.19 Cr.-88.70 %,,,,,,,,,17.19 Cr.0.52 %
TRH,Net Profit TTMYOY,,,51.98 Cr.29.29 %,52.34 Cr.14.26 %,52.25 Cr.9.53 %,46.86 Cr.-9.59 %,39.92 Cr.-23.21 %,4.02 Cr.-88.09 %,,-138.12 Lac.-,,,,,,,,,"-7,057.89 Lac.-"
TRH,Revenue TTMYOY,,,153.94 Cr.7.36 %,155.28 Cr.4.17 %,156.97 Cr.5.58 %,152.16 Cr.1.68 %,141.74 Cr.-7.92 %,61.07 Cr.-43.61 %,,17.19 Cr.-86.20 %,,,,,,,,,8.98 Lac.-99.91 %
TSHL,PE Ratio,,,-70.6,-85.1,-68.8,"15,924.8","13,202.2",375.9,,-381.6,,,,,,,,,-58.5
TSHL,PB Ratio,,,12.8,13.2,10.6,12.0,9.9,10.8,,9.2,,,,,,,,,5.9
TSHL,PS Ratio,,,0.0,0.0,0.0,25.7,21.3,32.1,,25.9,,,,,,,,,18.5
TSHL,ROE TTM,,,-,-,-,0.07 %,2.96 %,-,,-,,,,,,,,,-
TSHL,ROA TTM,,,-6.52 %,-3.82 %,-2.93 %,0.02 %,0.73 %,-0.57 %,,-2.22 %,,,,,,,,,-2.29 %
TSHL,Net Margin TTM,,,141.75 %,94.24 %,81.41 %,0.16 %,8.40 %,-6.76 %,,-31.00 %,,,,,,,,,-41.57 %
TSHL,Asset Turnover TTM,,,-4.60 %,-4.05 %,-3.59 %,11.38 %,8.73 %,8.41 %,,7.15 %,,,,,,,,,5.50 %
TSHL,EPS TTMYOY,,,-18.69-,-10.79-,-8.22-,0.05-,2.05-,-1.59-,,-6.17-,,,,,,,,,-6.40-
TSHL,BVPSYOY,,,71.20-20.93 %,69.76-13.67 %,67.73-11.12 %,68.47-0.43 %,71.282.17 %,65.57-3.19 %,,60.99-10.92 %,,,,,,,,,61.47-13.75 %
TSHL,Net Profit Till QtrYOY,,,1.20 Cr.-71.99 %,67.29 Lac.-,-32.71 Lac.-,2.54 Lac.-,1.66 Cr.146.26 %,-113.33 Lac.-,,-339.11 Lac.-,,,,,,,,,-315.24 Lac.-
TSHL,Revenue Till QtrYOY,,,5.82 Cr.-6.12 %,9.71 Cr.5.13 %,12.16 Cr.10.37 %,15.72 Cr.-,6.00 Cr.-38.19 %,7.99 Cr.-34.30 %,,9.80 Cr.-37.64 %,,,,,,,,,13.59 Cr.126.30 %
TSHL,Net Profit TTMYOY,,,-920.57 Lac.-,-531.56 Lac.-,-404.81 Lac.-,2.54 Lac.-,1.01 Cr.-,-78.08 Lac.-,,-303.86 Lac.-,,,,,,,,,-315.24 Lac.-
TSHL,Revenue TTMYOY,,,-649.42 Lac.-,-564.06 Lac.-,-497.26 Lac.-,15.72 Cr.-,12.01 Cr.-,11.55 Cr.-5.00 %,,9.80 Cr.-1.02 %,,,,,,,,,7.58 Cr.-36.87 %
TTL,PE Ratio,,,,,,0.0,"44,048.3","1,039.7",,372.1,,,,,,,,,289.5
TTL,PB Ratio,,,,,,0.0,6.7,8.5,,7.9,,,,,,,,,6.7
TTL,PS Ratio,,,,,,0.0,0.0,39.1,,34.5,,,,,,,,,38.4
TTL,ROE TTM,,,,,,0.02 %,0.82 %,2.13 %,,2.31 %,,,,,,,,,0.86 %
TTL,ROA TTM,,,,,,0.01 %,0.52 %,1.34 %,,1.47 %,,,,,,,,,0.54 %
TTL,Net Margin TTM,,,,,,-,3.76 %,9.44 %,,13.20 %,,,,,,,,,4.43 %
TTL,Asset Turnover TTM,,,,,,-,13.91 %,14.16 %,,11.14 %,,,,,,,,,12.21 %
TTL,EPS TTMYOY,,,,,,0.02-,0.86-,2.24-,,"2.4515,181.42 %",,,,,,,,,0.914.69 %
TTL,BVPSYOY,,,,,,105.93-,105.75-,105.42-,,106.140.20 %,,,,,,,,,105.20-0.51 %
TTL,Net Profit Till QtrYOY,,,,,,1.31 Lac.-,17.63 Lac.-,91.41 Lac.-,,"1.50 Cr.11,363.93 %",,,,,,,,,73.83 Lac.318.75 %
TTL,Revenue Till QtrYOY,,,,,,0.00 Lac.-,4.69 Cr.-,9.68 Cr.-,,15.15 Cr.-22.17 %,,,,,,,,,21.37 Cr.355.79 %
TTL,Net Profit TTMYOY,,,,,,1.31 Lac.-,70.52 Lac.-,1.83 Cr.-,,"2.00 Cr.15,181.42 %",,,,,,,,,73.83 Lac.4.69 %
TTL,Revenue TTMYOY,,,,,,0.00 Lac.-,18.76 Cr.-,19.37 Cr.-,,15.15 Cr.-22.17 %,,,,,,,,,16.68 Cr.-11.05 %
TVCL,PE Ratio,,,-22.0,-25.2,-21.3,-281.8,-241.4,-551.8,,-95.6,,,,,,,,,-79.6
TVCL,PB Ratio,,,8.0,6.7,5.7,5.7,4.9,7.6,,6.4,,,,,,,,,6.1
TVCL,PS Ratio,,,652.5,389.3,329.1,525.9,450.5,672.3,,543.5,,,,,,,,,"47,210.0"
TVCL,ROE TTM,,,-,-,-,-,-,-,,-,,,,,,,,,-
TVCL,ROA TTM,,,-2.46 %,-6.69 %,-2.12 %,-0.46 %,-0.30 %,-1.07 %,,-1.47 %,,,,,,,,,-1.72 %
TVCL,Net Margin TTM,,,-,"-1,549.12 %",-946.68 %,-186.15 %,-122.22 %,-456.85 %,,"-66,549.56 %",,,,,,,,,"-48,063.43 %"
TVCL,Asset Turnover TTM,,,-,0.43 %,0.22 %,0.25 %,0.24 %,0.23 %,,0.00 %,,,,,,,,,0.00 %
TVCL,EPS TTMYOY,,,-8.45-,-23.16-,-7.61-,-1.70-,-1.12-,-4.21-,,-5.97-,,,,,,,,,-7.36-
TVCL,BVPSYOY,,,62.02-,87.36-0.36 %,84.1217.50 %,83.4128.40 %,81.9432.11 %,79.98-4.92 %,,78.22-6.22 %,,,,,,,,,76.12-7.11 %
TVCL,Net Profit Till QtrYOY,,,-377.94 Lac.-,-80.12 Lac.-,-176.48 Lac.-,-303.87 Lac.-,-274.75 Lac.-,-625.12 Lac.-,,-940.33 Lac.-,,,,,,,,,"-1,316.55 Lac.-"
TVCL,Revenue Till QtrYOY,,,0.00 Lac.-,1.24 Cr.-,0.00 Lac.-,1.63 Cr.13.44 %,0.95 Lac.-,1.48 Lac.-,,1.60 Lac.-99.02 %,,,,,,,,,3.69 Lac.287.46 %
TVCL,Net Profit TTMYOY,,,"-1,511.77 Lac.-","-4,143.91 Lac.-","-1,362.26 Lac.-",-303.87 Lac.-,-200.68 Lac.-,-752.51 Lac.-,,"-1,067.72 Lac.-",,,,,,,,,"-1,316.55 Lac.-"
TVCL,Revenue TTMYOY,,,0.00 Lac.-,2.68 Cr.-,1.44 Cr.-,1.63 Cr.13.44 %,1.64 Cr.-,1.65 Cr.-,,1.60 Lac.-99.02 %,,,,,,,,,2.74 Lac.-93.25 %
UAIL,PE Ratio,,,,44.4,39.4,54.3,47.5,"-2,411.8",,"-1,773.5",,,,,,,,,343.8
UAIL,PB Ratio,,,,3.9,3.4,3.1,2.5,2.7,,2.7,,,,,,,,,2.6
UAIL,PS Ratio,,,,5.5,4.8,4.7,3.6,5.3,,4.7,,,,,,,,,5.0
UAIL,ROE TTM,,,,8.58 %,5.95 %,5.60 %,-,-,,0.75 %,,,,,,,,,1.53 %
UAIL,ROA TTM,,,,3.91 %,2.82 %,2.76 %,-0.06 %,-0.09 %,,0.41 %,,,,,,,,,0.80 %
UAIL,Net Margin TTM,,,,12.10 %,8.61 %,7.65 %,-0.22 %,-0.26 %,,1.44 %,,,,,,,,,2.36 %
UAIL,Asset Turnover TTM,,,,32.33 %,32.78 %,36.10 %,26.65 %,32.43 %,,28.24 %,,,,,,,,,33.84 %
UAIL,EPS TTMYOY,,,,13.9922.48 %,9.83-37.85 %,9.37-43.83 %,-0.19-,-0.27-,,1.32-85.90 %,,,,,,,,,2.73-24.33 %
UAIL,BVPSYOY,,,,164.192.26 %,172.362.59 %,176.769.40 %,169.493.23 %,181.705.42 %,,174.73-1.14 %,,,,,,,,,188.0110.93 %
UAIL,Net Profit Till QtrYOY,,,,6.97 Cr.-47.16 %,11.61 Cr.-57.65 %,21.64 Cr.-43.83 %,"-1,511.93 Lac.-","-1,066.29 Lac.-",,-697.90 Lac.-,,,,,,,,,6.31 Cr.-
UAIL,Revenue Till QtrYOY,,,,112.41 Cr.-1.43 %,179.24 Cr.-2.67 %,282.92 Cr.5.27 %,33.66 Cr.-70.06 %,136.66 Cr.-23.76 %,,211.42 Cr.-25.27 %,,,,,,,,,301.44 Cr.795.56 %
UAIL,Net Profit TTMYOY,,,,32.31 Cr.22.48 %,22.72 Cr.-37.85 %,21.64 Cr.-43.83 %,-44.44 Lac.-,-63.19 Lac.-,,3.05 Cr.-85.90 %,,,,,,,,,6.31 Cr.-24.33 %
UAIL,Revenue TTMYOY,,,,267.11 Cr.17.11 %,263.83 Cr.7.48 %,282.92 Cr.5.27 %,204.16 Cr.3.63 %,240.34 Cr.34.09 %,,211.42 Cr.-5.97 %,,,,,,,,,267.78 Cr.31.16 %
UHEWA,PE Ratio,,,858.9,31.3,21.2,46.9,44.6,52.0,,34.6,,,,,,,,,35.6
UHEWA,PB Ratio,,,5.6,8.1,5.5,5.3,5.1,5.1,,5.0,,,,,,,,,5.5
UHEWA,PS Ratio,,,16.5,14.5,9.8,13.7,13.1,18.2,,16.0,,,,,,,,,19.0
UHEWA,ROE TTM,,,15.96 %,27.96 %,8.94 %,11.72 %,10.53 %,15.75 %,,16.08 %,,,,,,,,,16.47 %
UHEWA,ROA TTM,,,5.24 %,9.52 %,3.18 %,4.29 %,4.01 %,6.15 %,,6.48 %,,,,,,,,,6.87 %
UHEWA,Net Margin TTM,,,29.72 %,46.26 %,15.59 %,29.33 %,35.18 %,45.97 %,,53.01 %,,,,,,,,,64.25 %
UHEWA,Asset Turnover TTM,,,17.63 %,20.57 %,20.40 %,14.62 %,11.40 %,13.38 %,,12.22 %,,,,,,,,,10.69 %
UHEWA,EPS TTMYOY,,,13.92-,25.42-,8.50-,"11.381,817.07 %",10.682.08 %,16.58113.71 %,,17.6655.20 %,,,,,,,,,18.9150.73 %
UHEWA,BVPSYOY,,,98.8422.97 %,98.8230.78 %,96.656.73 %,100.2810.51 %,109.6310.93 %,114.5418.52 %,,114.9714.64 %,,,,,,,,,119.999.45 %
UHEWA,Net Profit Till QtrYOY,,,4.51 Cr.-,5.59 Cr.-,4.46 Cr.-,"6.54 Cr.1,817.07 %",5.18 Cr.-7.24 %,7.45 Cr.67.04 %,,8.07 Cr.23.38 %,,,,,,,,,10.87 Cr.109.74 %
UHEWA,Revenue Till QtrYOY,,,9.13 Cr.-,"14.20 Cr.3,412.68 %",16.73 Cr.426.24 %,22.31 Cr.25.35 %,9.34 Cr.-34.24 %,15.16 Cr.-9.40 %,,19.16 Cr.-14.15 %,,,,,,,,,26.26 Cr.181.23 %
UHEWA,Net Profit TTMYOY,,,8.01 Cr.-,14.61 Cr.-,4.89 Cr.-,"6.54 Cr.1,817.07 %",6.14 Cr.2.08 %,9.53 Cr.113.71 %,,10.15 Cr.55.20 %,,,,,,,,,10.87 Cr.50.73 %
UHEWA,Revenue TTMYOY,,,26.93 Cr.169.47 %,31.59 Cr.413.80 %,31.35 Cr.465.11 %,22.31 Cr.25.35 %,17.45 Cr.-39.44 %,20.74 Cr.23.99 %,,19.16 Cr.45.34 %,,,,,,,,,16.92 Cr.-3.04 %
ULBSL,PE Ratio,,,182.7,120.3,59.6,111.1,107.9,138.9,,100.4,,,,,,,,,51.7
ULBSL,PB Ratio,,,13.1,29.1,14.4,16.1,13.5,14.2,,10.5,,,,,,,,,9.0
ULBSL,PS Ratio,,,11.3,19.6,9.7,11.7,12.5,13.6,,11.8,,,,,,,,,10.4
ULBSL,ROE TTM,,,22.91 %,21.78 %,13.96 %,14.31 %,10.85 %,10.49 %,,15.91 %,,,,,,,,,19.44 %
ULBSL,ROA TTM,,,2.26 %,2.07 %,1.26 %,1.23 %,0.86 %,0.88 %,,1.37 %,,,,,,,,,1.83 %
ULBSL,Net Margin TTM,,,17.67 %,16.26 %,10.55 %,10.54 %,9.96 %,9.98 %,,15.45 %,,,,,,,,,19.09 %
ULBSL,Asset Turnover TTM,,,12.77 %,12.75 %,11.95 %,11.71 %,8.68 %,8.77 %,,8.87 %,,,,,,,,,9.57 %
ULBSL,EPS TTMYOY,,,51.92-,49.88138.34 %,31.7114.44 %,32.2684.33 %,23.68-10.60 %,24.7117.18 %,,40.0524.16 %,,,,,,,,,52.9343.35 %
ULBSL,BVPSYOY,,,241.5924.37 %,206.09-6.88 %,212.46-8.48 %,223.22-8.45 %,231.3312.25 %,275.3329.59 %,,276.9624.08 %,,,,,,,,,305.5432.08 %
ULBSL,Net Profit Till QtrYOY,,,27.79 Lac.-,1.68 Cr.-,2.24 Cr.206.66 %,3.42 Cr.84.33 %,77.27 Lac.-54.10 %,1.44 Cr.-35.84 %,,3.07 Cr.-10.49 %,,,,,,,,,5.62 Cr.627.08 %
ULBSL,Revenue Till QtrYOY,,,7.10 Cr.21.31 %,15.73 Cr.19.92 %,23.51 Cr.9.18 %,32.48 Cr.8.48 %,8.49 Cr.-46.04 %,17.30 Cr.-26.43 %,,27.52 Cr.-15.27 %,,,,,,,,,37.91 Cr.346.60 %
ULBSL,Net Profit TTMYOY,,,5.51 Cr.-,5.29 Cr.138.34 %,3.37 Cr.14.44 %,3.42 Cr.84.33 %,2.51 Cr.-10.60 %,2.62 Cr.17.18 %,,4.25 Cr.24.16 %,,,,,,,,,5.62 Cr.43.35 %
ULBSL,Revenue TTMYOY,,,31.19 Cr.10.52 %,32.55 Cr.16.12 %,31.92 Cr.9.81 %,32.48 Cr.8.48 %,25.23 Cr.4.55 %,26.26 Cr.11.70 %,,27.52 Cr.8.44 %,,,,,,,,,29.42 Cr.16.60 %
ULHC,PE Ratio,,,0.0,"-1,284.9","-1,903.3","-9,096.6","-9,644.9","-9,058.9",,-479.0,,,,,,,,,-63.1
ULHC,PB Ratio,,,0.0,5.2,4.8,5.6,6.0,5.6,,6.1,,,,,,,,,4.1
ULHC,PS Ratio,,,0.0,0.0,0.0,0.0,0.0,0.0,,76.0,,,,,,,,,170.3
ULHC,ROE TTM,,,-,-,-,-,-,-,,-,,,,,,,,,-
ULHC,ROA TTM,,,-0.16 %,-0.10 %,-0.03 %,-1.76 %,-1.96 %,-1.33 %,,-2.24 %,,,,,,,,,-2.39 %
ULHC,Net Margin TTM,,,-,-,"-70,593.94 %",-238.02 %,-88.33 %,-45.22 %,,-245.58 %,,,,,,,,,-56.05 %
ULHC,Asset Turnover TTM,,,-,-,0.00 %,0.74 %,2.22 %,2.95 %,,0.91 %,,,,,,,,,4.27 %
ULHC,EPS TTMYOY,,,-0.40-,-0.25-,-0.06-,-4.22-,-4.69-,-3.20-,,-5.37-,,,,,,,,,-5.69-
ULHC,BVPSYOY,,,98.43-,98.31-,98.27-,93.33-5.18 %,93.72-4.67 %,94.69-3.64 %,,93.500.18 %,,,,,,,,,88.51-5.56 %
ULHC,Net Profit Till QtrYOY,,,-5.04 Lac.-,-6.28 Lac.-,-2.33 Lac.-,-215.21 Lac.-,-30.39 Lac.-,49.77 Lac.-,,-60.66 Lac.-,,,,,,,,,-290.19 Lac.-
ULHC,Revenue Till QtrYOY,,,0.00 Lac.-,0.00 Lac.-,0.00 Lac.-,90.42 Lac.-,1.81 Cr.-,"2.70 Cr.8,190,266.67 %",,1.11 Cr.23.19 %,,,,,,,,,6.98 Cr.286.74 %
ULHC,Net Profit TTMYOY,,,-20.16 Lac.-,-12.56 Lac.-,-3.11 Lac.-,-215.21 Lac.-,-239.33 Lac.-,-163.11 Lac.-,,-273.55 Lac.-,,,,,,,,,-290.19 Lac.-
ULHC,Revenue TTMYOY,,,0.00 Lac.-,0.00 Lac.-,0.00 Lac.-,90.42 Lac.-,2.71 Cr.-,"3.61 Cr.8,199,615.84 %",,1.11 Cr.23.19 %,,,,,,,,,5.18 Cr.91.06 %
UMHL,PE Ratio,,,145.2,120.6,177.6,142.7,124.6,213.6,,129.2,,,,,,,,,107.6
UMHL,PB Ratio,,,3.2,3.7,4.7,5.6,4.9,5.6,,5.6,,,,,,,,,5.6
UMHL,PS Ratio,,,14.8,17.3,21.8,26.2,22.9,39.4,,35.7,,,,,,,,,35.5
UMHL,ROE TTM,,,3.17 %,2.70 %,3.01 %,3.93 %,2.66 %,4.41 %,,5.30 %,,,,,,,,,5.52 %
UMHL,ROA TTM,,,1.88 %,1.62 %,1.83 %,2.42 %,1.66 %,2.76 %,,3.32 %,,,,,,,,,3.48 %
UMHL,Net Margin TTM,,,14.30 %,12.28 %,14.02 %,18.40 %,18.50 %,27.43 %,,33.25 %,,,,,,,,,36.51 %
UMHL,Asset Turnover TTM,,,13.14 %,13.22 %,13.08 %,13.18 %,8.96 %,10.05 %,,10.00 %,,,,,,,,,9.52 %
UMHL,EPS TTMYOY,,,3.1221.68 %,2.68-12.28 %,3.00-3.08 %,3.9580.68 %,2.69-20.55 %,4.4992.52 %,,5.4437.55 %,,,,,,,,,5.7493.84 %
UMHL,BVPSYOY,,,100.983.19 %,101.563.64 %,101.174.00 %,100.642.13 %,102.090.53 %,103.432.23 %,,104.373.72 %,,,,,,,,,105.953.78 %
UMHL,Net Profit Till QtrYOY,,,3.22 Cr.61.73 %,3.58 Cr.22.05 %,3.07 Cr.53.94 %,5.20 Cr.80.68 %,1.92 Cr.-46.38 %,3.78 Cr.23.01 %,,5.02 Cr.-3.46 %,,,,,,,,,7.56 Cr.293.94 %
UMHL,Revenue Till QtrYOY,,,9.78 Cr.4.88 %,16.76 Cr.2.67 %,21.81 Cr.-0.29 %,28.29 Cr.-0.00 %,7.63 Cr.-54.46 %,15.06 Cr.-30.93 %,,21.53 Cr.-23.90 %,,,,,,,,,28.33 Cr.271.07 %
UMHL,Net Profit TTMYOY,,,4.11 Cr.21.68 %,3.53 Cr.-12.28 %,3.96 Cr.-3.08 %,5.20 Cr.80.68 %,3.55 Cr.-20.55 %,5.91 Cr.92.52 %,,7.16 Cr.37.55 %,,,,,,,,,7.56 Cr.93.84 %
UMHL,Revenue TTMYOY,,,28.75 Cr.-3.58 %,28.73 Cr.-1.70 %,28.23 Cr.-42.46 %,28.29 Cr.-0.00 %,19.16 Cr.-17.36 %,21.55 Cr.-1.19 %,,21.53 Cr.16.29 %,,,,,,,,,20.69 Cr.7.99 %
UMRH,PE Ratio,,,129.5,73.5,60.6,112.1,95.6,443.4,,93.4,,,,,,,,,52.7
UMRH,PB Ratio,,,5.1,6.2,5.1,6.0,5.1,5.2,,4.8,,,,,,,,,4.6
UMRH,PS Ratio,,,15.1,18.5,15.3,18.4,15.7,23.4,,19.4,,,,,,,,,16.0
UMRH,ROE TTM,,,7.50 %,8.96 %,8.75 %,5.33 %,1.20 %,5.38 %,,9.32 %,,,,,,,,,10.39 %
UMRH,ROA TTM,,,2.54 %,3.11 %,3.11 %,1.91 %,0.45 %,2.05 %,,3.57 %,,,,,,,,,4.04 %
UMRH,Net Margin TTM,,,20.93 %,25.20 %,25.79 %,16.43 %,5.29 %,20.43 %,,30.54 %,,,,,,,,,47.69 %
UMRH,Asset Turnover TTM,,,12.15 %,12.36 %,12.05 %,11.65 %,8.50 %,10.01 %,,11.69 %,,,,,,,,,8.47 %
UMRH,EPS TTMYOY,,,7.31198.63 %,8.91274.34 %,8.84183.40 %,5.4343.10 %,1.26-85.74 %,5.70-41.29 %,,10.0985.87 %,,,,,,,,,11.53217.59 %
UMRH,BVPSYOY,,,102.837.34 %,105.158.89 %,105.198.81 %,100.915.63 %,106.411.19 %,110.695.23 %,,114.8413.80 %,,,,,,,,,112.005.26 %
UMRH,Net Profit Till QtrYOY,,,3.53 Cr.93.12 %,4.68 Cr.112.21 %,4.70 Cr.108.49 %,2.63 Cr.43.10 %,2.66 Cr.-43.16 %,4.82 Cr.2.76 %,,6.95 Cr.164.60 %,,,,,,,,,5.58 Cr.109.80 %
UMRH,Revenue Till QtrYOY,,,6.64 Cr.21.92 %,10.83 Cr.14.76 %,13.62 Cr.6.95 %,15.99 Cr.1.79 %,6.33 Cr.-41.53 %,11.12 Cr.-18.32 %,,15.99 Cr.0.00 %,,,,,,,,,18.03 Cr.184.64 %
UMRH,Net Profit TTMYOY,,,3.54 Cr.198.63 %,4.31 Cr.274.34 %,4.28 Cr.183.40 %,2.63 Cr.43.10 %,60.78 Lac.-85.74 %,2.76 Cr.-41.29 %,,4.88 Cr.85.87 %,,,,,,,,,5.58 Cr.217.59 %
UMRH,Revenue TTMYOY,,,16.90 Cr.4.20 %,17.10 Cr.5.70 %,16.59 Cr.4.08 %,15.99 Cr.1.79 %,11.49 Cr.-16.78 %,13.49 Cr.-0.95 %,,15.99 Cr.71.13 %,,,,,,,,,11.70 Cr.1.81 %
UNHPL,PE Ratio,,,205.9,195.2,184.2,110.1,149.4,191.7,,117.5,,,,,,,,,85.8
UNHPL,PB Ratio,,,3.0,3.5,3.3,3.8,5.1,5.0,,4.6,,,,,,,,,3.6
UNHPL,PS Ratio,,,32.5,37.9,35.8,38.4,52.6,68.2,,54.3,,,,,,,,,44.3
UNHPL,ROE TTM,,,2.00 %,1.84 %,2.33 %,3.51 %,2.63 %,4.00 %,,4.36 %,,,,,,,,,4.18 %
UNHPL,ROA TTM,,,1.94 %,1.80 %,2.28 %,3.45 %,3.33 %,5.06 %,,5.57 %,,,,,,,,,5.32 %
UNHPL,Net Margin TTM,,,20.98 %,19.41 %,24.87 %,34.92 %,35.67 %,46.58 %,,53.12 %,,,,,,,,,61.01 %
UNHPL,Asset Turnover TTM,,,9.23 %,9.26 %,9.17 %,9.89 %,9.34 %,10.87 %,,10.48 %,,,,,,,,,8.72 %
UNHPL,EPS TTMYOY,,,1.9637.55 %,1.815.16 %,2.3136.63 %,3.50144.86 %,2.6622.81 %,4.0839.64 %,,4.5028.67 %,,,,,,,,,4.3624.03 %
UNHPL,BVPSYOY,,,98.671.24 %,100.912.99 %,100.322.76 %,100.894.01 %,102.841.91 %,104.173.84 %,,104.593.66 %,,,,,,,,,105.022.12 %
UNHPL,Net Profit Till QtrYOY,,,1.45 Cr.37.71 %,2.09 Cr.15.89 %,2.19 Cr.42.99 %,2.62 Cr.144.86 %,1.46 Cr.-30.05 %,2.64 Cr.20.11 %,,2.95 Cr.12.33 %,,,,,,,,,3.27 Cr.123.77 %
UNHPL,Revenue Till QtrYOY,,,2.80 Cr.8.11 %,4.69 Cr.4.68 %,5.89 Cr.3.09 %,7.51 Cr.10.71 %,2.78 Cr.-40.86 %,4.96 Cr.-15.83 %,,6.35 Cr.-15.43 %,,,,,,,,,8.13 Cr.193.01 %
UNHPL,Net Profit TTMYOY,,,1.47 Cr.37.55 %,1.36 Cr.5.16 %,1.73 Cr.36.63 %,2.62 Cr.144.86 %,1.99 Cr.22.81 %,3.06 Cr.39.64 %,,3.37 Cr.28.67 %,,,,,,,,,3.27 Cr.24.03 %
UNHPL,Revenue TTMYOY,,,6.99 Cr.-1.50 %,6.99 Cr.-0.19 %,6.96 Cr.-1.73 %,7.51 Cr.10.71 %,5.59 Cr.-2.88 %,6.58 Cr.11.59 %,,6.35 Cr.34.81 %,,,,,,,,,5.36 Cr.-4.22 %
UNL,PE Ratio,,,22.1,21.2,21.1,22.4,24.6,23.9,,22.3,,,,,,,,,22.7
UNL,PB Ratio,,,9.0,10.1,10.1,9.3,7.7,7.7,,10.0,,,,,,,,,9.3
UNL,PS Ratio,,,5.3,5.2,5.2,5.4,5.3,5.2,,5.3,,,,,,,,,23.5
UNL,ROE TTM,,,41.68 %,44.67 %,41.74 %,40.09 %,36.12 %,38.70 %,,39.26 %,,,,,,,,,7.98 %
UNL,ROA TTM,,,26.95 %,27.71 %,27.41 %,26.31 %,23.35 %,24.42 %,,24.29 %,,,,,,,,,4.94 %
UNL,Net Margin TTM,,,23.85 %,24.35 %,24.00 %,23.79 %,21.49 %,23.70 %,,103.33 %,,,,,,,,,154.89 %
UNL,Asset Turnover TTM,,,113.00 %,113.79 %,114.24 %,110.60 %,108.66 %,103.01 %,,23.50 %,,,,,,,,,3.19 %
UNL,EPS TTMYOY,,,"2,115.74-4.57 %","2,205.2149.57 %","2,139.3187.58 %","2,130.18-0.62 %","1,937.13-9.25 %","2,074.48296.23 %",,"2,100.98-1.37 %",,,,,,,,,424.32-77.48 %
UNL,BVPSYOY,,,"5,834.319.36 %","4,636.1610.32 %","5,148.218.95 %","5,663.637.20 %","6,001.3029.45 %","4,627.69-10.11 %",,"5,114.98-9.69 %",,,,,,,,,"5,537.13-7.73 %"
UNL,Net Profit Till QtrYOY,,,52.69 Cr.-4.63 %,47.78 Cr.13.49 %,48.22 Cr.-0.80 %,196.19 Cr.-0.62 %,30.00 Cr.-37.21 %,43.09 Cr.-10.64 %,,45.53 Cr.-76.79 %,,,,,,,,,39.08 Cr.30.27 %
UNL,Revenue Till QtrYOY,,,225.45 Cr.-3.04 %,194.56 Cr.5.41 %,196.65 Cr.-1.45 %,824.57 Cr.0.07 %,200.37 Cr.2.99 %,178.12 Cr.-9.42 %,,187.27 Cr.-77.29 %,,,,,,,,,225.60 Cr.12.59 %
UNL,Net Profit TTMYOY,,,194.86 Cr.-4.57 %,203.10 Cr.49.57 %,197.03 Cr.87.58 %,196.19 Cr.-0.62 %,178.41 Cr.-9.25 %,191.06 Cr.296.23 %,,193.50 Cr.-1.37 %,,,,,,,,,39.08 Cr.-77.48 %
UNL,Revenue TTMYOY,,,816.92 Cr.-4.61 %,833.97 Cr.41.77 %,821.08 Cr.101.91 %,824.57 Cr.0.07 %,830.38 Cr.1.39 %,806.04 Cr.309.89 %,,187.27 Cr.-68.74 %,,,,,,,,,25.23 Cr.-96.96 %
UNLB,PE Ratio,,,76.0,76.4,71.2,78.9,70.8,52.4,,40.2,,,,,,,,,36.6
UNLB,PB Ratio,,,8.1,8.2,7.7,8.6,7.1,7.7,,5.9,,,,,,,,,5.1
UNLB,PS Ratio,,,7.7,7.7,6.0,4.8,6.1,7.5,,5.7,,,,,,,,,4.9
UNLB,ROE TTM,,,11.45 %,8.92 %,9.48 %,9.26 %,8.00 %,13.65 %,,5.48 %,,,,,,,,,13.94 %
UNLB,ROA TTM,,,1.41 %,1.14 %,1.18 %,1.11 %,0.86 %,1.43 %,,0.54 %,,,,,,,,,1.35 %
UNLB,Net Margin TTM,,,10.12 %,8.43 %,6.08 %,8.61 %,8.51 %,14.32 %,,5.46 %,,,,,,,,,13.66 %
UNLB,Asset Turnover TTM,,,13.97 %,13.58 %,19.42 %,12.93 %,10.12 %,9.95 %,,9.98 %,,,,,,,,,9.86 %
UNLB,EPS TTMYOY,,,36.60145.96 %,28.36-5.02 %,28.97-63.06 %,27.28-15.48 %,21.35-14.13 %,35.8759.01 %,,13.83-49.31 %,,,,,,,,,34.39-0.10 %
UNLB,BVPSYOY,,,342.8427.20 %,260.94-19.87 %,264.97-18.63 %,269.94-19.27 %,272.144.29 %,244.51-7.72 %,,222.36-17.63 %,,,,,,,,,247.59-9.02 %
UNLB,Net Profit Till QtrYOY,,,79.78 Lac.413.45 %,2.74 Cr.-17.50 %,3.35 Cr.-12.78 %,4.05 Cr.-15.48 %,1.86 Cr.-32.15 %,4.63 Cr.38.10 %,,1.35 Cr.-66.61 %,,,,,,,,,5.11 Cr.174.75 %
UNLB,Revenue Till QtrYOY,,,12.43 Cr.9.46 %,23.47 Cr.-10.21 %,35.43 Cr.105.33 %,47.06 Cr.-10.60 %,13.67 Cr.-41.75 %,25.60 Cr.-27.75 %,,37.61 Cr.-20.08 %,,,,,,,,,51.07 Cr.273.57 %
UNLB,Net Profit TTMYOY,,,5.44 Cr.145.96 %,4.21 Cr.-5.02 %,4.30 Cr.-63.06 %,4.05 Cr.-15.48 %,3.17 Cr.-14.13 %,5.33 Cr.59.01 %,,2.05 Cr.-49.31 %,,,,,,,,,5.11 Cr.-0.10 %
UNLB,Revenue TTMYOY,,,53.72 Cr.8.69 %,49.97 Cr.-1.00 %,70.82 Cr.138.50 %,47.06 Cr.-10.60 %,37.26 Cr.-36.69 %,37.23 Cr.5.08 %,,37.61 Cr.8.61 %,,,,,,,,,37.40 Cr.0.38 %
UPCL,PE Ratio,,,88.8,65.5,93.8,64.6,63.6,119.0,,78.6,,,,,,,,,160.1
UPCL,PB Ratio,,,2.7,2.8,3.9,3.5,3.5,3.6,,3.5,,,,,,,,,3.0
UPCL,PS Ratio,,,20.7,21.3,30.6,26.8,26.3,42.0,,37.1,,,,,,,,,48.5
UPCL,ROE TTM,,,3.79 %,4.33 %,4.29 %,2.57 %,3.11 %,4.53 %,,2.02 %,,,,,,,,,1.03 %
UPCL,ROA TTM,,,2.34 %,2.69 %,2.69 %,3.49 %,1.98 %,2.90 %,,1.30 %,,,,,,,,,0.67 %
UPCL,Net Margin TTM,,,28.34 %,32.58 %,32.44 %,65.76 %,35.56 %,46.90 %,,30.25 %,,,,,,,,,13.53 %
UPCL,Asset Turnover TTM,,,8.25 %,8.27 %,8.28 %,5.30 %,5.56 %,6.18 %,,4.30 %,,,,,,,,,4.92 %
UPCL,EPS TTMYOY,,,3.7242.16 %,4.3055.66 %,4.2942.58 %,5.63106.16 %,3.21-30.02 %,4.7210.17 %,,2.17-61.40 %,,,,,,,,,1.13-76.44 %
UPCL,BVPSYOY,,,100.653.46 %,102.214.05 %,101.924.46 %,103.272.60 %,105.293.01 %,106.074.07 %,,114.9511.31 %,,,,,,,,,109.674.16 %
UPCL,Net Profit Till QtrYOY,,,7.48 Cr.30.42 %,11.37 Cr.38.79 %,10.64 Cr.42.36 %,13.99 Cr.87.00 %,5.36 Cr.-52.87 %,8.37 Cr.-21.32 %,,2.05 Cr.-85.34 %,,,,,,,,,2.80 Cr.-47.82 %
UPCL,Revenue Till QtrYOY,,,12.51 Cr.4.13 %,20.88 Cr.3.22 %,26.14 Cr.2.95 %,33.78 Cr.170.11 %,9.54 Cr.-54.34 %,17.35 Cr.-33.62 %,,17.86 Cr.-47.14 %,,,,,,,,,30.20 Cr.216.71 %
UPCL,Net Profit TTMYOY,,,9.25 Cr.42.16 %,10.68 Cr.55.66 %,10.67 Cr.42.58 %,13.99 Cr.106.16 %,7.98 Cr.-30.02 %,11.72 Cr.10.17 %,,5.40 Cr.-61.40 %,,,,,,,,,2.80 Cr.-76.44 %
UPCL,Revenue TTMYOY,,,32.62 Cr.-4.02 %,32.78 Cr.-3.88 %,32.88 Cr.-3.44 %,21.28 Cr.-12.81 %,22.43 Cr.-18.78 %,24.99 Cr.-4.38 %,,17.86 Cr.-16.07 %,,,,,,,,,20.67 Cr.-7.88 %
UPPER,PE Ratio,,,-17.2,-14.0,-13.1,-16.1,-14.3,81.8,,88.5,,,,,,,,,-187.7
UPPER,PB Ratio,,,3.8,3.4,3.6,4.3,3.8,3.8,,4.1,,,,,,,,,4.1
UPPER,PS Ratio,,,5.3,5.4,6.3,5.3,4.7,4.9,,5.1,,,,,,,,,5.3
UPPER,ROE TTM,,,-,-,-,-,-,4.75 %,,-,,,,,,,,,9.61 %
UPPER,ROA TTM,,,-3.53 %,-3.77 %,-3.93 %,-3.04 %,-0.09 %,0.59 %,,-0.26 %,,,,,,,,,1.20 %
UPPER,Net Margin TTM,,,-38.24 %,-47.83 %,-44.68 %,-52.78 %,-0.92 %,5.70 %,,-2.83 %,,,,,,,,,14.49 %
UPPER,Asset Turnover TTM,,,9.23 %,7.88 %,8.80 %,5.75 %,9.84 %,10.30 %,,9.26 %,,,,,,,,,8.27 %
UPPER,EPS TTMYOY,,,-14.46-,-15.35-,-15.88-,-12.15-,-0.36-,2.32-,,-1.03-,,,,,,,,,4.67-
UPPER,BVPSYOY,,,60.4231.26 %,56.550.61 %,46.79-26.04 %,45.34-24.97 %,53.25-5.84 %,50.046.96 %,,46.692.99 %,,,,,,,,,44.48-16.46 %
UPPER,Net Profit Till QtrYOY,,,63.20 Cr.-37.26 %,"-8,211.86 Lac.-","-20,674.82 Lac.-","-25,725.39 Lac.-",167.47 Cr.-,99.65 Cr.-,,28.68 Cr.-,,,,,,,,,98.90 Cr.-40.94 %
UPPER,Revenue Till QtrYOY,,,293.84 Cr.-20.92 %,336.63 Cr.-37.15 %,527.20 Cr.-19.27 %,781.20 Cr.165.86 %,386.11 Cr.14.70 %,608.62 Cr.15.44 %,,771.81 Cr.-1.20 %,,,,,,,,,"1,068.56 Cr.176.75 %"
UPPER,Net Profit TTMYOY,,,"-30,620.93 Lac.-","-32,503.64 Lac.-","-33,629.43 Lac.-","-25,725.39 Lac.-",-766.64 Lac.-,49.15 Cr.-,,"-2,182.99 Lac.-",,,,,,,,,98.90 Cr.-
UPPER,Revenue TTMYOY,,,800.79 Cr.-3.31 %,679.53 Cr.-20.05 %,752.71 Cr.-11.26 %,487.37 Cr.-23.46 %,830.68 Cr.47.77 %,862.62 Cr.63.62 %,,771.81 Cr.58.36 %,,,,,,,,,682.45 Cr.-17.84 %
USHEC,PE Ratio,,,685.7,223.8,100.9,55.7,47.1,76.7,,35.4,,,,,,,,,32.1
USHEC,PB Ratio,,,6.4,6.8,5.0,4.5,4.0,4.4,,4.1,,,,,,,,,4.2
USHEC,PS Ratio,,,12.1,13.6,10.0,8.7,5.3,6.9,,10.7,,,,,,,,,10.8
USHEC,ROE TTM,,,3.14 %,5.31 %,6.89 %,8.26 %,6.04 %,12.47 %,,12.91 %,,,,,,,,,13.20 %
USHEC,ROA TTM,,,0.85 %,1.45 %,1.92 %,2.34 %,1.79 %,3.83 %,,4.09 %,,,,,,,,,4.32 %
USHEC,Net Margin TTM,,,6.10 %,10.10 %,13.11 %,15.59 %,8.98 %,30.08 %,,31.61 %,,,,,,,,,455.87 %
USHEC,Asset Turnover TTM,,,13.90 %,14.39 %,14.63 %,15.01 %,19.99 %,12.74 %,,12.94 %,,,,,,,,,0.95 %
USHEC,EPS TTMYOY,,,3.09-,5.28-,6.91-,8.39845.71 %,6.40-24.02 %,13.6349.84 %,,14.6174.23 %,,,,,,,,,15.4660.57 %
USHEC,BVPSYOY,,,101.852.96 %,104.955.10 %,103.547.13 %,102.748.74 %,112.677.36 %,118.1214.08 %,,118.9515.77 %,,,,,,,,,119.025.63 %
USHEC,Net Profit Till QtrYOY,,,9.97 Cr.42.58 %,14.33 Cr.70.69 %,12.28 Cr.196.13 %,11.32 Cr.845.71 %,11.65 Cr.-18.68 %,19.36 Cr.57.66 %,,20.68 Cr.82.72 %,,,,,,,,,20.88 Cr.79.20 %
USHEC,Revenue Till QtrYOY,,,25.94 Cr.2.38 %,45.57 Cr.6.27 %,58.72 Cr.5.98 %,72.61 Cr.6.97 %,69.25 Cr.51.97 %,47.29 Cr.-19.47 %,,62.39 Cr.-14.07 %,,,,,,,,,73.83 Cr.6.61 %
USHEC,Net Profit TTMYOY,,,4.17 Cr.-,7.13 Cr.-,9.33 Cr.-,11.32 Cr.845.71 %,8.64 Cr.-24.02 %,18.40 Cr.49.84 %,,19.72 Cr.74.23 %,,,,,,,,,20.88 Cr.60.57 %
USHEC,Revenue TTMYOY,,,68.48 Cr.-0.12 %,70.56 Cr.2.55 %,71.19 Cr.3.48 %,72.61 Cr.6.97 %,96.29 Cr.65.91 %,61.17 Cr.4.17 %,,62.39 Cr.33.68 %,,,,,,,,,4.58 Cr.-95.24 %
USHL,PE Ratio,,,-101.1,-110.1,-47.8,-50.4,16.8,17.6,,164.0,,,,,,,,,11.8
USHL,PB Ratio,,,14.4,15.7,12.7,13.4,7.6,8.0,,6.7,,,,,,,,,5.7
USHL,PS Ratio,,,27.1,29.6,24.1,25.4,8.7,9.3,,7.8,,,,,,,,,21.4
USHL,ROE TTM,,,-,-,-,56.17 %,57.98 %,53.55 %,,48.94 %,,,,,,,,,0.91 %
USHL,ROA TTM,,,-3.12 %,-4.07 %,-5.65 %,13.85 %,15.88 %,16.12 %,,16.32 %,,,,,,,,,0.31 %
USHL,Net Margin TTM,,,-26.85 %,-36.55 %,-50.41 %,41.86 %,52.02 %,54.04 %,,182.89 %,,,,,,,,,4.09 %
USHL,Asset Turnover TTM,,,11.62 %,11.13 %,11.22 %,33.08 %,30.52 %,29.83 %,,8.93 %,,,,,,,,,7.57 %
USHL,EPS TTMYOY,,,-7.55-,-9.87-,-13.73-,34.66-,41.96-,44.38-,,45.9732.63 %,,,,,,,,,0.87-97.89 %
USHL,BVPSYOY,,,52.91-10.85 %,52.06-15.22 %,51.54-20.37 %,93.6160.27 %,92.2577.21 %,94.1582.66 %,,95.742.27 %,,,,,,,,,100.108.51 %
USHL,Net Profit Till QtrYOY,,,-132.97 Lac.-,-151.36 Lac.-,-162.98 Lac.-,7.63 Cr.-,9.16 Lac.-,50.90 Lac.-,,85.85 Lac.-88.74 %,,,,,,,,,19.06 Lac.108.09 %
USHL,Revenue Till QtrYOY,,,63.55 Lac.-57.91 %,2.37 Cr.-32.12 %,3.99 Cr.-21.19 %,18.22 Cr.157.88 %,1.89 Cr.-19.98 %,3.84 Cr.-3.74 %,,5.53 Cr.-69.64 %,,,,,,,,,6.55 Cr.245.86 %
USHL,Net Profit TTMYOY,,,-166.21 Lac.-,-217.23 Lac.-,-302.05 Lac.-,7.63 Cr.-,9.23 Cr.-,9.76 Cr.-,,10.11 Cr.32.63 %,,,,,,,,,19.06 Lac.-97.89 %
USHL,Revenue TTMYOY,,,6.19 Cr.2.48 %,5.94 Cr.-14.81 %,5.99 Cr.-11.18 %,18.22 Cr.157.88 %,17.74 Cr.305.91 %,18.07 Cr.353.01 %,,5.53 Cr.-68.55 %,,,,,,,,,4.66 Cr.-73.74 %
USLB,PE Ratio,,,270.0,227.7,253.3,106.6,85.2,71.9,,70.3,,,,,,,,,47.1
USLB,PB Ratio,,,11.7,12.7,14.2,15.3,12.2,9.8,,7.5,,,,,,,,,6.6
USLB,PS Ratio,,,7.7,8.1,9.0,10.3,10.8,8.8,,7.7,,,,,,,,,6.9
USLB,ROE TTM,,,3.99 %,5.47 %,12.37 %,14.38 %,14.12 %,9.54 %,,15.22 %,,,,,,,,,17.06 %
USLB,ROA TTM,,,0.37 %,0.47 %,1.07 %,1.32 %,1.25 %,0.87 %,,1.41 %,,,,,,,,,1.63 %
USLB,Net Margin TTM,,,2.28 %,3.55 %,8.08 %,12.68 %,12.23 %,8.80 %,,14.82 %,,,,,,,,,16.57 %
USLB,Asset Turnover TTM,,,16.16 %,13.11 %,13.30 %,10.39 %,10.26 %,9.89 %,,9.53 %,,,,,,,,,9.81 %
USLB,EPS TTMYOY,,,5.9159.58 %,7.46250.67 %,17.26-31.57 %,21.24265.61 %,20.39354.90 %,14.39-6.33 %,,23.8312.19 %,,,,,,,,,28.0227.09 %
USLB,BVPSYOY,,,137.12-28.10 %,133.371.83 %,146.150.70 %,148.218.09 %,149.9512.43 %,159.379.05 %,,168.8113.90 %,,,,,,,,,178.8719.29 %
USLB,Net Profit Till QtrYOY,,,22.99 Lac.1.96 %,63.83 Lac.155.95 %,3.79 Cr.284.97 %,"5.24 Cr.2,180.67 %",42.87 Lac.-32.85 %,2.10 Cr.-44.54 %,,4.43 Cr.-15.46 %,,,,,,,,,"6.92 Cr.1,513.41 %"
USLB,Revenue Till QtrYOY,,,"12.92 Cr.102,951.85 %",26.04 Cr.3.62 %,39.72 Cr.4.64 %,54.28 Cr.320.05 %,12.92 Cr.-50.39 %,25.80 Cr.-35.03 %,,39.69 Cr.-26.89 %,,,,,,,,,54.67 Cr.323.24 %
USLB,Net Profit TTMYOY,,,1.46 Cr.59.58 %,1.84 Cr.250.67 %,4.26 Cr.-31.57 %,5.24 Cr.265.61 %,5.03 Cr.354.90 %,3.55 Cr.-6.33 %,,5.88 Cr.12.19 %,,,,,,,,,6.92 Cr.27.09 %
USLB,Revenue TTMYOY,,,63.86 Cr.51.55 %,51.86 Cr.-3.50 %,52.72 Cr.-5.08 %,41.36 Cr.6.73 %,41.16 Cr.5.45 %,40.37 Cr.1.65 %,,39.69 Cr.-4.05 %,,,,,,,,,41.75 Cr.1.43 %
VLBS,PE Ratio,,,821.1,-165.8,157.2,120.1,60.0,97.7,,312.3,,,,,,,,,26.7
VLBS,PB Ratio,,,5.7,5.9,4.9,5.3,4.7,4.5,,4.3,,,,,,,,,3.8
VLBS,PS Ratio,,,5.4,5.5,4.7,4.9,5.5,5.7,,6.1,,,,,,,,,6.8
VLBS,ROE TTM,,,-,3.27 %,4.53 %,10.91 %,4.74 %,1.38 %,,-,,,,,,,,,15.30 %
VLBS,ROA TTM,,,-0.40 %,0.36 %,0.50 %,0.88 %,0.53 %,0.15 %,,-0.07 %,,,,,,,,,1.70 %
VLBS,Net Margin TTM,,,-3.34 %,2.96 %,4.09 %,9.24 %,5.75 %,1.94 %,,-1.04 %,,,,,,,,,19.40 %
VLBS,Asset Turnover TTM,,,11.88 %,12.02 %,12.21 %,9.57 %,9.16 %,7.98 %,,6.85 %,,,,,,,,,8.76 %
VLBS,EPS TTMYOY,,,-5.19-,4.77-51.46 %,6.73-40.45 %,12.22-,7.3727.77 %,2.15-78.18 %,,-1.02-,,,,,,,,,24.7820.09 %
VLBS,BVPSYOY,,,147.107.07 %,152.238.94 %,153.2510.85 %,155.865.95 %,159.915.05 %,155.661.58 %,,158.391.63 %,,,,,,,,,173.828.70 %
VLBS,Net Profit Till QtrYOY,,,-345.59 Lac.-,7.05 Cr.71.67 %,7.81 Cr.135.38 %,9.68 Cr.-,3.20 Cr.-54.57 %,-16.73 Lac.-,,-267.96 Lac.-,,,,,,,,,19.62 Cr.512.79 %
VLBS,Revenue Till QtrYOY,,,28.78 Cr.-9.54 %,65.83 Cr.1.76 %,98.72 Cr.4.13 %,133.55 Cr.364.08 %,33.78 Cr.-48.69 %,53.19 Cr.-46.12 %,,77.64 Cr.-41.87 %,,,,,,,,,134.87 Cr.299.29 %
VLBS,Net Profit TTMYOY,,,-411.20 Lac.-,3.78 Cr.-51.46 %,5.33 Cr.-40.45 %,9.68 Cr.-,5.83 Cr.27.77 %,1.70 Cr.-78.18 %,,-80.86 Lac.-,,,,,,,,,19.62 Cr.20.09 %
VLBS,Revenue TTMYOY,,,123.30 Cr.40.14 %,127.47 Cr.23.49 %,130.25 Cr.11.28 %,104.78 Cr.15.87 %,101.50 Cr.4.26 %,88.03 Cr.-10.83 %,,77.64 Cr.-25.90 %,,,,,,,,,101.09 Cr.-0.41 %
VLUCL,PE Ratio,,,78.0,329.8,103.5,-269.5,-250.5,-66.6,,-94.1,,,,,,,,,87.3
VLUCL,PB Ratio,,,4.7,5.7,4.6,4.5,4.2,4.4,,3.9,,,,,,,,,3.0
VLUCL,PS Ratio,,,71.1,283.2,38.7,30.4,29.2,31.7,,25.9,,,,,,,,,20.4
VLUCL,ROE TTM,,,1.74 %,4.47 %,2.25 %,-,-,-,,-,,,,,,,,,3.62 %
VLUCL,ROA TTM,,,0.66 %,1.77 %,0.87 %,-0.61 %,-2.33 %,-2.03 %,,-2.33 %,,,,,,,,,1.35 %
VLUCL,Net Margin TTM,,,85.90 %,37.37 %,13.09 %,-11.67 %,-48.15 %,-39.35 %,,-40.69 %,,,,,,,,,13.22 %
VLUCL,Asset Turnover TTM,,,0.77 %,4.75 %,6.65 %,5.24 %,4.84 %,5.16 %,,5.73 %,,,,,,,,,10.20 %
VLUCL,EPS TTMYOY,,,2.36-,6.15-17.08 %,3.11-62.25 %,-2.24-,-8.56-,-7.38-,,-8.28-,,,,,,,,,4.73-
VLUCL,BVPSYOY,,,135.79-,137.761.63 %,137.17-0.61 %,134.14-1.21 %,129.07-6.30 %,128.63-6.22 %,,127.73-4.78 %,,,,,,,,,137.716.69 %
VLUCL,Net Profit Till QtrYOY,,,1.13 Cr.-,2.63 Cr.-62.93 %,1.51 Cr.-87.23 %,-427.59 Lac.-,-946.64 Lac.-,-832.25 Lac.-,,"-1,005.67 Lac.-",,,,,,,,,9.05 Cr.-
VLUCL,Revenue Till QtrYOY,,,1.31 Cr.-,13.69 Cr.-,27.56 Cr.-,"37.96 Cr.2,788.59 %",9.73 Cr.-28.92 %,25.44 Cr.-7.68 %,,38.93 Cr.2.55 %,,,,,,,,,78.17 Cr.703.36 %
VLUCL,Net Profit TTMYOY,,,4.52 Cr.-,11.77 Cr.-17.08 %,5.94 Cr.-62.25 %,-427.59 Lac.-,"-1,637.32 Lac.-","-1,410.57 Lac.-",,"-1,584.00 Lac.-",,,,,,,,,9.05 Cr.-
VLUCL,Revenue TTMYOY,,,5.26 Cr.-,31.49 Cr.-,45.36 Cr.-,36.65 Cr.91.74 %,34.01 Cr.7.99 %,35.85 Cr.30.06 %,,38.93 Cr.6.22 %,,,,,,,,,68.44 Cr.101.26 %
WNLB,PE Ratio,,,182.6,"-2,056.6",425.3,92.8,171.2,54.8,,-732.0,,,,,,,,,69.7
WNLB,PB Ratio,,,21.9,25.9,26.8,16.7,14.3,10.8,,11.5,,,,,,,,,9.9
WNLB,PS Ratio,,,18.1,19.8,17.3,15.0,18.2,13.6,,13.2,,,,,,,,,12.9
WNLB,ROE TTM,,,-,5.57 %,21.70 %,25.34 %,22.57 %,-,,13.94 %,,,,,,,,,7.48 %
WNLB,ROA TTM,,,-0.01 %,0.02 %,0.10 %,1.09 %,2.59 %,-0.18 %,,1.65 %,,,,,,,,,0.85 %
WNLB,Net Margin TTM,,,-0.96 %,4.07 %,16.16 %,10.61 %,24.87 %,-1.80 %,,18.04 %,,,,,,,,,9.42 %
WNLB,Asset Turnover TTM,,,0.57 %,0.60 %,0.62 %,10.28 %,10.40 %,10.11 %,,9.15 %,,,,,,,,,9.03 %
WNLB,EPS TTMYOY,,,-1.21-,5.40-15.66 %,22.16-3.33 %,11.50214.24 %,27.39529.19 %,-1.99-,,18.6862.43 %,,,,,,,,,9.89-66.04 %
WNLB,BVPSYOY,,,95.88-5.25 %,85.68-11.46 %,122.8331.51 %,137.9543.89 %,138.9462.16 %,127.253.60 %,,131.80-4.46 %,,,,,,,,,130.74-5.91 %
WNLB,Net Profit Till QtrYOY,,,-139.32 Lac.-,-124.64 Lac.-,25.51 Lac.-,96.98 Lac.-,9.38 Lac.-,-88.29 Lac.-,,86.04 Lac.-11.27 %,,,,,,,,,83.43 Lac.789.59 %
WNLB,Revenue Till QtrYOY,,,1.50 Cr.-38.87 %,4.16 Cr.-6.64 %,7.72 Cr.0.83 %,10.64 Cr.610.62 %,2.81 Cr.-32.46 %,6.40 Cr.-17.02 %,,8.73 Cr.-17.93 %,,,,,,,,,11.67 Cr.315.04 %
WNLB,Net Profit TTMYOY,,,-10.16 Lac.-,45.54 Lac.-15.66 %,1.87 Cr.-3.33 %,96.98 Lac.214.24 %,2.31 Cr.529.19 %,-16.82 Lac.-,,1.58 Cr.62.43 %,,,,,,,,,83.43 Lac.-66.04 %
WNLB,Revenue TTMYOY,,,10.54 Cr.0.59 %,11.20 Cr.14.01 %,11.56 Cr.4.87 %,9.14 Cr.7.10 %,9.29 Cr.16.01 %,9.32 Cr.20.84 %,,8.73 Cr.-4.49 %,,,,,,,,,8.86 Cr.-4.64 %
